source_mode,sample_seq,wall_utc_ns,utc_iso8601,ros_now_ns,monotonic_ns,measurement_stamp_ns,measurement_stamp_sec,measurement_stamp_nanosec,f411_mcu_ms,dronecan_network_us,dronecan_gnss_us,dronecan_time_standard,timestamp_source_code,x_m,y_m,xy_source,gnss_east_m,gnss_north_m,longitude_deg,latitude_deg,altitude_m,hacc_m,vacc_m,fix_type,fix_valid,satellites,satellites_visible,gnss_ground_speed_mps,gnss_course_deg,gnss_vel_n_mps,gnss_vel_e_mps,gnss_vel_d_mps,gnss_sacc_mps,gnss_course_acc_deg,gnss_pdop,gnss_rate_hz,yaw_neo3_deg,yaw_neo3_source,yaw_neo3_valid,neo3_mag_x_ut,neo3_mag_y_ut,neo3_mag_z_ut,neo3_mag_norm_ut,neo3_node_id,yaw_yahboom_deg,yaw_yahboom_source,yaw_yahboom_valid,yah_mag_raw_x_lsb,yah_mag_raw_y_lsb,yah_mag_raw_z_lsb,yah_mag_corrected_x,yah_mag_corrected_y,yahboom_corrected_norm,yaw_inertial_deg,yaw_inertial_source,yaw_inertial_valid,gyro_integrated_yaw_deg,yaw_gnss_heading_deg,yaw_imu_orientation_deg,map_yaw_from_enu_deg,imu_acc_raw_x,imu_acc_raw_y,imu_acc_raw_z,imu_acc_x_mps2,imu_acc_y_mps2,imu_acc_z_mps2,imu_acc_norm_mps2,imu_gyro_raw_x,imu_gyro_raw_y,imu_gyro_raw_z,imu_gyro_x_dps,imu_gyro_y_dps,imu_gyro_z_dps,imu_gyro_x_rps,imu_gyro_y_rps,imu_gyro_z_rps,gyro_z_rps,imu_angle_raw_roll,imu_angle_raw_pitch,imu_angle_raw_yaw,imu_roll_deg,imu_pitch_deg,imu_accgyro_yaw_deg,baro_pressure_pa,baro_temperature_k,neo3_crc_ok,yahboom_checksum_ok,bad_neo3_crc,bad_yahboom_checksum,f4_line_count,gnss_count,neo3_mag_count,imu_acc_count,imu_gyro_count,imu_angle_count,imu_mag_count,raw_message_count,raw_reference
DIRECT_SERIAL,1,1789354949739497601,2026-09-14T03:02:29.739498+00:00,-1,23929941687757,1789354949739497601,1789354949,739497601,-1,-1,-1,-1,3,nan,nan,gnss_stale,nan,nan,nan,nan,nan,nan,nan,-1,0,-1,-1,nan,nan,nan,nan,nan,nan,nan,nan,nan,127.94503620776925,neo3_calibrated_direct,1,27.4658,-8.08716,-32.666,43.43777022943972,-1,nan,yahboom_stale,0,nan,nan,nan,nan,nan,nan,nan,imu_stale,0,nan,nan,nan,0.0,nan,nan,nan,nan,nan,nan,nan,nan,nan,nan,nan,nan,nan,nan,nan,nan,nan,nan,nan,nan,nan,nan,nan,98798.219,nan,1,,0,0,12,0,3,0,0,0,0,14,F4line=12;YAH=0
DIRECT_SERIAL,2,1789354949797666143,2026-09-14T03:02:29.797666+00:00,-1,23929999856348,1789353504400000000,1789353504,400000000,37236293,1789353504409910,1789353504400000,2,4,-0.2430718204576367,-0.29860656339458697,gnss_local_enu_direct,-0.2430718204576367,-0.29860656339458697,110.4350319,-7.0509081,230.04,5.671,6.657,3,1,15,0,0.5797,213.032,-0.486,-0.316,0.038,0.75,74.128,99.0,5.01,114.83724701068044,neo3_calibrated_direct,1,27.4658,-8.09937,-32.6172,43.403360467559416,7,149.56996536701877,yahboom_calibrated_direct,0,3154,2940,2768,0.012185381131668891,0.5458859780809638,0.5460219634581878,127.45599523861452,neo3_calibrated_direct:gyro_integral,1,127.45599523861452,nan,117.333984375,0.0,-214,-65,2039,-1.024718310546875,-0.3112462158203125,9.763554370117188,9.822113609659937,0,0,0,0.0,0.0,0.0,0.0,0.0,0.0,0.0,-332,1080,21360,-1.82373046875,5.9326171875,117.333984375,98777.773,304.5,1,1,0,0,66,2,17,3,3,3,3,80,F4line=66;YAH=12
DIRECT_SERIAL,3,1789354949866339601,2026-09-14T03:02:29.866340+00:00,-1,23930068530510,1789354949800000000,1789354949,800000000,38681720,1789354949807937,1789354949800000,2,4,14.805277803545103,10.716649032147254,gnss_local_enu_direct,14.805277803545103,10.716649032147254,110.4351681,-7.0508085,226.15,5.171,8.239,3,1,12,0,0.1578,232.985,-0.095,-0.126,0.192,1.387,180.0,99.0,5.01,114.74736760408658,neo3_calibrated_direct,1,27.4902,-8.12988,-32.6416,43.44283710134963,7,149.60220830652133,yahboom_calibrated_direct,0,3152,2939,2777,0.011879804446674672,0.5457290838225862,0.5458583723673482,127.45599523861452,neo3_calibrated_direct:gyro_integral,1,127.45599523861452,nan,117.333984375,0.0,-210,-65,2037,-1.005564697265625,-0.3112462158203125,9.753977563476562,9.810612257960946,0,0,0,0.0,0.0,0.0,0.0,0.0,0.0,0.0,-332,1080,21360,-1.82373046875,5.9326171875,117.333984375,98781.125,304.5,1,1,0,0,76,3,19,6,6,6,6,102,F4line=76;YAH=24
DIRECT_SERIAL,4,1789354949917729825,2026-09-14T03:02:29.917730+00:00,-1,23930119920375,1789354949800000000,1789354949,800000000,38681720,1789354949807937,1789354949800000,2,4,14.805277803545103,10.716649032147254,gnss_local_enu_direct,14.805277803545103,10.716649032147254,110.4351681,-7.0508085,226.15,5.171,8.239,3,1,12,0,0.1578,232.985,-0.095,-0.126,0.192,1.387,180.0,99.0,5.01,114.79524871487821,neo3_calibrated_direct,1,27.4658,-8.09937,-32.7148,43.476753594040346,7,149.538210634786,yahboom_calibrated_direct,0,3156,2957,2761,0.012541648131709129,0.548451799843291,0.5485951783320784,127.45599523861452,neo3_calibrated_direct:gyro_integral,1,127.45599523861452,nan,117.333984375,0.0,-209,-66,2031,-1.0007762939453124,-0.316034619140625,9.725247143554688,9.781710641510353,0,0,0,0.0,0.0,0.0,0.0,0.0,0.0,0.0,-332,1080,21360,-1.82373046875,5.9326171875,117.333984375,98781.125,304.5,1,1,0,0,78,3,20,9,9,9,9,116,F4line=78;YAH=36
DIRECT_SERIAL,5,1789354949985924663,2026-09-14T03:02:29.985925+00:00,-1,23930188114985,1789354949800000000,1789354949,800000000,38681720,1789354949807937,1789354949800000,2,4,14.805277803545103,10.716649032147254,gnss_local_enu_direct,14.805277803545103,10.716649032147254,110.4351681,-7.0508085,226.15,5.171,8.239,3,1,12,0,0.1578,232.985,-0.095,-0.126,0.192,1.387,180.0,99.0,5.01,114.80996294170772,neo3_calibrated_direct,1,27.4902,-8.11768,-32.6172,43.4222242689432,7,149.5862370942601,yahboom_calibrated_direct,0,3153,2949,2781,0.012062690163730358,0.547237831657245,0.5473707636428068,127.45599523861452,neo3_calibrated_direct:gyro_integral,1,127.45599523861452,nan,117.333984375,0.0,-209,-66,2033,-1.0007762939453124,-0.316034619140625,9.734823950195311,9.791232221345508,0,0,0,0.0,0.0,0.0,0.0,0.0,0.0,0.0,-332,1080,21360,-1.82373046875,5.9326171875,117.333984375,98781.125,304.5,1,1,0,0,83,3,22,12,12,12,12,133,F4line=83;YAH=48
DIRECT_SERIAL,6,1789354950037767126,2026-09-14T03:02:30.037767+00:00,-1,23930239957331,1789354949800000000,1789354949,800000000,38681720,1789354949807937,1789354949800000,2,4,14.805277803545103,10.716649032147254,gnss_local_enu_direct,14.805277803545103,10.716649032147254,110.4351681,-7.0508085,226.15,5.171,8.239,3,1,12,0,0.1578,232.985,-0.095,-0.126,0.192,1.387,180.0,99.0,5.01,114.92749312770471,neo3_calibrated_direct,1,27.4414,-8.06885,-32.5928,43.36389496023737,7,149.73127738386017,yahboom_calibrated_direct,0,3144,2939,2784,0.010670170285459307,0.5457037386650632,0.5458080458613158,127.45599523861452,neo3_calibrated_direct:gyro_integral,1,127.45599523861452,nan,117.333984375,0.0,-215,-65,2035,-1.0295067138671874,-0.3112462158203125,9.744400756835937,9.80357610214685,0,0,0,0.0,0.0,0.0,0.0,0.0,0.0,0.0,-332,1080,21360,-1.82373046875,5.9326171875,117.333984375,98781.125,304.5,1,1,0,0,85,3,23,15,15,15,15,147,F4line=85;YAH=60
DIRECT_SERIAL,7,1789354950105736899,2026-09-14T03:02:30.105737+00:00,-1,23930307927065,1789354950000000000,1789354950,0,38681929,1789354950015858,1789354950000000,2,4,14.838424441707325,10.738768369484596,gnss_local_enu_direct,14.838424441707325,10.738768369484596,110.4351684,-7.0508083,226.36,5.169,8.258,3,1,12,0,0.177,180.971,-0.177,-0.003,0.151,1.4631,180.0,99.0,4.98,114.5343849796042,neo3_calibrated_direct,1,27.4658,-8.1604,-32.7148,43.488164330539405,7,149.74729921970484,yahboom_calibrated_direct,0,3143,2943,2810,0.010531638594068892,0.5463028023963602,0.5464043075576844,127.45599523861452,neo3_calibrated_direct:gyro_integral,1,127.45599523861452,nan,117.333984375,0.0,-211,-65,2032,-1.0103531005859374,-0.3112462158203125,9.730035546875,9.78730194375228,0,0,0,0.0,0.0,0.0,0.0,0.0,0.0,0.0,-332,1080,21360,-1.82373046875,5.9326171875,117.333984375,98781.43,304.75,1,1,0,0,96,4,25,18,18,18,18,170,F4line=96;YAH=72
DIRECT_SERIAL,8,1789354950157718029,2026-09-14T03:02:30.157718+00:00,-1,23930359908286,1789354950000000000,1789354950,0,38681929,1789354950015858,1789354950000000,2,4,14.838424441707325,10.738768369484596,gnss_local_enu_direct,14.838424441707325,10.738768369484596,110.4351684,-7.0508083,226.36,5.169,8.258,3,1,12,0,0.177,180.971,-0.177,-0.003,0.151,1.4631,180.0,99.0,4.98,114.67426828363276,neo3_calibrated_direct,1,27.4902,-8.14209,-32.6904,43.48180053502959,7,149.42423164145984,yahboom_calibrated_direct,0,3163,2930,2804,0.013514538116132414,0.5444089116932087,0.544576629935105,127.45599523861452,neo3_calibrated_direct:gyro_integral,1,127.45599523861452,nan,117.333984375,0.0,-212,-65,2036,-1.01514150390625,-0.3112462158203125,9.749189160156249,9.806838214242326,0,0,0,0.0,0.0,0.0,0.0,0.0,0.0,0.0,-332,1080,21360,-1.82373046875,5.9326171875,117.333984375,98778.383,304.75,1,1,0,0,99,4,26,21,21,21,21,185,F4line=99;YAH=84
DIRECT_SERIAL,9,1789354950225445725,2026-09-14T03:02:30.225446+00:00,-1,23930427635959,1789354950000000000,1789354950,0,38681929,1789354950015858,1789354950000000,2,4,14.838424441707325,10.738768369484596,gnss_local_enu_direct,14.838424441707325,10.738768369484596,110.4351684,-7.0508083,226.36,5.169,8.258,3,1,12,0,0.177,180.971,-0.177,-0.003,0.151,1.4631,180.0,99.0,4.98,114.77851059458362,neo3_calibrated_direct,1,27.4902,-8.11768,-32.6904,43.4772363057083,7,149.48838851747124,yahboom_calibrated_direct,0,3159,2918,2762,0.012871703299240214,0.542589543486485,0.5427421979602248,127.45599523861452,neo3_calibrated_direct:gyro_integral,1,127.45599523861452,nan,117.333984375,0.0,-211,-67,2038,-1.0103531005859374,-0.32082302246093747,9.758765966796874,9.816173082944163,0,0,0,0.0,0.0,0.0,0.0,0.0,0.0,0.0,-332,1080,21360,-1.82373046875,5.9326171875,117.333984375,98778.383,304.75,1,1,0,0,103,4,28,24,24,24,24,201,F4line=103;YAH=96
DIRECT_SERIAL,10,1789354950277782457,2026-09-14T03:02:30.277782+00:00,-1,23930479972677,1789354950200000000,1789354950,200000000,38682122,1789354950209211,1789354950200000,2,4,15.125689007511628,10.694528868132085,gnss_local_enu_direct,15.125689007511628,10.694528868132085,110.435171,-7.0508087,225.51,5.169,8.258,3,1,13,0,1.6152,93.585,-0.101,1.612,3.736,2.002,71.017,99.0,5.01,114.55539551191005,neo3_calibrated_direct,1,27.4658,-8.1604,-32.666,43.45146549657445,7,149.50430088847764,yahboom_calibrated_direct,0,3158,2910,2754,0.012695153871565284,0.54138191158982,0.5415307388583499,127.45599523861452,neo3_calibrated_direct:gyro_integral,1,127.45599523861452,nan,117.333984375,0.0,-212,-65,2032,-1.01514150390625,-0.3112462158203125,9.730035546875,9.787797414294321,0,0,0,0.0,0.0,0.0,0.0,0.0,0.0,0.0,-332,1080,21360,-1.82373046875,5.9326171875,117.333984375,98777.773,304.75,1,1,0,0,111,5,29,27,27,27,27,221,F4line=111;YAH=108
DIRECT_SERIAL,11,1789354950345116806,2026-09-14T03:02:30.345117+00:00,-1,23930547307095,1789354950200000000,1789354950,200000000,38682122,1789354950209211,1789354950200000,2,4,15.125689007511628,10.694528868132085,gnss_local_enu_direct,15.125689007511628,10.694528868132085,110.435171,-7.0508087,225.51,5.169,8.258,3,1,13,0,1.6152,93.585,-0.101,1.612,3.736,2.002,71.017,99.0,5.01,114.93132987187208,neo3_calibrated_direct,1,27.4658,-8.07495,-32.6416,43.41715142317031,7,149.3759525226708,yahboom_calibrated_direct,0,3166,2933,2755,0.013977655360659305,0.5448700900342704,0.5450493462644784,127.45599523861452,neo3_calibrated_direct:gyro_integral,1,127.45599523861452,nan,117.333984375,0.0,-212,-66,2034,-1.01514150390625,-0.316034619140625,9.739612353515625,9.797471048704486,0,0,0,0.0,0.0,0.0,0.0,0.0,0.0,0.0,-332,1080,21360,-1.82373046875,5.9326171875,117.333984375,98777.773,304.75,1,1,0,0,115,5,31,30,30,30,30,237,F4line=115;YAH=120
DIRECT_SERIAL,12,1789354950397756284,2026-09-14T03:02:30.397756+00:00,-1,23930599946700,1789354950200000000,1789354950,200000000,38682122,1789354950209211,1789354950200000,2,4,15.125689007511628,10.694528868132085,gnss_local_enu_direct,15.125689007511628,10.694528868132085,110.435171,-7.0508087,225.51,5.169,8.258,3,1,13,0,1.6152,93.585,-0.101,1.612,3.736,2.002,71.017,99.0,5.01,115.03452036353774,neo3_calibrated_direct,1,27.4902,-8.06274,-32.6416,43.430322620349024,7,149.4408502867063,yahboom_calibrated_direct,0,3162,2938,2833,0.013388679003503504,0.545610207300493,0.5457744543636555,127.45599523861452,neo3_calibrated_direct:gyro_integral,1,127.45599523861452,nan,117.333984375,0.0,-214,-64,2036,-1.024718310546875,-0.3064578125,9.749189160156249,9.807683380254504,0,0,0,0.0,0.0,0.0,0.0,0.0,0.0,0.0,-332,1080,21360,-1.82373046875,5.9326171875,117.333984375,98781.125,304.75,1,1,0,0,121,5,32,33,33,33,33,255,F4line=121;YAH=132
DIRECT_SERIAL,13,1789354950464821226,2026-09-14T03:02:30.464821+00:00,-1,23930667011558,1789354950400000000,1789354950,400000000,38682322,1789354950409362,1789354950400000,2,4,15.633927341000245,10.794062411201804,gnss_local_enu_direct,15.633927341000245,10.794062411201804,110.4351756,-7.0508078,224.48,5.171,8.254,3,1,13,0,2.2464,74.244,0.61,2.162,5.325,2.0097,51.26,99.0,5.01,114.76695063830901,neo3_calibrated_direct,1,27.5146,-8.12988,-32.7148,43.51328878646614,7,149.39154689889136,yahboom_calibrated_direct,0,3165,2925,2885,0.013801105932984373,0.5436624581376052,0.5438376034380087,127.45599523861452,neo3_calibrated_direct:gyro_integral,1,127.45599523861452,nan,117.333984375,0.0,-212,-65,2031,-1.01514150390625,-0.3112462158203125,9.725247143554688,9.78303728312604,0,0,0,0.0,0.0,0.0,0.0,0.0,0.0,0.0,-332,1080,21360,-1.82373046875,5.9326171875,117.333984375,98779.602,304.75,1,1,0,0,131,6,34,36,36,36,36,277,F4line=131;YAH=144
DIRECT_SERIAL,14,1789354950517641234,2026-09-14T03:02:30.517641+00:00,-1,23930719831926,1789354950400000000,1789354950,400000000,38682322,1789354950409362,1789354950400000,2,4,15.633927341000245,10.794062411201804,gnss_local_enu_direct,15.633927341000245,10.794062411201804,110.4351756,-7.0508078,224.48,5.171,8.254,3,1,13,0,2.2464,74.244,0.61,2.162,5.325,2.0097,51.26,99.0,5.01,114.86214679476241,neo3_calibrated_direct,1,27.4902,-8.10547,-32.6172,43.41994329568959,7,149.26415086491414,yahboom_calibrated_direct,0,3173,2945,2827,0.015074102988007265,0.5466989626750651,0.546906741932192,127.45599523861452,neo3_calibrated_direct:gyro_integral,1,127.45599523861452,nan,117.333984375,0.0,-209,-66,2036,-1.0007762939453124,-0.316034619140625,9.749189160156249,9.805514792785047,0,0,0,0.0,0.0,0.0,0.0,0.0,0.0,0.0,-332,1080,21360,-1.82373046875,5.9326171875,117.333984375,98779.602,304.75,1,1,0,0,133,6,35,39,39,39,39,291,F4line=133;YAH=156
DIRECT_SERIAL,15,1789354950584481346,2026-09-14T03:02:30.584481+00:00,-1,23930786671605,1789354950400000000,1789354950,400000000,38682322,1789354950409362,1789354950400000,2,4,15.633927341000245,10.794062411201804,gnss_local_enu_direct,15.633927341000245,10.794062411201804,110.4351756,-7.0508078,224.48,5.171,8.254,3,1,13,0,2.2464,74.244,0.61,2.162,5.325,2.0097,51.26,99.0,5.01,115.37363133735508,neo3_calibrated_direct,1,27.4414,-7.97729,-32.4707,43.255218739408775,7,149.50526883026123,yahboom_calibrated_direct,0,3158,2935,2826,0.012774357488824693,0.545145860814741,0.5452955105011386,127.45599523861452,neo3_calibrated_direct:gyro_integral,1,127.45599523861452,nan,117.333984375,0.0,-210,-63,2039,-1.005564697265625,-0.3016694091796875,9.763554370117188,9.819834964552927,0,0,0,0.0,0.0,0.0,0.0,0.0,0.0,0.0,-332,1080,21360,-1.82373046875,5.9326171875,117.333984375,98777.469,305.0,1,1,0,0,139,6,37,42,42,42,42,309,F4line=139;YAH=168
DIRECT_SERIAL,16,1789354950636650383,2026-09-14T03:02:30.636651+00:00,-1,23930838840634,1789354950400000000,1789354950,400000000,38682322,1789354950409362,1789354950400000,2,4,15.633927341000245,10.794062411201804,gnss_local_enu_direct,15.633927341000245,10.794062411201804,110.4351756,-7.0508078,224.48,5.171,8.254,3,1,13,0,2.2464,74.244,0.61,2.162,5.325,2.0097,51.26,99.0,5.01,115.03080729581892,neo3_calibrated_direct,1,27.4658,-8.05664,-32.5928,43.37707032026944,7,149.53741698789915,yahboom_calibrated_direct,0,3156,2930,2812,0.01245610822506897,0.5443867346803761,0.5445292200865596,127.45599523861452,neo3_calibrated_direct:gyro_integral,1,127.45599523861452,nan,117.333984375,0.0,-214,-64,2034,-1.024718310546875,-0.3064578125,9.739612353515625,9.798163746517329,0,0,0,0.0,0.0,0.0,0.0,0.0,0.0,0.0,-332,1080,21360,-1.82373046875,5.9326171875,117.333984375,98777.469,305.0,1,1,0,0,142,6,38,45,45,45,45,324,F4line=142;YAH=180
DIRECT_SERIAL,17,1789354950704232581,2026-09-14T03:02:30.704233+00:00,-1,23930906422868,1789354950600000000,1789354950,600000000,38682523,1789354950610298,1789354950600000,2,4,16.31894444277533,11.059487891777593,gnss_local_enu_direct,16.31894444277533,11.059487891777593,110.4351818,-7.0508054,223.26,5.183,8.254,3,1,12,0,2.8485,74.359,0.768,2.743,6.618,2.5171,50.631,99.0,5.0,114.93515768679232,neo3_calibrated_direct,1,27.4902,-8.08105,-32.6904,43.470411975302234,7,149.60224327889188,yahboom_calibrated_direct,0,3152,2942,2798,0.011889308880745802,0.5461807577295767,0.5463101461438515,127.45599523861452,neo3_calibrated_direct:gyro_integral,1,127.45599523861452,nan,117.333984375,0.0,-213,-66,2034,-1.0199299072265624,-0.316034619140625,9.739612353515625,9.797968345167519,0,0,0,0.0,0.0,0.0,0.0,0.0,0.0,0.0,-332,1080,21360,-1.82373046875,5.9326171875,117.333984375,98776.859,305.0,1,1,0,0,151,7,40,48,48,48,48,345,F4line=151;YAH=192
DIRECT_SERIAL,18,1789354950758742323,2026-09-14T03:02:30.758742+00:00,-1,23930960932625,1789354950600000000,1789354950,600000000,38682523,1789354950610298,1789354950600000,2,4,16.31894444277533,11.059487891777593,gnss_local_enu_direct,16.31894444277533,11.059487891777593,110.4351818,-7.0508054,223.26,5.183,8.254,3,1,12,0,2.8485,74.359,0.768,2.743,6.618,2.5171,50.631,99.0,5.0,115.32439177612616,neo3_calibrated_direct,1,27.4658,-7.99561,-32.5195,43.310712637430704,7,149.87593298947132,yahboom_calibrated_direct,0,3135,2948,2776,0.009337845156305409,0.5470302470838213,0.5471099401187569,127.45599523861452,neo3_calibrated_direct:gyro_integral,1,127.45599523861452,nan,117.333984375,0.0,-212,-64,2036,-1.01514150390625,-0.3064578125,9.749189160156249,9.806687409329585,0,0,0,0.0,0.0,0.0,0.0,0.0,0.0,0.0,-332,1080,21360,-1.82373046875,5.9326171875,117.333984375,98778.078,305.0,1,1,0,0,159,7,41,51,51,51,51,365,F4line=159;YAH=204
DIRECT_SERIAL,19,1789354950823976144,2026-09-14T03:02:30.823976+00:00,-1,23931026166376,1789354950600000000,1789354950,600000000,38682523,1789354950610298,1789354950600000,2,4,16.31894444277533,11.059487891777593,gnss_local_enu_direct,16.31894444277533,11.059487891777593,110.4351818,-7.0508054,223.26,5.183,8.254,3,1,12,0,2.8485,74.359,0.768,2.743,6.618,2.5171,50.631,99.0,5.0,115.1303819045494,neo3_calibrated_direct,1,27.4658,-8.03833,-32.5439,43.336939740121245,7,149.76364694572035,yahboom_calibrated_direct,0,3142,2936,2771,0.010358257311084338,0.5452457284686919,0.5453441096297613,127.45599523861452,neo3_calibrated_direct:gyro_integral,1,127.45599523861452,nan,117.333984375,0.0,-210,-64,2032,-1.005564697265625,-0.3064578125,9.730035546875,9.786657677403468,0,0,0,0.0,0.0,0.0,0.0,0.0,0.0,0.0,-332,1080,21360,-1.82373046875,5.9326171875,117.333984375,98778.078,305.0,1,1,0,0,163,7,43,54,54,54,54,381,F4line=163;YAH=216
DIRECT_SERIAL,20,1789354950878677639,2026-09-14T03:02:30.878678+00:00,-1,23931080868054,1789354950800000000,1789354950,800000000,38682721,1789354950808329,1789354950800000,2,4,16.981863462704847,11.291734535770553,gnss_local_enu_direct,16.981863462704847,11.291734535770553,110.4351878,-7.0508033,221.89,5.196,8.25,3,1,12,0,2.7552,74.657,0.729,2.657,6.498,2.6597,55.311,99.0,5.01,114.6796953298177,neo3_calibrated_direct,1,27.4902,-8.14819,-32.6172,43.42793838252168,7,149.47377588625204,yahboom_calibrated_direct,0,3160,2952,2795,0.013130624488864932,0.5477116825770681,0.5478690541825397,127.45599523861452,neo3_calibrated_direct:gyro_integral,1,127.45599523861452,nan,117.333984375,0.0,-210,-66,2031,-1.005564697265625,-0.316034619140625,9.725247143554688,9.782201707391893,0,0,0,0.0,0.0,0.0,0.0,0.0,0.0,0.0,-332,1080,21360,-1.82373046875,5.9326171875,117.333984375,98780.211,305.0,1,1,0,0,171,8,44,57,57,57,57,401,F4line=171;YAH=228
DIRECT_SERIAL,21,1789354950943570252,2026-09-14T03:02:30.943570+00:00,-1,23931145760744,1789354950800000000,1789354950,800000000,38682721,1789354950808329,1789354950800000,2,4,16.981863462704847,11.291734535770553,gnss_local_enu_direct,16.981863462704847,11.291734535770553,110.4351878,-7.0508033,221.89,5.196,8.25,3,1,12,0,2.7552,74.657,0.729,2.657,6.498,2.6597,55.311,99.0,5.01,115.53460006369313,neo3_calibrated_direct,1,27.4658,-7.94678,-32.5195,43.30172470304618,7,149.48869113408426,yahboom_calibrated_direct,0,3159,2925,2771,0.012893880312072848,0.543643449269463,0.5437963332747852,127.45599523861452,neo3_calibrated_direct:gyro_integral,1,127.45599523861452,nan,117.333984375,0.0,-212,-64,2039,-1.01514150390625,-0.3064578125,9.763554370117188,9.820968516497228,0,0,0,0.0,0.0,0.0,0.0,0.0,0.0,0.0,-332,1080,21360,-1.82373046875,5.9326171875,117.333984375,98780.211,305.0,1,1,0,0,175,8,46,60,60,60,60,417,F4line=175;YAH=240
DIRECT_SERIAL,22,1789354950998793728,2026-09-14T03:02:30.998794+00:00,-1,23931200984028,1789354950800000000,1789354950,800000000,38682721,1789354950808329,1789354950800000,2,4,16.981863462704847,11.291734535770553,gnss_local_enu_direct,16.981863462704847,11.291734535770553,110.4351878,-7.0508033,221.89,5.196,8.25,3,1,12,0,2.7552,74.657,0.729,2.657,6.498,2.6597,55.311,99.0,5.01,115.28056228945601,neo3_calibrated_direct,1,27.4902,-8.02002,-32.4951,43.312392462785986,7,149.58599566552635,yahboom_calibrated_direct,0,3153,2934,2779,0.012015167993374713,0.5449794621222924,0.5451118952994992,127.45599523861452,neo3_calibrated_direct:gyro_integral,1,127.45599523861452,nan,117.333984375,0.0,-216,-64,2040,-1.0342951171875,-0.3064578125,9.7683427734375,9.827726253800968,0,0,0,0.0,0.0,0.0,0.0,0.0,0.0,0.0,-332,1080,21360,-1.82373046875,5.9326171875,117.333984375,98779.602,305.0,1,1,0,0,178,8,47,63,63,63,63,432,F4line=178;YAH=252
DIRECT_SERIAL,23,1789354951063377052,2026-09-14T03:02:31.063377+00:00,-1,23931265567365,1789354951000000000,1789354951,0,38682930,1789354951017265,1789354951000000,2,4,17.622684901589967,11.51292166562969,gnss_local_enu_direct,17.622684901589967,11.51292166562969,110.4351936,-7.0508013,220.56,5.21,8.246,3,1,12,0,2.586,75.625,0.642,2.505,6.013,2.8298,62.699,99.0,4.98,114.74224570286763,neo3_calibrated_direct,1,27.4902,-8.13599,-32.5928,43.40732704463729,7,149.87682826427042,yahboom_calibrated_direct,0,3135,2934,2771,0.00929349113064014,0.5449224355178656,0.5450016786287154,127.45599523861452,neo3_calibrated_direct:gyro_integral,1,127.45599523861452,nan,117.333984375,0.0,-214,-65,2034,-1.024718310546875,-0.3112462158203125,9.739612353515625,9.798314682616938,0,0,0,0.0,0.0,0.0,0.0,0.0,0.0,0.0,-332,1080,21360,-1.82373046875,5.9326171875,117.333984375,98779.906,305.0,1,1,0,0,189,9,49,66,66,66,66,455,F4line=189;YAH=264
DIRECT_SERIAL,24,1789354951118673690,2026-09-14T03:02:31.118674+00:00,-1,23931320864413,1789354951000000000,1789354951,0,38682930,1789354951017265,1789354951000000,2,4,17.622684901589967,11.51292166562969,gnss_local_enu_direct,17.622684901589967,11.51292166562969,110.4351936,-7.0508013,220.56,5.21,8.246,3,1,12,0,2.586,75.625,0.642,2.505,6.013,2.8298,62.699,99.0,4.98,114.59193776614781,neo3_calibrated_direct,1,27.4658,-8.1543,-32.6416,43.43197933193927,7,149.6506199251601,yahboom_calibrated_direct,0,3149,2931,2786,0.011400846478695902,0.5445151156365403,0.5446344558115155,127.45599523861452,neo3_calibrated_direct:gyro_integral,1,127.45599523861452,nan,117.333984375,0.0,-209,-64,2035,-1.0007762939453124,-0.3064578125,9.744400756835937,9.800449769841688,0,0,0,0.0,0.0,0.0,0.0,0.0,0.0,0.0,-332,1080,21360,-1.82373046875,5.9326171875,117.333984375,98779.906,305.0,1,1,0,0,191,9,50,69,69,69,69,469,F4line=191;YAH=276
DIRECT_SERIAL,25,1789354951182996204,2026-09-14T03:02:31.182996+00:00,-1,23931385186572,1789354951000000000,1789354951,0,38682930,1789354951017265,1789354951000000,2,4,17.622684901589967,11.51292166562969,gnss_local_enu_direct,17.622684901589967,11.51292166562969,110.4351936,-7.0508013,220.56,5.21,8.246,3,1,12,0,2.586,75.625,0.642,2.505,6.013,2.8298,62.699,99.0,4.98,115.4064018617204,neo3_calibrated_direct,1,27.4902,-7.9834,-32.5684,43.36065555500747,7,149.95832906422146,yahboom_calibrated_direct,0,3130,2926,2811,0.008512124622357526,0.5437021310424389,0.5437687592770257,127.45599523861452,neo3_calibrated_direct:gyro_integral,1,127.45599523861452,nan,117.333984375,0.0,-209,-66,2034,-1.0007762939453124,-0.316034619140625,9.739612353515625,9.795993051639657,0,0,0,0.0,0.0,0.0,0.0,0.0,0.0,0.0,-332,1080,21360,-1.82373046875,5.9326171875,117.333984375,98779.297,305.0,1,1,0,0,196,9,52,72,72,72,72,486,F4line=196;YAH=288
DIRECT_SERIAL,26,1789354951235102520,2026-09-14T03:02:31.235102+00:00,-1,23931437292830,1789354951000000000,1789354951,0,38682930,1789354951017265,1789354951000000,2,4,17.622684901589967,11.51292166562969,gnss_local_enu_direct,17.622684901589967,11.51292166562969,110.4351936,-7.0508013,220.56,5.21,8.246,3,1,12,0,2.586,75.625,0.642,2.505,6.013,2.8298,62.699,99.0,4.98,114.84118181136492,neo3_calibrated_direct,1,27.4902,-8.10547,-32.666,43.456613949557784,7,149.77994593163575,yahboom_calibrated_direct,0,3141,2932,2785,0.010194380462170912,0.5446403284480141,0.544735727454119,127.45599523861452,neo3_calibrated_direct:gyro_integral,1,127.45599523861452,nan,117.333984375,0.0,-210,-65,2031,-1.005564697265625,-0.3112462158203125,9.725247143554688,9.782048178703068,0,0,0,0.0,0.0,0.0,0.0,0.0,0.0,0.0,-332,1080,21360,-1.82373046875,5.9326171875,117.333984375,98779.297,305.0,1,1,0,0,199,9,53,75,75,75,75,501,F4line=199;YAH=300
DIRECT_SERIAL,27,1789354951302711442,2026-09-14T03:02:31.302711+00:00,-1,23931504901872,1789354951200000000,1789354951,200000000,38683121,1789354951208667,1789354951200000,2,4,18.252457600825196,11.734108846317557,gnss_local_enu_direct,18.252457600825196,11.734108846317557,110.4351993,-7.0507993,219.31,5.228,8.246,3,1,12,0,2.4546,73.455,0.699,2.353,5.927,3.1275,73.002,99.0,5.02,114.73688263980027,neo3_calibrated_direct,1,27.4902,-8.12988,-32.666,43.46117348685375,7,149.44011717342312,yahboom_calibrated_direct,0,3162,2925,2802,0.01334749312252861,0.5436529537035341,0.5438167794792956,127.45599523861452,neo3_calibrated_direct:gyro_integral,1,127.45599523861452,nan,117.333984375,0.0,-213,-64,2038,-1.0199299072265624,-0.3064578125,9.758765966796874,9.81670446744784,0,0,0,0.0,0.0,0.0,0.0,0.0,0.0,0.0,-332,1080,21360,-1.82373046875,5.9326171875,117.333984375,98781.43,305.0,1,1,0,0,208,10,55,78,78,78,78,522,F4line=208;YAH=312
DIRECT_SERIAL,28,1789354951358592761,2026-09-14T03:02:31.358593+00:00,-1,23931560783119,1789354951200000000,1789354951,200000000,38683121,1789354951208667,1789354951200000,2,4,18.252457600825196,11.734108846317557,gnss_local_enu_direct,18.252457600825196,11.734108846317557,110.4351993,-7.0507993,219.31,5.228,8.246,3,1,12,0,2.4546,73.455,0.699,2.353,5.927,3.1275,73.002,99.0,5.02,114.84655321538685,neo3_calibrated_direct,1,27.4902,-8.11157,-32.5928,43.40275654546494,7,149.58607636378588,yahboom_calibrated_direct,0,3153,2939,2822,0.012031008716826594,0.5457322519672766,0.5458648514128926,127.45599523861452,neo3_calibrated_direct:gyro_integral,1,127.45599523861452,nan,117.333984375,0.0,-217,-65,2041,-1.0390835205078124,-0.3112462158203125,9.773131176757811,9.833140991950074,0,0,0,0.0,0.0,0.0,0.0,0.0,0.0,0.0,-332,1080,21360,-1.82373046875,5.9326171875,117.333984375,98781.125,305.0,1,1,0,0,211,10,56,81,81,81,81,537,F4line=211;YAH=324
DIRECT_SERIAL,29,1789354951422448570,2026-09-14T03:02:31.422449+00:00,-1,23931624638821,1789354951200000000,1789354951,200000000,38683121,1789354951208667,1789354951200000,2,4,18.252457600825196,11.734108846317557,gnss_local_enu_direct,18.252457600825196,11.734108846317557,110.4351993,-7.0507993,219.31,5.228,8.246,3,1,12,0,2.4546,73.455,0.699,2.353,5.927,3.1275,73.002,99.0,5.02,114.94045599405526,neo3_calibrated_direct,1,27.4902,-8.08716,-32.6172,43.416528980857045,7,149.69923441534937,yahboom_calibrated_direct,0,3146,2924,2815,0.010925056655407505,0.5434517054194913,0.5435615080064788,127.45599523861452,neo3_calibrated_direct:gyro_integral,1,127.45599523861452,nan,117.333984375,0.0,-210,-65,2033,-1.005564697265625,-0.3112462158203125,9.734823950195311,9.791569430308178,0,0,0,0.0,0.0,0.0,0.0,0.0,0.0,0.0,-332,1080,21360,-1.82373046875,5.9326171875,117.333984375,98781.125,305.0,1,1,0,0,218,10,58,84,84,84,84,556,F4line=218;YAH=336
DIRECT_SERIAL,30,1789354951478755334,2026-09-14T03:02:31.478755+00:00,-1,23931680945715,1789354951400000000,1789354951,400000000,38683322,1789354951408709,1789354951400000,2,4,18.926424280837068,11.977414500873106,gnss_local_enu_direct,18.926424280837068,11.977414500873106,110.4352054,-7.0507971,217.86,5.251,8.246,3,1,12,0,2.9178,73.944,0.807,2.804,6.817,3.326,65.312,99.0,5.01,114.7408845195142,neo3_calibrated_direct,1,27.5146,-8.13599,-32.7148,43.51443077279191,7,149.3911259390143,yahboom_calibrated_direct,0,3165,2919,2815,0.013782097064842116,0.5427591103236241,0.5429340641724341,127.45599523861452,neo3_calibrated_direct:gyro_integral,1,127.45599523861452,nan,117.333984375,0.0,-208,-66,2032,-0.9959878906249999,-0.316034619140625,9.730035546875,9.785982909356528,0,0,0,0.0,0.0,0.0,0.0,0.0,0.0,0.0,-332,1080,21360,-1.82373046875,5.9326171875,117.333984375,98781.734,305.0,1,1,0,0,226,11,59,87,87,87,87,576,F4line=226;YAH=348
DIRECT_SERIAL,31,1789354951542061872,2026-09-14T03:02:31.542062+00:00,-1,23931744252332,1789354951400000000,1789354951,400000000,38683322,1789354951408709,1789354951400000,2,4,18.926424280837068,11.977414500873106,gnss_local_enu_direct,18.926424280837068,11.977414500873106,110.4352054,-7.0507971,217.86,5.251,8.246,3,1,12,0,2.9178,73.944,0.807,2.804,6.817,3.326,65.312,99.0,5.01,114.74736760408658,neo3_calibrated_direct,1,27.4902,-8.12988,-32.6416,43.44283710134963,7,149.48873426928168,yahboom_calibrated_direct,0,3159,2926,2796,0.012897048456763226,0.5437940072384598,0.5439469240352024,127.45599523861452,neo3_calibrated_direct:gyro_integral,1,127.45599523861452,nan,117.333984375,0.0,-209,-66,2035,-1.0007762939453124,-0.316034619140625,9.744400756835937,9.800753908799212,0,0,0,0.0,0.0,0.0,0.0,0.0,0.0,0.0,-332,1080,21360,-1.82373046875,5.9326171875,117.333984375,98781.734,305.0,1,1,0,0,230,11,61,90,90,90,90,592,F4line=230;YAH=360
DIRECT_SERIAL,32,1789354951598673950,2026-09-14T03:02:31.598674+00:00,-1,23931800864311,1789354951400000000,1789354951,400000000,38683322,1789354951408709,1789354951400000,2,4,18.926424280837068,11.977414500873106,gnss_local_enu_direct,18.926424280837068,11.977414500873106,110.4352054,-7.0507971,217.86,5.251,8.246,3,1,12,0,2.9178,73.944,0.807,2.804,6.817,3.326,65.312,99.0,5.01,114.65964100054622,neo3_calibrated_direct,1,27.4658,-8.13599,-32.666,43.44688779325971,7,149.48877738060187,yahboom_calibrated_direct,0,3159,2927,2801,0.012900216601453601,0.5439445652074567,0.5440975147959174,127.45599523861452,neo3_calibrated_direct:gyro_integral,1,127.45599523861452,nan,117.333984375,0.0,-214,-64,2031,-1.024718310546875,-0.3064578125,9.725247143554688,9.783884505145743,0,0,0,0.0,0.0,0.0,0.0,0.0,0.0,0.0,-332,1080,21360,-1.82373046875,5.9326171875,117.333984375,98780.211,304.75,1,1,0,0,234,11,62,93,93,93,93,608,F4line=234;YAH=372
DIRECT_SERIAL,33,1789354951661814163,2026-09-14T03:02:31.661814+00:00,-1,23931864004641,1789354951600000000,1789354951,600000000,38683524,1789354951611212,1789354951600000,2,4,19.578293723969093,12.22072033275926,gnss_local_enu_direct,19.578293723969093,12.22072033275926,110.4352113,-7.0507949,216.56,5.275,8.246,3,1,12,0,2.5967,73.994,0.716,2.496,6.113,3.1771,70.102,99.0,5.0,114.59615278352891,neo3_calibrated_direct,1,27.4902,-8.1604,-32.6904,43.485232853924096,7,149.44023030344596,yahboom_calibrated_direct,0,3162,2927,2843,0.013353829411909364,0.5439540696415278,0.5441179602251174,127.45599523861452,neo3_calibrated_direct:gyro_integral,1,127.45599523861452,nan,117.333984375,0.0,-212,-65,2035,-1.01514150390625,-0.3112462158203125,9.744400756835937,9.802077973044302,0,0,0,0.0,0.0,0.0,0.0,0.0,0.0,0.0,-332,1080,21360,-1.82373046875,5.9326171875,117.333984375,98780.82,304.75,1,1,0,0,244,12,64,96,96,96,96,630,F4line=244;YAH=384
DIRECT_SERIAL,34,1789354951719682517,2026-09-14T03:02:31.719682+00:00,-1,23931921873094,1789354951600000000,1789354951,600000000,38683524,1789354951611212,1789354951600000,2,4,19.578293723969093,12.22072033275926,gnss_local_enu_direct,19.578293723969093,12.22072033275926,110.4352113,-7.0507949,216.56,5.275,8.246,3,1,12,0,2.5967,73.994,0.716,2.496,6.113,3.1771,70.102,99.0,5.0,114.7680234277176,neo3_calibrated_direct,1,27.4902,-8.11768,-32.7148,43.495585565231785,7,149.48877738060187,yahboom_calibrated_direct,0,3159,2927,2843,0.012900216601453601,0.5439445652074567,0.5440975147959174,127.45599523861452,neo3_calibrated_direct:gyro_integral,1,127.45599523861452,nan,117.333984375,0.0,-212,-65,2041,-1.01514150390625,-0.3112462158203125,9.773131176757811,9.830639830546689,0,0,0,0.0,0.0,0.0,0.0,0.0,0.0,0.0,-332,1080,21360,-1.82373046875,5.9326171875,117.333984375,98780.82,304.75,1,1,0,0,246,12,65,99,99,99,99,644,F4line=246;YAH=396
DIRECT_SERIAL,35,1789354951781619764,2026-09-14T03:02:31.781620+00:00,-1,23931983810076,1789354951600000000,1789354951,600000000,38683524,1789354951611212,1789354951600000,2,4,19.578293723969093,12.22072033275926,gnss_local_enu_direct,19.578293723969093,12.22072033275926,110.4352113,-7.0507949,216.56,5.275,8.246,3,1,12,0,2.5967,73.994,0.716,2.496,6.113,3.1771,70.102,99.0,5.0,114.79836230982345,neo3_calibrated_direct,1,27.5146,-8.12988,-32.6416,43.45828128831604,7,149.74778313428956,yahboom_calibrated_direct,0,3143,2926,2859,0.010477780134332496,0.5437433169234138,0.5438442594855806,127.45599523861452,neo3_calibrated_direct:gyro_integral,1,127.45599523861452,nan,117.333984375,0.0,-209,-67,2034,-1.0007762939453124,-0.32082302246093747,9.739612353515625,9.796148702373706,0,0,0,0.0,0.0,0.0,0.0,0.0,0.0,0.0,-332,1080,21360,-1.82373046875,5.9326171875,117.333984375,98778.688,304.75,1,1,0,0,256,12,67,102,102,102,102,666,F4line=256;YAH=408
DIRECT_SERIAL,36,1789354951832314420,2026-09-14T03:02:31.832314+00:00,-1,23932034504663,1789354951600000000,1789354951,600000000,38683524,1789354951611212,1789354951600000,2,4,19.578293723969093,12.22072033275926,gnss_local_enu_direct,19.578293723969093,12.22072033275926,110.4352113,-7.0507949,216.56,5.275,8.246,3,1,12,0,2.5967,73.994,0.716,2.496,6.113,3.1771,70.102,99.0,5.0,114.85290517754385,neo3_calibrated_direct,1,27.4658,-8.09326,-32.6416,43.420560540227946,7,149.6506199251601,yahboom_calibrated_direct,0,3149,2931,2912,0.011400846478695902,0.5445151156365403,0.5446344558115155,127.45599523861452,neo3_calibrated_direct:gyro_integral,1,127.45599523861452,nan,117.333984375,0.0,-209,-67,2030,-1.0007762939453124,-0.32082302246093747,9.720458740234374,9.777105845947599,0,0,0,0.0,0.0,0.0,0.0,0.0,0.0,0.0,-332,1080,21360,-1.82373046875,5.9326171875,117.333984375,98778.688,304.75,1,1,0,0,259,12,68,105,105,105,105,681,F4line=259;YAH=420
DIRECT_SERIAL,37,1789354951882507227,2026-09-14T03:02:31.882507+00:00,-1,23932084697377,1789354951800000000,1789354951,800000000,38683719,1789354951805798,1789354951800000,2,4,20.373796372434317,12.618858889874415,gnss_local_enu_direct,20.373796372434317,12.618858889874415,110.4352185,-7.0507913,215.37,5.314,8.246,3,1,11,0,3.0837,69.637,1.073,2.891,6.839,3.3331,61.929,99.0,5.02,114.74950430401903,neo3_calibrated_direct,1,27.4414,-8.10547,-32.6416,43.40740868147856,7,149.50534568853206,yahboom_calibrated_direct,0,3158,2937,2886,0.012780693778205445,0.5454469767527348,0.5455966922390115,127.45599523861452,neo3_calibrated_direct:gyro_integral,1,127.45599523861452,nan,117.333984375,0.0,-215,-63,2036,-1.0295067138671874,-0.3016694091796875,9.749189160156249,9.808036387923963,0,0,0,0.0,0.0,0.0,0.0,0.0,0.0,0.0,-332,1080,21360,-1.82373046875,5.9326171875,117.333984375,98780.516,304.75,1,1,0,0,268,13,70,108,108,108,108,702,F4line=268;YAH=432
DIRECT_SERIAL,38,1789354951941118070,2026-09-14T03:02:31.941118+00:00,-1,23932143308990,1789354951800000000,1789354951,800000000,38683719,1789354951805798,1789354951800000,2,4,20.373796372434317,12.618858889874415,gnss_local_enu_direct,20.373796372434317,12.618858889874415,110.4352185,-7.0507913,215.37,5.314,8.246,3,1,11,0,3.0837,69.637,1.073,2.891,6.839,3.3331,61.929,99.0,5.02,114.77851059458362,neo3_calibrated_direct,1,27.4902,-8.11768,-32.6904,43.4772363057083,7,149.4569313782565,yahboom_calibrated_direct,0,3161,2937,2840,0.013234306588661208,0.5454564811868059,0.5456170082938901,127.45599523861452,neo3_calibrated_direct:gyro_integral,1,127.45599523861452,nan,117.333984375,0.0,-209,-66,2036,-1.0007762939453124,-0.316034619140625,9.749189160156249,9.805514792785047,0,0,0,0.0,0.0,0.0,0.0,0.0,0.0,0.0,-332,1080,21360,-1.82373046875,5.9326171875,117.333984375,98780.516,304.75,1,1,0,0,270,13,71,110,110,110,110,712,F4line=270;YAH=440
DIRECT_SERIAL,39,1789354951999751367,2026-09-14T03:02:31.999751+00:00,-1,23932201941800,1789354951800000000,1789354951,800000000,38683719,1789354951805798,1789354951800000,2,4,20.373796372434317,12.618858889874415,gnss_local_enu_direct,20.373796372434317,12.618858889874415,110.4352185,-7.0507913,215.37,5.314,8.246,3,1,11,0,3.0837,69.637,1.073,2.891,6.839,3.3331,61.929,99.0,5.02,114.87774701168281,neo3_calibrated_direct,1,27.4902,-8.09937,-32.6416,43.43713780852624,7,149.3595632853059,yahboom_calibrated_direct,0,3167,2930,2823,0.014119355196740097,0.5444215842719703,0.5446046433995709,127.45599523861452,neo3_calibrated_direct:gyro_integral,1,127.45599523861452,nan,117.333984375,0.0,-211,-64,2033,-1.0103531005859374,-0.3064578125,9.734823950195311,9.791911310872978,0,0,0,0.0,0.0,0.0,0.0,0.0,0.0,0.0,-332,1080,21360,-1.82373046875,5.9326171875,117.333984375,98778.688,304.75,1,1,0,0,273,13,72,113,113,113,113,727,F4line=273;YAH=452
DIRECT_SERIAL,40,1789354952060802764,2026-09-14T03:02:32.060803+00:00,-1,23932262992977,1789354952000000000,1789354952,0,38683929,1789354952015918,1789354952000000,2,4,21.10300630792772,12.95064032177902,gnss_local_enu_direct,21.10300630792772,12.95064032177902,110.4352251,-7.0507883,214.11,5.352,8.242,3,1,11,0,3.094,71.319,0.991,2.931,6.335,3.2247,59.715,99.0,4.98,114.23735242846341,neo3_calibrated_direct,1,27.4902,-8.23975,-32.7393,43.53695373579208,7,149.40858581645182,yahboom_calibrated_direct,0,3164,2938,2838,0.013691087543807344,0.5456165435898738,0.5457882909307352,127.45599523861452,neo3_calibrated_direct:gyro_integral,1,127.45599523861452,nan,117.333984375,0.0,-213,-64,2033,-1.0199299072265624,-0.3064578125,9.734823950195311,9.792904101837907,0,0,0,0.0,0.0,0.0,0.0,0.0,0.0,0.0,-332,1080,21360,-1.82373046875,5.9326171875,117.333984375,98777.164,304.75,1,1,0,0,284,14,74,116,116,116,116,750,F4line=284;YAH=464
DIRECT_SERIAL,41,1789354952119803174,2026-09-14T03:02:32.119803+00:00,-1,23932321993481,1789354952000000000,1789354952,0,38683929,1789354952015918,1789354952000000,2,4,21.10300630792772,12.95064032177902,gnss_local_enu_direct,21.10300630792772,12.95064032177902,110.4352251,-7.0507883,214.11,5.352,8.242,3,1,11,0,3.094,71.319,0.991,2.931,6.335,3.2247,59.715,99.0,4.98,114.43572710615868,neo3_calibrated_direct,1,27.4658,-8.19092,-32.6416,43.43886958297142,7,149.53771230932333,yahboom_calibrated_direct,0,3156,2940,2893,0.012487789671972734,0.5458923143703446,0.5460351305360329,127.45599523861452,neo3_calibrated_direct:gyro_integral,1,127.45599523861452,nan,117.333984375,0.0,-210,-67,2037,-1.005564697265625,-0.32082302246093747,9.753977563476562,9.810920756021428,0,0,0,0.0,0.0,0.0,0.0,0.0,0.0,0.0,-332,1080,21360,-1.82373046875,5.9326171875,117.333984375,98777.164,304.75,1,1,0,0,286,14,75,119,119,119,119,764,F4line=286;YAH=476
DIRECT_SERIAL,42,1789354952180608314,2026-09-14T03:02:32.180608+00:00,-1,23932382798756,1789354952000000000,1789354952,0,38683929,1789354952015918,1789354952000000,2,4,21.10300630792772,12.95064032177902,gnss_local_enu_direct,21.10300630792772,12.95064032177902,110.4352251,-7.0507883,214.11,5.352,8.242,3,1,11,0,3.094,71.319,0.991,2.931,6.335,3.2247,59.715,99.0,4.98,115.38941620181627,neo3_calibrated_direct,1,27.4414,-7.97119,-32.4951,43.272414168683724,7,149.48916431127304,yahboom_calibrated_direct,0,3159,2936,2845,0.012928729903666988,0.5452995869284283,0.5454528316557138,127.45599523861452,neo3_calibrated_direct:gyro_integral,1,127.45599523861452,nan,117.333984375,0.0,-211,-65,2037,-1.0103531005859374,-0.3112462158203125,9.753977563476562,9.81110421428344,0,0,0,0.0,0.0,0.0,0.0,0.0,0.0,0.0,-332,1080,21360,-1.82373046875,5.9326171875,117.333984375,98778.078,304.75,1,1,0,0,291,14,77,122,122,122,122,781,F4line=291;YAH=488
DIRECT_SERIAL,43,1789354952234413329,2026-09-14T03:02:32.234413+00:00,-1,23932436603565,1789354952000000000,1789354952,0,38683929,1789354952015918,1789354952000000,2,4,21.10300630792772,12.95064032177902,gnss_local_enu_direct,21.10300630792772,12.95064032177902,110.4352251,-7.0507883,214.11,5.352,8.242,3,1,11,0,3.094,71.319,0.991,2.931,6.335,3.2247,59.715,99.0,4.98,115.28580747734563,neo3_calibrated_direct,1,27.4902,-8.01392,-32.5439,43.34788849547807,7,149.4247784719119,yahboom_calibrated_direct,0,3163,2939,2835,0.0135430514183458,0.5457639334141803,0.5459319419647817,127.45599523861452,neo3_calibrated_direct:gyro_integral,1,127.45599523861452,nan,117.333984375,0.0,-210,-66,2031,-1.005564697265625,-0.316034619140625,9.725247143554688,9.782201707391893,0,0,0,0.0,0.0,0.0,0.0,0.0,0.0,0.0,-332,1080,21360,-1.82373046875,5.9326171875,117.333984375,98778.078,304.75,1,1,0,0,294,14,78,125,125,125,125,796,F4line=294;YAH=500
DIRECT_SERIAL,44,1789354952300292490,2026-09-14T03:02:32.300292+00:00,-1,23932502482976,1789354952200000000,1789354952,200000000,38684121,1789354952208282,1789354952200000,2,4,21.99794684989018,13.481492296981985,gnss_local_enu_direct,21.99794684989018,13.481492296981985,110.4352332,-7.0507835,212.97,5.392,8.242,3,1,11,0,3.578,61.96,1.682,3.158,7.056,3.4358,55.019,99.0,5.02,114.87774701168281,neo3_calibrated_direct,1,27.4902,-8.09937,-32.6416,43.43713780852624,7,149.4409064622548,yahboom_calibrated_direct,0,3162,2939,2834,0.01339184714819388,0.5457607652694899,0.5459250447429389,127.45599523861452,neo3_calibrated_direct:gyro_integral,1,127.45599523861452,nan,117.333984375,0.0,-210,-64,2034,-1.005564697265625,-0.3064578125,9.739612353515625,9.796179130047763,0,0,0,0.0,0.0,0.0,0.0,0.0,0.0,0.0,-332,1080,21360,-1.82373046875,5.9326171875,117.333984375,98776.242,304.75,1,1,0,0,303,15,80,128,128,128,128,817,F4line=303;YAH=512
DIRECT_SERIAL,45,1789354952359640586,2026-09-14T03:02:32.359641+00:00,-1,23932561830753,1789354952200000000,1789354952,200000000,38684121,1789354952208282,1789354952200000,2,4,21.99794684989018,13.481492296981985,gnss_local_enu_direct,21.99794684989018,13.481492296981985,110.4352332,-7.0507835,212.97,5.392,8.242,3,1,11,0,3.578,61.96,1.682,3.158,7.056,3.4358,55.019,99.0,5.02,115.57958588390213,neo3_calibrated_direct,1,27.4902,-7.95288,-32.4707,43.281702309687404,7,149.47325813376037,yahboom_calibrated_direct,0,3160,2941,2833,0.01309577489727079,0.5460555449181029,0.546212557028824,127.45599523861452,neo3_calibrated_direct:gyro_integral,1,127.45599523861452,nan,117.333984375,0.0,-213,-65,2033,-1.0199299072265624,-0.3112462158203125,9.734823950195311,9.793055119002133,0,0,0,0.0,0.0,0.0,0.0,0.0,0.0,0.0,-332,1080,21360,-1.82373046875,5.9326171875,117.333984375,98776.859,304.75,1,1,0,0,307,15,81,131,131,131,131,833,F4line=307;YAH=524
DIRECT_SERIAL,46,1789354952420039503,2026-09-14T03:02:32.420039+00:00,-1,23932622230017,1789354952200000000,1789354952,200000000,38684121,1789354952208282,1789354952200000,2,4,21.99794684989018,13.481492296981985,gnss_local_enu_direct,21.99794684989018,13.481492296981985,110.4352332,-7.0507835,212.97,5.392,8.242,3,1,11,0,3.578,61.96,1.682,3.158,7.056,3.4358,55.019,99.0,5.02,115.29816460099191,neo3_calibrated_direct,1,27.4658,-8.00171,-32.5195,43.31183917607402,7,149.36074023293003,yahboom_calibrated_direct,0,3167,2945,2837,0.01416687736709574,0.5466799538069229,0.5468634859895783,127.45599523861452,neo3_calibrated_direct:gyro_integral,1,127.45599523861452,nan,117.333984375,0.0,-210,-64,2032,-1.005564697265625,-0.3064578125,9.730035546875,9.786657677403468,0,0,0,0.0,0.0,0.0,0.0,0.0,0.0,0.0,-332,1080,21360,-1.82373046875,5.9326171875,117.333984375,98776.859,304.75,1,1,0,0,313,15,83,134,134,134,134,851,F4line=313;YAH=536
DIRECT_SERIAL,47,1789354952479785383,2026-09-14T03:02:32.479785+00:00,-1,23932681975828,1789354952400000000,1789354952,400000000,38684321,1789354952408560,1789354952400000,2,4,22.92603334486177,14.100819903580096,gnss_local_enu_direct,22.92603334486177,14.100819903580096,110.4352416,-7.0507779,211.87,5.439,8.246,3,1,11,0,3.6802,61.624,1.749,3.238,6.834,3.6933,57.501,99.0,5.01,114.65964100054622,neo3_calibrated_direct,1,27.4658,-8.13599,-32.666,43.44688779325971,7,149.4732109095881,yahboom_calibrated_direct,0,3160,2940,2855,0.013092606752580414,0.545904986949106,0.546061966380631,127.45599523861452,neo3_calibrated_direct:gyro_integral,1,127.45599523861452,nan,117.333984375,0.0,-210,-66,2037,-1.005564697265625,-0.316034619140625,9.753977563476562,9.810765339650441,0,0,0,0.0,0.0,0.0,0.0,0.0,0.0,0.0,-332,1080,21360,-1.82373046875,5.9326171875,117.333984375,98774.414,304.75,1,1,0,0,321,16,84,137,137,137,137,871,F4line=321;YAH=548
DIRECT_SERIAL,48,1789354952539674402,2026-09-14T03:02:32.539674+00:00,-1,23932741864760,1789354952400000000,1789354952,400000000,38684321,1789354952408560,1789354952400000,2,4,22.92603334486177,14.100819903580096,gnss_local_enu_direct,22.92603334486177,14.100819903580096,110.4352416,-7.0507779,211.87,5.439,8.246,3,1,11,0,3.6802,61.624,1.749,3.238,6.834,3.6933,57.501,99.0,5.01,115.31390844627626,neo3_calibrated_direct,1,27.4658,-7.99561,-32.5439,43.32903617808848,7,149.74721429333744,yahboom_calibrated_direct,0,3143,2946,2906,0.010541143028140023,0.5467544763033507,0.5468560807507685,127.45599523861452,neo3_calibrated_direct:gyro_integral,1,127.45599523861452,nan,117.333984375,0.0,-210,-66,2039,-1.005564697265625,-0.316034619140625,9.763554370117188,9.820286766643665,0,0,0,0.0,0.0,0.0,0.0,0.0,0.0,0.0,-332,1080,21360,-1.82373046875,5.9326171875,117.333984375,98774.414,304.75,1,1,0,0,325,16,86,140,140,140,140,887,F4line=325;YAH=560
DIRECT_SERIAL,49,1789354952599550855,2026-09-14T03:02:32.599551+00:00,-1,23932801741164,1789354952400000000,1789354952,400000000,38684321,1789354952408560,1789354952400000,2,4,22.92603334486177,14.100819903580096,gnss_local_enu_direct,22.92603334486177,14.100819903580096,110.4352416,-7.0507779,211.87,5.439,8.246,3,1,11,0,3.6802,61.624,1.749,3.238,6.834,3.6933,57.501,99.0,5.01,115.21948377574533,neo3_calibrated_direct,1,27.4658,-8.02002,-32.5195,43.31522562206504,7,149.65062839925784,yahboom_calibrated_direct,0,3149,2926,2897,0.01138500575524402,0.543762325791556,0.5438814993234181,127.45599523861452,neo3_calibrated_direct:gyro_integral,1,127.45599523861452,nan,117.333984375,0.0,-210,-64,2036,-1.005564697265625,-0.3064578125,9.749189160156249,9.80570069050332,0,0,0,0.0,0.0,0.0,0.0,0.0,0.0,0.0,-332,1080,21360,-1.82373046875,5.9326171875,117.333984375,98779.906,304.75,1,1,0,0,329,16,87,143,143,143,143,903,F4line=329;YAH=572
DIRECT_SERIAL,50,1789354952659431190,2026-09-14T03:02:32.659431+00:00,-1,23932861621603,1789354952600000000,1789354952,600000000,38684521,1789354952608615,1789354952600000,2,4,23.832022111443727,14.686968859586651,gnss_local_enu_direct,23.832022111443727,14.686968859586651,110.4352498,-7.0507726,210.76,5.484,8.25,3,1,10,0,3.5786,63.55,1.594,3.204,6.537,3.6636,58.656,99.0,5.01,114.43572710615868,neo3_calibrated_direct,1,27.4658,-8.19092,-32.6416,43.43886958297142,7,149.5695519644043,yahboom_calibrated_direct,0,3154,2920,2853,0.012122018237861364,0.5428748187010269,0.5430101399659419,127.45599523861452,neo3_calibrated_direct:gyro_integral,1,127.45599523861452,nan,117.333984375,0.0,-213,-66,2035,-1.0199299072265624,-0.316034619140625,9.744400756835937,9.802728242993137,0,0,0,0.0,0.0,0.0,0.0,0.0,0.0,0.0,-332,1080,21360,-1.82373046875,5.9326171875,117.333984375,98779.906,304.75,1,1,0,0,339,17,89,146,146,146,146,925,F4line=339;YAH=584
DIRECT_SERIAL,51,1789354952719376935,2026-09-14T03:02:32.719377+00:00,-1,23932921567103,1789354952600000000,1789354952,600000000,38684521,1789354952608615,1789354952600000,2,4,23.832022111443727,14.686968859586651,gnss_local_enu_direct,23.832022111443727,14.686968859586651,110.4352498,-7.0507726,210.76,5.484,8.25,3,1,10,0,3.5786,63.55,1.594,3.204,6.537,3.6636,58.656,99.0,5.01,114.6911404667812,neo3_calibrated_direct,1,27.4658,-8.13599,-32.5928,43.391878442400944,7,149.52114411113456,yahboom_calibrated_direct,0,3157,2927,2853,0.012597808061149761,0.543938228918076,0.5440840942781536,127.45599523861452,neo3_calibrated_direct:gyro_integral,1,127.45599523861452,nan,117.333984375,0.0,-209,-64,2035,-1.0007762939453124,-0.3064578125,9.744400756835937,9.800449769841688,0,0,0,0.0,0.0,0.0,0.0,0.0,0.0,0.0,-332,1080,21360,-1.82373046875,5.9326171875,117.333984375,98779.906,304.75,1,1,0,0,341,17,90,150,149,149,149,940,F4line=341;YAH=597
DIRECT_SERIAL,52,1789354952779065062,2026-09-14T03:02:32.779065+00:00,-1,23932981255354,1789354952600000000,1789354952,600000000,38684521,1789354952608615,1789354952600000,2,4,23.832022111443727,14.686968859586651,gnss_local_enu_direct,23.832022111443727,14.686968859586651,110.4352498,-7.0507726,210.76,5.484,8.25,3,1,10,0,3.5786,63.55,1.594,3.204,6.537,3.6636,58.656,99.0,5.01,115.40116106122439,neo3_calibrated_direct,1,27.4902,-7.9895,-32.5195,43.325063029844515,7,149.60231305039605,yahboom_calibrated_direct,0,3152,2948,2890,0.011908317748888059,0.5470841055435578,0.5472136936974469,127.45599523861452,neo3_calibrated_direct:gyro_integral,1,127.45599523861452,nan,117.333984375,0.0,-212,-64,2033,-1.01514150390625,-0.3064578125,9.734823950195311,9.79240654819292,0,0,0,0.0,0.0,0.0,0.0,0.0,0.0,0.0,-332,1080,21360,-1.82373046875,5.9326171875,117.333984375,98776.242,304.75,1,1,0,0,351,17,92,152,152,152,152,961,F4line=351;YAH=608
DIRECT_SERIAL,53,1789354952832876504,2026-09-14T03:02:32.832876+00:00,-1,23933035066685,1789354952600000000,1789354952,600000000,38684521,1789354952608615,1789354952600000,2,4,23.832022111443727,14.686968859586651,gnss_local_enu_direct,23.832022111443727,14.686968859586651,110.4352498,-7.0507726,210.76,5.484,8.25,3,1,10,0,3.5786,63.55,1.594,3.204,6.537,3.6636,58.656,99.0,5.01,115.14603513478822,neo3_calibrated_direct,1,27.4658,-8.03223,-32.5684,43.35421048725141,7,149.58604411121212,yahboom_calibrated_direct,0,3153,2937,2835,0.012024672427445843,0.545431136029283,0.5455636689674098,127.45599523861452,neo3_calibrated_direct:gyro_integral,1,127.45599523861452,nan,117.333984375,0.0,-210,-65,2036,-1.005564697265625,-0.3112462158203125,9.749189160156249,9.805851510590882,0,0,0,0.0,0.0,0.0,0.0,0.0,0.0,0.0,-332,1080,21360,-1.82373046875,5.9326171875,117.333984375,98776.242,304.75,1,1,0,0,354,17,93,155,155,155,155,976,F4line=354;YAH=620
DIRECT_SERIAL,54,1789354952898724590,2026-09-14T03:02:32.898725+00:00,-1,23933100915188,1789354952800000000,1789354952,800000000,38684719,1789354952806720,1789354952800000,2,4,24.461793596159588,14.952393404756982,gnss_local_enu_direct,24.461793596159588,14.952393404756982,110.4352555,-7.0507702,209.74,5.527,8.25,3,1,11,0,2.4149,75.785,0.593,2.341,4.305,3.4471,81.785,99.0,5.02,114.6180270831073,neo3_calibrated_direct,1,27.4658,-8.14819,-32.6416,43.43083260169093,7,149.6990379876379,yahboom_calibrated_direct,0,3146,2937,2861,0.010966242536382398,0.5454089590164503,0.5455191940259982,127.45599523861452,neo3_calibrated_direct:gyro_integral,1,127.45599523861452,nan,117.333984375,0.0,-210,-64,2040,-1.005564697265625,-0.3064578125,9.7683427734375,9.824744133594413,0,0,0,0.0,0.0,0.0,0.0,0.0,0.0,0.0,-332,1080,21360,-1.82373046875,5.9326171875,117.333984375,98780.82,304.75,1,1,0,0,363,18,95,158,158,158,158,997,F4line=363;YAH=632
DIRECT_SERIAL,55,1789354952958704091,2026-09-14T03:02:32.958704+00:00,-1,23933160894395,1789354952800000000,1789354952,800000000,38684719,1789354952806720,1789354952800000,2,4,24.461793596159588,14.952393404756982,gnss_local_enu_direct,24.461793596159588,14.952393404756982,110.4352555,-7.0507702,209.74,5.527,8.25,3,1,11,0,2.4149,75.785,0.593,2.341,4.305,3.4471,81.785,99.0,5.02,114.6911404667812,neo3_calibrated_direct,1,27.4658,-8.13599,-32.5928,43.391878442400944,7,149.3284550553044,yahboom_calibrated_direct,0,3169,2944,2845,0.014466117762709207,0.5465357321273069,0.5467271486354559,127.45599523861452,neo3_calibrated_direct:gyro_integral,1,127.45599523861452,nan,117.333984375,0.0,-215,-64,2035,-1.0295067138671874,-0.3064578125,9.744400756835937,9.803425247053434,0,0,0,0.0,0.0,0.0,0.0,0.0,0.0,0.0,-332,1080,21360,-1.82373046875,5.9326171875,117.333984375,98776.547,304.75,1,1,0,0,366,18,96,161,161,161,161,1012,F4line=366;YAH=644
DIRECT_SERIAL,56,1789354953018462636,2026-09-14T03:02:33.018463+00:00,-1,23933220653005,1789354952800000000,1789354952,800000000,38684719,1789354952806720,1789354952800000,2,4,24.461793596159588,14.952393404756982,gnss_local_enu_direct,24.461793596159588,14.952393404756982,110.4352555,-7.0507702,209.74,5.527,8.25,3,1,11,0,2.4149,75.785,0.593,2.341,4.305,3.4471,81.785,99.0,5.02,114.85677983991228,neo3_calibrated_direct,1,27.4902,-8.09937,-32.6904,43.473821347989414,7,149.53750575569532,yahboom_calibrated_direct,0,3156,2933,2814,0.012465612659140098,0.5448384085873667,0.5449809932199305,127.45599523861452,neo3_calibrated_direct:gyro_integral,1,127.45599523861452,nan,117.333984375,0.0,-215,-63,2034,-1.0295067138671874,-0.3016694091796875,9.739612353515625,9.798517097147231,0,0,0,0.0,0.0,0.0,0.0,0.0,0.0,0.0,-332,1080,21360,-1.82373046875,5.9326171875,117.333984375,98776.547,304.75,1,1,0,0,370,18,98,164,164,164,164,1028,F4line=370;YAH=656
DIRECT_SERIAL,57,1789354953078457240,2026-09-14T03:02:33.078457+00:00,-1,23933280647550,1789354953000000000,1789354953,0,38684930,1789354953015710,1789354953000000,2,4,25.03632215693454,15.195699385114903,gnss_local_enu_direct,25.03632215693454,15.195699385114903,110.4352607,-7.050768,208.9,5.566,8.254,3,1,11,0,2.2022,73.268,0.634,2.109,3.686,3.4095,88.707,99.0,4.98,114.51187547486835,neo3_calibrated_direct,1,27.5146,-8.18481,-32.7637,43.56035313890488,7,149.56988305174735,yahboom_calibrated_direct,0,3154,2936,2865,0.012172708552907386,0.5452837462049764,0.5454195987575503,127.45599523861452,neo3_calibrated_direct:gyro_integral,1,127.45599523861452,nan,117.333984375,0.0,-211,-65,2036,-1.0103531005859374,-0.3112462158203125,9.749189160156249,9.80634370574651,0,0,0,0.0,0.0,0.0,0.0,0.0,0.0,0.0,-332,1080,21360,-1.82373046875,5.9326171875,117.333984375,98780.211,304.75,1,1,0,0,379,19,99,167,167,167,167,1049,F4line=379;YAH=668
DIRECT_SERIAL,58,1789354953138212530,2026-09-14T03:02:33.138213+00:00,-1,23933340403211,1789354953000000000,1789354953,0,38684930,1789354953015710,1789354953000000,2,4,25.03632215693454,15.195699385114903,gnss_local_enu_direct,25.03632215693454,15.195699385114903,110.4352607,-7.050768,208.9,5.566,8.254,3,1,11,0,2.2022,73.268,0.634,2.109,3.686,3.4095,88.707,99.0,4.98,114.78390334149078,neo3_calibrated_direct,1,27.4902,-8.12378,-32.6172,43.42336506269867,7,149.5533610744507,yahboom_calibrated_direct,0,3155,2921,2781,0.012276390652703662,0.5430285448147141,0.5431672949018964,127.45599523861452,neo3_calibrated_direct:gyro_integral,1,127.45599523861452,nan,117.333984375,0.0,-209,-65,2034,-1.0007762939453124,-0.3112462158203125,9.739612353515625,9.79583973910045,0,0,0,0.0,0.0,0.0,0.0,0.0,0.0,0.0,-332,1080,21360,-1.82373046875,5.9326171875,117.333984375,98780.211,304.75,1,1,0,0,383,19,101,170,170,170,170,1065,F4line=383;YAH=680
DIRECT_SERIAL,59,1789354953198020848,2026-09-14T03:02:33.198021+00:00,-1,23933400211207,1789354953000000000,1789354953,0,38684930,1789354953015710,1789354953000000,2,4,25.03632215693454,15.195699385114903,gnss_local_enu_direct,25.03632215693454,15.195699385114903,110.4352607,-7.050768,208.9,5.566,8.254,3,1,11,0,2.2022,73.268,0.634,2.109,3.686,3.4095,88.707,99.0,4.98,114.80996294170772,neo3_calibrated_direct,1,27.4902,-8.11768,-32.6172,43.4222242689432,7,149.58575222757204,yahboom_calibrated_direct,0,3153,2919,2796,0.011967645823019069,0.5427210925873397,0.5428530269656244,127.45599523861452,neo3_calibrated_direct:gyro_integral,1,127.45599523861452,nan,117.333984375,0.0,-208,-65,2032,-0.9959878906249999,-0.3112462158203125,9.730035546875,9.78582943999052,0,0,0,0.0,0.0,0.0,0.0,0.0,0.0,0.0,-332,1080,21360,-1.82373046875,5.9326171875,117.333984375,98776.859,304.75,1,1,0,0,386,19,102,173,173,173,173,1080,F4line=386;YAH=692
DIRECT_SERIAL,60,1789354953257919320,2026-09-14T03:02:33.257919+00:00,-1,23933460109630,1789354953200000000,1789354953,200000000,38685121,1789354953208030,1789354953200000,2,4,25.566655660415012,15.416886291120717,gnss_local_enu_direct,25.566655660415012,15.416886291120717,110.4352655,-7.050766,208.02,5.607,8.258,3,1,11,0,2.1703,68.767,0.786,2.023,3.618,3.3424,88.239,99.0,5.01,114.6213086832508,neo3_calibrated_direct,1,27.5146,-8.1665,-32.6904,43.50180671615835,7,149.3595632853059,yahboom_calibrated_direct,0,3167,2930,2787,0.014119355196740097,0.5444215842719703,0.5446046433995709,127.45599523861452,neo3_calibrated_direct:gyro_integral,1,127.45599523861452,nan,117.333984375,0.0,-212,-64,2038,-1.01514150390625,-0.3064578125,9.758765966796874,9.816208120170856,0,0,0,0.0,0.0,0.0,0.0,0.0,0.0,0.0,-332,1080,21360,-1.82373046875,5.9326171875,117.333984375,98776.859,304.75,1,1,0,0,396,20,104,176,176,176,176,1102,F4line=396;YAH=704
DIRECT_SERIAL,61,1789354953317672400,2026-09-14T03:02:33.317672+00:00,-1,23933519862777,1789354953200000000,1789354953,200000000,38685121,1789354953208030,1789354953200000,2,4,25.566655660415012,15.416886291120717,gnss_local_enu_direct,25.566655660415012,15.416886291120717,110.4352655,-7.050766,208.02,5.607,8.258,3,1,11,0,2.1703,68.767,0.786,2.023,3.618,3.3424,88.239,99.0,5.01,114.82949066248418,neo3_calibrated_direct,1,27.5146,-8.11768,-32.6904,43.49266827756605,7,149.37550660619692,yahboom_calibrated_direct,0,3166,2927,2812,0.013958646492517046,0.5439667422202894,0.544145808082409,127.45599523861452,neo3_calibrated_direct:gyro_integral,1,127.45599523861452,nan,117.333984375,0.0,-216,-63,2041,-1.0342951171875,-0.3016694091796875,9.773131176757811,9.832337657952367,0,0,0,0.0,0.0,0.0,0.0,0.0,0.0,0.0,-332,1080,21360,-1.82373046875,5.9326171875,117.333984375,98776.859,304.75,1,1,0,0,398,20,105,179,179,179,179,1116,F4line=398;YAH=716
DIRECT_SERIAL,62,1789354953377589446,2026-09-14T03:02:33.377589+00:00,-1,23933579779861,1789354953200000000,1789354953,200000000,38685121,1789354953208030,1789354953200000,2,4,25.566655660415012,15.416886291120717,gnss_local_enu_direct,25.566655660415012,15.416886291120717,110.4352655,-7.050766,208.02,5.607,8.258,3,1,11,0,2.1703,68.767,0.786,2.023,3.618,3.3424,88.239,99.0,5.01,114.9574717971856,neo3_calibrated_direct,1,27.4658,-8.06885,-32.6416,43.4160173268173,7,149.63446779984653,yahboom_calibrated_direct,0,3150,2937,2788,0.01157105961699008,0.5454216315952117,0.5455443571632309,127.45599523861452,neo3_calibrated_direct:gyro_integral,1,127.45599523861452,nan,117.333984375,0.0,-213,-64,2036,-1.0199299072265624,-0.3064578125,9.749189160156249,9.807184238455275,0,0,0,0.0,0.0,0.0,0.0,0.0,0.0,0.0,-332,1080,21360,-1.82373046875,5.9326171875,117.333984375,98778.992,304.75,1,1,0,0,406,20,107,182,182,182,182,1136,F4line=406;YAH=728
DIRECT_SERIAL,63,1789354953429849466,2026-09-14T03:02:33.429849+00:00,-1,23933632039763,1789354953200000000,1789354953,200000000,38685121,1789354953208030,1789354953200000,2,4,25.566655660415012,15.416886291120717,gnss_local_enu_direct,25.566655660415012,15.416886291120717,110.4352655,-7.050766,208.02,5.607,8.258,3,1,11,0,2.1703,68.767,0.786,2.023,3.618,3.3424,88.239,99.0,5.01,114.82674973327495,neo3_calibrated_direct,1,27.4658,-8.09937,-32.6416,43.42169981238528,7,149.65060978712032,yahboom_calibrated_direct,0,3149,2937,2767,0.01141985534683816,0.5454184634505214,0.5455380035972475,127.45599523861452,neo3_calibrated_direct:gyro_integral,1,127.45599523861452,nan,117.333984375,0.0,-210,-65,2034,-1.005564697265625,-0.3112462158203125,9.739612353515625,9.796330096725178,0,0,0,0.0,0.0,0.0,0.0,0.0,0.0,0.0,-332,1080,21360,-1.82373046875,5.9326171875,117.333984375,98778.992,304.75,1,1,0,0,408,20,108,185,185,185,185,1150,F4line=408;YAH=740
DIRECT_SERIAL,64,1789354953481474835,2026-09-14T03:02:33.481475+00:00,-1,23933683665149,1789354953400000000,1789354953,400000000,38685321,1789354953408013,1789354953400000,2,4,25.864966562210363,15.483240750573358,gnss_local_enu_direct,25.864966562210363,15.483240750573358,110.4352682,-7.0507654,207.13,5.619,8.25,3,1,12,0,1.6004,64.54,0.688,1.445,2.259,2.9935,107.168,99.0,5.01,114.51379933378816,neo3_calibrated_direct,1,27.4658,-8.17261,-32.6416,43.4354207348346,7,149.50526883026123,yahboom_calibrated_direct,0,3158,2935,2798,0.012774357488824693,0.545145860814741,0.5452955105011386,127.45599523861452,neo3_calibrated_direct:gyro_integral,1,127.45599523861452,nan,117.333984375,0.0,-210,-66,2035,-1.005564697265625,-0.316034619140625,9.744400756835937,9.80124402056734,0,0,0,0.0,0.0,0.0,0.0,0.0,0.0,0.0,-332,1080,21360,-1.82373046875,5.9326171875,117.333984375,98782.352,304.75,1,1,0,0,416,21,109,188,188,188,188,1170,F4line=416;YAH=752
DIRECT_SERIAL,65,1789354953537211937,2026-09-14T03:02:33.537212+00:00,-1,23933739402389,1789354953400000000,1789354953,400000000,38685321,1789354953408013,1789354953400000,2,4,25.864966562210363,15.483240750573358,gnss_local_enu_direct,25.864966562210363,15.483240750573358,110.4352682,-7.0507654,207.13,5.619,8.25,3,1,12,0,1.6004,64.54,0.688,1.445,2.259,2.9935,107.168,99.0,5.01,114.85677983991228,neo3_calibrated_direct,1,27.4902,-8.09937,-32.6904,43.473821347989414,7,149.63444837962692,yahboom_calibrated_direct,0,3150,2930,2800,0.011548882604157446,0.5443677258122338,0.5444902180897173,127.45599523861452,neo3_calibrated_direct:gyro_integral,1,127.45599523861452,nan,117.333984375,0.0,-210,-66,2037,-1.005564697265625,-0.316034619140625,9.753977563476562,9.810765339650441,0,0,0,0.0,0.0,0.0,0.0,0.0,0.0,0.0,-332,1080,21360,-1.82373046875,5.9326171875,117.333984375,98782.352,304.75,1,1,0,0,420,21,111,190,190,190,190,1182,F4line=420;YAH=760
DIRECT_SERIAL,66,1789354953596938039,2026-09-14T03:02:33.596938+00:00,-1,23933799128860,1789354953400000000,1789354953,400000000,38685321,1789354953408013,1789354953400000,2,4,25.864966562210363,15.483240750573358,gnss_local_enu_direct,25.864966562210363,15.483240750573358,110.4352682,-7.0507654,207.13,5.619,8.25,3,1,12,0,1.6004,64.54,0.688,1.445,2.259,2.9935,107.168,99.0,5.01,114.86726419007351,neo3_calibrated_direct,1,27.4902,-8.09937,-32.666,43.455476598892574,7,149.68289488348012,yahboom_calibrated_direct,0,3147,2937,2819,0.011117446806534318,0.5454121271611406,0.5455254220271832,127.45599523861452,neo3_calibrated_direct:gyro_integral,1,127.45599523861452,nan,117.333984375,0.0,-209,-66,2032,-1.0007762939453124,-0.316034619140625,9.730035546875,9.78647141795598,0,0,0,0.0,0.0,0.0,0.0,0.0,0.0,0.0,-332,1080,21360,-1.82373046875,5.9326171875,117.333984375,98779.297,305.0,1,1,0,0,424,21,112,193,193,193,193,1198,F4line=424;YAH=772
DIRECT_SERIAL,67,1789354953656771714,2026-09-14T03:02:33.656772+00:00,-1,23933858962005,1789354953600000000,1789354953,600000000,38685522,1789354953609218,1789354953600000,2,4,25.80972387048621,15.472181755626611,gnss_local_enu_direct,25.80972387048621,15.472181755626611,110.4352677,-7.0507655,207.31,5.628,8.254,3,1,11,0,0.277,204.53,-0.252,-0.115,-0.758,2.8277,180.0,99.0,5.01,114.6180270831073,neo3_calibrated_direct,1,27.4658,-8.14819,-32.6416,43.43083260169093,7,149.47264218114367,yahboom_calibrated_direct,0,3160,2928,2841,0.0130545890162959,0.5440982913211438,0.5442548786303828,127.45599523861452,neo3_calibrated_direct:gyro_integral,1,127.45599523861452,nan,117.333984375,0.0,-208,-65,2030,-0.9959878906249999,-0.3112462158203125,9.720458740234374,9.776307288835234,0,0,0,0.0,0.0,0.0,0.0,0.0,0.0,0.0,-332,1080,21360,-1.82373046875,5.9326171875,117.333984375,98778.078,305.0,1,1,0,0,437,22,114,196,196,196,196,1223,F4line=437;YAH=784
DIRECT_SERIAL,68,1789354953716701179,2026-09-14T03:02:33.716701+00:00,-1,23933918891552,1789354953600000000,1789354953,600000000,38685522,1789354953609218,1789354953600000,2,4,25.80972387048621,15.472181755626611,gnss_local_enu_direct,25.80972387048621,15.472181755626611,110.4352677,-7.0507655,207.31,5.628,8.254,3,1,11,0,0.277,204.53,-0.252,-0.115,-0.758,2.8277,180.0,99.0,5.01,114.8634020207405,neo3_calibrated_direct,1,27.4658,-8.09326,-32.6172,43.40222071400955,7,149.42404875928642,yahboom_calibrated_direct,0,3163,2927,2785,0.013505033682061284,0.5439572377862182,0.544124859269236,127.45599523861452,neo3_calibrated_direct:gyro_integral,1,127.45599523861452,nan,117.333984375,0.0,-216,-64,2037,-1.0342951171875,-0.3064578125,9.753977563476562,9.813447971487104,0,0,0,0.0,0.0,0.0,0.0,0.0,0.0,0.0,-332,1080,21360,-1.82373046875,5.9326171875,117.333984375,98778.078,305.0,1,1,0,0,439,22,115,199,199,199,199,1237,F4line=439;YAH=796
DIRECT_SERIAL,69,1789354953776602597,2026-09-14T03:02:33.776603+00:00,-1,23933978792928,1789354953600000000,1789354953,600000000,38685522,1789354953609218,1789354953600000,2,4,25.80972387048621,15.472181755626611,gnss_local_enu_direct,25.80972387048621,15.472181755626611,110.4352677,-7.0507655,207.31,5.628,8.254,3,1,11,0,0.277,204.53,-0.252,-0.115,-0.758,2.8277,180.0,99.0,5.01,115.50831474159382,neo3_calibrated_direct,1,27.4658,-7.95288,-32.5195,43.30284459691303,7,149.35908976802008,yahboom_calibrated_direct,0,3167,2924,2751,0.014100346328597838,0.5435182364579892,0.5437011064261219,127.45599523861452,neo3_calibrated_direct:gyro_integral,1,127.45599523861452,nan,117.333984375,0.0,-215,-63,2037,-1.0295067138671874,-0.3016694091796875,9.753977563476562,9.812796075285403,0,0,0,0.0,0.0,0.0,0.0,0.0,0.0,0.0,-332,1080,21360,-1.82373046875,5.9326171875,117.333984375,98780.211,305.0,1,1,0,0,449,22,117,202,202,202,202,1259,F4line=449;YAH=808
DIRECT_SERIAL,70,1789354953828554602,2026-09-14T03:02:33.828554+00:00,-1,23934030744912,1789354953600000000,1789354953,600000000,38685522,1789354953609218,1789354953600000,2,4,25.80972387048621,15.472181755626611,gnss_local_enu_direct,25.80972387048621,15.472181755626611,110.4352677,-7.0507655,207.31,5.628,8.254,3,1,11,0,0.277,204.53,-0.252,-0.115,-0.758,2.8277,180.0,99.0,5.01,115.3801830132336,neo3_calibrated_direct,1,27.4902,-7.9895,-32.5684,43.36177907846955,7,149.4727847170262,yahboom_calibrated_direct,0,3160,2931,2769,0.013064093450367027,0.5445499652281345,0.5447066505630737,127.45599523861452,neo3_calibrated_direct:gyro_integral,1,127.45599523861452,nan,117.333984375,0.0,-213,-64,2034,-1.0199299072265624,-0.3064578125,9.739612353515625,9.797664119740563,0,0,0,0.0,0.0,0.0,0.0,0.0,0.0,0.0,-332,1080,21360,-1.82373046875,5.9326171875,117.333984375,98780.211,305.0,1,1,0,0,451,22,118,205,205,205,205,1273,F4line=451;YAH=820
DIRECT_SERIAL,71,1789354953883469818,2026-09-14T03:02:33.883470+00:00,-1,23934085660003,1789354953800000000,1789354953,800000000,38685719,1789354953806625,1789354953800000,2,4,26.008597460762616,15.439001659953213,gnss_local_enu_direct,26.008597460762616,15.439001659953213,110.4352695,-7.0507658,206.65,5.633,8.246,3,1,12,0,1.2688,86.973,0.067,1.267,2.2,2.6671,120.441,99.0,5.02,114.94045599405526,neo3_calibrated_direct,1,27.4902,-8.08716,-32.6172,43.416528980857045,7,149.39266265026149,yahboom_calibrated_direct,0,3165,2941,2760,0.013851796248030394,0.5460713856415548,0.5462470416174211,127.45599523861452,neo3_calibrated_direct:gyro_integral,1,127.45599523861452,nan,117.333984375,0.0,-208,-66,2034,-0.9959878906249999,-0.316034619140625,9.739612353515625,9.795505017890664,0,0,0,0.0,0.0,0.0,0.0,0.0,0.0,0.0,-332,1080,21360,-1.82373046875,5.9326171875,117.333984375,98779.602,305.0,1,1,0,0,461,23,120,208,208,208,208,1295,F4line=461;YAH=832
DIRECT_SERIAL,72,1789354953936160484,2026-09-14T03:02:33.936161+00:00,-1,23934138350757,1789354953800000000,1789354953,800000000,38685719,1789354953806625,1789354953800000,2,4,26.008597460762616,15.439001659953213,gnss_local_enu_direct,26.008597460762616,15.439001659953213,110.4352695,-7.0507658,206.65,5.633,8.246,3,1,12,0,1.2688,86.973,0.067,1.267,2.2,2.6671,120.441,99.0,5.02,115.14770670152393,neo3_calibrated_direct,1,27.4414,-8.02002,-32.5684,43.33649539730226,7,149.37683993505158,yahboom_calibrated_direct,0,3166,2945,2775,0.01401567309694382,0.5466767856622325,0.5468564227238727,127.45599523861452,neo3_calibrated_direct:gyro_integral,1,127.45599523861452,nan,117.333984375,0.0,-211,-66,2035,-1.0103531005859374,-0.316034619140625,9.744400756835937,9.801736447088533,0,0,0,0.0,0.0,0.0,0.0,0.0,0.0,0.0,-332,1080,21360,-1.82373046875,5.9326171875,117.333984375,98779.602,305.0,1,1,0,0,464,23,121,210,210,210,210,1306,F4line=464;YAH=840
DIRECT_SERIAL,73,1789354953996005294,2026-09-14T03:02:33.996005+00:00,-1,23934198195507,1789354953800000000,1789354953,800000000,38685719,1789354953806625,1789354953800000,2,4,26.008597460762616,15.439001659953213,gnss_local_enu_direct,26.008597460762616,15.439001659953213,110.4352695,-7.0507658,206.65,5.633,8.246,3,1,12,0,1.2688,86.973,0.067,1.267,2.2,2.6671,120.441,99.0,5.02,115.38739177231284,neo3_calibrated_direct,1,27.4658,-7.9834,-32.4951,43.290141709285265,7,149.3597994552386,yahboom_calibrated_direct,0,3167,2933,2786,0.014128859630811225,0.5448732581789608,0.5450564118997443,127.45599523861452,neo3_calibrated_direct:gyro_integral,1,127.45599523861452,nan,117.333984375,0.0,-211,-66,2039,-1.0103531005859374,-0.316034619140625,9.763554370117188,9.820778238336992,0,0,0,0.0,0.0,0.0,0.0,0.0,0.0,0.0,-332,1080,21360,-1.82373046875,5.9326171875,117.333984375,98782.352,305.0,1,1,0,0,467,23,122,213,213,213,213,1321,F4line=467;YAH=852
DIRECT_SERIAL,74,1789354954046439202,2026-09-14T03:02:34.046439+00:00,-1,23934248629334,1789354954000000000,1789354954,0,38685928,1789354954015459,1789354954000000,2,4,26.26271148493251,15.317344167774143,gnss_local_enu_direct,26.26271148493251,15.317344167774143,110.4352718,-7.0507669,205.29,5.633,8.242,3,1,12,0,1.9666,81.314,0.297,1.944,4.209,2.8312,82.487,99.0,4.98,114.65229711037465,neo3_calibrated_direct,1,27.5146,-8.1543,-32.7393,43.5362789652492,7,149.61831896322153,yahboom_calibrated_direct,0,3151,2936,2808,0.011719095742451623,0.5452742417709053,0.5454001612979744,127.45599523861452,neo3_calibrated_direct:gyro_integral,1,127.45599523861452,nan,117.333984375,0.0,-208,-65,2030,-0.9959878906249999,-0.3112462158203125,9.720458740234374,9.776307288835234,0,0,0,0.0,0.0,0.0,0.0,0.0,0.0,0.0,-332,1080,21360,-1.82373046875,5.9326171875,117.333984375,98782.352,305.0,1,1,0,0,476,24,124,216,216,216,216,1342,F4line=476;YAH=864
DIRECT_SERIAL,75,1789354954096636899,2026-09-14T03:02:34.096637+00:00,-1,23934298827049,1789354954000000000,1789354954,0,38685928,1789354954015459,1789354954000000,2,4,26.26271148493251,15.317344167774143,gnss_local_enu_direct,26.26271148493251,15.317344167774143,110.4352718,-7.0507669,205.29,5.633,8.242,3,1,12,0,1.9666,81.314,0.297,1.944,4.209,2.8312,82.487,99.0,4.98,114.54335031123753,neo3_calibrated_direct,1,27.5146,-8.18481,-32.6904,43.50524773008539,7,149.68277864573528,yahboom_calibrated_direct,0,3147,2948,2826,0.011152296398128456,0.5470682648201058,0.5471819259517197,127.45599523861452,neo3_calibrated_direct:gyro_integral,1,127.45599523861452,nan,117.333984375,0.0,-211,-66,2032,-1.0103531005859374,-0.316034619140625,9.730035546875,9.78745539002912,0,0,0,0.0,0.0,0.0,0.0,0.0,0.0,0.0,-332,1080,21360,-1.82373046875,5.9326171875,117.333984375,98780.516,304.75,1,1,0,0,480,24,125,219,219,219,219,1358,F4line=480;YAH=876
DIRECT_SERIAL,76,1789354954155666132,2026-09-14T03:02:34.155666+00:00,-1,23934357856345,1789354954000000000,1789354954,0,38685928,1789354954015459,1789354954000000,2,4,26.26271148493251,15.317344167774143,gnss_local_enu_direct,26.26271148493251,15.317344167774143,110.4352718,-7.0507669,205.29,5.633,8.242,3,1,12,0,1.9666,81.314,0.297,1.944,4.209,2.8312,82.487,99.0,4.98,115.19155048921193,neo3_calibrated_direct,1,27.4902,-8.03833,-32.5195,43.33409426166538,7,149.6183478455983,yahboom_calibrated_direct,0,3151,2940,2778,0.011731768321213129,0.5458764736468927,0.5460025264310683,127.45599523861452,neo3_calibrated_direct:gyro_integral,1,127.45599523861452,nan,117.333984375,0.0,-209,-65,2032,-1.0007762939453124,-0.3112462158203125,9.730035546875,9.78631795625078,0,0,0,0.0,0.0,0.0,0.0,0.0,0.0,0.0,-332,1080,21360,-1.82373046875,5.9326171875,117.333984375,98781.125,304.75,1,1,0,0,483,24,126,221,221,221,221,1369,F4line=483;YAH=884
DIRECT_SERIAL,77,1789354954215483701,2026-09-14T03:02:34.215484+00:00,-1,23934417673879,1789354954000000000,1789354954,0,38685928,1789354954015459,1789354954000000,2,4,26.26271148493251,15.317344167774143,gnss_local_enu_direct,26.26271148493251,15.317344167774143,110.4352718,-7.0507669,205.29,5.633,8.242,3,1,12,0,1.9666,81.314,0.297,1.944,4.209,2.8312,82.487,99.0,4.98,115.38941620181627,neo3_calibrated_direct,1,27.4414,-7.97119,-32.4951,43.272414168683724,7,149.53765337542512,yahboom_calibrated_direct,0,3156,2938,2796,0.012481453382591979,0.5455911984323508,0.545733948445019,127.45599523861452,neo3_calibrated_direct:gyro_integral,1,127.45599523861452,nan,117.333984375,0.0,-212,-63,2037,-1.01514150390625,-0.3016694091796875,9.753977563476562,9.811299354019937,0,0,0,0.0,0.0,0.0,0.0,0.0,0.0,0.0,-332,1080,21360,-1.82373046875,5.9326171875,117.333984375,98781.125,304.75,1,1,0,0,487,24,128,224,224,224,224,1385,F4line=487;YAH=896
DIRECT_SERIAL,78,1789354954275223770,2026-09-14T03:02:34.275224+00:00,-1,23934477413962,1789354954200000000,1789354954,200000000,38686121,1789354954208895,1789354954200000,2,4,26.58311692205327,15.195686380726023,gnss_local_enu_direct,26.58311692205327,15.195686380726023,110.4352747,-7.050768,203.8,5.632,8.242,3,1,12,0,2.0919,84.706,0.193,2.083,4.514,2.8312,77.544,99.0,5.01,114.73791293214349,neo3_calibrated_direct,1,27.4658,-8.11768,-32.666,43.44346273287156,7,149.5372687137993,yahboom_calibrated_direct,0,3156,2925,2802,0.012440267501617086,0.5436339448353918,0.5437762648670882,127.45599523861452,neo3_calibrated_direct:gyro_integral,1,127.45599523861452,nan,117.333984375,0.0,-214,-64,2036,-1.024718310546875,-0.3064578125,9.749189160156249,9.807683380254504,0,0,0,0.0,0.0,0.0,0.0,0.0,0.0,0.0,-332,1080,21360,-1.82373046875,5.9326171875,117.333984375,98779.602,304.75,1,1,0,0,495,25,129,227,227,227,227,1405,F4line=495;YAH=908
DIRECT_SERIAL,79,1789354954335039567,2026-09-14T03:02:34.335039+00:00,-1,23934537229762,1789354954200000000,1789354954,200000000,38686121,1789354954208895,1789354954200000,2,4,26.58311692205327,15.195686380726023,gnss_local_enu_direct,26.58311692205327,15.195686380726023,110.4352747,-7.050768,203.8,5.632,8.242,3,1,12,0,2.0919,84.706,0.193,2.083,4.514,2.8312,77.544,99.0,5.01,115.09727139888801,neo3_calibrated_direct,1,27.4902,-8.05054,-32.6172,43.409722714751354,7,149.58578480295543,yahboom_calibrated_direct,0,3153,2921,2840,0.011973982112399821,0.5430222085253333,0.5431542094095918,127.45599523861452,neo3_calibrated_direct:gyro_integral,1,127.45599523861452,nan,117.333984375,0.0,-213,-64,2033,-1.0199299072265624,-0.3064578125,9.734823950195311,9.792904101837907,0,0,0,0.0,0.0,0.0,0.0,0.0,0.0,0.0,-332,1080,21360,-1.82373046875,5.9326171875,117.333984375,98779.602,304.75,1,1,0,0,499,25,131,230,230,230,230,1421,F4line=499;YAH=920
DIRECT_SERIAL,80,1789354954394902739,2026-09-14T03:02:34.394903+00:00,-1,23934597093096,1789354954200000000,1789354954,200000000,38686121,1789354954208895,1789354954200000,2,4,26.58311692205327,15.195686380726023,gnss_local_enu_direct,26.58311692205327,15.195686380726023,110.4352747,-7.050768,203.8,5.632,8.242,3,1,12,0,2.0919,84.706,0.193,2.083,4.514,2.8312,77.544,99.0,5.01,115.43993909239663,neo3_calibrated_direct,1,27.4658,-7.97119,-32.4951,43.28789165189384,7,149.63447609984226,yahboom_calibrated_direct,0,3150,2940,2785,0.011580564051061209,0.5458733055022023,0.545996131051898,127.45599523861452,neo3_calibrated_direct:gyro_integral,1,127.45599523861452,nan,117.333984375,0.0,-209,-66,2038,-1.0007762939453124,-0.316034619140625,9.758765966796874,9.8150366410794,0,0,0,0.0,0.0,0.0,0.0,0.0,0.0,0.0,-332,1080,21360,-1.82373046875,5.9326171875,117.333984375,98780.211,304.75,1,1,0,0,505,25,132,233,233,233,233,1439,F4line=505;YAH=932
DIRECT_SERIAL,81,1789354954446431591,2026-09-14T03:02:34.446431+00:00,-1,23934648621734,1789354954400000000,1789354954,400000000,38686321,1789354954407760,1789354954400000,2,4,27.002960523007733,15.140385439467224,gnss_local_enu_direct,27.002960523007733,15.140385439467224,110.4352785,-7.0507685,202.36,5.635,8.239,3,1,12,0,2.0969,83.895,0.223,2.085,4.684,2.8953,79.112,99.0,5.01,114.76940861844119,neo3_calibrated_direct,1,27.4658,-8.11768,-32.5928,43.388449039605,7,149.39154689889136,yahboom_calibrated_direct,0,3165,2925,2808,0.013801105932984373,0.5436624581376052,0.5438376034380087,127.45599523861452,neo3_calibrated_direct:gyro_integral,1,127.45599523861452,nan,117.333984375,0.0,-210,-67,2036,-1.005564697265625,-0.32082302246093747,9.749189160156249,9.806160158422662,0,0,0,0.0,0.0,0.0,0.0,0.0,0.0,0.0,-332,1080,21360,-1.82373046875,5.9326171875,117.333984375,98780.211,304.75,1,1,0,0,514,26,134,236,236,236,236,1460,F4line=514;YAH=944
DIRECT_SERIAL,82,1789354954514698935,2026-09-14T03:02:34.514699+00:00,-1,23934716889186,1789354954400000000,1789354954,400000000,38686321,1789354954407760,1789354954400000,2,4,27.002960523007733,15.140385439467224,gnss_local_enu_direct,27.002960523007733,15.140385439467224,110.4352785,-7.0507685,202.36,5.635,8.239,3,1,12,0,2.0969,83.895,0.223,2.085,4.684,2.8953,79.112,99.0,5.01,115.05851173999093,neo3_calibrated_direct,1,27.4414,-8.03833,-32.5928,43.358226381955475,7,149.42410975374412,yahboom_calibrated_direct,0,3163,2928,2791,0.013508201826751661,0.544107795755215,0.5442754494905966,127.45599523861452,neo3_calibrated_direct:gyro_integral,1,127.45599523861452,nan,117.333984375,0.0,-213,-64,2031,-1.0199299072265624,-0.3064578125,9.725247143554688,9.783384149143695,0,0,0,0.0,0.0,0.0,0.0,0.0,0.0,0.0,-332,1080,21360,-1.82373046875,5.9326171875,117.333984375,98779.297,304.75,1,1,0,0,517,26,135,239,239,239,239,1475,F4line=517;YAH=956
DIRECT_SERIAL,83,1789354954574512226,2026-09-14T03:02:34.574512+00:00,-1,23934776702611,1789354954400000000,1789354954,400000000,38686321,1789354954407760,1789354954400000,2,4,27.002960523007733,15.140385439467224,gnss_local_enu_direct,27.002960523007733,15.140385439467224,110.4352785,-7.0507685,202.36,5.635,8.239,3,1,12,0,2.0969,83.895,0.223,2.085,4.684,2.8953,79.112,99.0,5.01,115.09572050017596,neo3_calibrated_direct,1,27.5146,-8.06274,-32.6172,43.427442076498124,7,149.37550660619692,yahboom_calibrated_direct,0,3166,2927,2774,0.013958646492517046,0.5439667422202894,0.544145808082409,127.45599523861452,neo3_calibrated_direct:gyro_integral,1,127.45599523861452,nan,117.333984375,0.0,-215,-65,2035,-1.0295067138671874,-0.3112462158203125,9.744400756835937,9.80357610214685,0,0,0,0.0,0.0,0.0,0.0,0.0,0.0,0.0,-332,1080,21360,-1.82373046875,5.9326171875,117.333984375,98779.602,304.75,1,1,0,0,523,26,137,242,242,242,242,1493,F4line=523;YAH=968
DIRECT_SERIAL,84,1789354954634374968,2026-09-14T03:02:34.634375+00:00,-1,23934836565328,1789354954400000000,1789354954,400000000,38686321,1789354954407760,1789354954400000,2,4,27.002960523007733,15.140385439467224,gnss_local_enu_direct,27.002960523007733,15.140385439467224,110.4352785,-7.0507685,202.36,5.635,8.239,3,1,12,0,2.0969,83.895,0.223,2.085,4.684,2.8953,79.112,99.0,5.01,114.83846771416732,neo3_calibrated_direct,1,27.4414,-8.08716,-32.6172,43.38564655119939,7,149.50557575505619,yahboom_calibrated_direct,0,3158,2943,2755,0.012799702646347702,0.5463503245667158,0.5465002374583113,127.45599523861452,neo3_calibrated_direct:gyro_integral,1,127.45599523861452,nan,117.333984375,0.0,-212,-64,2038,-1.01514150390625,-0.3064578125,9.758765966796874,9.816208120170856,0,0,0,0.0,0.0,0.0,0.0,0.0,0.0,0.0,-332,1080,21360,-1.82373046875,5.9326171875,117.333984375,98779.602,304.75,1,1,0,0,525,26,138,245,245,245,245,1507,F4line=525;YAH=980
DIRECT_SERIAL,85,1789354954684536520,2026-09-14T03:02:34.684536+00:00,-1,23934886726889,1789354954600000000,1789354954,600000000,38686526,1789354954613495,1789354954600000,2,4,27.588535084629743,15.306273991996772,gnss_local_enu_direct,27.588535084629743,15.306273991996772,110.4352838,-7.050767,201.14,5.639,8.235,3,1,12,0,2.2917,73.21,0.662,2.194,5.025,2.9168,72.925,99.0,4.99,114.63774741919207,neo3_calibrated_direct,1,27.4902,-8.14819,-32.7148,43.50129004243552,7,149.50546081696677,yahboom_calibrated_direct,0,3158,2940,2766,0.012790198212276574,0.5458986506597253,0.5460484648475977,127.45599523861452,neo3_calibrated_direct:gyro_integral,1,127.45599523861452,nan,117.333984375,0.0,-211,-65,2034,-1.0103531005859374,-0.3112462158203125,9.739612353515625,9.796822770239352,0,0,0,0.0,0.0,0.0,0.0,0.0,0.0,0.0,-332,1080,21360,-1.82373046875,5.9326171875,117.333984375,98776.242,304.75,1,1,0,0,533,27,139,248,248,248,248,1527,F4line=533;YAH=992
DIRECT_SERIAL,86,1789354954735302619,2026-09-14T03:02:34.735303+00:00,-1,23934937492767,1789354954600000000,1789354954,600000000,38686526,1789354954613495,1789354954600000,2,4,27.588535084629743,15.306273991996772,gnss_local_enu_direct,27.588535084629743,15.306273991996772,110.4352838,-7.050767,201.14,5.639,8.235,3,1,12,0,2.2917,73.21,0.662,2.194,5.025,2.9168,72.925,99.0,4.99,114.9642155229602,neo3_calibrated_direct,1,27.4414,-8.06274,-32.5684,43.34442165755127,7,149.68286311232646,yahboom_calibrated_direct,0,3147,2940,2786,0.011126951240605447,0.5458638010681311,0.5459771958245684,127.45599523861452,neo3_calibrated_direct:gyro_integral,1,127.45599523861452,nan,117.333984375,0.0,-210,-64,2036,-1.005564697265625,-0.3064578125,9.749189160156249,9.80570069050332,0,0,0,0.0,0.0,0.0,0.0,0.0,0.0,0.0,-332,1080,21360,-1.82373046875,5.9326171875,117.333984375,98776.242,304.75,1,1,0,0,538,27,141,251,251,250,250,1542,F4line=538;YAH=1002
DIRECT_SERIAL,87,1789354954793948455,2026-09-14T03:02:34.793948+00:00,-1,23934996138768,1789354954600000000,1789354954,600000000,38686526,1789354954613495,1789354954600000,2,4,27.588535084629743,15.306273991996772,gnss_local_enu_direct,27.588535084629743,15.306273991996772,110.4352838,-7.050767,201.14,5.639,8.235,3,1,12,0,2.2917,73.21,0.662,2.194,5.025,2.9168,72.925,99.0,4.99,114.9574717971856,neo3_calibrated_direct,1,27.4658,-8.06885,-32.6416,43.4160173268173,7,149.65060978712032,yahboom_calibrated_direct,0,3149,2937,2793,0.01141985534683816,0.5454184634505214,0.5455380035972475,127.45599523861452,neo3_calibrated_direct:gyro_integral,1,127.45599523861452,nan,117.333984375,0.0,-210,-65,2033,-1.005564697265625,-0.3112462158203125,9.734823950195311,9.791569430308178,0,0,0,0.0,0.0,0.0,0.0,0.0,0.0,0.0,-332,1080,21360,-1.82373046875,5.9326171875,117.333984375,98778.992,304.75,1,1,0,0,545,27,142,253,253,253,253,1559,F4line=545;YAH=1012
DIRECT_SERIAL,88,1789354954844808352,2026-09-14T03:02:34.844808+00:00,-1,23935046999116,1789354954800000000,1789354954,800000000,38686720,1789354954807085,1789354954800000,2,4,28.15201185289443,15.45004346468145,gnss_local_enu_direct,28.15201185289443,15.45004346468145,110.4352889,-7.0507657,199.87,5.642,8.231,3,1,12,0,2.3256,77.559,0.501,2.271,4.875,2.9395,72.42,99.0,5.02,115.04499898756188,neo3_calibrated_direct,1,27.4902,-8.06274,-32.6172,43.411986918218794,7,149.61827551983652,yahboom_calibrated_direct,0,3151,2930,2800,0.011700086874309366,0.5443708939569243,0.5444966135985855,127.45599523861452,neo3_calibrated_direct:gyro_integral,1,127.45599523861452,nan,117.333984375,0.0,-210,-66,2035,-1.005564697265625,-0.316034619140625,9.744400756835937,9.80124402056734,0,0,0,0.0,0.0,0.0,0.0,0.0,0.0,0.0,-332,1080,21360,-1.82373046875,5.9326171875,117.333984375,98778.992,304.75,1,1,0,0,551,28,143,256,256,256,256,1577,F4line=551;YAH=1024
DIRECT_SERIAL,89,1789354954913682574,2026-09-14T03:02:34.913683+00:00,-1,23935115873230,1789354954800000000,1789354954,800000000,38686720,1789354954807085,1789354954800000,2,4,28.15201185289443,15.45004346468145,gnss_local_enu_direct,28.15201185289443,15.45004346468145,110.4352889,-7.0507657,199.87,5.642,8.231,3,1,12,0,2.3256,77.559,0.501,2.271,4.875,2.9395,72.42,99.0,5.02,115.03452036353774,neo3_calibrated_direct,1,27.4902,-8.06274,-32.6416,43.430322620349024,7,149.5056522749348,yahboom_calibrated_direct,0,3158,2945,2787,0.012806038935728455,0.5466514405047095,0.5468014191999664,127.45599523861452,neo3_calibrated_direct:gyro_integral,1,127.45599523861452,nan,117.333984375,0.0,-210,-67,2037,-1.005564697265625,-0.32082302246093747,9.753977563476562,9.810920756021428,0,0,0,0.0,0.0,0.0,0.0,0.0,0.0,0.0,-332,1080,21360,-1.82373046875,5.9326171875,117.333984375,98783.57,304.75,1,1,0,0,557,28,145,259,259,259,259,1595,F4line=557;YAH=1036
DIRECT_SERIAL,90,1789354954964686082,2026-09-14T03:02:34.964686+00:00,-1,23935166876401,1789354954800000000,1789354954,800000000,38686720,1789354954807085,1789354954800000,2,4,28.15201185289443,15.45004346468145,gnss_local_enu_direct,28.15201185289443,15.45004346468145,110.4352889,-7.0507657,199.87,5.642,8.231,3,1,12,0,2.3256,77.559,0.501,2.271,4.875,2.9395,72.42,99.0,5.02,115.06219841863258,neo3_calibrated_direct,1,27.4658,-8.04443,-32.6416,43.411485510460246,7,149.8440666790104,yahboom_calibrated_direct,0,3137,2942,2766,0.009621244828466992,0.5461332355592211,0.5462179778572223,127.45599523861452,neo3_calibrated_direct:gyro_integral,1,127.45599523861452,nan,117.333984375,0.0,-215,-64,2036,-1.0295067138671874,-0.3064578125,9.749189160156249,9.808184834374197,0,0,0,0.0,0.0,0.0,0.0,0.0,0.0,0.0,-332,1080,21360,-1.82373046875,5.9326171875,117.333984375,98780.82,304.75,1,1,0,0,560,28,146,262,262,262,262,1610,F4line=560;YAH=1048
DIRECT_SERIAL,91,1789354955033346481,2026-09-14T03:02:35.033347+00:00,-1,23935235536685,1789354954800000000,1789354954,800000000,38686720,1789354954807085,1789354954800000,2,4,28.15201185289443,15.45004346468145,gnss_local_enu_direct,28.15201185289443,15.45004346468145,110.4352889,-7.0507657,199.87,5.642,8.231,3,1,12,0,2.3256,77.559,0.501,2.271,4.875,2.9395,72.42,99.0,5.02,115.0293084241714,neo3_calibrated_direct,1,27.4902,-8.06885,-32.5928,43.394792869680806,7,149.66673987010688,yahboom_calibrated_direct,0,3148,2939,2787,0.01127498736606699,0.5457164112438246,0.5458328744597051,127.45599523861452,neo3_calibrated_direct:gyro_integral,1,127.45599523861452,nan,117.333984375,0.0,-214,-64,2034,-1.024718310546875,-0.3064578125,9.739612353515625,9.798163746517329,0,0,0,0.0,0.0,0.0,0.0,0.0,0.0,0.0,-332,1080,21360,-1.82373046875,5.9326171875,117.333984375,98780.82,304.75,1,1,0,0,564,28,148,265,265,265,265,1626,F4line=564;YAH=1060
DIRECT_SERIAL,92,1789354955084797891,2026-09-14T03:02:35.084798+00:00,-1,23935286988077,1789354955000000000,1789354955,0,38686927,1789354955014822,1789354955000000,2,4,28.715488279775208,15.538515587503765,gnss_local_enu_direct,28.715488279775208,15.538515587503765,110.435294,-7.0507649,198.58,5.644,8.227,3,1,11,0,2.0482,88.041,0.07,2.047,4.598,2.9222,81.744,99.0,4.99,114.63212147399642,neo3_calibrated_direct,1,27.5146,-8.1665,-32.6904,43.50180671615835,7,149.66675829376157,yahboom_calibrated_direct,0,3148,2936,2715,0.011265482931995861,0.5452647373368341,0.5453811005972775,127.45599523861452,neo3_calibrated_direct:gyro_integral,1,127.45599523861452,nan,117.333984375,0.0,-210,-64,2033,-1.005564697265625,-0.3064578125,9.734823950195311,9.79141839022955,0,0,0,0.0,0.0,0.0,0.0,0.0,0.0,0.0,-331,1080,21360,-1.8182373046875,5.9326171875,117.333984375,98777.469,304.75,1,1,0,0,573,29,149,268,268,268,268,1647,F4line=573;YAH=1072
DIRECT_SERIAL,93,1789354955146524629,2026-09-14T03:02:35.146525+00:00,-1,23935348714779,1789354955000000000,1789354955,0,38686927,1789354955014822,1789354955000000,2,4,28.715488279775208,15.538515587503765,gnss_local_enu_direct,28.715488279775208,15.538515587503765,110.435294,-7.0507649,198.58,5.644,8.227,3,1,11,0,2.0482,88.041,0.07,2.047,4.598,2.9222,81.744,99.0,4.99,114.68411154550371,neo3_calibrated_direct,1,27.5146,-8.1543,-32.6904,43.49951808710069,7,149.53747618278683,yahboom_calibrated_direct,0,3156,2932,2700,0.012462444514449722,0.5446878506183698,0.5448304021753332,127.45599523861452,neo3_calibrated_direct:gyro_integral,1,127.45599523861452,nan,117.333984375,0.0,-209,-64,2034,-1.0007762939453124,-0.3064578125,9.739612353515625,9.795688764865867,0,0,0,0.0,0.0,0.0,0.0,0.0,0.0,0.0,-331,1080,21360,-1.8182373046875,5.9326171875,117.333984375,98778.688,304.75,1,1,0,0,578,29,151,271,271,271,271,1664,F4line=578;YAH=1084
DIRECT_SERIAL,94,1789354955204703066,2026-09-14T03:02:35.204703+00:00,-1,23935406893381,1789354955000000000,1789354955,0,38686927,1789354955014822,1789354955000000,2,4,28.715488279775208,15.538515587503765,gnss_local_enu_direct,28.715488279775208,15.538515587503765,110.435294,-7.0507649,198.58,5.644,8.227,3,1,11,0,2.0482,88.041,0.07,2.047,4.598,2.9222,81.744,99.0,4.99,114.7592614164719,neo3_calibrated_direct,1,27.4658,-8.11768,-32.6416,43.42511886894957,7,149.47358797526775,yahboom_calibrated_direct,0,3160,2948,2710,0.013117951910103426,0.5471094507010807,0.5472666915761949,127.45599523861452,neo3_calibrated_direct:gyro_integral,1,127.45599523861452,nan,117.333984375,0.0,-210,-66,2035,-1.005564697265625,-0.316034619140625,9.744400756835937,9.80124402056734,0,0,0,0.0,0.0,0.0,0.0,0.0,0.0,0.0,-331,1080,21360,-1.8182373046875,5.9326171875,117.333984375,98778.688,304.75,1,1,0,0,580,29,152,274,274,274,274,1678,F4line=580;YAH=1096
DIRECT_SERIAL,95,1789354955272718426,2026-09-14T03:02:35.272718+00:00,-1,23935474908663,1789354955200000000,1789354955,200000000,38687122,1789354955209479,1789354955200000,2,4,29.102185055979042,15.394739080800909,gnss_local_enu_direct,29.102185055979042,15.394739080800909,110.4352975,-7.0507662,197.15,5.643,8.223,3,1,11,0,1.9291,99.247,-0.31,1.904,4.279,2.9594,87.897,99.0,5.01,114.4620697943667,neo3_calibrated_direct,1,27.4658,-8.18481,-32.666,43.456056429180265,7,149.44073784255806,yahboom_calibrated_direct,0,3162,2936,2705,0.01338234271412275,0.5453090913624994,0.5454732736066112,127.45599523861452,neo3_calibrated_direct:gyro_integral,1,127.45599523861452,nan,117.333984375,0.0,-214,-64,2039,-1.024718310546875,-0.3064578125,9.763554370117188,9.821963039283276,0,0,0,0.0,0.0,0.0,0.0,0.0,0.0,0.0,-331,1080,21360,-1.8182373046875,5.9326171875,117.333984375,98778.992,304.75,1,1,0,0,590,30,154,277,277,277,277,1700,F4line=590;YAH=1108
DIRECT_SERIAL,96,1789354955324896134,2026-09-14T03:02:35.324896+00:00,-1,23935527086364,1789354955200000000,1789354955,200000000,38687122,1789354955209479,1789354955200000,2,4,29.102185055979042,15.394739080800909,gnss_local_enu_direct,29.102185055979042,15.394739080800909,110.4352975,-7.0507662,197.15,5.643,8.223,3,1,11,0,1.9291,99.247,-0.31,1.904,4.279,2.9594,87.897,99.0,5.01,114.69558617004492,neo3_calibrated_direct,1,27.4902,-8.14209,-32.666,43.463459153731655,7,149.68297986439006,yahboom_calibrated_direct,0,3147,2929,2688,0.011092101649011307,0.5442076634091658,0.5443206919016178,127.45599523861452,neo3_calibrated_direct:gyro_integral,1,127.45599523861452,nan,117.333984375,0.0,-215,-64,2037,-1.0295067138671874,-0.3064578125,9.753977563476562,9.812944449732917,0,0,0,0.0,0.0,0.0,0.0,0.0,0.0,0.0,-331,1080,21360,-1.8182373046875,5.9326171875,117.333984375,98778.992,304.75,1,1,0,0,592,30,155,280,280,280,280,1714,F4line=592;YAH=1120
DIRECT_SERIAL,97,1789354955392509584,2026-09-14T03:02:35.392510+00:00,-1,23935594699898,1789354955200000000,1789354955,200000000,38687122,1789354955209479,1789354955200000,2,4,29.102185055979042,15.394739080800909,gnss_local_enu_direct,29.102185055979042,15.394739080800909,110.4352975,-7.0507662,197.15,5.643,8.223,3,1,11,0,1.9291,99.247,-0.31,1.904,4.279,2.9594,87.897,99.0,5.01,115.20724013972696,neo3_calibrated_direct,1,27.4902,-8.03223,-32.5439,43.351277282485,7,149.650643711909,yahboom_calibrated_direct,0,3149,2917,2702,0.011356492453030633,0.5424073040705845,0.542526177644872,127.45599523861452,neo3_calibrated_direct:gyro_integral,1,127.45599523861452,nan,117.333984375,0.0,-212,-64,2033,-1.01514150390625,-0.3064578125,9.734823950195311,9.79240654819292,0,0,0,0.0,0.0,0.0,0.0,0.0,0.0,0.0,-332,1080,21360,-1.82373046875,5.9326171875,117.333984375,98780.211,304.75,1,1,0,0,600,30,157,283,283,283,283,1734,F4line=600;YAH=1132
DIRECT_SERIAL,98,1789354955445029788,2026-09-14T03:02:35.445030+00:00,-1,23935647220008,1789354955400000000,1789354955,400000000,38687321,1789354955408581,1789354955400000,2,4,29.499930835071662,15.262022337198797,gnss_local_enu_direct,29.499930835071662,15.262022337198797,110.4353011,-7.0507674,195.83,5.639,8.223,3,1,11,0,1.7979,97.382,-0.231,1.783,4.1,2.9448,93.845,99.0,5.01,115.27715245496108,neo3_calibrated_direct,1,27.4658,-8.00171,-32.5684,43.348566425247554,7,149.45641225670497,yahboom_calibrated_direct,0,3161,2927,2686,0.013202625141757443,0.5439509014968374,0.5441111031304691,127.45599523861452,neo3_calibrated_direct:gyro_integral,1,127.45599523861452,nan,117.333984375,0.0,-210,-65,2033,-1.005564697265625,-0.3112462158203125,9.734823950195311,9.791569430308178,0,0,0,0.0,0.0,0.0,0.0,0.0,0.0,0.0,-332,1080,21360,-1.82373046875,5.9326171875,117.333984375,98780.211,304.75,1,1,0,0,606,31,158,286,286,286,286,1752,F4line=606;YAH=1144
DIRECT_SERIAL,99,1789354955512104046,2026-09-14T03:02:35.512104+00:00,-1,23935714294333,1789354955400000000,1789354955,400000000,38687321,1789354955408581,1789354955400000,2,4,29.499930835071662,15.262022337198797,gnss_local_enu_direct,29.499930835071662,15.262022337198797,110.4353011,-7.0507674,195.83,5.639,8.223,3,1,11,0,1.7979,97.382,-0.231,1.783,4.1,2.9448,93.845,99.0,5.01,114.83607258192838,neo3_calibrated_direct,1,27.4902,-8.11157,-32.6172,43.42108243405385,7,149.58601182300814,yahboom_calibrated_direct,0,3153,2935,2706,0.01201833613806509,0.5451300200912892,0.5452624865220941,127.45599523861452,neo3_calibrated_direct:gyro_integral,1,127.45599523861452,nan,117.333984375,0.0,-211,-66,2032,-1.0103531005859374,-0.316034619140625,9.730035546875,9.78745539002912,0,0,0,0.0,0.0,0.0,0.0,0.0,0.0,0.0,-332,1080,21360,-1.82373046875,5.9326171875,117.333984375,98777.164,304.75,1,1,0,0,612,31,160,289,289,289,289,1770,F4line=612;YAH=1156
DIRECT_SERIAL,100,1789354955565762293,2026-09-14T03:02:35.565762+00:00,-1,23935767952609,1789354955400000000,1789354955,400000000,38687321,1789354955408581,1789354955400000,2,4,29.499930835071662,15.262022337198797,gnss_local_enu_direct,29.499930835071662,15.262022337198797,110.4353011,-7.0507674,195.83,5.639,8.223,3,1,11,0,1.7979,97.382,-0.231,1.783,4.1,2.9448,93.845,99.0,5.01,114.88822830473738,neo3_calibrated_direct,1,27.4902,-8.09937,-32.6172,43.41880498444078,7,149.39238463621174,yahboom_calibrated_direct,0,3165,2937,2734,0.01383912366926889,0.5454691537655674,0.5456446820538595,127.45599523861452,neo3_calibrated_direct:gyro_integral,1,127.45599523861452,nan,117.333984375,0.0,-212,-64,2034,-1.01514150390625,-0.3064578125,9.739612353515625,9.79716680783529,0,0,0,0.0,0.0,0.0,0.0,0.0,0.0,0.0,-332,1080,21360,-1.82373046875,5.9326171875,117.333984375,98781.43,304.75,1,1,0,0,616,31,161,292,292,292,292,1786,F4line=616;YAH=1168
DIRECT_SERIAL,101,1789354955630979246,2026-09-14T03:02:35.630979+00:00,-1,23935833169494,1789354955400000000,1789354955,400000000,38687321,1789354955408581,1789354955400000,2,4,29.499930835071662,15.262022337198797,gnss_local_enu_direct,29.499930835071662,15.262022337198797,110.4353011,-7.0507674,195.83,5.639,8.223,3,1,11,0,1.7979,97.382,-0.231,1.783,4.1,2.9448,93.845,99.0,5.01,115.33823634341023,neo3_calibrated_direct,1,27.4902,-8.00171,-32.5439,43.34563283854673,7,149.48946393053276,yahboom_calibrated_direct,0,3159,2943,2723,0.012950906916499623,0.5463534927114062,0.5465069670076608,127.45599523861452,neo3_calibrated_direct:gyro_integral,1,127.45599523861452,nan,117.333984375,0.0,-213,-63,2041,-1.0199299072265624,-0.3016694091796875,9.773131176757811,9.830836914841255,0,0,0,0.0,0.0,0.0,0.0,0.0,0.0,0.0,-332,1080,21360,-1.82373046875,5.9326171875,117.333984375,98781.43,304.75,1,1,0,0,620,31,163,295,295,295,295,1802,F4line=620;YAH=1180
DIRECT_SERIAL,102,1789354955686003218,2026-09-14T03:02:35.686003+00:00,-1,23935888193430,1789354955600000000,1789354955,600000000,38687522,1789354955609366,1789354955600000,2,4,29.897675361301175,15.19566171188134,gnss_local_enu_direct,29.897675361301175,15.19566171188134,110.4353047,-7.050768,194.27,5.632,8.22,3,1,11,0,1.9326,78.992,0.369,1.897,5.341,3.1449,93.24,99.0,5.01,114.63774741919207,neo3_calibrated_direct,1,27.4902,-8.14819,-32.7148,43.50129004243552,7,149.66667867757977,yahboom_calibrated_direct,0,3148,2949,2728,0.011306668812970754,0.5472219909337931,0.5473387873348559,127.45599523861452,neo3_calibrated_direct:gyro_integral,1,127.45599523861452,nan,117.333984375,0.0,-215,-64,2037,-1.0295067138671874,-0.3064578125,9.753977563476562,9.812944449732917,0,0,0,0.0,0.0,0.0,0.0,0.0,0.0,0.0,-332,1080,21360,-1.82373046875,5.9326171875,117.333984375,98781.125,304.75,1,1,0,0,628,32,164,298,298,298,298,1822,F4line=628;YAH=1192
DIRECT_SERIAL,103,1789354955736086184,2026-09-14T03:02:35.736086+00:00,-1,23935938276382,1789354955600000000,1789354955,600000000,38687522,1789354955609366,1789354955600000,2,4,29.897675361301175,15.19566171188134,gnss_local_enu_direct,29.897675361301175,15.19566171188134,110.4353047,-7.050768,194.27,5.632,8.22,3,1,11,0,1.9326,78.992,0.369,1.897,5.341,3.1449,93.24,99.0,5.01,114.74950430401903,neo3_calibrated_direct,1,27.4414,-8.10547,-32.6416,43.40740868147856,7,149.53750575569532,yahboom_calibrated_direct,0,3156,2933,2759,0.012465612659140098,0.5448384085873667,0.5449809932199305,127.45599523861452,neo3_calibrated_direct:gyro_integral,1,127.45599523861452,nan,117.333984375,0.0,-209,-65,2032,-1.0007762939453124,-0.3112462158203125,9.730035546875,9.78631795625078,0,0,0,0.0,0.0,0.0,0.0,0.0,0.0,0.0,-332,1080,21360,-1.82373046875,5.9326171875,117.333984375,98781.125,304.75,1,1,0,0,634,32,166,301,301,301,301,1840,F4line=634;YAH=1204
DIRECT_SERIAL,104,1789354955791399279,2026-09-14T03:02:35.791399+00:00,-1,23935993589488,1789354955600000000,1789354955,600000000,38687522,1789354955609366,1789354955600000,2,4,29.897675361301175,15.19566171188134,gnss_local_enu_direct,29.897675361301175,15.19566171188134,110.4353047,-7.050768,194.27,5.632,8.22,3,1,11,0,1.9326,78.992,0.369,1.897,5.341,3.1449,93.24,99.0,5.01,115.13203035102136,neo3_calibrated_direct,1,27.4414,-8.02612,-32.5439,43.31921586806945,7,149.42441422045349,yahboom_calibrated_direct,0,3163,2933,2754,0.013524042550203542,0.5448605856001992,0.5450284006063278,127.45599523861452,neo3_calibrated_direct:gyro_integral,1,127.45599523861452,nan,117.333984375,0.0,-214,-65,2036,-1.024718310546875,-0.3112462158203125,9.749189160156249,9.807834169853232,0,0,0,0.0,0.0,0.0,0.0,0.0,0.0,0.0,-332,1080,21360,-1.82373046875,5.9326171875,117.333984375,98779.906,304.75,1,1,0,0,640,32,167,303,303,303,303,1854,F4line=640;YAH=1212
DIRECT_SERIAL,105,1789354955846454168,2026-09-14T03:02:35.846454+00:00,-1,23936048644333,1789354955800000000,1789354955,800000000,38687721,1789354955808504,1789354955800000,2,4,30.251223706108817,15.085062727027395,gnss_local_enu_direct,30.251223706108817,15.085062727027395,110.4353079,-7.050769,192.43,5.625,8.22,3,1,11,0,2.1383,81.908,0.301,2.117,5.882,3.1635,84.767,99.0,5.01,115.3801830132336,neo3_calibrated_direct,1,27.4902,-7.9895,-32.5684,43.36177907846955,7,149.37647089362073,yahboom_calibrated_direct,0,3166,2940,2740,0.013999832373491939,0.5459239958172484,0.5461034741837456,127.45599523861452,neo3_calibrated_direct:gyro_integral,1,127.45599523861452,nan,117.333984375,0.0,-212,-66,2036,-1.01514150390625,-0.316034619140625,9.749189160156249,9.80699135484255,0,0,0,0.0,0.0,0.0,0.0,0.0,0.0,0.0,-332,1080,21360,-1.82373046875,5.9326171875,117.333984375,98779.906,304.75,1,1,0,0,647,33,168,306,306,306,306,1873,F4line=647;YAH=1224
DIRECT_SERIAL,106,1789354955911127607,2026-09-14T03:02:35.911128+00:00,-1,23936113318004,1789354955800000000,1789354955,800000000,38687721,1789354955808504,1789354955800000,2,4,30.251223706108817,15.085062727027395,gnss_local_enu_direct,30.251223706108817,15.085062727027395,110.4353079,-7.050769,192.43,5.625,8.22,3,1,11,0,2.1383,81.908,0.301,2.117,5.882,3.1635,84.767,99.0,5.01,114.76695063830901,neo3_calibrated_direct,1,27.5146,-8.12988,-32.7148,43.51328878646614,7,149.6183622629019,yahboom_calibrated_direct,0,3151,2942,2761,0.011738104610593882,0.5461775895848864,0.5463037089976653,127.45599523861452,neo3_calibrated_direct:gyro_integral,1,127.45599523861452,nan,117.333984375,0.0,-209,-65,2034,-1.0007762939453124,-0.3112462158203125,9.739612353515625,9.79583973910045,0,0,0,0.0,0.0,0.0,0.0,0.0,0.0,0.0,-332,1080,21360,-1.82373046875,5.9326171875,117.333984375,98782.047,304.75,1,1,0,0,652,33,170,309,309,309,309,1890,F4line=652;YAH=1236
DIRECT_SERIAL,107,1789354955967346232,2026-09-14T03:02:35.967346+00:00,-1,23936169536580,1789354955800000000,1789354955,800000000,38687721,1789354955808504,1789354955800000,2,4,30.251223706108817,15.085062727027395,gnss_local_enu_direct,30.251223706108817,15.085062727027395,110.4353079,-7.050769,192.43,5.625,8.22,3,1,11,0,2.1383,81.908,0.301,2.117,5.882,3.1635,84.767,99.0,5.01,114.95093487790167,neo3_calibrated_direct,1,27.4902,-8.08716,-32.5928,43.39820116946784,7,149.48886353169,yahboom_calibrated_direct,0,3159,2929,2784,0.012906552890834354,0.5442456811454504,0.5443986963182398,127.45599523861452,neo3_calibrated_direct:gyro_integral,1,127.45599523861452,nan,117.333984375,0.0,-211,-65,2029,-1.0103531005859374,-0.3112462158203125,9.715670336914062,9.773020909131315,0,0,0,0.0,0.0,0.0,0.0,0.0,0.0,0.0,-332,1080,21360,-1.82373046875,5.9326171875,117.333984375,98778.992,304.75,1,1,0,0,655,33,171,312,312,312,312,1905,F4line=655;YAH=1248
DIRECT_SERIAL,108,1789354956030866547,2026-09-14T03:02:36.030866+00:00,-1,23936233056892,1789354955800000000,1789354955,800000000,38687721,1789354955808504,1789354955800000,2,4,30.251223706108817,15.085062727027395,gnss_local_enu_direct,30.251223706108817,15.085062727027395,110.4353079,-7.050769,192.43,5.625,8.22,3,1,11,0,2.1383,81.908,0.301,2.117,5.882,3.1635,84.767,99.0,5.01,115.19498299925091,neo3_calibrated_direct,1,27.4414,-8.01392,-32.5195,43.29862847685132,7,149.61831896322153,yahboom_calibrated_direct,0,3151,2936,2781,0.011719095742451623,0.5452742417709053,0.5454001612979744,127.45599523861452,neo3_calibrated_direct:gyro_integral,1,127.45599523861452,nan,117.333984375,0.0,-214,-65,2034,-1.024718310546875,-0.3112462158203125,9.739612353515625,9.798314682616938,0,0,0,0.0,0.0,0.0,0.0,0.0,0.0,0.0,-332,1080,21360,-1.82373046875,5.9326171875,117.333984375,98778.992,304.75,1,1,0,0,659,33,173,315,315,315,315,1921,F4line=659;YAH=1260
DIRECT_SERIAL,109,1789354956087434880,2026-09-14T03:02:36.087435+00:00,-1,23936289625185,1789354956000000000,1789354956,0,38687929,1789354956016362,1789354956000000,2,4,30.582675094982918,14.941285799625575,gnss_local_enu_direct,30.582675094982918,14.941285799625575,110.4353109,-7.0507703,190.71,5.618,8.22,3,1,11,0,1.8882,89.211,0.026,1.888,5.507,3.0746,93.297,99.0,4.98,114.44017438338213,neo3_calibrated_direct,1,27.4902,-8.19702,-32.666,43.473782776754085,7,149.81223509432698,yahboom_calibrated_direct,0,3139,2933,2751,0.009895140066557447,0.5447845501276303,0.5448744074139483,127.45599523861452,neo3_calibrated_direct:gyro_integral,1,127.45599523861452,nan,117.333984375,0.0,-216,-64,2040,-1.0342951171875,-0.3064578125,9.7683427734375,9.827726253800968,0,0,0,0.0,0.0,0.0,0.0,0.0,0.0,0.0,-332,1081,21360,-1.82373046875,5.9381103515625,117.333984375,98779.602,304.75,1,1,0,0,668,34,174,318,318,318,318,1942,F4line=668;YAH=1272
DIRECT_SERIAL,110,1789354956146581921,2026-09-14T03:02:36.146582+00:00,-1,23936348772114,1789354956000000000,1789354956,0,38687929,1789354956016362,1789354956000000,2,4,30.582675094982918,14.941285799625575,gnss_local_enu_direct,30.582675094982918,14.941285799625575,110.4353109,-7.0507703,190.71,5.618,8.22,3,1,11,0,1.8882,89.211,0.026,1.888,5.507,3.0746,93.297,99.0,4.98,114.5441585680668,neo3_calibrated_direct,1,27.4902,-8.17261,-32.666,43.46918685979875,7,149.6827891837131,yahboom_calibrated_direct,0,3147,2947,2737,0.01114912825343808,0.5469177068511091,0.547031334685763,127.45599523861452,neo3_calibrated_direct:gyro_integral,1,127.45599523861452,nan,117.333984375,0.0,-212,-66,2038,-1.01514150390625,-0.316034619140625,9.758765966796874,9.816511770897101,0,0,0,0.0,0.0,0.0,0.0,0.0,0.0,0.0,-332,1081,21360,-1.82373046875,5.9381103515625,117.333984375,98777.469,304.75,1,1,0,0,673,34,176,321,321,321,321,1959,F4line=673;YAH=1284
DIRECT_SERIAL,111,1789354956207423685,2026-09-14T03:02:36.207424+00:00,-1,23936409614006,1789354956000000000,1789354956,0,38687929,1789354956016362,1789354956000000,2,4,30.582675094982918,14.941285799625575,gnss_local_enu_direct,30.582675094982918,14.941285799625575,110.4353109,-7.0507703,190.71,5.618,8.22,3,1,11,0,1.8882,89.211,0.026,1.888,5.507,3.0746,93.297,99.0,4.98,114.8673497506022,neo3_calibrated_direct,1,27.4902,-8.09937,-32.6416,43.43713780852624,7,149.79532131624012,yahboom_calibrated_direct,0,3140,2951,2737,0.010103370941136142,0.5474977617142639,0.5475909761733689,127.45599523861452,neo3_calibrated_direct:gyro_integral,1,127.45599523861452,nan,117.333984375,0.0,-209,-65,2034,-1.0007762939453124,-0.3112462158203125,9.739612353515625,9.79583973910045,0,0,0,0.0,0.0,0.0,0.0,0.0,0.0,0.0,-332,1081,21360,-1.82373046875,5.9381103515625,117.333984375,98777.469,304.75,1,1,0,0,675,34,177,324,324,324,324,1973,F4line=675;YAH=1296
DIRECT_SERIAL,112,1789354956270233144,2026-09-14T03:02:36.270233+00:00,-1,23936472423348,1789354956200000000,1789354956,200000000,38688119,1789354956206545,1789354956200000,2,4,30.98041908104664,14.874925322049641,gnss_local_enu_direct,30.98041908104664,14.874925322049641,110.4353145,-7.0507709,189.16,5.61,8.22,3,1,11,0,1.8881,85.778,0.139,1.883,5.458,3.0695,93.145,99.0,5.02,114.63273042818332,neo3_calibrated_direct,1,27.4902,-8.1543,-32.6416,43.44741367549972,7,149.74746949444582,yahboom_calibrated_direct,0,3143,2937,2729,0.010512629725926636,0.5453994545823792,0.5455007611750061,127.45599523861452,neo3_calibrated_direct:gyro_integral,1,127.45599523861452,nan,117.333984375,0.0,-211,-66,2037,-1.0103531005859374,-0.316034619140625,9.753977563476562,9.81125728829711,0,0,0,0.0,0.0,0.0,0.0,0.0,0.0,0.0,-332,1081,21360,-1.82373046875,5.9381103515625,117.333984375,98776.242,304.75,1,1,0,0,685,35,179,327,327,327,327,1995,F4line=685;YAH=1308
DIRECT_SERIAL,113,1789354956327605195,2026-09-14T03:02:36.327605+00:00,-1,23936529795497,1789354956200000000,1789354956,200000000,38688119,1789354956206545,1789354956200000,2,4,30.98041908104664,14.874925322049641,gnss_local_enu_direct,30.98041908104664,14.874925322049641,110.4353145,-7.0507709,189.16,5.61,8.22,3,1,11,0,1.8881,85.778,0.139,1.883,5.458,3.0695,93.145,99.0,5.02,114.7590066290775,neo3_calibrated_direct,1,27.4658,-8.11768,-32.5928,43.388449039605,7,149.89244091934114,yahboom_calibrated_direct,0,3134,2942,2714,0.00916763201801123,0.5461237311251499,0.5462006729901316,127.45599523861452,neo3_calibrated_direct:gyro_integral,1,127.45599523861452,nan,117.333984375,0.0,-213,-64,2033,-1.0199299072265624,-0.3064578125,9.734823950195311,9.792904101837907,0,0,0,0.0,0.0,0.0,0.0,0.0,0.0,0.0,-332,1081,21360,-1.82373046875,5.9381103515625,117.333984375,98776.242,304.75,1,1,0,0,687,35,180,330,330,330,330,2009,F4line=687;YAH=1320
DIRECT_SERIAL,114,1789354956389932528,2026-09-14T03:02:36.389933+00:00,-1,23936592122701,1789354956200000000,1789354956,200000000,38688119,1789354956206545,1789354956200000,2,4,30.98041908104664,14.874925322049641,gnss_local_enu_direct,30.98041908104664,14.874925322049641,110.4353145,-7.0507709,189.16,5.61,8.22,3,1,11,0,1.8881,85.778,0.139,1.883,5.458,3.0695,93.145,99.0,5.02,114.8673497506022,neo3_calibrated_direct,1,27.4902,-8.09937,-32.6416,43.43713780852624,7,149.81163459080102,yahboom_calibrated_direct,0,3139,2946,2694,0.00993632594753234,0.5467418037245892,0.5468320862141804,127.45599523861452,neo3_calibrated_direct:gyro_integral,1,127.45599523861452,nan,117.333984375,0.0,-213,-64,2034,-1.0199299072265624,-0.3064578125,9.739612353515625,9.797664119740563,0,0,0,0.0,0.0,0.0,0.0,0.0,0.0,0.0,-332,1081,21360,-1.82373046875,5.9381103515625,117.333984375,98778.688,304.75,1,1,0,0,695,35,182,333,333,333,333,2029,F4line=695;YAH=1332
DIRECT_SERIAL,115,1789354956446345595,2026-09-14T03:02:36.446346+00:00,-1,23936648535770,1789354956400000000,1789354956,400000000,38688322,1789354956408896,1789354956400000,2,4,31.36711422969136,14.81962430851187,gnss_local_enu_direct,31.36711422969136,14.81962430851187,110.435318,-7.0507714,187.61,5.603,8.22,3,1,11,0,1.8537,86.908,0.1,1.851,5.47,3.0695,94.875,99.0,5.01,114.86613211972877,neo3_calibrated_direct,1,27.5146,-8.11157,-32.6416,43.45485970043972,7,149.81232786269345,yahboom_calibrated_direct,0,3139,2931,2702,0.009888803777176694,0.5444834341896366,0.5445732260652224,127.45599523861452,neo3_calibrated_direct:gyro_integral,1,127.45599523861452,nan,117.333984375,0.0,-211,-66,2038,-1.0103531005859374,-0.316034619140625,9.758765966796874,9.816017749732929,0,0,0,0.0,0.0,0.0,0.0,0.0,0.0,0.0,-332,1081,21360,-1.82373046875,5.9381103515625,117.333984375,98778.688,304.75,1,1,0,0,702,36,183,336,336,336,336,2048,F4line=702;YAH=1344
DIRECT_SERIAL,116,1789354956509694524,2026-09-14T03:02:36.509695+00:00,-1,23936711884760,1789354956400000000,1789354956,400000000,38688322,1789354956408896,1789354956400000,2,4,31.36711422969136,14.81962430851187,gnss_local_enu_direct,31.36711422969136,14.81962430851187,110.435318,-7.0507714,187.61,5.603,8.22,3,1,11,0,1.8537,86.908,0.1,1.851,5.47,3.0695,94.875,99.0,5.01,115.08318342612746,neo3_calibrated_direct,1,27.4658,-8.04443,-32.5928,43.374804155233946,7,149.79598788398062,yahboom_calibrated_direct,0,3140,2935,2731,0.01005268062609012,0.5450888342103143,0.5451815235025208,127.45599523861452,neo3_calibrated_direct:gyro_integral,1,127.45599523861452,nan,117.333984375,0.0,-209,-65,2035,-1.0007762939453124,-0.3112462158203125,9.744400756835937,9.80060067073494,0,0,0,0.0,0.0,0.0,0.0,0.0,0.0,0.0,-332,1080,21360,-1.82373046875,5.9326171875,117.333984375,98776.242,304.75,1,1,0,0,707,36,185,339,339,339,339,2065,F4line=707;YAH=1356
DIRECT_SERIAL,117,1789354956567635421,2026-09-14T03:02:36.567636+00:00,-1,23936769825625,1789354956400000000,1789354956,400000000,38688322,1789354956408896,1789354956400000,2,4,31.36711422969136,14.81962430851187,gnss_local_enu_direct,31.36711422969136,14.81962430851187,110.435318,-7.0507714,187.61,5.603,8.22,3,1,11,0,1.8537,86.908,0.1,1.851,5.47,3.0695,94.875,99.0,5.01,114.93800117475406,neo3_calibrated_direct,1,27.4414,-8.06885,-32.5684,43.34555862879725,7,149.66673987010688,yahboom_calibrated_direct,0,3148,2939,2737,0.01127498736606699,0.5457164112438246,0.5458328744597051,127.45599523861452,neo3_calibrated_direct:gyro_integral,1,127.45599523861452,nan,117.333984375,0.0,-209,-66,2035,-1.0007762939453124,-0.316034619140625,9.744400756835937,9.800753908799212,0,0,0,0.0,0.0,0.0,0.0,0.0,0.0,0.0,-332,1080,21360,-1.82373046875,5.9326171875,117.333984375,98773.5,304.75,1,1,0,0,711,36,186,342,342,342,342,2081,F4line=711;YAH=1368
DIRECT_SERIAL,118,1789354956629369379,2026-09-14T03:02:36.629369+00:00,-1,23936831559604,1789354956400000000,1789354956,400000000,38688322,1789354956408896,1789354956400000,2,4,31.36711422969136,14.81962430851187,gnss_local_enu_direct,31.36711422969136,14.81962430851187,110.435318,-7.0507714,187.61,5.603,8.22,3,1,11,0,1.8537,86.908,0.1,1.851,5.47,3.0695,94.875,99.0,5.01,115.01883088155749,neo3_calibrated_direct,1,27.4902,-8.06885,-32.6172,43.413122119959304,7,149.7797589696093,yahboom_calibrated_direct,0,3141,2937,2757,0.010210221185622793,0.5453931182929984,0.5454886819156012,127.45599523861452,neo3_calibrated_direct:gyro_integral,1,127.45599523861452,nan,117.333984375,0.0,-214,-64,2035,-1.024718310546875,-0.3064578125,9.744400756835937,9.802923549464063,0,0,0,0.0,0.0,0.0,0.0,0.0,0.0,0.0,-332,1080,21360,-1.82373046875,5.9326171875,117.333984375,98773.5,304.75,1,1,0,0,715,36,188,345,345,345,345,2097,F4line=715;YAH=1380
DIRECT_SERIAL,119,1789354956687827643,2026-09-14T03:02:36.687828+00:00,-1,23936890017986,1789354956600000000,1789354956,600000000,38688520,1789354956607671,1789354956600000,2,4,31.731710750376312,14.675847419421562,gnss_local_enu_direct,31.731710750376312,14.675847419421562,110.4353213,-7.0507727,185.84,5.612,8.246,3,1,11,0,2.056,90.167,-0.006,2.056,6.134,3.086,85.999,99.0,5.01,114.72570779424458,neo3_calibrated_direct,1,27.5146,-8.14209,-32.7148,43.51557171597427,7,149.6829267072996,yahboom_calibrated_direct,0,3147,2934,2751,0.011107942372463188,0.5449604532541501,0.5450736482299605,127.45599523861452,neo3_calibrated_direct:gyro_integral,1,127.45599523861452,nan,117.333984375,0.0,-215,-63,2033,-1.0295067138671874,-0.3016694091796875,9.734823950195311,9.79375749381353,0,0,0,0.0,0.0,0.0,0.0,0.0,0.0,0.0,-331,1080,21360,-1.8182373046875,5.9326171875,117.333984375,98778.383,304.75,1,1,0,0,723,37,189,348,348,348,348,2117,F4line=723;YAH=1392
DIRECT_SERIAL,120,1789354956746451111,2026-09-14T03:02:36.746451+00:00,-1,23936948641261,1789354956600000000,1789354956,600000000,38688520,1789354956607671,1789354956600000,2,4,31.731710750376312,14.675847419421562,gnss_local_enu_direct,31.731710750376312,14.675847419421562,110.4353213,-7.0507727,185.84,5.612,8.246,3,1,11,0,2.056,90.167,-0.006,2.056,6.134,3.086,85.999,99.0,5.01,115.09208328669271,neo3_calibrated_direct,1,27.4902,-8.05664,-32.5684,43.37419996598899,7,149.89223601141637,yahboom_calibrated_direct,0,3134,2945,2757,0.00917713645208236,0.5465754050321404,0.5466524428002755,127.45599523861452,neo3_calibrated_direct:gyro_integral,1,127.45599523861452,nan,117.333984375,0.0,-211,-65,2032,-1.0103531005859374,-0.3112462158203125,9.730035546875,9.78730194375228,0,0,0,0.0,0.0,0.0,0.0,0.0,0.0,0.0,-332,1080,21360,-1.82373046875,5.9326171875,117.333984375,98780.211,304.75,1,1,0,0,733,37,191,351,351,351,351,2139,F4line=733;YAH=1404
DIRECT_SERIAL,121,1789354956807949643,2026-09-14T03:02:36.807950+00:00,-1,23937010140126,1789354956600000000,1789354956,600000000,38688520,1789354956607671,1789354956600000,2,4,31.731710750376312,14.675847419421562,gnss_local_enu_direct,31.731710750376312,14.675847419421562,110.4353213,-7.0507727,185.84,5.612,8.246,3,1,11,0,2.056,90.167,-0.006,2.056,6.134,3.086,85.999,99.0,5.01,115.10577244187003,neo3_calibrated_direct,1,27.4414,-8.03223,-32.5439,43.32034833589061,7,149.82763967167787,yahboom_calibrated_direct,0,3138,2948,2753,0.009791457966761171,0.5470397515178925,0.5471273730950339,127.45599523861452,neo3_calibrated_direct:gyro_integral,1,127.45599523861452,nan,117.333984375,0.0,-210,-66,2037,-1.005564697265625,-0.316034619140625,9.753977563476562,9.810765339650441,0,0,0,0.0,0.0,0.0,0.0,0.0,0.0,0.0,-332,1080,21360,-1.82373046875,5.9326171875,117.333984375,98780.211,304.75,1,1,0,0,735,37,192,354,354,354,354,2153,F4line=735;YAH=1416
DIRECT_SERIAL,122,1789354956868779159,2026-09-14T03:02:36.868779+00:00,-1,23937070969844,1789354956800000000,1789354956,800000000,38688720,1789354956807018,1789354956800000,2,4,32.0300138625265,14.465713523278485,gnss_local_enu_direct,32.0300138625265,14.465713523278485,110.435324,-7.0507746,183.81,5.764,8.478,3,1,11,0,1.8081,90.634,-0.02,1.808,6.388,3.1024,98.31,99.0,5.01,114.90901015930952,neo3_calibrated_direct,1,27.4902,-8.08716,-32.6904,43.47154822485162,7,149.55373851921738,yahboom_calibrated_direct,0,3155,2936,2731,0.012323912823059306,0.5452869143496668,0.5454261616279982,127.45599523861452,neo3_calibrated_direct:gyro_integral,1,127.45599523861452,nan,117.333984375,0.0,-209,-65,2036,-1.0007762939453124,-0.3112462158203125,9.749189160156249,9.805361629123807,0,0,0,0.0,0.0,0.0,0.0,0.0,0.0,0.0,-332,1080,21360,-1.82373046875,5.9326171875,117.333984375,98781.43,304.75,1,1,0,0,745,38,194,357,357,357,357,2175,F4line=745;YAH=1428
DIRECT_SERIAL,123,1789354956928644555,2026-09-14T03:02:36.928645+00:00,-1,23937130834864,1789354956800000000,1789354956,800000000,38688720,1789354956807018,1789354956800000,2,4,32.0300138625265,14.465713523278485,gnss_local_enu_direct,32.0300138625265,14.465713523278485,110.435324,-7.0507746,183.81,5.764,8.478,3,1,11,0,1.8081,90.634,-0.02,1.808,6.388,3.1024,98.31,99.0,5.01,115.01883088155749,neo3_calibrated_direct,1,27.4902,-8.06885,-32.6172,43.413122119959304,7,149.4403997638505,yahboom_calibrated_direct,0,3162,2930,2758,0.013363333845980494,0.5444057435485183,0.544569731347689,127.45599523861452,neo3_calibrated_direct:gyro_integral,1,127.45599523861452,nan,117.333984375,0.0,-211,-65,2036,-1.0103531005859374,-0.3112462158203125,9.749189160156249,9.80634370574651,0,0,0,0.0,0.0,0.0,0.0,0.0,0.0,0.0,-332,1080,21360,-1.82373046875,5.9326171875,117.333984375,98781.43,304.75,1,1,0,0,747,38,195,360,360,360,360,2189,F4line=747;YAH=1440
DIRECT_SERIAL,124,1789354956988464486,2026-09-14T03:02:36.988464+00:00,-1,23937190654792,1789354956800000000,1789354956,800000000,38688720,1789354956807018,1789354956800000,2,4,32.0300138625265,14.465713523278485,gnss_local_enu_direct,32.0300138625265,14.465713523278485,110.435324,-7.0507746,183.81,5.764,8.478,3,1,11,0,1.8081,90.634,-0.02,1.808,6.388,3.1024,98.31,99.0,5.01,115.57141305660728,neo3_calibrated_direct,1,27.4658,-7.94067,-32.4951,43.28228198349643,7,149.42447501287498,yahboom_calibrated_direct,0,3163,2934,2776,0.013527210694893918,0.5450111435691961,0.5451789908312562,127.45599523861452,neo3_calibrated_direct:gyro_integral,1,127.45599523861452,nan,117.333984375,0.0,-213,-65,2035,-1.0199299072265624,-0.3112462158203125,9.744400756835937,9.802575035792506,0,0,0,0.0,0.0,0.0,0.0,0.0,0.0,0.0,-332,1080,21360,-1.82373046875,5.9326171875,117.333984375,98782.352,304.75,1,1,0,0,752,38,197,363,363,363,363,2206,F4line=752;YAH=1452
DIRECT_SERIAL,125,1789354957040897841,2026-09-14T03:02:37.040898+00:00,-1,23937243088039,1789354956800000000,1789354956,800000000,38688720,1789354956807018,1789354956800000,2,4,32.0300138625265,14.465713523278485,gnss_local_enu_direct,32.0300138625265,14.465713523278485,110.435324,-7.0507746,183.81,5.764,8.478,3,1,11,0,1.8081,90.634,-0.02,1.808,6.388,3.1024,98.31,99.0,5.01,115.4093213642406,neo3_calibrated_direct,1,27.3926,-7.94067,-32.5195,43.25420968020223,7,149.53785936002623,yahboom_calibrated_direct,0,3156,2945,2758,0.012503630395424615,0.5466451042153287,0.5467880857660059,127.45599523861452,neo3_calibrated_direct:gyro_integral,1,127.45599523861452,nan,117.333984375,0.0,-214,-65,2037,-1.024718310546875,-0.3112462158203125,9.753977563476562,9.812593955302374,0,0,0,0.0,0.0,0.0,0.0,0.0,0.0,0.0,-332,1080,21360,-1.82373046875,5.9326171875,117.333984375,98782.352,304.75,1,1,0,0,755,38,198,366,366,366,366,2221,F4line=755;YAH=1464
DIRECT_SERIAL,126,1789354957108105698,2026-09-14T03:02:37.108106+00:00,-1,23937310296013,1789354957000000000,1789354957,0,38688927,1789354957014780,1789354957000000,2,4,32.339366520982516,14.310877317715974,gnss_local_enu_direct,32.339366520982516,14.310877317715974,110.4353268,-7.050776,181.99,5.868,8.646,3,1,11,0,1.738,90.099,-0.003,1.738,6.056,3.0388,100.179,99.0,4.98,114.83724701068044,neo3_calibrated_direct,1,27.4658,-8.09937,-32.6172,43.403360467559416,7,149.5057668968294,yahboom_calibrated_direct,0,3158,2948,2765,0.012815543369799584,0.5471031144117,0.5472531918142141,127.45599523861452,neo3_calibrated_direct:gyro_integral,1,127.45599523861452,nan,117.333984375,0.0,-209,-65,2031,-1.0007762939453124,-0.3112462158203125,9.725247143554688,9.781557105113889,0,0,0,0.0,0.0,0.0,0.0,0.0,0.0,0.0,-332,1080,21360,-1.82373046875,5.9326171875,117.333984375,98780.82,304.75,1,1,0,0,765,39,200,369,369,369,369,2243,F4line=765;YAH=1476
DIRECT_SERIAL,127,1789354957167979576,2026-09-14T03:02:37.167979+00:00,-1,23937370169811,1789354957000000000,1789354957,0,38688927,1789354957014780,1789354957000000,2,4,32.339366520982516,14.310877317715974,gnss_local_enu_direct,32.339366520982516,14.310877317715974,110.4353268,-7.050776,181.99,5.868,8.646,3,1,11,0,1.738,90.099,-0.003,1.738,6.056,3.0388,100.179,99.0,4.98,114.73688263980027,neo3_calibrated_direct,1,27.4902,-8.12988,-32.666,43.46117348685375,7,149.5700269843838,yahboom_calibrated_direct,0,3154,2943,2769,0.01219488556574002,0.5463376519879544,0.5464737369843794,127.45599523861452,neo3_calibrated_direct:gyro_integral,1,127.45599523861452,nan,117.333984375,0.0,-210,-64,2032,-1.005564697265625,-0.3064578125,9.730035546875,9.786657677403468,0,0,0,0.0,0.0,0.0,0.0,0.0,0.0,0.0,-332,1080,21360,-1.82373046875,5.9326171875,117.333984375,98779.602,304.75,1,1,0,0,768,39,201,372,372,372,372,2258,F4line=768;YAH=1488
DIRECT_SERIAL,128,1789354957227801719,2026-09-14T03:02:37.227802+00:00,-1,23937429991939,1789354957000000000,1789354957,0,38688927,1789354957014780,1789354957000000,2,4,32.339366520982516,14.310877317715974,gnss_local_enu_direct,32.339366520982516,14.310877317715974,110.4353268,-7.050776,181.99,5.868,8.646,3,1,11,0,1.738,90.099,-0.003,1.738,6.056,3.0388,100.179,99.0,4.98,115.28768078940364,neo3_calibrated_direct,1,27.4658,-8.00171,-32.5439,43.330162240339,7,149.7632534313666,yahboom_calibrated_direct,0,3142,2948,2767,0.010396275047368854,0.547052424096654,0.5471512014469911,127.45599523861452,neo3_calibrated_direct:gyro_integral,1,127.45599523861452,nan,117.333984375,0.0,-212,-64,2038,-1.01514150390625,-0.3064578125,9.758765966796874,9.816208120170856,0,0,0,0.0,0.0,0.0,0.0,0.0,0.0,0.0,-332,1080,21360,-1.82373046875,5.9326171875,117.333984375,98779.602,304.75,1,1,0,0,772,39,203,375,375,375,375,2274,F4line=772;YAH=1500
DIRECT_SERIAL,129,1789354957287663640,2026-09-14T03:02:37.287664+00:00,-1,23937489853951,1789354957200000000,1789354957,200000000,38689119,1789354957206117,1789354957200000,2,4,32.67081701207044,14.18921974428351,gnss_local_enu_direct,32.67081701207044,14.18921974428351,110.4353298,-7.0507771,180.31,5.982,8.825,3,1,11,0,1.5819,92.826,-0.078,1.58,5.914,2.9974,108.563,99.0,5.02,115.14441128532995,neo3_calibrated_direct,1,27.4902,-8.04443,-32.5684,43.37193365097871,7,149.42483906329937,yahboom_calibrated_direct,0,3163,2940,2770,0.013546219563036177,0.5459144913831772,0.5460825321932601,127.45599523861452,neo3_calibrated_direct:gyro_integral,1,127.45599523861452,nan,117.333984375,0.0,-214,-66,2037,-1.024718310546875,-0.316034619140625,9.753977563476562,9.812747006076819,0,0,0,0.0,0.0,0.0,0.0,0.0,0.0,0.0,-332,1080,21360,-1.82373046875,5.9326171875,117.333984375,98778.688,304.75,1,1,0,0,780,40,204,378,378,378,378,2294,F4line=780;YAH=1512
DIRECT_SERIAL,130,1789354957346540043,2026-09-14T03:02:37.346540+00:00,-1,23937548730265,1789354957200000000,1789354957,200000000,38689119,1789354957206117,1789354957200000,2,4,32.67081701207044,14.18921974428351,gnss_local_enu_direct,32.67081701207044,14.18921974428351,110.4353298,-7.0507771,180.31,5.982,8.825,3,1,11,0,1.5819,92.826,-0.078,1.58,5.914,2.9974,108.563,99.0,5.02,114.83607258192838,neo3_calibrated_direct,1,27.4902,-8.11157,-32.6172,43.42108243405385,7,149.50503774519197,yahboom_calibrated_direct,0,3158,2929,2793,0.012755348620682434,0.54424251300076,0.5443919652932229,127.45599523861452,neo3_calibrated_direct:gyro_integral,1,127.45599523861452,nan,117.333984375,0.0,-214,-65,2037,-1.024718310546875,-0.3112462158203125,9.753977563476562,9.812593955302374,0,0,0,0.0,0.0,0.0,0.0,0.0,0.0,0.0,-332,1080,21360,-1.82373046875,5.9326171875,117.333984375,98778.992,304.75,1,1,0,0,785,40,206,381,381,381,381,2311,F4line=785;YAH=1524
DIRECT_SERIAL,131,1789354957407503881,2026-09-14T03:02:37.407504+00:00,-1,23937609694210,1789354957200000000,1789354957,200000000,38689119,1789354957206117,1789354957200000,2,4,32.67081701207044,14.18921974428351,gnss_local_enu_direct,32.67081701207044,14.18921974428351,110.4353298,-7.0507771,180.31,5.982,8.825,3,1,11,0,1.5819,92.826,-0.078,1.58,5.914,2.9974,108.563,99.0,5.02,115.28955955440591,neo3_calibrated_direct,1,27.4414,-7.9895,-32.5439,43.31244591823464,7,149.65062839925784,yahboom_calibrated_direct,0,3149,2926,2786,0.01138500575524402,0.543762325791556,0.5438814993234181,127.45599523861452,neo3_calibrated_direct:gyro_integral,1,127.45599523861452,nan,117.333984375,0.0,-211,-64,2036,-1.0103531005859374,-0.3064578125,9.749189160156249,9.806192893228953,0,0,0,0.0,0.0,0.0,0.0,0.0,0.0,0.0,-332,1080,21360,-1.82373046875,5.9326171875,117.333984375,98778.992,304.75,1,1,0,0,790,40,207,384,384,384,384,2328,F4line=790;YAH=1536
DIRECT_SERIAL,132,1789354957467424311,2026-09-14T03:02:37.467424+00:00,-1,23937669614474,1789354957400000000,1789354957,400000000,38689320,1789354957407442,1789354957400000,2,4,32.99121979862172,14.10074094538311,gnss_local_enu_direct,32.99121979862172,14.10074094538311,110.4353327,-7.0507779,178.84,6.052,8.941,3,1,11,0,1.4479,98.22,-0.207,1.433,5.588,2.9896,118.304,99.0,5.01,114.93132987187208,neo3_calibrated_direct,1,27.4658,-8.07495,-32.6416,43.41715142317031,7,149.65060641523232,yahboom_calibrated_direct,0,3149,2939,2777,0.011426191636218911,0.545719579388515,0.545839186192495,127.45599523861452,neo3_calibrated_direct:gyro_integral,1,127.45599523861452,nan,117.333984375,0.0,-213,-66,2037,-1.0199299072265624,-0.316034619140625,9.753977563476562,9.81224812186049,0,0,0,0.0,0.0,0.0,0.0,0.0,0.0,0.0,-332,1080,21360,-1.82373046875,5.9326171875,117.333984375,98778.688,304.75,1,1,0,0,800,41,209,388,387,387,387,2351,F4line=800;YAH=1549
DIRECT_SERIAL,133,1789354957527054577,2026-09-14T03:02:37.527055+00:00,-1,23937729244938,1789354957400000000,1789354957,400000000,38689320,1789354957407442,1789354957400000,2,4,32.99121979862172,14.10074094538311,gnss_local_enu_direct,32.99121979862172,14.10074094538311,110.4353327,-7.0507779,178.84,6.052,8.941,3,1,11,0,1.4479,98.22,-0.207,1.433,5.588,2.9896,118.304,99.0,5.01,114.97708063206856,neo3_calibrated_direct,1,27.4902,-8.08105,-32.5928,43.39706299949917,7,149.60232465658524,yahboom_calibrated_direct,0,3152,2949,2750,0.011911485893578436,0.5472346635125547,0.5473642849564555,127.45599523861452,neo3_calibrated_direct:gyro_integral,1,127.45599523861452,nan,117.333984375,0.0,-210,-65,2032,-1.005564697265625,-0.3112462158203125,9.730035546875,9.786808790954304,0,0,0,0.0,0.0,0.0,0.0,0.0,0.0,0.0,-332,1080,21360,-1.82373046875,5.9326171875,117.333984375,98778.688,304.75,1,1,0,0,802,41,210,390,390,390,390,2364,F4line=802;YAH=1560
DIRECT_SERIAL,134,1789354957586878472,2026-09-14T03:02:37.586879+00:00,-1,23937789068698,1789354957400000000,1789354957,400000000,38689320,1789354957407442,1789354957400000,2,4,32.99121979862172,14.10074094538311,gnss_local_enu_direct,32.99121979862172,14.10074094538311,110.4353327,-7.0507779,178.84,6.052,8.941,3,1,11,0,1.4479,98.22,-0.207,1.433,5.588,2.9896,118.304,99.0,5.01,115.28768078940364,neo3_calibrated_direct,1,27.4658,-8.00171,-32.5439,43.330162240339,7,149.74746949444582,yahboom_calibrated_direct,0,3143,2937,2701,0.010512629725926636,0.5453994545823792,0.5455007611750061,127.45599523861452,neo3_calibrated_direct:gyro_integral,1,127.45599523861452,nan,117.333984375,0.0,-215,-64,2036,-1.0295067138671874,-0.3064578125,9.749189160156249,9.808184834374197,0,0,0,0.0,0.0,0.0,0.0,0.0,0.0,0.0,-332,1080,21360,-1.82373046875,5.9326171875,117.333984375,98778.383,304.75,1,1,0,0,808,41,212,393,393,393,393,2382,F4line=808;YAH=1572
DIRECT_SERIAL,135,1789354957636897543,2026-09-14T03:02:37.636898+00:00,-1,23937839087674,1789354957600000000,1789354957,600000000,38689522,1789354957608814,1789354957600000,2,4,32.99121979862172,14.10074094538311,gnss_local_enu_direct,32.99121979862172,14.10074094538311,110.4353327,-7.0507779,178.84,6.052,8.941,3,1,11,0,1.4479,98.22,-0.207,1.433,5.588,2.9896,118.304,99.0,5.01,115.35066923639542,neo3_calibrated_direct,1,27.4658,-7.9895,-32.5195,43.30958508390493,7,149.61844843399174,yahboom_calibrated_direct,0,3151,2954,2706,0.011776122346878398,0.5479842852128486,0.5481108043979477,127.45599523861452,neo3_calibrated_direct:gyro_integral,1,127.45599523861452,nan,117.333984375,0.0,-216,-65,2037,-1.0342951171875,-0.3112462158203125,9.753977563476562,9.81359867251074,0,0,0,0.0,0.0,0.0,0.0,0.0,0.0,0.0,-332,1080,21360,-1.82373046875,5.9326171875,117.333984375,98778.383,304.75,1,1,0,0,813,41,213,396,396,396,396,2399,F4line=813;YAH=1584
DIRECT_SERIAL,136,1789354957687712068,2026-09-14T03:02:37.687712+00:00,-1,23937889902297,1789354957600000000,1789354957,600000000,38689522,1789354957608814,1789354957600000,2,4,32.95807401713097,14.045443968560262,gnss_local_enu_direct,32.95807401713097,14.045443968560262,110.4353324,-7.0507784,178.87,5.562,8.235,3,1,10,0,0.5872,193.492,-0.571,-0.137,2.007,2.5164,180.0,99.0,5.0,115.23863942848457,neo3_calibrated_direct,1,27.4902,-8.02002,-32.5928,43.38573992316369,7,149.5056522749348,yahboom_calibrated_direct,0,3158,2945,2732,0.012806038935728455,0.5466514405047095,0.5468014191999664,127.45599523861452,neo3_calibrated_direct:gyro_integral,1,127.45599523861452,nan,117.333984375,0.0,-212,-64,2033,-1.01514150390625,-0.3064578125,9.734823950195311,9.79240654819292,0,0,0,0.0,0.0,0.0,0.0,0.0,0.0,0.0,-332,1080,21360,-1.82373046875,5.9326171875,117.333984375,98776.242,304.75,1,1,0,0,818,42,214,399,399,399,399,2416,F4line=818;YAH=1596
DIRECT_SERIAL,137,1789354957746372662,2026-09-14T03:02:37.746373+00:00,-1,23937948562834,1789354957600000000,1789354957,600000000,38689522,1789354957608814,1789354957600000,2,4,32.95807401713097,14.045443968560262,gnss_local_enu_direct,32.95807401713097,14.045443968560262,110.4353324,-7.0507784,178.87,5.562,8.235,3,1,10,0,0.5872,193.492,-0.571,-0.137,2.007,2.5164,180.0,99.0,5.0,115.06595163214449,neo3_calibrated_direct,1,27.4902,-8.06274,-32.5684,43.37533343857543,7,149.39280142748356,yahboom_calibrated_direct,0,3165,2943,2726,0.013858132537411147,0.5463725015795484,0.5465482214038557,127.45599523861452,neo3_calibrated_direct:gyro_integral,1,127.45599523861452,nan,117.333984375,0.0,-214,-64,2037,-1.024718310546875,-0.3064578125,9.753977563476562,9.812443238848136,0,0,0,0.0,0.0,0.0,0.0,0.0,0.0,0.0,-332,1080,21360,-1.82373046875,5.9326171875,117.333984375,98782.047,304.75,1,1,0,0,828,42,216,401,401,401,401,2434,F4line=828;YAH=1604
DIRECT_SERIAL,138,1789354957806366625,2026-09-14T03:02:37.806367+00:00,-1,23938008557074,1789354957600000000,1789354957,600000000,38689522,1789354957608814,1789354957600000,2,4,32.95807401713097,14.045443968560262,gnss_local_enu_direct,32.95807401713097,14.045443968560262,110.4353324,-7.0507784,178.87,5.562,8.235,3,1,10,0,0.5872,193.492,-0.571,-0.137,2.007,2.5164,180.0,99.0,5.0,114.88952154803658,neo3_calibrated_direct,1,27.4658,-8.08716,-32.6172,43.40108365404716,7,149.53765337542512,yahboom_calibrated_direct,0,3156,2938,2781,0.012481453382591979,0.5455911984323508,0.545733948445019,127.45599523861452,neo3_calibrated_direct:gyro_integral,1,127.45599523861452,nan,117.333984375,0.0,-213,-66,2037,-1.0199299072265624,-0.316034619140625,9.753977563476562,9.81224812186049,0,0,0,0.0,0.0,0.0,0.0,0.0,0.0,0.0,-332,1080,21360,-1.82373046875,5.9326171875,117.333984375,98782.047,304.75,1,1,0,0,830,42,217,404,404,404,404,2448,F4line=830;YAH=1616
DIRECT_SERIAL,139,1789354957866302451,2026-09-14T03:02:37.866302+00:00,-1,23938068493088,1789354957800000000,1789354957,800000000,38689719,1789354957806957,1789354957800000,2,4,32.90283360425743,14.07862342018232,gnss_local_enu_direct,32.90283360425743,14.07862342018232,110.4353319,-7.0507781,179.4,5.552,8.242,3,1,10,0,0.7398,201.571,-0.688,-0.272,1.356,2.0339,157.517,99.0,5.01,114.66921063310077,neo3_calibrated_direct,1,27.4902,-8.14819,-32.6416,43.44626735262881,7,149.37580404820451,yahboom_calibrated_direct,0,3166,2931,2817,0.013971319071278552,0.5445689740962768,0.5447481668669137,127.45599523861452,neo3_calibrated_direct:gyro_integral,1,127.45599523861452,nan,117.333984375,0.0,-209,-66,2037,-1.0007762939453124,-0.316034619140625,9.753977563476562,9.810275703558103,0,0,0,0.0,0.0,0.0,0.0,0.0,0.0,0.0,-332,1080,21360,-1.82373046875,5.9326171875,117.333984375,98778.078,304.75,1,1,0,0,840,43,219,407,407,407,407,2470,F4line=840;YAH=1628
DIRECT_SERIAL,140,1789354957926024611,2026-09-14T03:02:37.926025+00:00,-1,23938128215183,1789354957800000000,1789354957,800000000,38689719,1789354957806957,1789354957800000,2,4,32.90283360425743,14.07862342018232,gnss_local_enu_direct,32.90283360425743,14.07862342018232,110.4353319,-7.0507781,179.4,5.552,8.242,3,1,10,0,0.7398,201.571,-0.688,-0.272,1.356,2.0339,157.517,99.0,5.01,114.94697518025228,neo3_calibrated_direct,1,27.4658,-8.06885,-32.666,43.43436503464164,7,149.44101872042873,yahboom_calibrated_direct,0,3162,2941,2791,0.013398183437574632,0.5460618812074837,0.5462262255030262,127.45599523861452,neo3_calibrated_direct:gyro_integral,1,127.45599523861452,nan,117.333984375,0.0,-208,-65,2029,-0.9959878906249999,-0.3112462158203125,9.715670336914062,9.771546253317634,0,0,0,0.0,0.0,0.0,0.0,0.0,0.0,0.0,-332,1080,21360,-1.82373046875,5.9326171875,117.333984375,98778.078,304.75,1,1,0,0,842,43,220,410,410,410,410,2484,F4line=842;YAH=1640
DIRECT_SERIAL,141,1789354957985879956,2026-09-14T03:02:37.985880+00:00,-1,23938188070268,1789354957800000000,1789354957,800000000,38689719,1789354957806957,1789354957800000,2,4,32.90283360425743,14.07862342018232,gnss_local_enu_direct,32.90283360425743,14.07862342018232,110.4353319,-7.0507781,179.4,5.552,8.242,3,1,10,0,0.7398,201.571,-0.688,-0.272,1.356,2.0339,157.517,99.0,5.01,114.95612222247819,neo3_calibrated_direct,1,27.4902,-8.08105,-32.6416,43.433725556328916,7,149.44062527417012,yahboom_calibrated_direct,0,3162,2934,2764,0.013376006424741998,0.5450079754245057,0.5451720928515998,127.45599523861452,neo3_calibrated_direct:gyro_integral,1,127.45599523861452,nan,117.333984375,0.0,-211,-66,2031,-1.0103531005859374,-0.316034619140625,9.725247143554688,9.782695092436317,0,0,0,0.0,0.0,0.0,0.0,0.0,0.0,0.0,-332,1080,21360,-1.82373046875,5.9326171875,117.333984375,98779.602,304.75,1,1,0,0,847,43,222,413,413,413,413,2501,F4line=847;YAH=1652
DIRECT_SERIAL,142,1789354958036403415,2026-09-14T03:02:38.036403+00:00,-1,23938238593787,1789354957800000000,1789354957,800000000,38689719,1789354957806957,1789354957800000,2,4,32.90283360425743,14.07862342018232,gnss_local_enu_direct,32.90283360425743,14.07862342018232,110.4353319,-7.0507781,179.4,5.552,8.242,3,1,10,0,0.7398,201.571,-0.688,-0.272,1.356,2.0339,157.517,99.0,5.01,114.97175231215857,neo3_calibrated_direct,1,27.4902,-8.07495,-32.666,43.45093174538953,7,149.74744107616138,yahboom_calibrated_direct,0,3143,2938,2760,0.010515797870617011,0.5455500125513759,0.545651352238462,127.45599523861452,neo3_calibrated_direct:gyro_integral,1,127.45599523861452,nan,117.333984375,0.0,-215,-64,2041,-1.0295067138671874,-0.3064578125,9.773131176757811,9.831983190732958,0,0,0,0.0,0.0,0.0,0.0,0.0,0.0,0.0,-332,1080,21360,-1.82373046875,5.9326171875,117.333984375,98779.602,304.75,1,1,0,0,849,43,223,416,416,416,416,2515,F4line=849;YAH=1664
DIRECT_SERIAL,143,1789354958086535616,2026-09-14T03:02:38.086536+00:00,-1,23938288725773,1789354958000000000,1789354958,0,38689927,1789354958014823,1789354958000000,2,4,32.84759186051597,14.056505248695084,gnss_local_enu_direct,32.84759186051597,14.056505248695084,110.4353314,-7.0507783,179.68,5.547,8.258,3,1,10,0,0.3327,183.791,-0.332,-0.022,2.064,2.2673,180.0,99.0,4.98,114.50329554659676,neo3_calibrated_direct,1,27.4658,-8.17261,-32.666,43.453760249857545,7,149.53768285050313,yahboom_calibrated_direct,0,3156,2939,2810,0.012484621527282354,0.5457417564013477,0.5458845394904562,127.45599523861452,neo3_calibrated_direct:gyro_integral,1,127.45599523861452,nan,117.333984375,0.0,-213,-64,2039,-1.0199299072265624,-0.3064578125,9.763554370117188,9.821464623198105,0,0,0,0.0,0.0,0.0,0.0,0.0,0.0,0.0,-332,1080,21360,-1.82373046875,5.9326171875,117.333984375,98777.164,304.75,1,1,0,0,858,44,224,419,419,419,419,2536,F4line=858;YAH=1676
DIRECT_SERIAL,144,1789354958145528031,2026-09-14T03:02:38.145528+00:00,-1,23938347718507,1789354958000000000,1789354958,0,38689927,1789354958014823,1789354958000000,2,4,32.84759186051597,14.056505248695084,gnss_local_enu_direct,32.84759186051597,14.056505248695084,110.4353314,-7.0507783,179.68,5.547,8.258,3,1,10,0,0.3327,183.791,-0.332,-0.022,2.064,2.2673,180.0,99.0,4.98,114.60752491212256,neo3_calibrated_direct,1,27.4658,-8.14819,-32.666,43.44917405332465,7,149.34455835391896,yahboom_calibrated_direct,0,3168,2944,2759,0.014314913492557287,0.5465325639826165,0.5467200016843285,127.45599523861452,neo3_calibrated_direct:gyro_integral,1,127.45599523861452,nan,117.333984375,0.0,-212,-65,2035,-1.01514150390625,-0.3112462158203125,9.744400756835937,9.802077973044302,0,0,0,0.0,0.0,0.0,0.0,0.0,0.0,0.0,-332,1080,21360,-1.82373046875,5.9326171875,117.333984375,98777.164,304.75,1,1,0,0,862,44,226,421,421,421,421,2548,F4line=862;YAH=1684
DIRECT_SERIAL,145,1789354958205476977,2026-09-14T03:02:38.205477+00:00,-1,23938407667246,1789354958000000000,1789354958,0,38689927,1789354958014823,1789354958000000,2,4,32.84759186051597,14.056505248695084,gnss_local_enu_direct,32.84759186051597,14.056505248695084,110.4353314,-7.0507783,179.68,5.547,8.258,3,1,10,0,0.3327,183.791,-0.332,-0.022,2.064,2.2673,180.0,99.0,4.98,114.79948035158306,neo3_calibrated_direct,1,27.4902,-8.11768,-32.6416,43.44055565001903,7,149.40839037922368,yahboom_calibrated_direct,0,3164,2935,2800,0.013681583109736217,0.5451648696828832,0.5453365207399407,127.45599523861452,neo3_calibrated_direct:gyro_integral,1,127.45599523861452,nan,117.333984375,0.0,-213,-65,2035,-1.0199299072265624,-0.3112462158203125,9.744400756835937,9.802575035792506,0,0,0,0.0,0.0,0.0,0.0,0.0,0.0,0.0,-332,1080,21360,-1.82373046875,5.9326171875,117.333984375,98779.906,304.75,1,1,0,0,865,44,227,424,424,424,424,2563,F4line=865;YAH=1696
DIRECT_SERIAL,146,1789354958265352818,2026-09-14T03:02:38.265353+00:00,-1,23938467543672,1789354958200000000,1789354958,200000000,38690120,1789354958207273,1789354958200000,2,4,32.67081456710188,13.968030443031516,gnss_local_enu_direct,32.67081456710188,13.968030443031516,110.4353298,-7.0507791,179.86,5.54,8.273,3,1,10,0,0.6632,213.187,-0.555,-0.363,1.448,1.7628,152.299,99.0,5.01,114.5596526748771,neo3_calibrated_direct,1,27.4902,-8.1665,-32.7148,43.50472339102962,7,149.36019220299855,yahboom_calibrated_direct,0,3167,2938,2818,0.014144700354263106,0.545626048023945,0.5458093594198804,127.45599523861452,neo3_calibrated_direct:gyro_integral,1,127.45599523861452,nan,117.333984375,0.0,-210,-65,2041,-1.005564697265625,-0.3112462158203125,9.773131176757811,9.829655516108634,0,0,0,0.0,0.0,0.0,0.0,0.0,0.0,0.0,-332,1080,21360,-1.82373046875,5.9326171875,117.333984375,98781.125,304.75,1,1,0,0,875,45,229,427,427,427,427,2585,F4line=875;YAH=1708
DIRECT_SERIAL,147,1789354958325026702,2026-09-14T03:02:38.325027+00:00,-1,23938527217260,1789354958200000000,1789354958,200000000,38690120,1789354958207273,1789354958200000,2,4,32.67081456710188,13.968030443031516,gnss_local_enu_direct,32.67081456710188,13.968030443031516,110.4353298,-7.0507791,179.86,5.54,8.273,3,1,10,0,0.6632,213.187,-0.555,-0.363,1.448,1.7628,152.299,99.0,5.01,114.69722617691285,neo3_calibrated_direct,1,27.4414,-8.11768,-32.6416,43.40969031336667,7,149.47306908066258,yahboom_calibrated_direct,0,3160,2937,2794,0.013083102318509288,0.5454533130421155,0.5456101944382057,127.45599523861452,neo3_calibrated_direct:gyro_integral,1,127.45599523861452,nan,117.333984375,0.0,-210,-65,2039,-1.005564697265625,-0.3112462158203125,9.763554370117188,9.820133833379453,0,0,0,0.0,0.0,0.0,0.0,0.0,0.0,0.0,-332,1080,21360,-1.82373046875,5.9326171875,117.333984375,98781.125,304.75,1,1,0,0,877,45,230,430,430,430,430,2599,F4line=877;YAH=1720
DIRECT_SERIAL,148,1789354958384965016,2026-09-14T03:02:38.384965+00:00,-1,23938587155248,1789354958200000000,1789354958,200000000,38690120,1789354958207273,1789354958200000,2,4,32.67081456710188,13.968030443031516,gnss_local_enu_direct,32.67081456710188,13.968030443031516,110.4353298,-7.0507791,179.86,5.54,8.273,3,1,10,0,0.6632,213.187,-0.555,-0.363,1.448,1.7628,152.299,99.0,5.01,114.74841302229264,neo3_calibrated_direct,1,27.4658,-8.11768,-32.6416,43.42511886894957,7,149.58610858078842,yahboom_calibrated_direct,0,3153,2941,2840,0.012037345006207347,0.5460333679052704,0.5461660338585427,127.45599523861452,neo3_calibrated_direct:gyro_integral,1,127.45599523861452,nan,117.333984375,0.0,-209,-65,2029,-1.0007762939453124,-0.3112462158203125,9.715670336914062,9.772035483612264,0,0,0,0.0,0.0,0.0,0.0,0.0,0.0,0.0,-332,1080,21360,-1.82373046875,5.9326171875,117.333984375,98778.383,304.75,1,1,0,0,885,45,232,433,433,433,433,2619,F4line=885;YAH=1732
DIRECT_SERIAL,149,1789354958435021282,2026-09-14T03:02:38.435021+00:00,-1,23938637211507,1789354958400000000,1789354958,400000000,38690320,1789354958407235,1789354958400000,2,4,32.67081456710188,13.968030443031516,gnss_local_enu_direct,32.67081456710188,13.968030443031516,110.4353298,-7.0507791,179.86,5.54,8.273,3,1,10,0,0.6632,213.187,-0.555,-0.363,1.448,1.7628,152.299,99.0,5.01,114.9299755796733,neo3_calibrated_direct,1,27.4902,-8.08716,-32.6416,43.43486276558958,7,149.68291609349995,yahboom_calibrated_direct,0,3147,2935,2873,0.011111110517153565,0.5451110112231469,0.5452242394956832,127.45599523861452,neo3_calibrated_direct:gyro_integral,1,127.45599523861452,nan,117.333984375,0.0,-214,-64,2034,-1.024718310546875,-0.3064578125,9.739612353515625,9.798163746517329,0,0,0,0.0,0.0,0.0,0.0,0.0,0.0,0.0,-332,1080,21360,-1.82373046875,5.9326171875,117.333984375,98778.383,304.75,1,1,0,0,889,45,233,436,436,436,436,2635,F4line=889;YAH=1744
DIRECT_SERIAL,150,1789354958485708319,2026-09-14T03:02:38.485708+00:00,-1,23938687898497,1789354958400000000,1789354958,400000000,38690320,1789354958407235,1789354958400000,2,4,32.43879560409746,13.868496907846598,gnss_local_enu_direct,32.43879560409746,13.868496907846598,110.4353277,-7.05078,180.34,5.533,8.288,3,1,10,0,1.1568,227.803,-0.777,-0.857,0.092,1.1,54.482,99.0,5.01,114.5848118791931,neo3_calibrated_direct,1,27.5146,-8.17261,-32.7148,43.521292563664744,7,149.61834063098019,yahboom_calibrated_direct,0,3151,2939,2892,0.011728600176522752,0.5457259156778959,0.5458519351477822,127.45599523861452,neo3_calibrated_direct:gyro_integral,1,127.45599523861452,nan,117.333984375,0.0,-212,-64,2039,-1.01514150390625,-0.3064578125,9.763554370117188,9.820968516497228,0,0,0,0.0,0.0,0.0,0.0,0.0,0.0,0.0,-332,1080,21360,-1.82373046875,5.9326171875,117.333984375,98776.859,304.75,1,1,0,0,895,46,234,439,439,439,439,2653,F4line=895;YAH=1756
DIRECT_SERIAL,151,1789354958544495677,2026-09-14T03:02:38.544496+00:00,-1,23938746686122,1789354958400000000,1789354958,400000000,38690320,1789354958407235,1789354958400000,2,4,32.43879560409746,13.868496907846598,gnss_local_enu_direct,32.43879560409746,13.868496907846598,110.4353277,-7.05078,180.34,5.533,8.288,3,1,10,0,1.1568,227.803,-0.777,-0.857,0.092,1.1,54.482,99.0,5.01,114.91050976285226,neo3_calibrated_direct,1,27.4658,-8.08716,-32.5684,43.36442095849546,7,149.6021264787639,yahboom_calibrated_direct,0,3152,2932,2868,0.011857627433842038,0.5446751780396083,0.5448042335562737,127.45599523861452,neo3_calibrated_direct:gyro_integral,1,127.45599523861452,nan,117.333984375,0.0,-213,-64,2032,-1.0199299072265624,-0.3064578125,9.730035546875,9.78814411162548,0,0,0,0.0,0.0,0.0,0.0,0.0,0.0,0.0,-332,1080,21360,-1.82373046875,5.9326171875,117.333984375,98776.859,304.75,1,1,0,0,899,46,236,441,441,441,441,2665,F4line=899;YAH=1764
DIRECT_SERIAL,152,1789354958604365188,2026-09-14T03:02:38.604365+00:00,-1,23938806555470,1789354958400000000,1789354958,400000000,38690320,1789354958407235,1789354958400000,2,4,32.43879560409746,13.868496907846598,gnss_local_enu_direct,32.43879560409746,13.868496907846598,110.4353277,-7.05078,180.34,5.533,8.288,3,1,10,0,1.1568,227.803,-0.777,-0.857,0.092,1.1,54.482,99.0,5.01,114.97846042304577,neo3_calibrated_direct,1,27.4658,-8.06885,-32.5928,43.37933980367267,7,149.63447333470359,yahboom_calibrated_direct,0,3150,2939,2856,0.011577395906370832,0.5457227475332054,0.5458455397556744,127.45599523861452,neo3_calibrated_direct:gyro_integral,1,127.45599523861452,nan,117.333984375,0.0,-213,-63,2034,-1.0199299072265624,-0.3016694091796875,9.739612353515625,9.797515513886374,0,0,0,0.0,0.0,0.0,0.0,0.0,0.0,0.0,-332,1080,21360,-1.82373046875,5.9326171875,117.333984375,98778.992,305.0,1,1,0,0,903,46,237,444,444,444,444,2681,F4line=903;YAH=1776
DIRECT_SERIAL,153,1789354958664310309,2026-09-14T03:02:38.664310+00:00,-1,23938866500621,1789354958600000000,1789354958,600000000,38690522,1789354958609675,1789354958600000,2,4,32.52717690601451,13.569889441865085,gnss_local_enu_direct,32.52717690601451,13.569889441865085,110.4353285,-7.0507827,178.85,5.526,8.295,3,1,11,0,1.0925,112.269,-0.414,1.011,4.36,2.1605,113.311,99.0,5.0,114.9889524319706,neo3_calibrated_direct,1,27.4658,-8.06885,-32.5684,43.361010003487,7,149.7315174727148,yahboom_calibrated_direct,0,3144,2929,2906,0.010638488838555544,0.5441981589750947,0.5443021345508857,127.45599523861452,neo3_calibrated_direct:gyro_integral,1,127.45599523861452,nan,117.333984375,0.0,-211,-66,2037,-1.0103531005859374,-0.316034619140625,9.753977563476562,9.81125728829711,0,0,0,0.0,0.0,0.0,0.0,0.0,0.0,0.0,-332,1080,21360,-1.82373046875,5.9326171875,117.333984375,98780.516,305.0,1,1,0,0,916,47,239,447,447,447,447,2706,F4line=916;YAH=1788
DIRECT_SERIAL,154,1789354958724088855,2026-09-14T03:02:38.724089+00:00,-1,23938926279284,1789354958600000000,1789354958,600000000,38690522,1789354958609675,1789354958600000,2,4,32.52717690601451,13.569889441865085,gnss_local_enu_direct,32.52717690601451,13.569889441865085,110.4353285,-7.0507827,178.85,5.526,8.295,3,1,11,0,1.0925,112.269,-0.414,1.011,4.36,2.1605,113.311,99.0,5.0,114.83607258192838,neo3_calibrated_direct,1,27.4902,-8.11157,-32.6172,43.42108243405385,7,149.61828277041053,yahboom_calibrated_direct,0,3151,2931,2861,0.011703255018999742,0.5445214519259212,0.544647204881796,127.45599523861452,neo3_calibrated_direct:gyro_integral,1,127.45599523861452,nan,117.333984375,0.0,-210,-65,2038,-1.005564697265625,-0.3112462158203125,9.758765966796874,9.815373032236844,0,0,0,0.0,0.0,0.0,0.0,0.0,0.0,0.0,-332,1080,21360,-1.82373046875,5.9326171875,117.333984375,98780.516,305.0,1,1,0,0,918,47,240,450,450,450,450,2720,F4line=918;YAH=1800
DIRECT_SERIAL,155,1789354958783899892,2026-09-14T03:02:38.783900+00:00,-1,23938986090191,1789354958600000000,1789354958,600000000,38690522,1789354958609675,1789354958600000,2,4,32.52717690601451,13.569889441865085,gnss_local_enu_direct,32.52717690601451,13.569889441865085,110.4353285,-7.0507827,178.85,5.526,8.295,3,1,11,0,1.0925,112.269,-0.414,1.011,4.36,2.1605,113.311,99.0,5.0,115.10774757548431,neo3_calibrated_direct,1,27.4902,-8.05054,-32.5928,43.39139202850722,7,149.65061823315148,yahboom_calibrated_direct,0,3149,2932,2789,0.011404014623386277,0.5446656736055371,0.5447850471091363,127.45599523861452,neo3_calibrated_direct:gyro_integral,1,127.45599523861452,nan,117.333984375,0.0,-213,-66,2035,-1.0199299072265624,-0.316034619140625,9.744400756835937,9.802728242993137,0,0,0,0.0,0.0,0.0,0.0,0.0,0.0,0.0,-332,1080,21360,-1.82373046875,5.9326171875,117.333984375,98778.383,305.0,1,1,0,0,928,47,242,453,453,453,453,2742,F4line=928;YAH=1812
DIRECT_SERIAL,156,1789354958834999727,2026-09-14T03:02:38.835000+00:00,-1,23939037189923,1789354958800000000,1789354958,800000000,38690720,1789354958806858,1789354958800000,2,4,32.52717690601451,13.569889441865085,gnss_local_enu_direct,32.52717690601451,13.569889441865085,110.4353285,-7.0507827,178.85,5.526,8.295,3,1,11,0,1.0925,112.269,-0.414,1.011,4.36,2.1605,113.311,99.0,5.0,115.3578807571609,neo3_calibrated_direct,1,27.4414,-7.97119,-32.5684,43.32748530131999,7,149.52162025456045,yahboom_calibrated_direct,0,3157,2941,2802,0.01264216208681503,0.5460460404840318,0.5461923677519838,127.45599523861452,neo3_calibrated_direct:gyro_integral,1,127.45599523861452,nan,117.333984375,0.0,-211,-66,2032,-1.0103531005859374,-0.316034619140625,9.730035546875,9.78745539002912,0,0,0,0.0,0.0,0.0,0.0,0.0,0.0,0.0,-332,1080,21360,-1.82373046875,5.9326171875,117.333984375,98778.383,305.0,1,1,0,0,932,47,243,456,456,456,456,2758,F4line=932;YAH=1824
DIRECT_SERIAL,157,1789354958891203501,2026-09-14T03:02:38.891204+00:00,-1,23939093393883,1789354958800000000,1789354958,800000000,38690720,1789354958806858,1789354958800000,2,4,32.737092136690634,13.282341051409874,gnss_local_enu_direct,32.737092136690634,13.282341051409874,110.4353304,-7.0507853,177.17,5.516,8.299,3,1,11,0,1.3554,113.709,-0.545,1.241,4.81,2.2604,95.552,99.0,5.01,115.07436930007792,neo3_calibrated_direct,1,27.4414,-8.04443,-32.4951,43.28596553150802,7,149.34431029869873,yahboom_calibrated_direct,0,3168,2941,2826,0.014305409058486157,0.546080890075626,0.5462682337772521,127.45599523861452,neo3_calibrated_direct:gyro_integral,1,127.45599523861452,nan,117.333984375,0.0,-214,-65,2034,-1.024718310546875,-0.3112462158203125,9.739612353515625,9.798314682616938,0,0,0,0.0,0.0,0.0,0.0,0.0,0.0,0.0,-332,1080,21360,-1.82373046875,5.9326171875,117.333984375,98778.688,305.0,1,1,0,0,939,48,244,459,459,459,459,2777,F4line=939;YAH=1836
DIRECT_SERIAL,158,1789354958943574241,2026-09-14T03:02:38.943574+00:00,-1,23939145765075,1789354958800000000,1789354958,800000000,38690720,1789354958806858,1789354958800000,2,4,32.737092136690634,13.282341051409874,gnss_local_enu_direct,32.737092136690634,13.282341051409874,110.4353304,-7.0507853,177.17,5.516,8.299,3,1,11,0,1.3554,113.709,-0.545,1.241,4.81,2.2604,95.552,99.0,5.01,114.88952154803658,neo3_calibrated_direct,1,27.4658,-8.08716,-32.6172,43.40108365404716,7,149.3928707587546,yahboom_calibrated_direct,0,3165,2944,2828,0.013861300682101525,0.5465230595485453,0.5466988112982343,127.45599523861452,neo3_calibrated_direct:gyro_integral,1,127.45599523861452,nan,117.333984375,0.0,-213,-65,2035,-1.0199299072265624,-0.3112462158203125,9.744400756835937,9.802575035792506,0,0,0,0.0,0.0,0.0,0.0,0.0,0.0,0.0,-332,1080,21360,-1.82373046875,5.9326171875,117.333984375,98778.688,305.0,1,1,0,0,943,48,246,461,461,461,461,2789,F4line=943;YAH=1844
DIRECT_SERIAL,159,1789354959003461564,2026-09-14T03:02:39.003462+00:00,-1,23939205651877,1789354958800000000,1789354958,800000000,38690720,1789354958806858,1789354958800000,2,4,32.737092136690634,13.282341051409874,gnss_local_enu_direct,32.737092136690634,13.282341051409874,110.4353304,-7.0507853,177.17,5.516,8.299,3,1,11,0,1.3554,113.709,-0.545,1.241,4.81,2.2604,95.552,99.0,5.01,115.03080729581892,neo3_calibrated_direct,1,27.4658,-8.05664,-32.5928,43.37707032026944,7,149.4574991122649,yahboom_calibrated_direct,0,3161,2948,2818,0.013269156180255346,0.5471126188457711,0.5472735040233667,127.45599523861452,neo3_calibrated_direct:gyro_integral,1,127.45599523861452,nan,117.333984375,0.0,-213,-65,2037,-1.0199299072265624,-0.3112462158203125,9.753977563476562,9.812095063304362,0,0,0,0.0,0.0,0.0,0.0,0.0,0.0,0.0,-332,1080,21360,-1.82373046875,5.9326171875,117.333984375,98778.688,305.0,1,1,0,0,946,48,247,464,464,464,464,2804,F4line=946;YAH=1856
DIRECT_SERIAL,160,1789354959063217184,2026-09-14T03:02:39.063217+00:00,-1,23939265407694,1789354959000000000,1789354959,0,38690927,1789354959014854,1789354959000000,2,4,32.703946870398894,13.215984883462232,gnss_local_enu_direct,32.703946870398894,13.215984883462232,110.4353301,-7.0507859,177.3,5.507,8.31,3,1,10,0,0.5773,193.218,-0.562,-0.132,1.871,1.9491,180.0,99.0,4.98,115.18107985894085,neo3_calibrated_direct,1,27.4902,-8.03833,-32.5439,43.35240791973267,7,149.4893784430386,yahboom_calibrated_direct,0,3159,2941,2808,0.01294457062711887,0.5460523767734126,0.5462057854770612,127.45599523861452,neo3_calibrated_direct:gyro_integral,1,127.45599523861452,nan,117.333984375,0.0,-212,-64,2033,-1.01514150390625,-0.3064578125,9.734823950195311,9.79240654819292,0,0,0,0.0,0.0,0.0,0.0,0.0,0.0,0.0,-332,1080,21360,-1.82373046875,5.9326171875,117.333984375,98779.297,304.75,1,1,0,0,957,49,249,467,467,467,467,2827,F4line=957;YAH=1868
DIRECT_SERIAL,161,1789354959123043786,2026-09-14T03:02:39.123044+00:00,-1,23939325234510,1789354959000000000,1789354959,0,38690927,1789354959014854,1789354959000000,2,4,32.703946870398894,13.215984883462232,gnss_local_enu_direct,32.703946870398894,13.215984883462232,110.4353301,-7.0507859,177.3,5.507,8.31,3,1,10,0,0.5773,193.218,-0.562,-0.132,1.871,1.9491,180.0,99.0,4.98,114.70774074903848,neo3_calibrated_direct,1,27.4414,-8.11768,-32.6172,43.391345892728424,7,149.4408502867063,yahboom_calibrated_direct,0,3162,2938,2763,0.013388679003503504,0.545610207300493,0.5457744543636555,127.45599523861452,neo3_calibrated_direct:gyro_integral,1,127.45599523861452,nan,117.333984375,0.0,-210,-64,2030,-1.005564697265625,-0.3064578125,9.720458740234374,9.777136332885412,0,0,0,0.0,0.0,0.0,0.0,0.0,0.0,0.0,-332,1080,21360,-1.82373046875,5.9326171875,117.333984375,98779.297,304.75,1,1,0,0,959,49,250,470,470,470,470,2841,F4line=959;YAH=1880
DIRECT_SERIAL,162,1789354959183026590,2026-09-14T03:02:39.183027+00:00,-1,23939385216841,1789354959000000000,1789354959,0,38690927,1789354959014854,1789354959000000,2,4,32.703946870398894,13.215984883462232,gnss_local_enu_direct,32.703946870398894,13.215984883462232,110.4353301,-7.0507859,177.3,5.507,8.31,3,1,10,0,0.5773,193.218,-0.562,-0.132,1.871,1.9491,180.0,99.0,4.98,114.69625372600026,neo3_calibrated_direct,1,27.4658,-8.12988,-32.6416,43.42740113124892,7,149.4571382254065,yahboom_calibrated_direct,0,3161,2941,2738,0.013246979167422712,0.5460587130627933,0.5462193703713336,127.45599523861452,neo3_calibrated_direct:gyro_integral,1,127.45599523861452,nan,117.333984375,0.0,-209,-65,2037,-1.0007762939453124,-0.3112462158203125,9.753977563476562,9.8101226142281,0,0,0,0.0,0.0,0.0,0.0,0.0,0.0,0.0,-332,1080,21360,-1.82373046875,5.9326171875,117.333984375,98775.633,304.75,1,1,0,0,964,49,252,473,473,473,473,2858,F4line=964;YAH=1892
DIRECT_SERIAL,163,1789354959234559312,2026-09-14T03:02:39.234559+00:00,-1,23939436749667,1789354959000000000,1789354959,0,38690927,1789354959014854,1789354959000000,2,4,32.703946870398894,13.215984883462232,gnss_local_enu_direct,32.703946870398894,13.215984883462232,110.4353301,-7.0507859,177.3,5.507,8.31,3,1,10,0,0.5773,193.218,-0.562,-0.132,1.871,1.9491,180.0,99.0,4.98,115.31203974714217,neo3_calibrated_direct,1,27.4902,-8.00781,-32.5439,43.34675932807549,7,149.63449541318667,yahboom_calibrated_direct,0,3150,2947,2733,0.011602741063893843,0.5469272112851802,0.5470502701254976,127.45599523861452,neo3_calibrated_direct:gyro_integral,1,127.45599523861452,nan,117.333984375,0.0,-212,-65,2036,-1.01514150390625,-0.3112462158203125,9.749189160156249,9.806838214242326,0,0,0,0.0,0.0,0.0,0.0,0.0,0.0,0.0,-332,1080,21360,-1.82373046875,5.9326171875,117.333984375,98775.633,304.75,1,1,0,0,967,49,253,476,476,476,476,2873,F4line=967;YAH=1904
DIRECT_SERIAL,164,1789354959291506380,2026-09-14T03:02:39.291507+00:00,-1,23939493696596,1789354959200000000,1789354959,200000000,38691121,1789354959208270,1789354959200000,2,4,32.449830784641584,13.182807811949793,gnss_local_enu_direct,32.449830784641584,13.182807811949793,110.4353278,-7.0507862,177.78,5.491,8.322,3,1,11,0,0.7417,213.283,-0.62,-0.407,1.408,1.4537,112.305,99.0,5.01,115.1166412109945,neo3_calibrated_direct,1,27.5146,-8.06274,-32.5684,43.39080165228109,7,149.60230143781718,yahboom_calibrated_direct,0,3152,2947,2760,0.011905149604197683,0.546933547574561,0.54706310243846,127.45599523861452,neo3_calibrated_direct:gyro_integral,1,127.45599523861452,nan,117.333984375,0.0,-215,-65,2032,-1.0295067138671874,-0.3112462158203125,9.730035546875,9.789297728857322,0,0,0,0.0,0.0,0.0,0.0,0.0,0.0,0.0,-332,1080,21360,-1.82373046875,5.9326171875,117.333984375,98780.82,304.75,1,1,0,0,974,50,254,479,479,479,479,2892,F4line=974;YAH=1916
DIRECT_SERIAL,165,1789354959342558022,2026-09-14T03:02:39.342558+00:00,-1,23939544748278,1789354959200000000,1789354959,200000000,38691121,1789354959208270,1789354959200000,2,4,32.449830784641584,13.182807811949793,gnss_local_enu_direct,32.449830784641584,13.182807811949793,110.4353278,-7.0507862,177.78,5.491,8.322,3,1,11,0,0.7417,213.283,-0.62,-0.407,1.408,1.4537,112.305,99.0,5.01,114.88822830473738,neo3_calibrated_direct,1,27.4902,-8.09937,-32.6172,43.41880498444078,7,149.79527985046983,yahboom_calibrated_direct,0,3140,2952,2773,0.010106539085826517,0.5476483196832607,0.5477415669676643,127.45599523861452,neo3_calibrated_direct:gyro_integral,1,127.45599523861452,nan,117.333984375,0.0,-212,-64,2029,-1.01514150390625,-0.3064578125,9.715670336914062,9.773365784589622,0,0,0,0.0,0.0,0.0,0.0,0.0,0.0,0.0,-332,1080,21360,-1.82373046875,5.9326171875,117.333984375,98780.82,304.75,1,1,0,0,978,50,256,481,481,481,481,2904,F4line=978;YAH=1924
DIRECT_SERIAL,166,1789354959402367179,2026-09-14T03:02:39.402367+00:00,-1,23939604557430,1789354959200000000,1789354959,200000000,38691121,1789354959208270,1789354959200000,2,4,32.449830784641584,13.182807811949793,gnss_local_enu_direct,32.449830784641584,13.182807811949793,110.4353278,-7.0507862,177.78,5.491,8.322,3,1,11,0,0.7417,213.283,-0.62,-0.407,1.408,1.4537,112.305,99.0,5.01,114.81232475115888,neo3_calibrated_direct,1,27.4414,-8.09326,-32.6172,43.38678401572995,7,149.79552898766292,yahboom_calibrated_direct,0,3140,2946,2794,0.01008753021768426,0.5467449718692796,0.5468380222060569,127.45599523861452,neo3_calibrated_direct:gyro_integral,1,127.45599523861452,nan,117.333984375,0.0,-215,-66,2038,-1.0295067138671874,-0.316034619140625,9.758765966796874,9.818007697547701,0,0,0,0.0,0.0,0.0,0.0,0.0,0.0,0.0,-332,1080,21360,-1.82373046875,5.9326171875,117.333984375,98779.602,304.75,1,1,0,0,984,50,257,484,484,484,484,2922,F4line=984;YAH=1936
DIRECT_SERIAL,167,1789354959462238029,2026-09-14T03:02:39.462238+00:00,-1,23939664428354,1789354959400000000,1789354959,400000000,38691321,1789354959408388,1789354959400000,2,4,32.19571473309392,13.182808990564816,gnss_local_enu_direct,32.19571473309392,13.182808990564816,110.4353255,-7.0507862,178.27,5.474,8.329,3,1,11,0,0.5482,219.003,-0.426,-0.345,1.398,1.5468,161.671,99.0,5.01,114.65872441575306,neo3_calibrated_direct,1,27.4902,-8.14819,-32.666,43.46460229101493,7,149.8114506845517,yahboom_calibrated_direct,0,3139,2950,2814,0.009948998526293844,0.5473440356005767,0.5474344489335701,127.45599523861452,neo3_calibrated_direct:gyro_integral,1,127.45599523861452,nan,117.333984375,0.0,-212,-64,2039,-1.01514150390625,-0.3064578125,9.763554370117188,9.820968516497228,0,0,0,0.0,0.0,0.0,0.0,0.0,0.0,0.0,-332,1080,21360,-1.82373046875,5.9326171875,117.333984375,98778.078,304.75,1,1,0,0,994,51,259,487,487,487,487,2944,F4line=994;YAH=1948
DIRECT_SERIAL,168,1789354959522083844,2026-09-14T03:02:39.522084+00:00,-1,23939724274213,1789354959400000000,1789354959,400000000,38691321,1789354959408388,1789354959400000,2,4,32.19571473309392,13.182808990564816,gnss_local_enu_direct,32.19571473309392,13.182808990564816,110.4353255,-7.0507862,178.27,5.474,8.329,3,1,11,0,0.5482,219.003,-0.426,-0.345,1.398,1.5468,161.671,99.0,5.01,114.86726419007351,neo3_calibrated_direct,1,27.4902,-8.09937,-32.666,43.455476598892574,7,149.58631712830464,yahboom_calibrated_direct,0,3153,2954,2816,0.01207853088718224,0.5479906215022293,0.5481237197593187,127.45599523861452,neo3_calibrated_direct:gyro_integral,1,127.45599523861452,nan,117.333984375,0.0,-212,-65,2031,-1.01514150390625,-0.3112462158203125,9.725247143554688,9.78303728312604,0,0,0,0.0,0.0,0.0,0.0,0.0,0.0,0.0,-332,1080,21360,-1.82373046875,5.9326171875,117.333984375,98778.078,304.75,1,1,0,0,996,51,260,490,490,490,490,2958,F4line=996;YAH=1960
DIRECT_SERIAL,169,1789354959581918214,2026-09-14T03:02:39.581918+00:00,-1,23939784108497,1789354959400000000,1789354959,400000000,38691321,1789354959408388,1789354959400000,2,4,32.19571473309392,13.182808990564816,gnss_local_enu_direct,32.19571473309392,13.182808990564816,110.4353255,-7.0507862,178.27,5.474,8.329,3,1,11,0,0.5482,219.003,-0.426,-0.345,1.398,1.5468,161.671,99.0,5.01,114.95612222247819,neo3_calibrated_direct,1,27.4902,-8.08105,-32.6416,43.433725556328916,7,149.58614076227843,yahboom_calibrated_direct,0,3153,2943,2798,0.0120436812955881,0.546334483843264,0.5464672163043592,127.45599523861452,neo3_calibrated_direct:gyro_integral,1,127.45599523861452,nan,117.333984375,0.0,-209,-64,2029,-1.0007762939453124,-0.3064578125,9.715670336914062,9.771884141605293,0,0,0,0.0,0.0,0.0,0.0,0.0,0.0,0.0,-332,1080,21360,-1.82373046875,5.9326171875,117.333984375,98777.469,304.75,1,1,0,0,1002,51,262,493,493,493,493,2976,F4line=1002;YAH=1972
DIRECT_SERIAL,170,1789354959635873877,2026-09-14T03:02:39.635874+00:00,-1,23939838064132,1789354959400000000,1789354959,400000000,38691321,1789354959408388,1789354959400000,2,4,32.19571473309392,13.182808990564816,gnss_local_enu_direct,32.19571473309392,13.182808990564816,110.4353255,-7.0507862,178.27,5.474,8.329,3,1,11,0,0.5482,219.003,-0.426,-0.345,1.398,1.5468,161.671,99.0,5.01,114.93647702731846,neo3_calibrated_direct,1,27.4658,-8.06885,-32.6904,43.45271869656144,7,149.53768285050313,yahboom_calibrated_direct,0,3156,2939,2777,0.012484621527282354,0.5457417564013477,0.5458845394904562,127.45599523861452,neo3_calibrated_direct:gyro_integral,1,127.45599523861452,nan,117.333984375,0.0,-210,-64,2039,-1.005564697265625,-0.3064578125,9.763554370117188,9.819983232646766,0,0,0,0.0,0.0,0.0,0.0,0.0,0.0,0.0,-332,1080,21360,-1.82373046875,5.9326171875,117.333984375,98777.469,304.75,1,1,0,0,1005,51,263,496,496,496,496,2991,F4line=1005;YAH=1984
DIRECT_SERIAL,171,1789354959691867356,2026-09-14T03:02:39.691867+00:00,-1,23939894057585,1789354959600000000,1789354959,600000000,38691522,1789354959609705,1789354959600000,2,4,31.941598448637553,13.193869497453525,gnss_local_enu_direct,31.941598448637553,13.193869497453525,110.4353232,-7.0507861,178.72,5.46,8.337,3,1,11,0,0.4668,231.436,-0.291,-0.365,1.368,1.5879,180.0,99.0,5.0,114.66921063310077,neo3_calibrated_direct,1,27.4902,-8.14819,-32.6416,43.44626735262881,7,149.58610858078842,yahboom_calibrated_direct,0,3153,2941,2806,0.012037345006207347,0.5460333679052704,0.5461660338585427,127.45599523861452,neo3_calibrated_direct:gyro_integral,1,127.45599523861452,nan,117.333984375,0.0,-214,-65,2036,-1.024718310546875,-0.3112462158203125,9.749189160156249,9.807834169853232,0,0,0,0.0,0.0,0.0,0.0,0.0,0.0,0.0,-332,1080,21360,-1.82373046875,5.9326171875,117.333984375,98778.992,304.75,1,1,0,0,1012,52,264,499,499,499,499,3010,F4line=1012;YAH=1996
DIRECT_SERIAL,172,1789354959742583718,2026-09-14T03:02:39.742584+00:00,-1,23939944773874,1789354959600000000,1789354959,600000000,38691522,1789354959609705,1789354959600000,2,4,31.941598448637553,13.193869497453525,gnss_local_enu_direct,31.941598448637553,13.193869497453525,110.4353232,-7.0507861,178.72,5.46,8.337,3,1,11,0,0.4668,231.436,-0.291,-0.365,1.368,1.5879,180.0,99.0,5.0,114.82949066248418,neo3_calibrated_direct,1,27.5146,-8.11768,-32.6904,43.49266827756605,7,149.6827997274945,yahboom_calibrated_direct,0,3147,2946,2803,0.011145960108747705,0.5467671488821122,0.5468807434198243,127.45599523861452,neo3_calibrated_direct:gyro_integral,1,127.45599523861452,nan,117.333984375,0.0,-214,-64,2037,-1.024718310546875,-0.3064578125,9.753977563476562,9.812443238848136,0,0,0,0.0,0.0,0.0,0.0,0.0,0.0,0.0,-332,1080,21360,-1.82373046875,5.9326171875,117.333984375,98778.992,304.75,1,1,0,0,1021,52,266,502,502,502,502,3031,F4line=1021;YAH=2008
DIRECT_SERIAL,173,1789354959801321646,2026-09-14T03:02:39.801322+00:00,-1,23940003511948,1789354959600000000,1789354959,600000000,38691522,1789354959609705,1789354959600000,2,4,31.941598448637553,13.193869497453525,gnss_local_enu_direct,31.941598448637553,13.193869497453525,110.4353232,-7.0507861,178.72,5.46,8.337,3,1,11,0,0.4668,231.436,-0.291,-0.365,1.368,1.5879,180.0,99.0,5.0,114.76182800205804,neo3_calibrated_direct,1,27.5146,-8.13599,-32.666,43.47775410989049,7,149.50603361337102,yahboom_calibrated_direct,0,3158,2955,2818,0.012837720382632218,0.5481570201946779,0.5483073279223352,127.45599523861452,neo3_calibrated_direct:gyro_integral,1,127.45599523861452,nan,117.333984375,0.0,-212,-65,2033,-1.01514150390625,-0.3112462158203125,9.734823950195311,9.792557573030232,0,0,0,0.0,0.0,0.0,0.0,0.0,0.0,0.0,-332,1080,21360,-1.82373046875,5.9326171875,117.333984375,98777.773,304.75,1,1,0,0,1024,52,267,504,504,504,504,3042,F4line=1024;YAH=2016
DIRECT_SERIAL,174,1789354959852038807,2026-09-14T03:02:39.852039+00:00,-1,23940054229300,1789354959800000000,1789354959,800000000,38691720,1789354959807603,1789354959800000,2,4,31.64328684256,13.193870306054595,gnss_local_enu_direct,31.64328684256,13.193870306054595,110.4353205,-7.0507861,179.02,5.444,8.344,3,1,11,0,0.4146,244.115,-0.181,-0.373,1.602,1.6771,180.0,99.0,5.01,114.75244971740165,neo3_calibrated_direct,1,27.4902,-8.12378,-32.6904,43.47837565604768,7,149.5215863662501,yahboom_calibrated_direct,0,3157,2940,2779,0.012638993942124654,0.545895482515035,0.5460417767883625,127.45599523861452,neo3_calibrated_direct:gyro_integral,1,127.45599523861452,nan,117.333984375,0.0,-215,-64,2039,-1.0295067138671874,-0.3064578125,9.763554370117188,9.822463764401187,0,0,0,0.0,0.0,0.0,0.0,0.0,0.0,0.0,-332,1080,21360,-1.82373046875,5.9326171875,117.333984375,98777.773,304.75,1,1,0,0,1032,53,268,507,507,507,507,3062,F4line=1032;YAH=2028
DIRECT_SERIAL,175,1789354959902590318,2026-09-14T03:02:39.902590+00:00,-1,23940104780500,1789354959800000000,1789354959,800000000,38691720,1789354959807603,1789354959800000,2,4,31.64328684256,13.193870306054595,gnss_local_enu_direct,31.64328684256,13.193870306054595,110.4353205,-7.0507861,179.02,5.444,8.344,3,1,11,0,0.4146,244.115,-0.181,-0.373,1.602,1.6771,180.0,99.0,5.01,114.8060362644086,neo3_calibrated_direct,1,27.4658,-8.11157,-32.5684,43.36897988268689,7,149.5375943764416,yahboom_calibrated_direct,0,3156,2936,2740,0.012475117093211228,0.5452900824943572,0.5454327663545638,127.45599523861452,neo3_calibrated_direct:gyro_integral,1,127.45599523861452,nan,117.333984375,0.0,-211,-63,2035,-1.0103531005859374,-0.3016694091796875,9.744400756835937,9.801283789898301,0,0,0,0.0,0.0,0.0,0.0,0.0,0.0,0.0,-332,1080,21360,-1.82373046875,5.9326171875,117.333984375,98777.773,304.75,1,1,0,0,1036,53,270,510,510,510,510,3078,F4line=1036;YAH=2040
DIRECT_SERIAL,176,1789354959961035230,2026-09-14T03:02:39.961035+00:00,-1,23940163225606,1789354959800000000,1789354959,800000000,38691720,1789354959807603,1789354959800000,2,4,31.64328684256,13.193870306054595,gnss_local_enu_direct,31.64328684256,13.193870306054595,110.4353205,-7.0507861,179.02,5.444,8.344,3,1,11,0,0.4146,244.115,-0.181,-0.373,1.602,1.6771,180.0,99.0,5.01,114.60752491212256,neo3_calibrated_direct,1,27.4658,-8.14819,-32.666,43.44917405332465,7,149.5858823127066,yahboom_calibrated_direct,0,3153,2927,2728,0.011992990980542078,0.5439255563393145,0.54405775674251,127.45599523861452,neo3_calibrated_direct:gyro_integral,1,127.45599523861452,nan,117.333984375,0.0,-216,-65,2038,-1.0342951171875,-0.3112462158203125,9.758765966796874,9.8183579987192,0,0,0,0.0,0.0,0.0,0.0,0.0,0.0,0.0,-332,1080,21360,-1.82373046875,5.9326171875,117.333984375,98780.516,304.75,1,1,0,0,1039,53,271,512,512,512,512,3089,F4line=1039;YAH=2048
DIRECT_SERIAL,177,1789354960011899194,2026-09-14T03:02:40.011899+00:00,-1,23940214089556,1789354959800000000,1789354959,800000000,38691720,1789354959807603,1789354959800000,2,4,31.64328684256,13.193870306054595,gnss_local_enu_direct,31.64328684256,13.193870306054595,110.4353205,-7.0507861,179.02,5.444,8.344,3,1,11,0,0.4146,244.115,-0.181,-0.373,1.602,1.6771,180.0,99.0,5.01,114.62216973522017,neo3_calibrated_direct,1,27.4902,-8.1543,-32.6904,43.48408854615674,7,149.40852070666813,yahboom_calibrated_direct,0,3164,2937,2787,0.013687919399116968,0.545465985620877,0.5456377008664555,127.45599523861452,neo3_calibrated_direct:gyro_integral,1,127.45599523861452,nan,117.333984375,0.0,-214,-66,2035,-1.024718310546875,-0.316034619140625,9.744400756835937,9.803227611674135,0,0,0,0.0,0.0,0.0,0.0,0.0,0.0,0.0,-332,1080,21360,-1.82373046875,5.9326171875,117.333984375,98780.516,304.75,1,1,0,0,1041,53,272,515,515,515,515,3103,F4line=1041;YAH=2060
DIRECT_SERIAL,178,1789354960080601877,2026-09-14T03:02:40.080602+00:00,-1,23940282792560,1789354960000000000,1789354960,0,38691929,1789354960016568,1789354960000000,2,4,31.422316734362603,13.282346816029897,gnss_local_enu_direct,31.422316734362603,13.282346816029897,110.4353185,-7.0507853,179.53,5.431,8.355,3,1,11,0,0.2687,249.07,-0.096,-0.251,1.413,1.7139,180.0,99.0,4.98,114.13858734557995,neo3_calibrated_direct,1,27.4902,-8.25806,-32.7881,43.577128778908786,7,149.7315656499939,yahboom_calibrated_direct,0,3144,2927,2785,0.010632152549174791,0.5438970430371011,0.544000952289912,127.45599523861452,neo3_calibrated_direct:gyro_integral,1,127.45599523861452,nan,117.333984375,0.0,-208,-67,2034,-0.9959878906249999,-0.32082302246093747,9.739612353515625,9.795660676379454,0,0,0,0.0,0.0,0.0,0.0,0.0,0.0,0.0,-332,1080,21360,-1.82373046875,5.9326171875,117.333984375,98776.242,304.75,1,1,0,0,1052,54,274,518,518,518,518,3126,F4line=1052;YAH=2072
DIRECT_SERIAL,179,1789354960132078990,2026-09-14T03:02:40.132079+00:00,-1,23940334269190,1789354960000000000,1789354960,0,38691929,1789354960016568,1789354960000000,2,4,31.422316734362603,13.282346816029897,gnss_local_enu_direct,31.422316734362603,13.282346816029897,110.4353185,-7.0507853,179.53,5.431,8.355,3,1,11,0,0.2687,249.07,-0.096,-0.251,1.413,1.7139,180.0,99.0,4.98,114.82559042189027,neo3_calibrated_direct,1,27.4902,-8.11157,-32.6416,43.43941429698264,7,149.61829725953677,yahboom_calibrated_direct,0,3151,2933,2789,0.011709591308380495,0.5448225678639148,0.544948387448242,127.45599523861452,neo3_calibrated_direct:gyro_integral,1,127.45599523861452,nan,117.333984375,0.0,-211,-64,2034,-1.0103531005859374,-0.3064578125,9.739612353515625,9.796671811154035,0,0,0,0.0,0.0,0.0,0.0,0.0,0.0,0.0,-332,1080,21360,-1.82373046875,5.9326171875,117.333984375,98776.242,304.75,1,1,0,0,1054,54,275,521,521,521,521,3140,F4line=1054;YAH=2084
DIRECT_SERIAL,180,1789354960200407684,2026-09-14T03:02:40.200408+00:00,-1,23940402597939,1789354960000000000,1789354960,0,38691929,1789354960016568,1789354960000000,2,4,31.422316734362603,13.282346816029897,gnss_local_enu_direct,31.422316734362603,13.282346816029897,110.4353185,-7.0507853,179.53,5.431,8.355,3,1,11,0,0.2687,249.07,-0.096,-0.251,1.413,1.7139,180.0,99.0,4.98,114.76404677790833,neo3_calibrated_direct,1,27.4658,-8.11157,-32.666,43.44232145621249,7,149.58601182300814,yahboom_calibrated_direct,0,3153,2935,2817,0.01201833613806509,0.5451300200912892,0.5452624865220941,127.45599523861452,neo3_calibrated_direct:gyro_integral,1,127.45599523861452,nan,117.333984375,0.0,-211,-65,2034,-1.0103531005859374,-0.3112462158203125,9.739612353515625,9.796822770239352,0,0,0,0.0,0.0,0.0,0.0,0.0,0.0,0.0,-332,1080,21360,-1.82373046875,5.9326171875,117.333984375,98778.688,304.75,1,1,0,0,1059,54,277,524,524,524,524,3157,F4line=1059;YAH=2096
DIRECT_SERIAL,181,1789354960252115241,2026-09-14T03:02:40.252115+00:00,-1,23940454305450,1789354960200000000,1789354960,200000000,38692121,1789354960207667,1789354960200000,2,4,31.23449269964391,13.381882818722211,gnss_local_enu_direct,31.23449269964391,13.381882818722211,110.4353168,-7.0507844,180.08,5.417,8.363,3,1,11,0,0.2093,225.774,-0.146,-0.15,1.374,1.6852,180.0,99.0,5.01,115.32250800276563,neo3_calibrated_direct,1,27.4902,-8.00781,-32.5195,43.328443282514776,7,149.63445671177814,yahboom_calibrated_direct,0,3150,2933,2799,0.011558387038228575,0.5448193997192243,0.5449419919783586,127.45599523861452,neo3_calibrated_direct:gyro_integral,1,127.45599523861452,nan,117.333984375,0.0,-213,-65,2036,-1.0199299072265624,-0.3112462158203125,9.749189160156249,9.807335035728398,0,0,0,0.0,0.0,0.0,0.0,0.0,0.0,0.0,-332,1080,21360,-1.82373046875,5.9326171875,117.333984375,98781.43,304.75,1,1,0,0,1067,55,278,527,527,527,527,3177,F4line=1067;YAH=2108
DIRECT_SERIAL,182,1789354960320036749,2026-09-14T03:02:40.320037+00:00,-1,23940522227186,1789354960200000000,1789354960,200000000,38692121,1789354960207667,1789354960200000,2,4,31.23449269964391,13.381882818722211,gnss_local_enu_direct,31.23449269964391,13.381882818722211,110.4353168,-7.0507844,180.08,5.417,8.363,3,1,11,0,0.2093,225.774,-0.146,-0.15,1.374,1.6852,180.0,99.0,5.01,115.07113155328065,neo3_calibrated_direct,1,27.4902,-8.05664,-32.6172,43.41085440266754,7,149.48976239617053,yahboom_calibrated_direct,0,3159,2950,2798,0.012973083929332257,0.5474073984943841,0.5475611023739971,127.45599523861452,neo3_calibrated_direct:gyro_integral,1,127.45599523861452,nan,117.333984375,0.0,-214,-65,2040,-1.024718310546875,-0.3112462158203125,9.7683427734375,9.826873478487506,0,0,0,0.0,0.0,0.0,0.0,0.0,0.0,0.0,-332,1080,21360,-1.82373046875,5.9326171875,117.333984375,98781.43,304.75,1,1,0,0,1071,55,280,530,530,530,530,3193,F4line=1071;YAH=2120
DIRECT_SERIAL,183,1789354960372089995,2026-09-14T03:02:40.372090+00:00,-1,23940574280289,1789354960200000000,1789354960,200000000,38692121,1789354960207667,1789354960200000,2,4,31.23449269964391,13.381882818722211,gnss_local_enu_direct,31.23449269964391,13.381882818722211,110.4353168,-7.0507844,180.08,5.417,8.363,3,1,11,0,0.2093,225.774,-0.146,-0.15,1.374,1.6852,180.0,99.0,5.01,114.73176336293514,neo3_calibrated_direct,1,27.4902,-8.13599,-32.6172,43.425651004447815,7,149.65060641523232,yahboom_calibrated_direct,0,3149,2939,2867,0.011426191636218911,0.545719579388515,0.545839186192495,127.45599523861452,neo3_calibrated_direct:gyro_integral,1,127.45599523861452,nan,117.333984375,0.0,-211,-65,2036,-1.0103531005859374,-0.3112462158203125,9.749189160156249,9.80634370574651,0,0,0,0.0,0.0,0.0,0.0,0.0,0.0,0.0,-332,1080,21360,-1.82373046875,5.9326171875,117.333984375,98779.602,304.75,1,1,0,0,1077,55,281,533,533,533,533,3211,F4line=1077;YAH=2132
DIRECT_SERIAL,184,1789354960431738082,2026-09-14T03:02:40.431738+00:00,-1,23940633928411,1789354960200000000,1789354960,200000000,38692121,1789354960207667,1789354960200000,2,4,31.23449269964391,13.381882818722211,gnss_local_enu_direct,31.23449269964391,13.381882818722211,110.4353168,-7.0507844,180.08,5.417,8.363,3,1,11,0,0.2093,225.774,-0.146,-0.15,1.374,1.6852,180.0,99.0,5.01,115.09006752612964,neo3_calibrated_direct,1,27.4414,-8.03833,-32.5195,43.30315304223123,7,149.53780058837097,yahboom_calibrated_direct,0,3156,2943,2849,0.01249729410604386,0.5463439882773351,0.5464869036735993,127.45599523861452,neo3_calibrated_direct:gyro_integral,1,127.45599523861452,nan,117.333984375,0.0,-208,-65,2034,-0.9959878906249999,-0.3112462158203125,9.739612353515625,9.795351697712965,0,0,0,0.0,0.0,0.0,0.0,0.0,0.0,0.0,-332,1080,21360,-1.82373046875,5.9326171875,117.333984375,98779.602,304.75,1,1,0,0,1081,55,283,536,536,536,536,3227,F4line=1081;YAH=2144
DIRECT_SERIAL,185,1789354960492832443,2026-09-14T03:02:40.492832+00:00,-1,23940695022695,1789354960400000000,1789354960,400000000,38692322,1789354960408977,1789354960400000,2,4,31.057717389463363,13.43718123087681,gnss_local_enu_direct,31.057717389463363,13.43718123087681,110.4353152,-7.0507839,180.66,5.403,8.37,3,1,11,0,0.4717,201.779,-0.438,-0.175,0.848,1.5162,180.0,99.0,5.01,115.21948377574533,neo3_calibrated_direct,1,27.4658,-8.02002,-32.5195,43.31522562206504,7,149.40858581645182,yahboom_calibrated_direct,0,3164,2938,2842,0.013691087543807344,0.5456165435898738,0.5457882909307352,127.45599523861452,neo3_calibrated_direct:gyro_integral,1,127.45599523861452,nan,117.333984375,0.0,-209,-65,2034,-1.0007762939453124,-0.3112462158203125,9.739612353515625,9.79583973910045,0,0,0,0.0,0.0,0.0,0.0,0.0,0.0,0.0,-332,1080,21360,-1.82373046875,5.9326171875,117.333984375,98778.078,304.75,1,1,0,0,1089,56,284,539,539,539,539,3247,F4line=1089;YAH=2156
DIRECT_SERIAL,186,1789354960546489218,2026-09-14T03:02:40.546489+00:00,-1,23940748679405,1789354960400000000,1789354960,400000000,38692322,1789354960408977,1789354960400000,2,4,31.057717389463363,13.43718123087681,gnss_local_enu_direct,31.057717389463363,13.43718123087681,110.4353152,-7.0507839,180.66,5.403,8.37,3,1,11,0,0.4717,201.779,-0.438,-0.175,0.848,1.5162,180.0,99.0,5.01,114.99787119582973,neo3_calibrated_direct,1,27.4902,-8.06885,-32.666,43.44979853074695,7,149.6344400336375,yahboom_calibrated_direct,0,3150,2927,2868,0.011539378170086316,0.5439160519052433,0.5440384442010873,127.45599523861452,neo3_calibrated_direct:gyro_integral,1,127.45599523861452,nan,117.333984375,0.0,-213,-64,2034,-1.0199299072265624,-0.3064578125,9.739612353515625,9.797664119740563,0,0,0,0.0,0.0,0.0,0.0,0.0,0.0,0.0,-332,1080,21360,-1.82373046875,5.9326171875,117.333984375,98782.047,304.75,1,1,0,0,1094,56,286,542,542,542,542,3264,F4line=1094;YAH=2168
DIRECT_SERIAL,187,1789354960599304468,2026-09-14T03:02:40.599304+00:00,-1,23940801494770,1789354960400000000,1789354960,400000000,38692322,1789354960408977,1789354960400000,2,4,31.057717389463363,13.43718123087681,gnss_local_enu_direct,31.057717389463363,13.43718123087681,110.4353152,-7.0507839,180.66,5.403,8.37,3,1,11,0,0.4717,201.779,-0.438,-0.175,0.848,1.5162,180.0,99.0,5.01,115.1339371075427,neo3_calibrated_direct,1,27.4902,-8.04443,-32.5928,43.390258836574134,7,149.53756485250915,yahboom_calibrated_direct,0,3156,2935,2843,0.012471948948520852,0.5451395245253603,0.5452821753095459,127.45599523861452,neo3_calibrated_direct:gyro_integral,1,127.45599523861452,nan,117.333984375,0.0,-212,-65,2034,-1.01514150390625,-0.3112462158203125,9.739612353515625,9.797317759293596,0,0,0,0.0,0.0,0.0,0.0,0.0,0.0,0.0,-332,1080,21360,-1.82373046875,5.9326171875,117.333984375,98782.047,304.75,1,1,0,0,1097,56,287,544,544,544,544,3275,F4line=1097;YAH=2176
DIRECT_SERIAL,188,1789354960652527938,2026-09-14T03:02:40.652528+00:00,-1,23940854718253,1789354960600000000,1789354960,600000000,38692521,1789354960607567,1789354960600000,2,4,30.858842628880364,13.392944003086871,gnss_local_enu_direct,30.858842628880364,13.392944003086871,110.4353134,-7.0507843,180.81,5.391,8.396,3,1,10,0,0.3177,204.548,-0.289,-0.132,1.037,1.7309,180.0,99.0,5.01,115.3000584844839,neo3_calibrated_direct,1,27.4414,-7.9895,-32.5195,43.294115356015766,7,149.747611821548,yahboom_calibrated_direct,0,3143,2932,2843,0.010496789002474752,0.5446466647373949,0.5447478058596755,127.45599523861452,neo3_calibrated_direct:gyro_integral,1,127.45599523861452,nan,117.333984375,0.0,-213,-63,2033,-1.0199299072265624,-0.3016694091796875,9.734823950195311,9.79275542375006,0,0,0,0.0,0.0,0.0,0.0,0.0,0.0,0.0,-332,1080,21360,-1.82373046875,5.9326171875,117.333984375,98781.43,304.75,1,1,0,0,1105,57,288,547,547,547,547,3295,F4line=1105;YAH=2188
DIRECT_SERIAL,189,1789354960718970999,2026-09-14T03:02:40.718971+00:00,-1,23940921161291,1789354960600000000,1789354960,600000000,38692521,1789354960607567,1789354960600000,2,4,30.858842628880364,13.392944003086871,gnss_local_enu_direct,30.858842628880364,13.392944003086871,110.4353134,-7.0507843,180.81,5.391,8.396,3,1,10,0,0.3177,204.548,-0.289,-0.132,1.037,1.7309,180.0,99.0,5.01,115.30864686569461,neo3_calibrated_direct,1,27.4658,-8.00171,-32.4951,43.293522108672335,7,149.7312534478205,yahboom_calibrated_direct,0,3144,2940,2851,0.010673338430149684,0.54585429663406,0.5459586369928668,127.45599523861452,neo3_calibrated_direct:gyro_integral,1,127.45599523861452,nan,117.333984375,0.0,-213,-64,2035,-1.0199299072265624,-0.3064578125,9.744400756835937,9.802424165293106,0,0,0,0.0,0.0,0.0,0.0,0.0,0.0,0.0,-332,1080,21360,-1.82373046875,5.9326171875,117.333984375,98781.43,304.75,1,1,0,0,1109,57,290,550,550,550,550,3311,F4line=1109;YAH=2200
DIRECT_SERIAL,190,1789354960772549064,2026-09-14T03:02:40.772549+00:00,-1,23940974739382,1789354960600000000,1789354960,600000000,38692521,1789354960607567,1789354960600000,2,4,30.858842628880364,13.392944003086871,gnss_local_enu_direct,30.858842628880364,13.392944003086871,110.4353134,-7.0507843,180.81,5.391,8.396,3,1,10,0,0.3177,204.548,-0.289,-0.132,1.037,1.7309,180.0,99.0,5.01,115.00835180544355,neo3_calibrated_direct,1,27.4902,-8.06885,-32.6416,43.43145734283504,7,149.6183117326561,yahboom_calibrated_direct,0,3151,2935,2882,0.011715927597761248,0.5451236838019085,0.5452495700147219,127.45599523861452,neo3_calibrated_direct:gyro_integral,1,127.45599523861452,nan,117.333984375,0.0,-211,-65,2038,-1.0103531005859374,-0.3112462158203125,9.758765966796874,9.815864749956521,0,0,0,0.0,0.0,0.0,0.0,0.0,0.0,0.0,-332,1080,21360,-1.82373046875,5.9326171875,117.333984375,98780.82,304.75,1,1,0,0,1117,57,291,553,553,553,553,3331,F4line=1117;YAH=2212
DIRECT_SERIAL,191,1789354960828491155,2026-09-14T03:02:40.828491+00:00,-1,23941030681473,1789354960600000000,1789354960,600000000,38692521,1789354960607567,1789354960600000,2,4,30.858842628880364,13.392944003086871,gnss_local_enu_direct,30.858842628880364,13.392944003086871,110.4353134,-7.0507843,180.81,5.391,8.396,3,1,10,0,0.3177,204.548,-0.289,-0.132,1.037,1.7309,180.0,99.0,5.01,115.392721131599,neo3_calibrated_direct,1,27.4658,-7.97729,-32.5439,43.32565928631785,7,149.47316365936211,yahboom_calibrated_direct,0,3160,2939,2920,0.013089438607890039,0.5457544289801092,0.5459113757327967,127.45599523861452,neo3_calibrated_direct:gyro_integral,1,127.45599523861452,nan,117.333984375,0.0,-213,-66,2034,-1.0199299072265624,-0.316034619140625,9.739612353515625,9.797968345167519,0,0,0,0.0,0.0,0.0,0.0,0.0,0.0,0.0,-332,1080,21360,-1.82373046875,5.9326171875,117.333984375,98780.82,304.75,1,1,0,0,1121,57,293,556,556,556,556,3347,F4line=1121;YAH=2224
DIRECT_SERIAL,192,1789354960878720524,2026-09-14T03:02:40.878721+00:00,-1,23941080910911,1789354960800000000,1789354960,800000000,38692720,1789354960806739,1789354960800000,2,4,30.71521197399648,13.448241870830005,gnss_local_enu_direct,30.71521197399648,13.448241870830005,110.4353121,-7.0507838,181.14,5.379,8.426,3,1,10,0,0.1441,277.174,0.018,-0.143,0.926,1.8598,180.0,99.0,5.01,115.38739177231284,neo3_calibrated_direct,1,27.4658,-7.9834,-32.4951,43.290141709285265,7,149.5215524592427,yahboom_calibrated_direct,0,3157,2939,2907,0.012635825797434276,0.5457449245460381,0.545891185824926,127.45599523861452,neo3_calibrated_direct:gyro_integral,1,127.45599523861452,nan,117.333984375,0.0,-212,-65,2037,-1.01514150390625,-0.3112462158203125,9.753977563476562,9.811598482847721,0,0,0,0.0,0.0,0.0,0.0,0.0,0.0,0.0,-332,1080,21360,-1.82373046875,5.9326171875,117.333984375,98777.773,304.75,1,1,0,0,1129,58,294,558,558,558,558,3363,F4line=1129;YAH=2232
DIRECT_SERIAL,193,1789354960932456092,2026-09-14T03:02:40.932456+00:00,-1,23941134646307,1789354960800000000,1789354960,800000000,38692720,1789354960806739,1789354960800000,2,4,30.71521197399648,13.448241870830005,gnss_local_enu_direct,30.71521197399648,13.448241870830005,110.4353121,-7.0507838,181.14,5.379,8.426,3,1,10,0,0.1441,277.174,0.018,-0.143,0.926,1.8598,180.0,99.0,5.01,115.27561793874254,neo3_calibrated_direct,1,27.417,-7.9834,-32.5195,43.277528173522114,7,149.65059800176965,yahboom_calibrated_direct,0,3149,2944,2883,0.011442032359670794,0.5464723692334993,0.5465921426806223,127.45599523861452,neo3_calibrated_direct:gyro_integral,1,127.45599523861452,nan,117.333984375,0.0,-210,-65,2035,-1.005564697265625,-0.3112462158203125,9.744400756835937,9.801090790165865,0,0,0,0.0,0.0,0.0,0.0,0.0,0.0,0.0,-332,1080,21360,-1.82373046875,5.9326171875,117.333984375,98777.773,304.75,1,1,0,0,1131,58,295,561,561,561,561,3377,F4line=1131;YAH=2244
DIRECT_SERIAL,194,1789354960998319609,2026-09-14T03:02:40.998320+00:00,-1,23941200509880,1789354960800000000,1789354960,800000000,38692720,1789354960806739,1789354960800000,2,4,30.71521197399648,13.448241870830005,gnss_local_enu_direct,30.71521197399648,13.448241870830005,110.4353121,-7.0507838,181.14,5.379,8.426,3,1,10,0,0.1441,277.174,0.018,-0.143,0.926,1.8598,180.0,99.0,5.01,114.91569122821532,neo3_calibrated_direct,1,27.4658,-8.08105,-32.6172,43.39994555967208,7,149.55393854757918,yahboom_calibrated_direct,0,3155,2944,2855,0.012349257980582317,0.5464913781016416,0.5466308905578813,127.45599523861452,neo3_calibrated_direct:gyro_integral,1,127.45599523861452,nan,117.333984375,0.0,-210,-66,2037,-1.005564697265625,-0.316034619140625,9.753977563476562,9.810765339650441,0,0,0,0.0,0.0,0.0,0.0,0.0,0.0,0.0,-332,1080,21360,-1.82373046875,5.9326171875,117.333984375,98780.516,304.75,1,1,0,0,1136,58,297,564,564,564,564,3394,F4line=1136;YAH=2256
DIRECT_SERIAL,195,1789354961052508362,2026-09-14T03:02:41.052508+00:00,-1,23941254698606,1789354961000000000,1789354961,0,38692927,1789354961014825,1789354961000000,2,4,30.58262974193556,13.492480234952518,gnss_local_enu_direct,30.58262974193556,13.492480234952518,110.4353109,-7.0507834,181.43,5.371,8.456,3,1,10,0,0.211,180.272,-0.211,-0.001,0.961,1.8179,180.0,99.0,4.98,114.94045599405526,neo3_calibrated_direct,1,27.4902,-8.08716,-32.6172,43.416528980857045,7,149.56990364760603,yahboom_calibrated_direct,0,3154,2937,2902,0.012175876697597763,0.5454343041739733,0.5455701899326076,127.45599523861452,neo3_calibrated_direct:gyro_integral,1,127.45599523861452,nan,117.333984375,0.0,-213,-66,2035,-1.0199299072265624,-0.316034619140625,9.744400756835937,9.802728242993137,0,0,0,0.0,0.0,0.0,0.0,0.0,0.0,0.0,-332,1080,21360,-1.82373046875,5.9326171875,117.333984375,98780.211,304.75,1,1,0,0,1145,59,298,567,567,567,567,3415,F4line=1145;YAH=2268
DIRECT_SERIAL,196,1789354961118001511,2026-09-14T03:02:41.118001+00:00,-1,23941320191879,1789354961000000000,1789354961,0,38692927,1789354961014825,1789354961000000,2,4,30.58262974193556,13.492480234952518,gnss_local_enu_direct,30.58262974193556,13.492480234952518,110.4353109,-7.0507834,181.43,5.371,8.456,3,1,10,0,0.211,180.272,-0.211,-0.001,0.961,1.8179,180.0,99.0,4.98,114.44011980754347,neo3_calibrated_direct,1,27.4902,-8.19702,-32.6904,43.49211980440135,7,149.66675829376157,yahboom_calibrated_direct,0,3148,2936,2880,0.011265482931995861,0.5452647373368341,0.5453811005972775,127.45599523861452,neo3_calibrated_direct:gyro_integral,1,127.45599523861452,nan,117.333984375,0.0,-212,-64,2032,-1.01514150390625,-0.3064578125,9.730035546875,9.78764631600705,0,0,0,0.0,0.0,0.0,0.0,0.0,0.0,0.0,-332,1080,21360,-1.82373046875,5.9326171875,117.333984375,98780.211,304.75,1,1,0,0,1149,59,300,570,570,570,570,3431,F4line=1149;YAH=2280
DIRECT_SERIAL,197,1789354961172496092,2026-09-14T03:02:41.172496+00:00,-1,23941374686390,1789354961000000000,1789354961,0,38692927,1789354961014825,1789354961000000,2,4,30.58262974193556,13.492480234952518,gnss_local_enu_direct,30.58262974193556,13.492480234952518,110.4353109,-7.0507834,181.43,5.371,8.456,3,1,10,0,0.211,180.272,-0.211,-0.001,0.961,1.8179,180.0,99.0,4.98,114.49211564237507,neo3_calibrated_direct,1,27.4902,-8.18481,-32.6904,43.48982022193354,7,149.65060641523232,yahboom_calibrated_direct,0,3149,2939,2857,0.011426191636218911,0.545719579388515,0.545839186192495,127.45599523861452,neo3_calibrated_direct:gyro_integral,1,127.45599523861452,nan,117.333984375,0.0,-212,-64,2034,-1.01514150390625,-0.3064578125,9.739612353515625,9.79716680783529,0,0,0,0.0,0.0,0.0,0.0,0.0,0.0,0.0,-332,1080,21360,-1.82373046875,5.9326171875,117.333984375,98779.297,304.75,1,1,0,0,1152,59,301,573,573,573,573,3446,F4line=1152;YAH=2292
DIRECT_SERIAL,198,1789354961231244944,2026-09-14T03:02:41.231245+00:00,-1,23941433435263,1789354961000000000,1789354961,0,38692927,1789354961014825,1789354961000000,2,4,30.58262974193556,13.492480234952518,gnss_local_enu_direct,30.58262974193556,13.492480234952518,110.4353109,-7.0507834,181.43,5.371,8.456,3,1,10,0,0.211,180.272,-0.211,-0.001,0.961,1.8179,180.0,99.0,4.98,114.72127950038467,neo3_calibrated_direct,1,27.4902,-8.13599,-32.6416,43.443980939597374,7,149.26394129262442,yahboom_calibrated_direct,0,3173,2943,2823,0.015067766698626512,0.5463978467370715,0.5466055657530323,127.45599523861452,neo3_calibrated_direct:gyro_integral,1,127.45599523861452,nan,117.333984375,0.0,-208,-63,2034,-0.9959878906249999,-0.3016694091796875,9.739612353515625,9.795052072728385,0,0,0,0.0,0.0,0.0,0.0,0.0,0.0,0.0,-332,1080,21360,-1.82373046875,5.9326171875,117.333984375,98779.297,304.75,1,1,0,0,1156,59,303,576,576,576,576,3462,F4line=1156;YAH=2304
DIRECT_SERIAL,199,1789354961292671026,2026-09-14T03:02:41.292671+00:00,-1,23941494861333,1789354961200000000,1789354961,200000000,38693122,1789354961209447,1789354961200000,2,4,30.40585206793017,13.426124088839579,gnss_local_enu_direct,30.40585206793017,13.426124088839579,110.4353093,-7.050784,181.55,5.366,8.485,3,1,10,0,0.4242,200.999,-0.396,-0.152,0.754,1.6518,180.0,99.0,5.01,114.62061673464275,neo3_calibrated_direct,1,27.5391,-8.17871,-32.6904,43.51959993191688,7,149.27883842889062,yahboom_calibrated_direct,0,3172,2931,2848,0.014878544692190077,0.544587982964419,0.5447911914499094,127.45599523861452,neo3_calibrated_direct:gyro_integral,1,127.45599523861452,nan,117.333984375,0.0,-210,-66,2035,-1.005564697265625,-0.316034619140625,9.744400756835937,9.80124402056734,0,0,0,0.0,0.0,0.0,0.0,0.0,0.0,0.0,-332,1080,21360,-1.82373046875,5.9326171875,117.333984375,98778.078,304.75,1,1,0,0,1164,60,304,579,579,579,579,3482,F4line=1164;YAH=2316
DIRECT_SERIAL,200,1789354961346536594,2026-09-14T03:02:41.346537+00:00,-1,23941548726781,1789354961200000000,1789354961,200000000,38693122,1789354961209447,1789354961200000,2,4,30.40585206793017,13.426124088839579,gnss_local_enu_direct,30.40585206793017,13.426124088839579,110.4353093,-7.050784,181.55,5.366,8.485,3,1,10,0,0.4242,200.999,-0.396,-0.152,0.754,1.6518,180.0,99.0,5.01,114.80996294170772,neo3_calibrated_direct,1,27.4902,-8.11768,-32.6172,43.4222242689432,7,149.81209613391076,yahboom_calibrated_direct,0,3139,2936,2861,0.009904644500628576,0.5452362240346208,0.5453261794396222,127.45599523861452,neo3_calibrated_direct:gyro_integral,1,127.45599523861452,nan,117.333984375,0.0,-213,-65,2038,-1.0199299072265624,-0.3112462158203125,9.758765966796874,9.816855118480184,0,0,0,0.0,0.0,0.0,0.0,0.0,0.0,0.0,-332,1080,21360,-1.82373046875,5.9326171875,117.333984375,98781.734,304.75,1,1,0,0,1169,60,306,582,582,582,582,3499,F4line=1169;YAH=2328
DIRECT_SERIAL,201,1789354961397355181,2026-09-14T03:02:41.397355+00:00,-1,23941599545485,1789354961200000000,1789354961,200000000,38693122,1789354961209447,1789354961200000,2,4,30.40585206793017,13.426124088839579,gnss_local_enu_direct,30.40585206793017,13.426124088839579,110.4353093,-7.050784,181.55,5.366,8.485,3,1,10,0,0.4242,200.999,-0.396,-0.152,0.754,1.6518,180.0,99.0,5.01,114.74841302229264,neo3_calibrated_direct,1,27.4658,-8.11768,-32.6416,43.42511886894957,7,149.77960977119804,yahboom_calibrated_direct,0,3141,2941,2798,0.0102228937643843,0.5459953501689858,0.5460910454888189,127.45599523861452,neo3_calibrated_direct:gyro_integral,1,127.45599523861452,nan,117.333984375,0.0,-210,-66,2032,-1.005564697265625,-0.316034619140625,9.730035546875,9.786962244963108,0,0,0,0.0,0.0,0.0,0.0,0.0,0.0,0.0,-332,1080,21360,-1.82373046875,5.9326171875,117.333984375,98781.734,304.75,1,1,0,0,1174,60,307,584,584,584,584,3512,F4line=1174;YAH=2336
DIRECT_SERIAL,202,1789354961452735090,2026-09-14T03:02:41.452735+00:00,-1,23941654925314,1789354961400000000,1789354961,400000000,38693321,1789354961408362,1789354961400000,2,4,30.19592832319134,13.348708478463728,gnss_local_enu_direct,30.19592832319134,13.348708478463728,110.4353074,-7.0507847,181.64,5.366,8.518,3,1,10,0,0.331,226.224,-0.229,-0.239,0.791,1.7859,180.0,99.0,5.01,114.60836827903324,neo3_calibrated_direct,1,27.4414,-8.13599,-32.666,43.43146697085076,7,149.55376357107332,yahboom_calibrated_direct,0,3155,2937,2792,0.012327080967749683,0.5454374723186637,0.5455767527438815,127.45599523861452,neo3_calibrated_direct:gyro_integral,1,127.45599523861452,nan,117.333984375,0.0,-212,-66,2037,-1.01514150390625,-0.316034619140625,9.753977563476562,9.811751549150262,0,0,0,0.0,0.0,0.0,0.0,0.0,0.0,0.0,-332,1080,21360,-1.82373046875,5.9326171875,117.333984375,98782.656,304.75,1,1,0,0,1182,61,308,587,587,587,587,3532,F4line=1182;YAH=2348
DIRECT_SERIAL,203,1789354961517098078,2026-09-14T03:02:41.517098+00:00,-1,23941719288456,1789354961400000000,1789354961,400000000,38693321,1789354961408362,1789354961400000,2,4,30.19592832319134,13.348708478463728,gnss_local_enu_direct,30.19592832319134,13.348708478463728,110.4353074,-7.0507847,181.64,5.366,8.518,3,1,10,0,0.331,226.224,-0.229,-0.239,0.791,1.7859,180.0,99.0,5.01,114.65872441575306,neo3_calibrated_direct,1,27.4902,-8.14819,-32.666,43.46460229101493,7,149.45755055407196,yahboom_calibrated_direct,0,3161,2949,2763,0.013272324324945723,0.547263176814768,0.5474240945467952,127.45599523861452,neo3_calibrated_direct:gyro_integral,1,127.45599523861452,nan,117.333984375,0.0,-215,-65,2037,-1.0295067138671874,-0.3112462158203125,9.753977563476562,9.813095158489205,0,0,0,0.0,0.0,0.0,0.0,0.0,0.0,0.0,-332,1080,21360,-1.82373046875,5.9326171875,117.333984375,98782.656,304.75,1,1,0,0,1186,61,310,590,590,590,590,3548,F4line=1186;YAH=2360
DIRECT_SERIAL,204,1789354961572662934,2026-09-14T03:02:41.572663+00:00,-1,23941774853239,1789354961400000000,1789354961,400000000,38693321,1789354961408362,1789354961400000,2,4,30.19592832319134,13.348708478463728,gnss_local_enu_direct,30.19592832319134,13.348708478463728,110.4353074,-7.0507847,181.64,5.366,8.518,3,1,10,0,0.331,226.224,-0.229,-0.239,0.791,1.7859,180.0,99.0,5.01,114.61257119306467,neo3_calibrated_direct,1,27.4658,-8.14209,-32.7148,43.484732243031,7,149.60225492349866,yahboom_calibrated_direct,0,3152,2943,2751,0.011892477025436178,0.5463313156985736,0.5464607374027296,127.45599523861452,neo3_calibrated_direct:gyro_integral,1,127.45599523861452,nan,117.333984375,0.0,-214,-65,2033,-1.024718310546875,-0.3112462158203125,9.734823950195311,9.793554980911107,0,0,0,0.0,0.0,0.0,0.0,0.0,0.0,0.0,-332,1080,21360,-1.82373046875,5.9326171875,117.333984375,98781.43,304.75,1,1,0,0,1190,61,311,593,593,593,593,3564,F4line=1190;YAH=2372
DIRECT_SERIAL,205,1789354961629959607,2026-09-14T03:02:41.629960+00:00,-1,23941832149863,1789354961400000000,1789354961,400000000,38693321,1789354961408362,1789354961400000,2,4,30.19592832319134,13.348708478463728,gnss_local_enu_direct,30.19592832319134,13.348708478463728,110.4353074,-7.0507847,181.64,5.366,8.518,3,1,10,0,0.331,226.224,-0.229,-0.239,0.791,1.7859,180.0,99.0,5.01,114.73791293214349,neo3_calibrated_direct,1,27.4658,-8.11768,-32.666,43.44346273287156,7,149.61829001697615,yahboom_calibrated_direct,0,3151,2932,2760,0.011706423163690118,0.5446720098949179,0.5447977961650148,127.45599523861452,neo3_calibrated_direct:gyro_integral,1,127.45599523861452,nan,117.333984375,0.0,-211,-66,2032,-1.0103531005859374,-0.316034619140625,9.730035546875,9.78745539002912,0,0,0,0.0,0.0,0.0,0.0,0.0,0.0,0.0,-332,1080,21360,-1.82373046875,5.9326171875,117.333984375,98781.43,304.75,1,1,0,0,1194,61,313,596,596,596,596,3580,F4line=1194;YAH=2384
DIRECT_SERIAL,206,1789354961693004373,2026-09-14T03:02:41.693004+00:00,-1,23941895194635,1789354961600000000,1789354961,600000000,38693521,1789354961608278,1789354961600000,2,4,29.930761517499196,13.260233541740078,gnss_local_enu_direct,29.930761517499196,13.260233541740078,110.435305,-7.0507855,181.76,5.366,8.551,3,1,10,0,0.4954,240.226,-0.246,-0.43,0.326,1.1241,130.013,99.0,5.01,114.77342032472097,neo3_calibrated_direct,1,27.4902,-8.12378,-32.6416,43.441695962386184,7,149.569697175955,yahboom_calibrated_direct,0,3154,2927,2796,0.012144195250693999,0.5439287244840049,0.5440642781851088,127.45599523861452,neo3_calibrated_direct:gyro_integral,1,127.45599523861452,nan,117.333984375,0.0,-209,-65,2035,-1.0007762939453124,-0.3112462158203125,9.744400756835937,9.80060067073494,0,0,0,0.0,0.0,0.0,0.0,0.0,0.0,0.0,-332,1080,21360,-1.82373046875,5.9326171875,117.333984375,98779.602,304.75,1,1,0,0,1202,62,314,599,599,599,599,3600,F4line=1202;YAH=2396
DIRECT_SERIAL,207,1789354961746406655,2026-09-14T03:02:41.746407+00:00,-1,23941948596812,1789354961600000000,1789354961,600000000,38693521,1789354961608278,1789354961600000,2,4,29.930761517499196,13.260233541740078,gnss_local_enu_direct,29.930761517499196,13.260233541740078,110.435305,-7.0507855,181.76,5.366,8.551,3,1,10,0,0.4954,240.226,-0.246,-0.43,0.326,1.1241,130.013,99.0,5.01,114.6857527955689,neo3_calibrated_direct,1,27.4658,-8.12988,-32.666,43.445744031543526,7,149.44073784255806,yahboom_calibrated_direct,0,3162,2936,2811,0.01338234271412275,0.5453090913624994,0.5454732736066112,127.45599523861452,neo3_calibrated_direct:gyro_integral,1,127.45599523861452,nan,117.333984375,0.0,-212,-65,2033,-1.01514150390625,-0.3112462158203125,9.734823950195311,9.792557573030232,0,0,0,0.0,0.0,0.0,0.0,0.0,0.0,0.0,-332,1080,21360,-1.82373046875,5.9326171875,117.333984375,98782.656,304.75,1,1,0,0,1212,62,316,602,602,602,602,3622,F4line=1212;YAH=2408
DIRECT_SERIAL,208,1789354961797556560,2026-09-14T03:02:41.797556+00:00,-1,23941999746720,1789354961600000000,1789354961,600000000,38693521,1789354961608278,1789354961600000,2,4,29.930761517499196,13.260233541740078,gnss_local_enu_direct,29.930761517499196,13.260233541740078,110.435305,-7.0507855,181.76,5.366,8.551,3,1,10,0,0.4954,240.226,-0.246,-0.43,0.326,1.1241,130.013,99.0,5.01,114.60664134146687,neo3_calibrated_direct,1,27.4902,-8.1604,-32.666,43.46689292093466,7,149.6020678362263,yahboom_calibrated_direct,0,3152,2927,2788,0.011841786710390156,0.5439223881946241,0.5440512772633088,127.45599523861452,neo3_calibrated_direct:gyro_integral,1,127.45599523861452,nan,117.333984375,0.0,-213,-66,2038,-1.0199299072265624,-0.316034619140625,9.758765966796874,9.817008102821525,0,0,0,0.0,0.0,0.0,0.0,0.0,0.0,0.0,-332,1080,21360,-1.82373046875,5.9326171875,117.333984375,98782.656,304.75,1,1,0,0,1214,62,317,605,605,605,605,3636,F4line=1214;YAH=2420
DIRECT_SERIAL,209,1789354961852986547,2026-09-14T03:02:41.852987+00:00,-1,23942055177147,1789354961800000000,1789354961,800000000,38693721,1789354961808671,1789354961800000,2,4,29.720838772548326,13.238115453984546,gnss_local_enu_direct,29.720838772548326,13.238115453984546,110.4353031,-7.0507857,182.06,5.369,8.584,3,1,10,0,0.387,234.996,-0.222,-0.317,0.251,1.1158,165.2,99.0,5.01,114.92483920942854,neo3_calibrated_direct,1,27.4902,-8.09326,-32.5928,43.39933830495115,7,149.71541638433018,yahboom_calibrated_direct,0,3145,2925,2782,0.01077702052994596,0.5435990952437977,0.5437059136347316,127.45599523861452,neo3_calibrated_direct:gyro_integral,1,127.45599523861452,nan,117.333984375,0.0,-211,-66,2032,-1.0103531005859374,-0.316034619140625,9.730035546875,9.78745539002912,0,0,0,0.0,0.0,0.0,0.0,0.0,0.0,0.0,-332,1080,21360,-1.82373046875,5.9326171875,117.333984375,98778.688,304.75,1,1,0,0,1222,63,318,607,607,607,607,3652,F4line=1222;YAH=2428
DIRECT_SERIAL,210,1789354961916028450,2026-09-14T03:02:41.916028+00:00,-1,23942118218641,1789354961800000000,1789354961,800000000,38693721,1789354961808671,1789354961800000,2,4,29.720838772548326,13.238115453984546,gnss_local_enu_direct,29.720838772548326,13.238115453984546,110.4353031,-7.0507857,182.06,5.369,8.584,3,1,10,0,0.387,234.996,-0.222,-0.317,0.251,1.1158,165.2,99.0,5.01,115.17753666088203,neo3_calibrated_direct,1,27.4658,-8.03223,-32.4951,43.2991733457222,7,149.66681992699796,yahboom_calibrated_direct,0,3148,2926,2814,0.011233801485092098,0.5437591576468657,0.5438751877229144,127.45599523861452,neo3_calibrated_direct:gyro_integral,1,127.45599523861452,nan,117.333984375,0.0,-214,-63,2040,-1.024718310546875,-0.3016694091796875,9.7683427734375,9.826574814642866,0,0,0,0.0,0.0,0.0,0.0,0.0,0.0,0.0,-332,1080,21360,-1.82373046875,5.9326171875,117.333984375,98778.688,304.75,1,1,0,0,1226,63,320,610,610,610,610,3668,F4line=1226;YAH=2440
DIRECT_SERIAL,211,1789354961972951950,2026-09-14T03:02:41.972952+00:00,-1,23942175142258,1789354961800000000,1789354961,800000000,38693721,1789354961808671,1789354961800000,2,4,29.720838772548326,13.238115453984546,gnss_local_enu_direct,29.720838772548326,13.238115453984546,110.4353031,-7.0507857,182.06,5.369,8.584,3,1,10,0,0.387,234.996,-0.222,-0.317,0.251,1.1158,165.2,99.0,5.01,114.65458128289227,neo3_calibrated_direct,1,27.4658,-8.14209,-32.6172,43.411352605604215,7,149.66676444176457,yahboom_calibrated_direct,0,3148,2935,2795,0.011262314787305485,0.5451141793678372,0.5452305093098139,127.45599523861452,neo3_calibrated_direct:gyro_integral,1,127.45599523861452,nan,117.333984375,0.0,-213,-64,2037,-1.0199299072265624,-0.3064578125,9.753977563476562,9.811944339186889,0,0,0,0.0,0.0,0.0,0.0,0.0,0.0,0.0,-332,1080,21360,-1.82373046875,5.9326171875,117.333984375,98777.773,304.75,1,1,0,0,1229,63,321,613,613,613,613,3683,F4line=1229;YAH=2452
DIRECT_SERIAL,212,1789354962035776919,2026-09-14T03:02:42.035777+00:00,-1,23942237967206,1789354961800000000,1789354961,800000000,38693721,1789354961808671,1789354961800000,2,4,29.720838772548326,13.238115453984546,gnss_local_enu_direct,29.720838772548326,13.238115453984546,110.4353031,-7.0507857,182.06,5.369,8.584,3,1,10,0,0.387,234.996,-0.222,-0.317,0.251,1.1158,165.2,99.0,5.01,114.85166506684644,neo3_calibrated_direct,1,27.4902,-8.10547,-32.6416,43.43827563935866,7,149.39252371992205,yahboom_calibrated_direct,0,3165,2939,2851,0.013845459958649642,0.545770269703561,0.5459458618340872,127.45599523861452,neo3_calibrated_direct:gyro_integral,1,127.45599523861452,nan,117.333984375,0.0,-213,-65,2036,-1.0199299072265624,-0.3112462158203125,9.749189160156249,9.807335035728398,0,0,0,0.0,0.0,0.0,0.0,0.0,0.0,0.0,-332,1080,21360,-1.82373046875,5.9326171875,117.333984375,98777.773,304.75,1,1,0,0,1233,63,323,616,616,616,616,3699,F4line=1233;YAH=2464
DIRECT_SERIAL,213,1789354962093079240,2026-09-14T03:02:42.093079+00:00,-1,23942295269478,1789354962000000000,1789354962,0,38693929,1789354962016555,1789354962000000,2,4,29.566159692978115,13.260235216908425,gnss_local_enu_direct,29.566159692978115,13.260235216908425,110.4353017,-7.0507855,182.46,5.371,8.617,3,1,10,0,0.3334,214.739,-0.274,-0.19,0.428,1.4651,180.0,99.0,4.98,114.90256660719321,neo3_calibrated_direct,1,27.5146,-8.10547,-32.6416,43.45372144754578,7,149.45641225670497,yahboom_calibrated_direct,0,3161,2927,2816,0.013202625141757443,0.5439509014968374,0.5441111031304691,127.45599523861452,neo3_calibrated_direct:gyro_integral,1,127.45599523861452,nan,117.333984375,0.0,-209,-63,2033,-1.0007762939453124,-0.3016694091796875,9.734823950195311,9.790779078513312,0,0,0,0.0,0.0,0.0,0.0,0.0,0.0,0.0,-332,1080,21360,-1.82373046875,5.9326171875,117.333984375,98779.602,305.0,1,1,0,0,1242,64,324,619,619,619,619,3720,F4line=1242;YAH=2476
DIRECT_SERIAL,214,1789354962146417462,2026-09-14T03:02:42.146417+00:00,-1,23942348607655,1789354962000000000,1789354962,0,38693929,1789354962016555,1789354962000000,2,4,29.566159692978115,13.260235216908425,gnss_local_enu_direct,29.566159692978115,13.260235216908425,110.4353017,-7.0507855,182.46,5.371,8.617,3,1,10,0,0.3334,214.739,-0.274,-0.19,0.428,1.4651,180.0,99.0,4.98,114.88952154803658,neo3_calibrated_direct,1,27.4658,-8.08716,-32.6172,43.40108365404716,7,149.74789765937916,yahboom_calibrated_direct,0,3143,2922,2772,0.01046510755557099,0.5431410850474264,0.5432418952388018,127.45599523861452,neo3_calibrated_direct:gyro_integral,1,127.45599523861452,nan,117.333984375,0.0,-210,-64,2031,-1.005564697265625,-0.3064578125,9.725247143554688,9.781896991608928,0,0,0,0.0,0.0,0.0,0.0,0.0,0.0,0.0,-332,1080,21360,-1.82373046875,5.9326171875,117.333984375,98780.516,305.0,1,1,0,0,1247,64,326,622,622,622,622,3737,F4line=1247;YAH=2488
DIRECT_SERIAL,215,1789354962196550596,2026-09-14T03:02:42.196551+00:00,-1,23942398740770,1789354962000000000,1789354962,0,38693929,1789354962016555,1789354962000000,2,4,29.566159692978115,13.260235216908425,gnss_local_enu_direct,29.566159692978115,13.260235216908425,110.4353017,-7.0507855,182.46,5.371,8.617,3,1,10,0,0.3334,214.739,-0.274,-0.19,0.428,1.4651,180.0,99.0,4.98,114.86214679476241,neo3_calibrated_direct,1,27.4902,-8.10547,-32.6172,43.41994329568959,7,149.2621505598423,yahboom_calibrated_direct,0,3173,2926,2866,0.015013908238890115,0.5438383612641251,0.5440455685170635,127.45599523861452,neo3_calibrated_direct:gyro_integral,1,127.45599523861452,nan,117.333984375,0.0,-212,-65,2032,-1.01514150390625,-0.3112462158203125,9.730035546875,9.787797414294321,0,0,0,0.0,0.0,0.0,0.0,0.0,0.0,0.0,-332,1080,21360,-1.82373046875,5.9326171875,117.333984375,98780.516,305.0,1,1,0,0,1249,64,327,625,625,625,625,3751,F4line=1249;YAH=2500
DIRECT_SERIAL,216,1789354962254171407,2026-09-14T03:02:42.254171+00:00,-1,23942456361681,1789354962200000000,1789354962,200000000,38694121,1789354962208882,1789354962200000,2,4,29.389382449384918,13.215998099840625,gnss_local_enu_direct,29.389382449384918,13.215998099840625,110.4353001,-7.0507859,182.68,5.378,8.653,3,1,10,0,0.4054,222.901,-0.297,-0.276,0.387,1.2751,180.0,99.0,5.01,114.92749312770471,neo3_calibrated_direct,1,27.4414,-8.06885,-32.5928,43.36389496023737,7,149.39231503676308,yahboom_calibrated_direct,0,3165,2936,2853,0.013835955524578513,0.5453185957965705,0.5454940921649121,127.45599523861452,neo3_calibrated_direct:gyro_integral,1,127.45599523861452,nan,117.333984375,0.0,-209,-66,2029,-1.0007762939453124,-0.316034619140625,9.715670336914062,9.772189169608316,0,0,0,0.0,0.0,0.0,0.0,0.0,0.0,0.0,-332,1080,21360,-1.82373046875,5.9326171875,117.333984375,98778.688,305.0,1,1,0,0,1257,65,328,627,627,627,627,3767,F4line=1257;YAH=2508
DIRECT_SERIAL,217,1789354962315058742,2026-09-14T03:02:42.315059+00:00,-1,23942517249232,1789354962200000000,1789354962,200000000,38694121,1789354962208882,1789354962200000,2,4,29.389382449384918,13.215998099840625,gnss_local_enu_direct,29.389382449384918,13.215998099840625,110.4353001,-7.0507859,182.68,5.378,8.653,3,1,10,0,0.4054,222.901,-0.297,-0.276,0.387,1.2751,180.0,99.0,5.01,115.27529428426556,neo3_calibrated_direct,1,27.4902,-8.01392,-32.5684,43.36628515755528,7,149.6022316278636,yahboom_calibrated_direct,0,3152,2941,2852,0.011886140736055425,0.54603019976058,0.5461595548849953,127.45599523861452,neo3_calibrated_direct:gyro_integral,1,127.45599523861452,nan,117.333984375,0.0,-213,-64,2037,-1.0199299072265624,-0.3064578125,9.753977563476562,9.811944339186889,0,0,0,0.0,0.0,0.0,0.0,0.0,0.0,0.0,-332,1080,21360,-1.82373046875,5.9326171875,117.333984375,98778.688,305.0,1,1,0,0,1261,65,330,630,630,630,630,3783,F4line=1261;YAH=2520
DIRECT_SERIAL,218,1789354962374177575,2026-09-14T03:02:42.374177+00:00,-1,23942576367936,1789354962200000000,1789354962,200000000,38694121,1789354962208882,1789354962200000,2,4,29.389382449384918,13.215998099840625,gnss_local_enu_direct,29.389382449384918,13.215998099840625,110.4353001,-7.0507859,182.68,5.378,8.653,3,1,10,0,0.4054,222.901,-0.297,-0.276,0.387,1.2751,180.0,99.0,5.01,114.76182800205804,neo3_calibrated_direct,1,27.5146,-8.13599,-32.666,43.47775410989049,7,149.7799084978937,yahboom_calibrated_direct,0,3141,2933,2800,0.010197548606861288,0.544790886417011,0.5448863183459665,127.45599523861452,neo3_calibrated_direct:gyro_integral,1,127.45599523861452,nan,117.333984375,0.0,-214,-64,2037,-1.024718310546875,-0.3064578125,9.753977563476562,9.812443238848136,0,0,0,0.0,0.0,0.0,0.0,0.0,0.0,0.0,-332,1080,21360,-1.82373046875,5.9326171875,117.333984375,98777.773,305.0,1,1,0,0,1267,65,331,633,633,633,633,3801,F4line=1267;YAH=2532
DIRECT_SERIAL,219,1789354962432759448,2026-09-14T03:02:42.432760+00:00,-1,23942634949726,1789354962200000000,1789354962,200000000,38694121,1789354962208882,1789354962200000,2,4,29.389382449384918,13.215998099840625,gnss_local_enu_direct,29.389382449384918,13.215998099840625,110.4353001,-7.0507859,182.68,5.378,8.653,3,1,10,0,0.4054,222.901,-0.297,-0.276,0.387,1.2751,180.0,99.0,5.01,114.9523193877682,neo3_calibrated_direct,1,27.4658,-8.07495,-32.5928,43.380474858886686,7,149.53720928912097,yahboom_calibrated_direct,0,3156,2923,2833,0.012433931212236335,0.5433328288973982,0.5434750827802872,127.45599523861452,neo3_calibrated_direct:gyro_integral,1,127.45599523861452,nan,117.333984375,0.0,-213,-64,2035,-1.0199299072265624,-0.3064578125,9.744400756835937,9.802424165293106,0,0,0,0.0,0.0,0.0,0.0,0.0,0.0,0.0,-332,1080,21360,-1.82373046875,5.9326171875,117.333984375,98777.773,305.0,1,1,0,0,1271,65,333,636,636,636,636,3817,F4line=1271;YAH=2544
DIRECT_SERIAL,220,1789354962494419850,2026-09-14T03:02:42.494420+00:00,-1,23942696610157,1789354962400000000,1789354962,400000000,38694324,1789354962411082,1789354962400000,2,4,29.201556903881745,13.14964231134384,gnss_local_enu_direct,29.201556903881745,13.14964231134384,110.4352984,-7.0507865,182.98,5.387,8.689,3,1,10,0,0.7346,209.077,-0.642,-0.357,0.23,1.0189,79.469,99.0,5.0,115.01144703154407,neo3_calibrated_direct,1,27.4414,-8.05664,-32.5195,43.30655565038162,7,149.32801919943876,yahboom_calibrated_direct,0,3169,2939,2833,0.014450277039257324,0.5457829422823226,0.545974203230208,127.45599523861452,neo3_calibrated_direct:gyro_integral,1,127.45599523861452,nan,117.333984375,0.0,-213,-65,2037,-1.0199299072265624,-0.3112462158203125,9.753977563476562,9.812095063304362,0,0,0,0.0,0.0,0.0,0.0,0.0,0.0,0.0,-332,1080,21360,-1.82373046875,5.9326171875,117.333984375,98778.383,305.0,1,1,0,0,1279,66,334,639,639,639,639,3837,F4line=1279;YAH=2556
DIRECT_SERIAL,221,1789354962546432847,2026-09-14T03:02:42.546433+00:00,-1,23942748623019,1789354962400000000,1789354962,400000000,38694324,1789354962411082,1789354962400000,2,4,29.201556903881745,13.14964231134384,gnss_local_enu_direct,29.201556903881745,13.14964231134384,110.4352984,-7.0507865,182.98,5.387,8.689,3,1,10,0,0.7346,209.077,-0.642,-0.357,0.23,1.0189,79.469,99.0,5.0,114.77851059458362,neo3_calibrated_direct,1,27.4902,-8.11768,-32.6904,43.4772363057083,7,149.4076709972384,yahboom_calibrated_direct,0,3164,2924,2827,0.013646733518142076,0.543508732023918,0.543680030093034,127.45599523861452,neo3_calibrated_direct:gyro_integral,1,127.45599523861452,nan,117.333984375,0.0,-209,-66,2033,-1.0007762939453124,-0.316034619140625,9.734823950195311,9.791232221345508,0,0,0,0.0,0.0,0.0,0.0,0.0,0.0,0.0,-332,1080,21360,-1.82373046875,5.9326171875,117.333984375,98777.164,305.0,1,1,0,0,1284,66,336,642,642,642,642,3854,F4line=1284;YAH=2568
DIRECT_SERIAL,222,1789354962614174547,2026-09-14T03:02:42.614174+00:00,-1,23942816364856,1789354962400000000,1789354962,400000000,38694324,1789354962411082,1789354962400000,2,4,29.201556903881745,13.14964231134384,gnss_local_enu_direct,29.201556903881745,13.14964231134384,110.4352984,-7.0507865,182.98,5.387,8.689,3,1,10,0,0.7346,209.077,-0.642,-0.357,0.23,1.0189,79.469,99.0,5.0,114.76182800205804,neo3_calibrated_direct,1,27.5146,-8.13599,-32.666,43.47775410989049,7,149.40871592829083,yahboom_calibrated_direct,0,3164,2940,2793,0.013697423833188099,0.5459176595278675,0.5460894710613369,127.45599523861452,neo3_calibrated_direct:gyro_integral,1,127.45599523861452,nan,117.333984375,0.0,-213,-64,2031,-1.0199299072265624,-0.3064578125,9.725247143554688,9.783384149143695,0,0,0,0.0,0.0,0.0,0.0,0.0,0.0,0.0,-332,1080,21360,-1.82373046875,5.9326171875,117.333984375,98777.164,304.75,1,1,0,0,1287,66,337,645,645,645,645,3869,F4line=1287;YAH=2580
DIRECT_SERIAL,223,1789354962674182320,2026-09-14T03:02:42.674182+00:00,-1,23942876372626,1789354962600000000,1789354962,600000000,38694521,1789354962607705,1789354962600000,2,4,28.980585570419173,13.027989513592546,gnss_local_enu_direct,28.980585570419173,13.027989513592546,110.4352964,-7.0507876,183.32,5.395,8.711,3,1,11,0,0.698,199.24,-0.659,-0.23,0.407,1.0671,87.594,99.0,5.01,114.51454897429159,neo3_calibrated_direct,1,27.4414,-8.1604,-32.6416,43.417699302012764,7,149.40780211983858,yahboom_calibrated_direct,0,3164,2926,2849,0.01365306980752283,0.5438098479619117,0.5439812102044762,127.45599523861452,neo3_calibrated_direct:gyro_integral,1,127.45599523861452,nan,117.333984375,0.0,-215,-64,2033,-1.0295067138671874,-0.3064578125,9.734823950195311,9.793906156689278,0,0,0,0.0,0.0,0.0,0.0,0.0,0.0,0.0,-332,1080,21360,-1.82373046875,5.9326171875,117.333984375,98776.242,304.75,1,1,0,0,1297,67,339,648,648,648,648,3891,F4line=1297;YAH=2592
DIRECT_SERIAL,224,1789354962734080373,2026-09-14T03:02:42.734080+00:00,-1,23942936270662,1789354962600000000,1789354962,600000000,38694521,1789354962607705,1789354962600000,2,4,28.980585570419173,13.027989513592546,gnss_local_enu_direct,28.980585570419173,13.027989513592546,110.4352964,-7.0507876,183.32,5.395,8.711,3,1,11,0,0.698,199.24,-0.659,-0.23,0.407,1.0671,87.594,99.0,5.01,114.83092354518674,neo3_calibrated_direct,1,27.4902,-8.11768,-32.5684,43.38557943813128,7,149.3600352339979,yahboom_calibrated_direct,0,3167,2936,2878,0.014138364064882353,0.5453249320859513,0.5455081804088538,127.45599523861452,neo3_calibrated_direct:gyro_integral,1,127.45599523861452,nan,117.333984375,0.0,-214,-63,2039,-1.024718310546875,-0.3016694091796875,9.763554370117188,9.821814801076188,0,0,0,0.0,0.0,0.0,0.0,0.0,0.0,0.0,-332,1080,21360,-1.82373046875,5.9326171875,117.333984375,98776.242,304.75,1,1,0,0,1299,67,340,651,651,651,651,3905,F4line=1299;YAH=2604
DIRECT_SERIAL,225,1789354962793987066,2026-09-14T03:02:42.793987+00:00,-1,23942996177441,1789354962600000000,1789354962,600000000,38694521,1789354962607705,1789354962600000,2,4,28.980585570419173,13.027989513592546,gnss_local_enu_direct,28.980585570419173,13.027989513592546,110.4352964,-7.0507876,183.32,5.395,8.711,3,1,11,0,0.698,199.24,-0.659,-0.23,0.407,1.0671,87.594,99.0,5.01,114.85042854404453,neo3_calibrated_direct,1,27.5146,-8.11768,-32.6416,43.45600064780927,7,149.714948085304,yahboom_calibrated_direct,0,3145,2949,2976,0.010853056002514992,0.547212486499722,0.5473201021393259,127.45599523861452,neo3_calibrated_direct:gyro_integral,1,127.45599523861452,nan,117.333984375,0.0,-210,-64,2037,-1.005564697265625,-0.3064578125,9.753977563476562,9.810461511062227,0,0,0,0.0,0.0,0.0,0.0,0.0,0.0,0.0,-332,1080,21360,-1.82373046875,5.9326171875,117.333984375,98777.469,304.75,1,1,0,0,1309,67,342,654,654,654,654,3927,F4line=1309;YAH=2616
DIRECT_SERIAL,226,1789354962846329864,2026-09-14T03:02:42.846330+00:00,-1,23943048520018,1789354962800000000,1789354962,800000000,38694722,1789354962809134,1789354962800000,2,4,28.803809997313707,12.983753159046065,gnss_local_enu_direct,28.803809997313707,12.983753159046065,110.4352948,-7.050788,183.92,5.403,8.736,3,1,11,0,0.6567,212.311,-0.555,-0.351,-0.118,1.4731,128.526,99.0,5.0,114.77851059458362,neo3_calibrated_direct,1,27.4902,-8.11768,-32.6904,43.4772363057083,7,149.5698418258918,yahboom_calibrated_direct,0,3154,2934,2923,0.012166372263526633,0.5449826302669828,0.5451184164076404,127.45599523861452,neo3_calibrated_direct:gyro_integral,1,127.45599523861452,nan,117.333984375,0.0,-209,-67,2036,-1.0007762939453124,-0.32082302246093747,9.749189160156249,9.805670292375325,0,0,0,0.0,0.0,0.0,0.0,0.0,0.0,0.0,-332,1080,21360,-1.82373046875,5.9326171875,117.333984375,98777.469,304.75,1,1,0,0,1316,68,343,657,657,657,657,3946,F4line=1316;YAH=2628
DIRECT_SERIAL,227,1789354962913699591,2026-09-14T03:02:42.913700+00:00,-1,23943115889946,1789354962800000000,1789354962,800000000,38694722,1789354962809134,1789354962800000,2,4,28.803809997313707,12.983753159046065,gnss_local_enu_direct,28.803809997313707,12.983753159046065,110.4352948,-7.050788,183.92,5.403,8.736,3,1,11,0,0.6567,212.311,-0.555,-0.351,-0.118,1.4731,128.526,99.0,5.0,115.0046516372167,neo3_calibrated_direct,1,27.4658,-8.06274,-32.5928,43.37820371785351,7,149.35972077543943,yahboom_calibrated_direct,0,3167,2932,2861,0.014125691486120848,0.5447227002099639,0.5449058223986925,127.45599523861452,neo3_calibrated_direct:gyro_integral,1,127.45599523861452,nan,117.333984375,0.0,-211,-64,2039,-1.0103531005859374,-0.3064578125,9.763554370117188,9.820474719530637,0,0,0,0.0,0.0,0.0,0.0,0.0,0.0,0.0,-332,1080,21360,-1.82373046875,5.9326171875,117.333984375,98778.383,304.75,1,1,0,0,1321,68,345,660,660,660,660,3963,F4line=1321;YAH=2640
DIRECT_SERIAL,228,1789354962973480547,2026-09-14T03:02:42.973480+00:00,-1,23943175670814,1789354962800000000,1789354962,800000000,38694722,1789354962809134,1789354962800000,2,4,28.803809997313707,12.983753159046065,gnss_local_enu_direct,28.803809997313707,12.983753159046065,110.4352948,-7.050788,183.92,5.403,8.736,3,1,11,0,0.6567,212.311,-0.555,-0.351,-0.118,1.4731,128.526,99.0,5.0,114.85948798307086,neo3_calibrated_direct,1,27.4414,-8.08716,-32.5684,43.348970799611834,7,149.2789394762282,yahboom_calibrated_direct,0,3172,2932,2793,0.014881712836880452,0.5447385409334158,0.544941779784984,127.45599523861452,neo3_calibrated_direct:gyro_integral,1,127.45599523861452,nan,117.333984375,0.0,-211,-64,2032,-1.0103531005859374,-0.3064578125,9.730035546875,9.787150837815721,0,0,0,0.0,0.0,0.0,0.0,0.0,0.0,0.0,-332,1080,21360,-1.82373046875,5.9326171875,117.333984375,98781.43,304.75,1,1,0,0,1324,68,346,663,663,663,663,3978,F4line=1324;YAH=2652
DIRECT_SERIAL,229,1789354963033311896,2026-09-14T03:02:43.033312+00:00,-1,23943235502199,1789354962800000000,1789354962,800000000,38694722,1789354962809134,1789354962800000,2,4,28.803809997313707,12.983753159046065,gnss_local_enu_direct,28.803809997313707,12.983753159046065,110.4352948,-7.050788,183.92,5.403,8.736,3,1,11,0,0.6567,212.311,-0.555,-0.351,-0.118,1.4731,128.526,99.0,5.0,114.84118181136492,neo3_calibrated_direct,1,27.4902,-8.10547,-32.666,43.456613949557784,7,149.26288995741618,yahboom_calibrated_direct,0,3173,2933,2788,0.01503608525172275,0.544892267047103,0.5450996849636115,127.45599523861452,neo3_calibrated_direct:gyro_integral,1,127.45599523861452,nan,117.333984375,0.0,-214,-64,2035,-1.024718310546875,-0.3064578125,9.744400756835937,9.802923549464063,0,0,0,0.0,0.0,0.0,0.0,0.0,0.0,0.0,-332,1080,21360,-1.82373046875,5.9326171875,117.333984375,98781.43,304.75,1,1,0,0,1328,68,348,666,666,666,666,3994,F4line=1328;YAH=2664
DIRECT_SERIAL,230,1789354963093271215,2026-09-14T03:02:43.093271+00:00,-1,23943295461587,1789354963000000000,1789354963,0,38694930,1789354963017199,1789354963000000,2,4,28.58283916133055,12.884219421451322,gnss_local_enu_direct,28.58283916133055,12.884219421451322,110.4352928,-7.0507889,184.38,5.413,8.761,3,1,11,0,0.7668,208.169,-0.676,-0.362,0.03,1.2171,90.943,99.0,4.98,114.48043550381595,neo3_calibrated_direct,1,27.5391,-8.20923,-32.7148,43.54367491430759,7,149.44045618818794,yahboom_calibrated_direct,0,3162,2931,2825,0.01336650199067087,0.5445563015175152,0.5447203217229017,127.45599523861452,neo3_calibrated_direct:gyro_integral,1,127.45599523861452,nan,117.333984375,0.0,-211,-65,2037,-1.0103531005859374,-0.3112462158203125,9.753977563476562,9.81110421428344,0,0,0,0.0,0.0,0.0,0.0,0.0,0.0,0.0,-332,1080,21360,-1.82373046875,5.9326171875,117.333984375,98781.125,305.0,1,1,0,0,1337,69,349,669,669,669,669,4015,F4line=1337;YAH=2676
DIRECT_SERIAL,231,1789354963146527481,2026-09-14T03:02:43.146528+00:00,-1,23943348717674,1789354963000000000,1789354963,0,38694930,1789354963017199,1789354963000000,2,4,28.58283916133055,12.884219421451322,gnss_local_enu_direct,28.58283916133055,12.884219421451322,110.4352928,-7.0507889,184.38,5.413,8.761,3,1,11,0,0.7668,208.169,-0.676,-0.362,0.03,1.2171,90.943,99.0,4.98,114.92483920942854,neo3_calibrated_direct,1,27.4902,-8.09326,-32.5928,43.39933830495115,7,149.3769872672328,yahboom_calibrated_direct,0,3166,2947,2875,0.014022009386324573,0.5469779016002263,0.5471576021460517,127.45599523861452,neo3_calibrated_direct:gyro_integral,1,127.45599523861452,nan,117.333984375,0.0,-211,-66,2036,-1.0103531005859374,-0.316034619140625,9.749189160156249,9.806496854069097,0,0,0,0.0,0.0,0.0,0.0,0.0,0.0,0.0,-332,1080,21360,-1.82373046875,5.9326171875,117.333984375,98779.297,305.0,1,1,0,0,1342,69,351,672,672,672,672,4032,F4line=1342;YAH=2688
DIRECT_SERIAL,232,1789354963212872355,2026-09-14T03:02:43.212873+00:00,-1,23943415062795,1789354963000000000,1789354963,0,38694930,1789354963017199,1789354963000000,2,4,28.58283916133055,12.884219421451322,gnss_local_enu_direct,28.58283916133055,12.884219421451322,110.4352928,-7.0507889,184.38,5.413,8.761,3,1,11,0,0.7668,208.169,-0.676,-0.362,0.03,1.2171,90.943,99.0,4.98,114.87902514109162,neo3_calibrated_direct,1,27.4658,-8.08716,-32.6416,43.419423960545586,7,149.40839037922368,yahboom_calibrated_direct,0,3164,2935,2878,0.013681583109736217,0.5451648696828832,0.5453365207399407,127.45599523861452,neo3_calibrated_direct:gyro_integral,1,127.45599523861452,nan,117.333984375,0.0,-211,-65,2036,-1.0103531005859374,-0.3112462158203125,9.749189160156249,9.80634370574651,0,0,0,0.0,0.0,0.0,0.0,0.0,0.0,0.0,-332,1080,21360,-1.82373046875,5.9326171875,117.333984375,98779.297,305.0,1,1,0,0,1344,69,352,675,675,675,675,4046,F4line=1344;YAH=2700
DIRECT_SERIAL,233,1789354963272793297,2026-09-14T03:02:43.272793+00:00,-1,23943474983842,1789354963200000000,1789354963,200000000,38695121,1789354963208378,1789354963200000,2,4,28.383965632103966,12.79574509964682,gnss_local_enu_direct,28.383965632103966,12.79574509964682,110.435291,-7.0507897,184.85,5.421,8.793,3,1,11,0,0.8541,209.146,-0.746,-0.416,0.186,1.0798,72.434,99.0,5.01,114.64314451489896,neo3_calibrated_direct,1,27.4902,-8.1543,-32.6416,43.44741367549972,7,149.2947082279749,yahboom_calibrated_direct,0,3171,2928,2826,0.014717835987967026,0.544133140912738,0.544332150194833,127.45599523861452,neo3_calibrated_direct:gyro_integral,1,127.45599523861452,nan,117.333984375,0.0,-213,-65,2038,-1.0199299072265624,-0.3112462158203125,9.758765966796874,9.816855118480184,0,0,0,0.0,0.0,0.0,0.0,0.0,0.0,0.0,-332,1080,21360,-1.82373046875,5.9326171875,117.333984375,98778.992,305.0,1,1,0,0,1354,70,354,678,678,678,678,4068,F4line=1354;YAH=2712
DIRECT_SERIAL,234,1789354963332725577,2026-09-14T03:02:43.332726+00:00,-1,23943534915873,1789354963200000000,1789354963,200000000,38695121,1789354963208378,1789354963200000,2,4,28.383965632103966,12.79574509964682,gnss_local_enu_direct,28.383965632103966,12.79574509964682,110.435291,-7.0507897,184.85,5.421,8.793,3,1,11,0,0.8541,209.146,-0.746,-0.416,0.186,1.0798,72.434,99.0,5.01,114.77851059458362,neo3_calibrated_direct,1,27.4902,-8.11768,-32.6904,43.4772363057083,7,149.42392666903115,yahboom_calibrated_direct,0,3163,2925,2833,0.013498697392680531,0.5436561218482244,0.5438236788283043,127.45599523861452,neo3_calibrated_direct:gyro_integral,1,127.45599523861452,nan,117.333984375,0.0,-214,-63,2035,-1.024718310546875,-0.3016694091796875,9.744400756835937,9.802775023340565,0,0,0,0.0,0.0,0.0,0.0,0.0,0.0,0.0,-332,1080,21360,-1.82373046875,5.9326171875,117.333984375,98778.992,305.0,1,1,0,0,1356,70,355,681,681,681,681,4082,F4line=1356;YAH=2724
DIRECT_SERIAL,235,1789354963392560242,2026-09-14T03:02:43.392560+00:00,-1,23943594750485,1789354963200000000,1789354963,200000000,38695121,1789354963208378,1789354963200000,2,4,28.383965632103966,12.79574509964682,gnss_local_enu_direct,28.383965632103966,12.79574509964682,110.435291,-7.0507897,184.85,5.421,8.793,3,1,11,0,0.8541,209.146,-0.746,-0.416,0.186,1.0798,72.434,99.0,5.01,114.82559042189027,neo3_calibrated_direct,1,27.4902,-8.11157,-32.6416,43.43941429698264,7,149.29432071853364,yahboom_calibrated_direct,0,3171,2924,2882,0.01470516340920552,0.5435309090367507,0.5437297958629893,127.45599523861452,neo3_calibrated_direct:gyro_integral,1,127.45599523861452,nan,117.333984375,0.0,-210,-66,2032,-1.005564697265625,-0.316034619140625,9.730035546875,9.786962244963108,0,0,0,0.0,0.0,0.0,0.0,0.0,0.0,0.0,-332,1080,21360,-1.82373046875,5.9326171875,117.333984375,98777.469,305.0,1,1,0,0,1364,70,357,684,684,684,684,4102,F4line=1364;YAH=2736
DIRECT_SERIAL,236,1789354963446262993,2026-09-14T03:02:43.446263+00:00,-1,23943648453140,1789354963400000000,1789354963,400000000,38695322,1789354963408593,1789354963400000,2,4,28.22928670108525,12.7957461335451,gnss_local_enu_direct,28.22928670108525,12.7957461335451,110.4352896,-7.0507897,185.32,5.431,8.818,3,1,11,0,0.2153,221.611,-0.161,-0.143,0.477,1.7689,180.0,99.0,5.01,114.96796687811712,neo3_calibrated_direct,1,27.4658,-8.06885,-32.6172,43.39767558064026,7,149.42471784708806,yahboom_calibrated_direct,0,3163,2938,2859,0.013539883273655424,0.5456133754451834,0.5457813517368937,127.45599523861452,neo3_calibrated_direct:gyro_integral,1,127.45599523861452,nan,117.333984375,0.0,-210,-65,2036,-1.005564697265625,-0.3112462158203125,9.749189160156249,9.805851510590882,0,0,0,0.0,0.0,0.0,0.0,0.0,0.0,0.0,-332,1080,21360,-1.82373046875,5.9326171875,117.333984375,98777.469,305.0,1,1,0,0,1371,71,358,687,687,687,687,4121,F4line=1371;YAH=2748
DIRECT_SERIAL,237,1789354963512226664,2026-09-14T03:02:43.512227+00:00,-1,23943714416895,1789354963400000000,1789354963,400000000,38695322,1789354963408593,1789354963400000,2,4,28.22928670108525,12.7957461335451,gnss_local_enu_direct,28.22928670108525,12.7957461335451,110.4352896,-7.0507897,185.32,5.431,8.818,3,1,11,0,0.2153,221.611,-0.161,-0.143,0.477,1.7689,180.0,99.0,5.01,115.16539793976239,neo3_calibrated_direct,1,27.4902,-8.04443,-32.5195,43.335226205881284,7,149.3431472617469,yahboom_calibrated_direct,0,3168,2927,2835,0.014261055032820888,0.5439730785096701,0.544159983675699,127.45599523861452,neo3_calibrated_direct:gyro_integral,1,127.45599523861452,nan,117.333984375,0.0,-210,-64,2038,-1.005564697265625,-0.3064578125,9.758765966796874,9.815222358456385,0,0,0,0.0,0.0,0.0,0.0,0.0,0.0,0.0,-332,1080,21360,-1.82373046875,5.9326171875,117.333984375,98779.906,305.0,1,1,0,0,1376,71,360,690,690,690,690,4138,F4line=1376;YAH=2760
DIRECT_SERIAL,238,1789354963572093478,2026-09-14T03:02:43.572093+00:00,-1,23943774283856,1789354963400000000,1789354963,400000000,38695322,1789354963408593,1789354963400000,2,4,28.22928670108525,12.7957461335451,gnss_local_enu_direct,28.22928670108525,12.7957461335451,110.4352896,-7.0507897,185.32,5.431,8.818,3,1,11,0,0.2153,221.611,-0.161,-0.143,0.477,1.7689,180.0,99.0,5.01,115.00835180544355,neo3_calibrated_direct,1,27.4902,-8.06885,-32.6416,43.43145734283504,7,149.48976239617053,yahboom_calibrated_direct,0,3159,2950,2833,0.012973083929332257,0.5474073984943841,0.5475611023739971,127.45599523861452,neo3_calibrated_direct:gyro_integral,1,127.45599523861452,nan,117.333984375,0.0,-210,-65,2034,-1.005564697265625,-0.3112462158203125,9.739612353515625,9.796330096725178,0,0,0,0.0,0.0,0.0,0.0,0.0,0.0,0.0,-332,1080,21360,-1.82373046875,5.9326171875,117.333984375,98780.211,305.0,1,1,0,0,1380,71,361,693,693,693,693,4154,F4line=1380;YAH=2772
DIRECT_SERIAL,239,1789354963631945830,2026-09-14T03:02:43.631946+00:00,-1,23943834136131,1789354963400000000,1789354963,400000000,38695322,1789354963408593,1789354963400000,2,4,28.22928670108525,12.7957461335451,gnss_local_enu_direct,28.22928670108525,12.7957461335451,110.4352896,-7.0507897,185.32,5.431,8.818,3,1,11,0,0.2153,221.611,-0.161,-0.143,0.477,1.7689,180.0,99.0,5.01,114.99271289409144,neo3_calibrated_direct,1,27.4902,-8.07495,-32.6172,43.414256291942856,7,149.5053840858556,yahboom_calibrated_direct,0,3158,2938,2760,0.012783861922895821,0.5455975347217316,0.5457472831083034,127.45599523861452,neo3_calibrated_direct:gyro_integral,1,127.45599523861452,nan,117.333984375,0.0,-215,-64,2035,-1.0295067138671874,-0.3064578125,9.744400756835937,9.803425247053434,0,0,0,0.0,0.0,0.0,0.0,0.0,0.0,0.0,-332,1080,21360,-1.82373046875,5.9326171875,117.333984375,98780.211,305.0,1,1,0,0,1384,71,363,696,696,696,696,4170,F4line=1384;YAH=2784
DIRECT_SERIAL,240,1789354963691735331,2026-09-14T03:02:43.691735+00:00,-1,23943893925711,1789354963600000000,1789354963,600000000,38695522,1789354963608932,1789354963600000,2,4,28.00831481569936,12.707271341609065,gnss_local_enu_direct,28.00831481569936,12.707271341609065,110.4352876,-7.0507905,185.56,5.449,8.849,3,1,11,0,0.4774,212.858,-0.401,-0.259,0.339,1.1141,133.718,99.0,5.01,114.92104456677659,neo3_calibrated_direct,1,27.4658,-8.08716,-32.5439,43.34602350522594,7,149.650616542078,yahboom_calibrated_direct,0,3149,2933,2759,0.011407182768076654,0.544816231574534,0.5449356384067576,127.45599523861452,neo3_calibrated_direct:gyro_integral,1,127.45599523861452,nan,117.333984375,0.0,-215,-64,2036,-1.0295067138671874,-0.3064578125,9.749189160156249,9.808184834374197,0,0,0,0.0,0.0,0.0,0.0,0.0,0.0,0.0,-332,1080,21360,-1.82373046875,5.9326171875,117.333984375,98779.906,305.0,1,1,0,0,1395,72,364,699,699,699,699,4193,F4line=1395;YAH=2796
DIRECT_SERIAL,241,1789354963746396223,2026-09-14T03:02:43.746396+00:00,-1,23943948586399,1789354963600000000,1789354963,600000000,38695522,1789354963608932,1789354963600000,2,4,28.00831481569936,12.707271341609065,gnss_local_enu_direct,28.00831481569936,12.707271341609065,110.4352876,-7.0507905,185.56,5.449,8.849,3,1,11,0,0.4774,212.858,-0.401,-0.259,0.339,1.1141,133.718,99.0,5.01,115.10774757548431,neo3_calibrated_direct,1,27.4902,-8.05054,-32.5928,43.39139202850722,7,149.61836946559413,yahboom_calibrated_direct,0,3151,2943,2825,0.011741272755284258,0.5463281475538833,0.5464543002809765,127.45599523861452,neo3_calibrated_direct:gyro_integral,1,127.45599523861452,nan,117.333984375,0.0,-211,-65,2029,-1.0103531005859374,-0.3112462158203125,9.715670336914062,9.773020909131315,0,0,0,0.0,0.0,0.0,0.0,0.0,0.0,0.0,-332,1080,21360,-1.82373046875,5.9326171875,117.333984375,98779.602,305.0,1,1,0,0,1405,72,366,702,702,702,702,4215,F4line=1405;YAH=2808
DIRECT_SERIAL,242,1789354963811687226,2026-09-14T03:02:43.811687+00:00,-1,23944013877569,1789354963600000000,1789354963,600000000,38695522,1789354963608932,1789354963600000,2,4,28.00831481569936,12.707271341609065,gnss_local_enu_direct,28.00831481569936,12.707271341609065,110.4352876,-7.0507905,185.56,5.449,8.849,3,1,11,0,0.4774,212.858,-0.401,-0.259,0.339,1.1141,133.718,99.0,5.01,114.68885949914717,neo3_calibrated_direct,1,27.5146,-8.14819,-32.7148,43.51671348431657,7,149.71498687386944,yahboom_calibrated_direct,0,3145,2947,2794,0.01084671971313424,0.5469113705617283,0.5470189197626014,127.45599523861452,neo3_calibrated_direct:gyro_integral,1,127.45599523861452,nan,117.333984375,0.0,-209,-65,2032,-1.0007762939453124,-0.3112462158203125,9.730035546875,9.78631795625078,0,0,0,0.0,0.0,0.0,0.0,0.0,0.0,0.0,-332,1080,21360,-1.82373046875,5.9326171875,117.333984375,98779.602,305.0,1,1,0,0,1407,72,367,705,705,705,705,4229,F4line=1407;YAH=2820
DIRECT_SERIAL,243,1789354963871306922,2026-09-14T03:02:43.871307+00:00,-1,23944073497120,1789354963800000000,1789354963,800000000,38695721,1789354963808595,1789354963800000,2,4,27.75419712379631,12.563499513766683,gnss_local_enu_direct,27.75419712379631,12.563499513766683,110.4352853,-7.0507918,185.84,5.464,8.878,3,1,11,0,0.8574,211.502,-0.731,-0.448,0.165,1.1499,76.846,99.0,5.01,115.12346139230756,neo3_calibrated_direct,1,27.4902,-8.04443,-32.6172,43.40859000134535,7,149.42538288570333,yahboom_calibrated_direct,0,3163,2949,2798,0.013574732865249564,0.5472695131041487,0.5474378442760556,127.45599523861452,neo3_calibrated_direct:gyro_integral,1,127.45599523861452,nan,117.333984375,0.0,-214,-63,2036,-1.024718310546875,-0.3016694091796875,9.749189160156249,9.80753492621428,0,0,0,0.0,0.0,0.0,0.0,0.0,0.0,0.0,-332,1080,21360,-1.82373046875,5.9326171875,117.333984375,98779.297,305.0,1,1,0,0,1418,73,369,708,708,708,708,4252,F4line=1418;YAH=2832
DIRECT_SERIAL,244,1789354963931253673,2026-09-14T03:02:43.931254+00:00,-1,23944133443975,1789354963800000000,1789354963,800000000,38695721,1789354963808595,1789354963800000,2,4,27.75419712379631,12.563499513766683,gnss_local_enu_direct,27.75419712379631,12.563499513766683,110.4352853,-7.0507918,185.84,5.464,8.878,3,1,11,0,0.8574,211.502,-0.731,-0.448,0.165,1.1499,76.846,99.0,5.01,115.2352043423149,neo3_calibrated_direct,1,27.4658,-8.01392,-32.5439,43.33241870258802,7,149.278636166537,yahboom_calibrated_direct,0,3172,2929,2841,0.014872208402809324,0.5442868670264253,0.5444900147846773,127.45599523861452,neo3_calibrated_direct:gyro_integral,1,127.45599523861452,nan,117.333984375,0.0,-216,-64,2037,-1.0342951171875,-0.3064578125,9.753977563476562,9.813447971487104,0,0,0,0.0,0.0,0.0,0.0,0.0,0.0,0.0,-332,1080,21360,-1.82373046875,5.9326171875,117.333984375,98779.297,305.0,1,1,0,0,1420,73,370,711,711,711,711,4266,F4line=1420;YAH=2844
DIRECT_SERIAL,245,1789354963991105243,2026-09-14T03:02:43.991105+00:00,-1,23944193295484,1789354963800000000,1789354963,800000000,38695721,1789354963808595,1789354963800000,2,4,27.75419712379631,12.563499513766683,gnss_local_enu_direct,27.75419712379631,12.563499513766683,110.4352853,-7.0507918,185.84,5.464,8.878,3,1,11,0,0.8574,211.502,-0.731,-0.448,0.165,1.1499,76.846,99.0,5.01,114.86466089390306,neo3_calibrated_direct,1,27.4414,-8.08105,-32.6172,43.38450805186685,7,149.47377588625204,yahboom_calibrated_direct,0,3160,2952,2803,0.013130624488864932,0.5477116825770681,0.5478690541825397,127.45599523861452,neo3_calibrated_direct:gyro_integral,1,127.45599523861452,nan,117.333984375,0.0,-212,-67,2037,-1.01514150390625,-0.32082302246093747,9.753977563476562,9.811906949900116,0,0,0,0.0,0.0,0.0,0.0,0.0,0.0,0.0,-332,1080,21360,-1.82373046875,5.9326171875,117.333984375,98779.602,305.0,1,1,0,0,1425,73,372,714,714,714,714,4283,F4line=1425;YAH=2856
DIRECT_SERIAL,246,1789354964042638635,2026-09-14T03:02:44.042639+00:00,-1,23944244828855,1789354963800000000,1789354963,800000000,38695721,1789354963808595,1789354963800000,2,4,27.75419712379631,12.563499513766683,gnss_local_enu_direct,27.75419712379631,12.563499513766683,110.4352853,-7.0507918,185.84,5.464,8.878,3,1,11,0,0.8574,211.502,-0.731,-0.448,0.165,1.1499,76.846,99.0,5.01,114.93132987187208,neo3_calibrated_direct,1,27.4658,-8.07495,-32.6416,43.41715142317031,7,149.3288897123112,yahboom_calibrated_direct,0,3169,2949,2798,0.014481958486161088,0.547288521972291,0.5474800940711998,127.45599523861452,neo3_calibrated_direct:gyro_integral,1,127.45599523861452,nan,117.333984375,0.0,-213,-64,2040,-1.0199299072265624,-0.3064578125,9.7683427734375,9.826224806397729,0,0,0,0.0,0.0,0.0,0.0,0.0,0.0,0.0,-332,1080,21360,-1.82373046875,5.9326171875,117.333984375,98779.602,305.0,1,1,0,0,1428,73,373,717,717,717,717,4298,F4line=1428;YAH=2868
DIRECT_SERIAL,247,1789354964096466859,2026-09-14T03:02:44.096467+00:00,-1,23944298657179,1789354964000000000,1789354964,0,38695929,1789354964016505,1789354964000000,2,4,27.500079473573997,12.375490008404347,gnss_local_enu_direct,27.500079473573997,12.375490008404347,110.435283,-7.0507935,186.14,5.483,8.902,3,1,11,0,0.78,207.321,-0.693,-0.358,-0.063,1.4631,107.472,99.0,4.98,114.84532443794716,neo3_calibrated_direct,1,27.5146,-8.12378,-32.5928,43.420497768777366,7,149.6344899026875,yahboom_calibrated_direct,0,3150,2945,2790,0.01159640477451309,0.5466260953471864,0.5467490875330344,127.45599523861452,neo3_calibrated_direct:gyro_integral,1,127.45599523861452,nan,117.333984375,0.0,-208,-65,2030,-0.9959878906249999,-0.3112462158203125,9.720458740234374,9.776307288835234,0,0,0,0.0,0.0,0.0,0.0,0.0,0.0,0.0,-332,1080,21360,-1.82373046875,5.9326171875,117.333984375,98779.906,304.75,1,1,0,0,1436,74,374,720,720,720,720,4318,F4line=1436;YAH=2880
DIRECT_SERIAL,248,1789354964150737606,2026-09-14T03:02:44.150738+00:00,-1,23944352927938,1789354964000000000,1789354964,0,38695929,1789354964016505,1789354964000000,2,4,27.500079473573997,12.375490008404347,gnss_local_enu_direct,27.500079473573997,12.375490008404347,110.435283,-7.0507935,186.14,5.483,8.902,3,1,11,0,0.78,207.321,-0.693,-0.358,-0.063,1.4631,107.472,99.0,4.98,115.18798043311797,neo3_calibrated_direct,1,27.4658,-8.02002,-32.5928,43.370283631542,7,149.5377711782438,yahboom_calibrated_direct,0,3156,2942,2795,0.012494125961353485,0.5461934303083382,0.5463363126276046,127.45599523861452,neo3_calibrated_direct:gyro_integral,1,127.45599523861452,nan,117.333984375,0.0,-212,-63,2036,-1.01514150390625,-0.3016694091796875,9.749189160156249,9.806538940212086,0,0,0,0.0,0.0,0.0,0.0,0.0,0.0,0.0,-332,1080,21360,-1.82373046875,5.9326171875,117.333984375,98778.992,304.75,1,1,0,0,1441,74,376,722,722,722,722,4331,F4line=1441;YAH=2888
DIRECT_SERIAL,249,1789354964210528908,2026-09-14T03:02:44.210529+00:00,-1,23944412719168,1789354964000000000,1789354964,0,38695929,1789354964016505,1789354964000000,2,4,27.500079473573997,12.375490008404347,gnss_local_enu_direct,27.500079473573997,12.375490008404347,110.435283,-7.0507935,186.14,5.483,8.902,3,1,11,0,0.78,207.321,-0.693,-0.358,-0.063,1.4631,107.472,99.0,4.98,115.05697025683072,neo3_calibrated_direct,1,27.4658,-8.05054,-32.5928,43.375937750919,7,149.27984639540742,yahboom_calibrated_direct,0,3172,2941,2856,0.01491022613909384,0.5460935626543875,0.5462970748741753,127.45599523861452,neo3_calibrated_direct:gyro_integral,1,127.45599523861452,nan,117.333984375,0.0,-208,-65,2030,-0.9959878906249999,-0.3112462158203125,9.720458740234374,9.776307288835234,0,0,0,0.0,0.0,0.0,0.0,0.0,0.0,0.0,-332,1080,21360,-1.82373046875,5.9326171875,117.333984375,98778.992,304.75,1,1,0,0,1443,74,377,725,725,725,725,4345,F4line=1443;YAH=2900
DIRECT_SERIAL,250,1789354964270425704,2026-09-14T03:02:44.270426+00:00,-1,23944472616028,1789354964200000000,1789354964,200000000,38696121,1789354964207691,1789354964200000,2,4,27.223864205207256,12.176420935239939,gnss_local_enu_direct,27.223864205207256,12.176420935239939,110.4352805,-7.0507953,186.37,5.501,8.93,3,1,11,0,0.9782,215.136,-0.8,-0.563,0.227,1.1241,65.84,99.0,5.01,114.6837613030748,neo3_calibrated_direct,1,27.5146,-8.1543,-32.666,43.48118417948159,7,149.34431029869873,yahboom_calibrated_direct,0,3168,2941,2854,0.014305409058486157,0.546080890075626,0.5462682337772521,127.45599523861452,neo3_calibrated_direct:gyro_integral,1,127.45599523861452,nan,117.333984375,0.0,-210,-64,2033,-1.005564697265625,-0.3064578125,9.734823950195311,9.79141839022955,0,0,0,0.0,0.0,0.0,0.0,0.0,0.0,0.0,-332,1080,21360,-1.82373046875,5.9326171875,117.333984375,98778.688,304.75,1,1,0,0,1453,75,379,728,728,728,728,4367,F4line=1453;YAH=2912
DIRECT_SERIAL,251,1789354964330243402,2026-09-14T03:02:44.330243+00:00,-1,23944532433843,1789354964200000000,1789354964,200000000,38696121,1789354964207691,1789354964200000,2,4,27.223864205207256,12.176420935239939,gnss_local_enu_direct,27.223864205207256,12.176420935239939,110.4352805,-7.0507953,186.37,5.501,8.93,3,1,11,0,0.9782,215.136,-0.8,-0.563,0.227,1.1241,65.84,99.0,5.01,114.78899623587358,neo3_calibrated_direct,1,27.4902,-8.11768,-32.666,43.4588929981241,7,149.45672407388255,yahboom_calibrated_direct,0,3161,2933,2854,0.013221634009899702,0.5448542493108185,0.5450146462233353,127.45599523861452,neo3_calibrated_direct:gyro_integral,1,127.45599523861452,nan,117.333984375,0.0,-213,-64,2034,-1.0199299072265624,-0.3064578125,9.739612353515625,9.797664119740563,0,0,0,0.0,0.0,0.0,0.0,0.0,0.0,0.0,-332,1080,21360,-1.82373046875,5.9326171875,117.333984375,98778.688,304.75,1,1,0,0,1455,75,380,731,731,731,731,4381,F4line=1455;YAH=2924
DIRECT_SERIAL,252,1789354964390054876,2026-09-14T03:02:44.390055+00:00,-1,23944592245184,1789354964200000000,1789354964,200000000,38696121,1789354964207691,1789354964200000,2,4,27.223864205207256,12.176420935239939,gnss_local_enu_direct,27.223864205207256,12.176420935239939,110.4352805,-7.0507953,186.37,5.501,8.93,3,1,11,0,0.9782,215.136,-0.8,-0.563,0.227,1.1241,65.84,99.0,5.01,114.80462152208946,neo3_calibrated_direct,1,27.4902,-8.11157,-32.6904,43.476095915628164,7,149.71514245620475,yahboom_calibrated_direct,0,3145,2939,2814,0.010821374555611229,0.5457069068097535,0.5458141902581334,127.45599523861452,neo3_calibrated_direct:gyro_integral,1,127.45599523861452,nan,117.333984375,0.0,-214,-63,2035,-1.024718310546875,-0.3016694091796875,9.744400756835937,9.802775023340565,0,0,0,0.0,0.0,0.0,0.0,0.0,0.0,0.0,-332,1080,21360,-1.82373046875,5.9326171875,117.333984375,98780.211,304.75,1,1,0,0,1463,75,382,734,734,734,734,4401,F4line=1463;YAH=2936
DIRECT_SERIAL,253,1789354964446193827,2026-09-14T03:02:44.446194+00:00,-1,23944648383956,1789354964400000000,1789354964,400000000,38696321,1789354964407874,1789354964400000,2,4,27.013941200237753,12.099005655090068,gnss_local_enu_direct,27.013941200237753,12.099005655090068,110.4352786,-7.050796,186.68,5.518,8.955,3,1,11,0,0.4621,227.368,-0.313,-0.34,0.689,1.5309,180.0,99.0,5.01,114.87136033311465,neo3_calibrated_direct,1,27.5146,-8.11768,-32.5928,43.41935689968703,7,149.42465718880015,yahboom_calibrated_direct,0,3163,2937,2823,0.013536715128965048,0.5454628174761866,0.5456307615095968,127.45599523861452,neo3_calibrated_direct:gyro_integral,1,127.45599523861452,nan,117.333984375,0.0,-209,-67,2038,-1.0007762939453124,-0.32082302246093747,9.758765966796874,9.815191989817459,0,0,0,0.0,0.0,0.0,0.0,0.0,0.0,0.0,-332,1080,21360,-1.82373046875,5.9326171875,117.333984375,98780.211,304.75,1,1,0,0,1470,76,383,737,737,737,737,4420,F4line=1470;YAH=2948
DIRECT_SERIAL,254,1789354964496356267,2026-09-14T03:02:44.496356+00:00,-1,23944698546473,1789354964400000000,1789354964,400000000,38696321,1789354964407874,1789354964400000,2,4,27.013941200237753,12.099005655090068,gnss_local_enu_direct,27.013941200237753,12.099005655090068,110.4352786,-7.050796,186.68,5.518,8.955,3,1,11,0,0.4621,227.368,-0.313,-0.34,0.689,1.5309,180.0,99.0,5.01,114.58143518667652,neo3_calibrated_direct,1,27.4658,-8.1543,-32.666,43.45032029950987,7,149.63447609984226,yahboom_calibrated_direct,0,3150,2940,2894,0.011580564051061209,0.5458733055022023,0.545996131051898,127.45599523861452,neo3_calibrated_direct:gyro_integral,1,127.45599523861452,nan,117.333984375,0.0,-211,-65,2037,-1.0103531005859374,-0.3112462158203125,9.753977563476562,9.81110421428344,0,0,0,0.0,0.0,0.0,0.0,0.0,0.0,0.0,-332,1080,21360,-1.82373046875,5.9326171875,117.333984375,98778.688,304.75,1,1,0,0,1473,76,384,740,740,740,740,4435,F4line=1473;YAH=2960
DIRECT_SERIAL,255,1789354964546440262,2026-09-14T03:02:44.546440+00:00,-1,23944748630434,1789354964400000000,1789354964,400000000,38696321,1789354964407874,1789354964400000,2,4,27.013941200237753,12.099005655090068,gnss_local_enu_direct,27.013941200237753,12.099005655090068,110.4352786,-7.050796,186.68,5.518,8.955,3,1,11,0,0.4621,227.368,-0.313,-0.34,0.689,1.5309,180.0,99.0,5.01,114.85166506684644,neo3_calibrated_direct,1,27.4902,-8.10547,-32.6416,43.43827563935866,7,149.57010898256658,yahboom_calibrated_direct,0,3154,2947,2886,0.012207558144501526,0.5469398838639418,0.5470761016869166,127.45599523861452,neo3_calibrated_direct:gyro_integral,1,127.45599523861452,nan,117.333984375,0.0,-215,-65,2040,-1.0295067138671874,-0.3112462158203125,9.7683427734375,9.827373953408342,0,0,0,0.0,0.0,0.0,0.0,0.0,0.0,0.0,-332,1080,21360,-1.82373046875,5.9326171875,117.333984375,98778.992,304.75,1,1,0,0,1479,76,386,742,742,742,742,4449,F4line=1479;YAH=2968
DIRECT_SERIAL,256,1789354964609549968,2026-09-14T03:02:44.609550+00:00,-1,23944811740337,1789354964400000000,1789354964,400000000,38696321,1789354964407874,1789354964400000,2,4,27.013941200237753,12.099005655090068,gnss_local_enu_direct,27.013941200237753,12.099005655090068,110.4352786,-7.050796,186.68,5.518,8.955,3,1,11,0,0.4621,227.368,-0.313,-0.34,0.689,1.5309,180.0,99.0,5.01,114.84118181136492,neo3_calibrated_direct,1,27.4902,-8.10547,-32.666,43.456613949557784,7,149.36027062255488,yahboom_calibrated_direct,0,3167,2939,2865,0.014147868498953482,0.5457766059929419,0.5459599489268774,127.45599523861452,neo3_calibrated_direct:gyro_integral,1,127.45599523861452,nan,117.333984375,0.0,-209,-66,2037,-1.0007762939453124,-0.316034619140625,9.753977563476562,9.810275703558103,0,0,0,0.0,0.0,0.0,0.0,0.0,0.0,0.0,-332,1080,21360,-1.82373046875,5.9326171875,117.333984375,98778.992,304.75,1,1,0,0,1481,76,387,745,745,745,745,4463,F4line=1481;YAH=2980
DIRECT_SERIAL,257,1789354964669357294,2026-09-14T03:02:44.669357+00:00,-1,23944871547504,1789354964600000000,1789354964,600000000,38696522,1789354964609253,1789354964600000,2,4,26.848213272007417,12.11006597094039,gnss_local_enu_direct,26.848213272007417,12.11006597094039,110.4352771,-7.0507959,187.1,5.535,8.983,3,1,11,0,0.4934,218.333,-0.387,-0.306,0.683,1.477,171.534,99.0,5.01,114.55458760102438,neo3_calibrated_direct,1,27.4902,-8.17261,-32.666,43.46918685979875,7,149.5699242320979,yahboom_calibrated_direct,0,3154,2938,2831,0.012179044842288139,0.5455848621429701,0.5457207811077329,127.45599523861452,neo3_calibrated_direct:gyro_integral,1,127.45599523861452,nan,117.333984375,0.0,-209,-65,2032,-1.0007762939453124,-0.3112462158203125,9.730035546875,9.78631795625078,0,0,0,0.0,0.0,0.0,0.0,0.0,0.0,0.0,-332,1080,21360,-1.82373046875,5.9326171875,117.333984375,98778.383,304.75,1,1,0,0,1491,77,389,748,748,748,748,4485,F4line=1491;YAH=2992
DIRECT_SERIAL,258,1789354964729319655,2026-09-14T03:02:44.729320+00:00,-1,23944931510046,1789354964600000000,1789354964,600000000,38696522,1789354964609253,1789354964600000,2,4,26.848213272007417,12.11006597094039,gnss_local_enu_direct,26.848213272007417,12.11006597094039,110.4352771,-7.0507959,187.1,5.535,8.983,3,1,11,0,0.4934,218.333,-0.387,-0.306,0.683,1.477,171.534,99.0,5.01,114.77563299248271,neo3_calibrated_direct,1,27.4414,-8.09937,-32.6416,43.40627004151474,7,149.63444559916974,yahboom_calibrated_direct,0,3150,2929,2838,0.011545714459467069,0.5442171678432369,0.544339626793506,127.45599523861452,neo3_calibrated_direct:gyro_integral,1,127.45599523861452,nan,117.333984375,0.0,-212,-64,2035,-1.01514150390625,-0.3064578125,9.744400756835937,9.801927094894152,0,0,0,0.0,0.0,0.0,0.0,0.0,0.0,0.0,-332,1080,21360,-1.82373046875,5.9326171875,117.333984375,98778.383,304.75,1,1,0,0,1493,77,390,751,751,751,751,4499,F4line=1493;YAH=3004
DIRECT_SERIAL,259,1789354964789307927,2026-09-14T03:02:44.789308+00:00,-1,23944991498250,1789354964600000000,1789354964,600000000,38696522,1789354964609253,1789354964600000,2,4,26.848213272007417,12.11006597094039,gnss_local_enu_direct,26.848213272007417,12.11006597094039,110.4352771,-7.0507959,187.1,5.535,8.983,3,1,11,0,0.4934,218.333,-0.387,-0.306,0.683,1.477,171.534,99.0,5.01,114.87902514109162,neo3_calibrated_direct,1,27.4658,-8.08716,-32.6416,43.419423960545586,7,149.359247781886,yahboom_calibrated_direct,0,3167,2926,2787,0.01410668261797859,0.5438193523959829,0.544002285413279,127.45599523861452,neo3_calibrated_direct:gyro_integral,1,127.45599523861452,nan,117.333984375,0.0,-213,-65,2037,-1.0199299072265624,-0.3112462158203125,9.753977563476562,9.812095063304362,0,0,0,0.0,0.0,0.0,0.0,0.0,0.0,0.0,-332,1080,21360,-1.82373046875,5.9326171875,117.333984375,98778.688,304.75,1,1,0,0,1503,77,392,754,754,754,754,4521,F4line=1503;YAH=3016
DIRECT_SERIAL,260,1789354964846371090,2026-09-14T03:02:44.846371+00:00,-1,23945048561237,1789354964800000000,1789354964,800000000,38696720,1789354964807357,1789354964800000,2,4,26.77087487911857,12.187482964171407,gnss_local_enu_direct,26.77087487911857,12.187482964171407,110.4352764,-7.0507952,187.6,5.554,9.007,3,1,11,0,0.1146,237.836,-0.061,-0.097,0.8,2.0663,180.0,99.0,5.01,114.71079411522167,neo3_calibrated_direct,1,27.4902,-8.13599,-32.666,43.46231684252577,7,149.40852070666813,yahboom_calibrated_direct,0,3164,2937,2798,0.013687919399116968,0.545465985620877,0.5456377008664555,127.45599523861452,neo3_calibrated_direct:gyro_integral,1,127.45599523861452,nan,117.333984375,0.0,-213,-64,2034,-1.0199299072265624,-0.3064578125,9.739612353515625,9.797664119740563,0,0,0,0.0,0.0,0.0,0.0,0.0,0.0,0.0,-332,1080,21360,-1.82373046875,5.9326171875,117.333984375,98778.688,304.75,1,1,0,0,1510,78,393,757,757,757,757,4540,F4line=1510;YAH=3028
DIRECT_SERIAL,261,1789354964896470923,2026-09-14T03:02:44.896471+00:00,-1,23945098661232,1789354964800000000,1789354964,800000000,38696720,1789354964807357,1789354964800000,2,4,26.77087487911857,12.187482964171407,gnss_local_enu_direct,26.77087487911857,12.187482964171407,110.4352764,-7.0507952,187.6,5.554,9.007,3,1,11,0,0.1146,237.836,-0.061,-0.097,0.8,2.0663,180.0,99.0,5.01,114.77229746309254,neo3_calibrated_direct,1,27.5146,-8.13599,-32.6416,43.45942472007769,7,149.55401333109143,yahboom_calibrated_direct,0,3155,2947,2786,0.012358762414653446,0.5469430520086321,0.5470826639082426,127.45599523861452,neo3_calibrated_direct:gyro_integral,1,127.45599523861452,nan,117.333984375,0.0,-210,-65,2037,-1.005564697265625,-0.3112462158203125,9.753977563476562,9.810612257960946,0,0,0,0.0,0.0,0.0,0.0,0.0,0.0,0.0,-332,1080,21360,-1.82373046875,5.9326171875,117.333984375,98778.688,304.75,1,1,0,0,1513,78,394,760,760,760,760,4555,F4line=1513;YAH=3040
DIRECT_SERIAL,262,1789354964948780614,2026-09-14T03:02:44.948781+00:00,-1,23945150970909,1789354964800000000,1789354964,800000000,38696720,1789354964807357,1789354964800000,2,4,26.77087487911857,12.187482964171407,gnss_local_enu_direct,26.77087487911857,12.187482964171407,110.4352764,-7.0507952,187.6,5.554,9.007,3,1,11,0,0.1146,237.836,-0.061,-0.097,0.8,2.0663,180.0,99.0,5.01,114.95093487790167,neo3_calibrated_direct,1,27.4902,-8.08716,-32.5928,43.39820116946784,7,149.5214166439331,yahboom_calibrated_direct,0,3157,2935,2787,0.012623153218672772,0.5451426926700507,0.5452888219730305,127.45599523861452,neo3_calibrated_direct:gyro_integral,1,127.45599523861452,nan,117.333984375,0.0,-213,-64,2035,-1.0199299072265624,-0.3064578125,9.744400756835937,9.802424165293106,0,0,0,0.0,0.0,0.0,0.0,0.0,0.0,0.0,-332,1080,21360,-1.82373046875,5.9326171875,117.333984375,98779.297,304.75,1,1,0,0,1518,78,396,762,762,762,762,4568,F4line=1518;YAH=3048
DIRECT_SERIAL,263,1789354965008612094,2026-09-14T03:02:45.008612+00:00,-1,23945210802480,1789354964800000000,1789354964,800000000,38696720,1789354964807357,1789354964800000,2,4,26.77087487911857,12.187482964171407,gnss_local_enu_direct,26.77087487911857,12.187482964171407,110.4352764,-7.0507952,187.6,5.554,9.007,3,1,11,0,0.1146,237.836,-0.061,-0.097,0.8,2.0663,180.0,99.0,5.01,114.79665805877757,neo3_calibrated_direct,1,27.4414,-8.09937,-32.5928,43.36958427512189,7,149.45656829463613,yahboom_calibrated_direct,0,3161,2930,2784,0.013212129575828574,0.544402575403828,0.5445628746749535,127.45599523861452,neo3_calibrated_direct:gyro_integral,1,127.45599523861452,nan,117.333984375,0.0,-212,-65,2038,-1.01514150390625,-0.3112462158203125,9.758765966796874,9.816358778820609,0,0,0,0.0,0.0,0.0,0.0,0.0,0.0,0.0,-332,1080,21360,-1.82373046875,5.9326171875,117.333984375,98779.297,304.75,1,1,0,0,1520,78,397,765,765,765,765,4582,F4line=1520;YAH=3060
DIRECT_SERIAL,264,1789354965068546418,2026-09-14T03:02:45.068546+00:00,-1,23945270736706,1789354965000000000,1789354965,0,38696928,1789354965015423,1789354965000000,2,4,26.660390853609982,12.253840712241534,gnss_local_enu_direct,26.660390853609982,12.253840712241534,110.4352754,-7.0507946,188.18,5.564,9.028,3,1,11,0,0.4041,222.693,-0.297,-0.274,0.254,1.068,151.433,99.0,4.98,114.91435988424358,neo3_calibrated_direct,1,27.4902,-8.09326,-32.6172,43.417665636323655,7,149.61834063098019,yahboom_calibrated_direct,0,3151,2939,2790,0.011728600176522752,0.5457259156778959,0.5458519351477822,127.45599523861452,neo3_calibrated_direct:gyro_integral,1,127.45599523861452,nan,117.333984375,0.0,-209,-64,2030,-1.0007762939453124,-0.3064578125,9.720458740234374,9.776645012577884,0,0,0,0.0,0.0,0.0,0.0,0.0,0.0,0.0,-332,1080,21360,-1.82373046875,5.9326171875,117.333984375,98778.688,304.75,1,1,0,0,1531,79,399,768,768,768,768,4605,F4line=1531;YAH=3072
DIRECT_SERIAL,265,1789354965128424552,2026-09-14T03:02:45.128424+00:00,-1,23945330614915,1789354965000000000,1789354965,0,38696928,1789354965015423,1789354965000000,2,4,26.660390853609982,12.253840712241534,gnss_local_enu_direct,26.660390853609982,12.253840712241534,110.4352754,-7.0507946,188.18,5.564,9.028,3,1,11,0,0.4041,222.693,-0.297,-0.274,0.254,1.068,151.433,99.0,4.98,115.24911173151341,neo3_calibrated_direct,1,27.4902,-8.02002,-32.5684,43.36741282807172,7,149.48916431127304,yahboom_calibrated_direct,0,3159,2936,2812,0.012928729903666988,0.5452995869284283,0.5454528316557138,127.45599523861452,neo3_calibrated_direct:gyro_integral,1,127.45599523861452,nan,117.333984375,0.0,-212,-66,2035,-1.01514150390625,-0.316034619140625,9.744400756835937,9.80223118801394,0,0,0,0.0,0.0,0.0,0.0,0.0,0.0,0.0,-332,1080,21360,-1.82373046875,5.9326171875,117.333984375,98778.688,304.75,1,1,0,0,1533,79,400,771,771,771,771,4619,F4line=1533;YAH=3084
DIRECT_SERIAL,266,1789354965188101446,2026-09-14T03:02:45.188101+00:00,-1,23945390291647,1789354965000000000,1789354965,0,38696928,1789354965015423,1789354965000000,2,4,26.660390853609982,12.253840712241534,gnss_local_enu_direct,26.660390853609982,12.253840712241534,110.4352754,-7.0507946,188.18,5.564,9.028,3,1,11,0,0.4041,222.693,-0.297,-0.274,0.254,1.068,151.433,99.0,4.98,114.90256660719321,neo3_calibrated_direct,1,27.5146,-8.10547,-32.6416,43.45372144754578,7,149.4571382254065,yahboom_calibrated_direct,0,3161,2941,2771,0.013246979167422712,0.5460587130627933,0.5462193703713336,127.45599523861452,neo3_calibrated_direct:gyro_integral,1,127.45599523861452,nan,117.333984375,0.0,-213,-64,2037,-1.0199299072265624,-0.3064578125,9.753977563476562,9.811944339186889,0,0,0,0.0,0.0,0.0,0.0,0.0,0.0,0.0,-332,1080,21360,-1.82373046875,5.9326171875,117.333984375,98779.602,304.75,1,1,0,0,1538,79,402,774,774,774,774,4636,F4line=1538;YAH=3096
DIRECT_SERIAL,267,1789354965246185260,2026-09-14T03:02:45.246185+00:00,-1,23945448375484,1789354965200000000,1789354965,200000000,38697120,1789354965207705,1789354965200000,2,4,26.527809271966103,12.264901235676659,gnss_local_enu_direct,26.527809271966103,12.264901235676659,110.4352742,-7.0507945,188.71,5.569,9.048,3,1,11,0,0.3425,218.242,-0.269,-0.212,0.176,1.0222,171.004,99.0,5.02,114.80064442562123,neo3_calibrated_direct,1,27.4658,-8.10547,-32.6416,43.42283804774741,7,149.4083251615033,yahboom_calibrated_direct,0,3164,2934,2799,0.013678414965045838,0.5450143117138865,0.5451859306777068,127.45599523861452,neo3_calibrated_direct:gyro_integral,1,127.45599523861452,nan,117.333984375,0.0,-213,-64,2033,-1.0199299072265624,-0.3064578125,9.734823950195311,9.792904101837907,0,0,0,0.0,0.0,0.0,0.0,0.0,0.0,0.0,-332,1080,21360,-1.82373046875,5.9326171875,117.333984375,98779.602,304.75,1,1,0,0,1545,80,403,777,777,777,777,4655,F4line=1545;YAH=3108
DIRECT_SERIAL,268,1789354965296408270,2026-09-14T03:02:45.296408+00:00,-1,23945498598706,1789354965200000000,1789354965,200000000,38697120,1789354965207705,1789354965200000,2,4,26.527809271966103,12.264901235676659,gnss_local_enu_direct,26.527809271966103,12.264901235676659,110.4352742,-7.0507945,188.71,5.569,9.048,3,1,11,0,0.3425,218.242,-0.269,-0.212,0.176,1.0222,171.004,99.0,5.02,114.89623074112143,neo3_calibrated_direct,1,27.4414,-8.08105,-32.5439,43.329426839879844,7,149.44101872042873,yahboom_calibrated_direct,0,3162,2941,2741,0.013398183437574632,0.5460618812074837,0.5462262255030262,127.45599523861452,neo3_calibrated_direct:gyro_integral,1,127.45599523861452,nan,117.333984375,0.0,-209,-65,2032,-1.0007762939453124,-0.3112462158203125,9.730035546875,9.78631795625078,0,0,0,0.0,0.0,0.0,0.0,0.0,0.0,0.0,-332,1080,21360,-1.82373046875,5.9326171875,117.333984375,98782.047,304.75,1,1,0,0,1548,80,404,780,780,780,780,4670,F4line=1548;YAH=3120
DIRECT_SERIAL,269,1789354965347784946,2026-09-14T03:02:45.347785+00:00,-1,23945549975171,1789354965200000000,1789354965,200000000,38697120,1789354965207705,1789354965200000,2,4,26.527809271966103,12.264901235676659,gnss_local_enu_direct,26.527809271966103,12.264901235676659,110.4352742,-7.0507945,188.71,5.569,9.048,3,1,11,0,0.3425,218.242,-0.269,-0.212,0.176,1.0222,171.004,99.0,5.02,114.99415854129822,neo3_calibrated_direct,1,27.4658,-8.06274,-32.6172,43.3965399748367,7,149.40923494361635,yahboom_calibrated_direct,0,3164,2948,2729,0.013722768990711107,0.5471221232798422,0.5472941916108879,127.45599523861452,neo3_calibrated_direct:gyro_integral,1,127.45599523861452,nan,117.333984375,0.0,-213,-65,2034,-1.0199299072265624,-0.3112462158203125,9.739612353515625,9.797815063536962,0,0,0,0.0,0.0,0.0,0.0,0.0,0.0,0.0,-332,1080,21360,-1.82373046875,5.9326171875,117.333984375,98782.656,304.75,1,1,0,0,1553,80,406,782,782,782,782,4683,F4line=1553;YAH=3128
DIRECT_SERIAL,270,1789354965407629418,2026-09-14T03:02:45.407629+00:00,-1,23945609819656,1789354965200000000,1789354965,200000000,38697120,1789354965207705,1789354965200000,2,4,26.527809271966103,12.264901235676659,gnss_local_enu_direct,26.527809271966103,12.264901235676659,110.4352742,-7.0507945,188.71,5.569,9.048,3,1,11,0,0.3425,218.242,-0.269,-0.212,0.176,1.0222,171.004,99.0,5.02,114.89729177778155,neo3_calibrated_direct,1,27.5146,-8.09937,-32.6904,43.489254531629996,7,149.60231305039605,yahboom_calibrated_direct,0,3152,2948,2739,0.011908317748888059,0.5470841055435578,0.5472136936974469,127.45599523861452,neo3_calibrated_direct:gyro_integral,1,127.45599523861452,nan,117.333984375,0.0,-209,-64,2035,-1.0007762939453124,-0.3064578125,9.744400756835937,9.800449769841688,0,0,0,0.0,0.0,0.0,0.0,0.0,0.0,0.0,-332,1081,21360,-1.82373046875,5.9381103515625,117.333984375,98782.656,304.75,1,1,0,0,1558,80,407,785,785,785,785,4700,F4line=1558;YAH=3140
DIRECT_SERIAL,271,1789354965467551392,2026-09-14T03:02:45.467551+00:00,-1,23945669741767,1789354965400000000,1789354965,400000000,38697322,1789354965408905,1789354965400000,2,4,26.472569327515735,12.320199950774755,gnss_local_enu_direct,26.472569327515735,12.320199950774755,110.4352737,-7.050794,189.5,5.575,9.066,3,1,12,0,0.4334,201.237,-0.404,-0.157,0.088,1.0721,141.722,99.0,5.01,114.80073448950671,neo3_calibrated_direct,1,27.4658,-8.10547,-32.6172,43.404499183850746,7,149.5697385616733,yahboom_calibrated_direct,0,3154,2929,2781,0.012150531540074751,0.5442298404219985,0.544365460534061,127.45599523861452,neo3_calibrated_direct:gyro_integral,1,127.45599523861452,nan,117.333984375,0.0,-210,-65,2036,-1.005564697265625,-0.3112462158203125,9.749189160156249,9.805851510590882,0,0,0,0.0,0.0,0.0,0.0,0.0,0.0,0.0,-332,1081,21360,-1.82373046875,5.9381103515625,117.333984375,98780.82,304.75,1,1,0,0,1568,81,409,788,788,788,788,4722,F4line=1568;YAH=3152
DIRECT_SERIAL,272,1789354965527367128,2026-09-14T03:02:45.527367+00:00,-1,23945729557487,1789354965400000000,1789354965,400000000,38697322,1789354965408905,1789354965400000,2,4,26.472569327515735,12.320199950774755,gnss_local_enu_direct,26.472569327515735,12.320199950774755,110.4352737,-7.050794,189.5,5.575,9.066,3,1,12,0,0.4334,201.237,-0.404,-0.157,0.088,1.0721,141.722,99.0,5.01,115.2983187047626,neo3_calibrated_direct,1,27.4658,-8.00171,-32.4951,43.293522108672335,7,149.63445115854654,yahboom_calibrated_direct,0,3150,2931,2806,0.011552050748847822,0.5445182837812307,0.5446408093859298,127.45599523861452,neo3_calibrated_direct:gyro_integral,1,127.45599523861452,nan,117.333984375,0.0,-211,-64,2033,-1.0103531005859374,-0.3064578125,9.734823950195311,9.791911310872978,0,0,0,0.0,0.0,0.0,0.0,0.0,0.0,0.0,-332,1081,21360,-1.82373046875,5.9381103515625,117.333984375,98780.82,304.75,1,1,0,0,1570,81,410,791,791,791,791,4736,F4line=1570;YAH=3164
DIRECT_SERIAL,273,1789354965587273012,2026-09-14T03:02:45.587273+00:00,-1,23945789463314,1789354965400000000,1789354965,400000000,38697322,1789354965408905,1789354965400000,2,4,26.472569327515735,12.320199950774755,gnss_local_enu_direct,26.472569327515735,12.320199950774755,110.4352737,-7.050794,189.5,5.575,9.066,3,1,12,0,0.4334,201.237,-0.404,-0.157,0.088,1.0721,141.722,99.0,5.01,114.88810347637252,neo3_calibrated_direct,1,27.4902,-8.08716,-32.7148,43.489899884290374,7,149.7311817188629,yahboom_calibrated_direct,0,3144,2943,2757,0.010682842864220813,0.5463059705410506,0.5464104103880716,127.45599523861452,neo3_calibrated_direct:gyro_integral,1,127.45599523861452,nan,117.333984375,0.0,-213,-66,2037,-1.0199299072265624,-0.316034619140625,9.753977563476562,9.81224812186049,0,0,0,0.0,0.0,0.0,0.0,0.0,0.0,0.0,-332,1081,21360,-1.82373046875,5.9381103515625,117.333984375,98778.688,305.0,1,1,0,0,1576,81,412,794,794,794,794,4754,F4line=1576;YAH=3176
DIRECT_SERIAL,274,1789354965637737008,2026-09-14T03:02:45.637737+00:00,-1,23945839927174,1789354965600000000,1789354965,600000000,38697523,1789354965609809,1789354965600000,2,4,26.472569327515735,12.320199950774755,gnss_local_enu_direct,26.472569327515735,12.320199950774755,110.4352737,-7.050794,189.5,5.575,9.066,3,1,12,0,0.4334,201.237,-0.404,-0.157,0.088,1.0721,141.722,99.0,5.01,114.62730697942625,neo3_calibrated_direct,1,27.4902,-8.14819,-32.7148,43.50129004243552,7,149.634484386114,yahboom_calibrated_direct,0,3150,2943,2746,0.011590068485132337,0.5463249794091928,0.5464479049405762,127.45599523861452,neo3_calibrated_direct:gyro_integral,1,127.45599523861452,nan,117.333984375,0.0,-213,-63,2038,-1.0199299072265624,-0.3016694091796875,9.758765966796874,9.816556149831921,0,0,0,0.0,0.0,0.0,0.0,0.0,0.0,0.0,-332,1081,21360,-1.82373046875,5.9381103515625,117.333984375,98778.688,305.0,1,1,0,0,1580,81,413,797,797,797,797,4770,F4line=1580;YAH=3188
DIRECT_SERIAL,275,1789354965696439289,2026-09-14T03:02:45.696439+00:00,-1,23945898629585,1789354965600000000,1789354965,600000000,38697523,1789354965609809,1789354965600000,2,4,26.384182649135973,12.342320047301733,gnss_local_enu_direct,26.384182649135973,12.342320047301733,110.4352729,-7.0507938,190.11,5.578,9.083,3,1,12,0,0.2192,211.95,-0.186,-0.116,0.298,1.4,180.0,99.0,5.0,115.09583235643652,neo3_calibrated_direct,1,27.5146,-8.06274,-32.5928,43.40911887273917,7,149.28074882581524,yahboom_calibrated_direct,0,3172,2950,2767,0.014938739441307226,0.547448584375359,0.5476523700950082,127.45599523861452,neo3_calibrated_direct:gyro_integral,1,127.45599523861452,nan,117.333984375,0.0,-212,-64,2030,-1.01514150390625,-0.3064578125,9.720458740234374,9.778125934165205,0,0,0,0.0,0.0,0.0,0.0,0.0,0.0,0.0,-332,1081,21360,-1.82373046875,5.9381103515625,117.333984375,98778.992,305.0,1,1,0,0,1586,82,414,800,800,800,800,4788,F4line=1586;YAH=3200
DIRECT_SERIAL,276,1789354965746807699,2026-09-14T03:02:45.746808+00:00,-1,23945948998062,1789354965600000000,1789354965,600000000,38697523,1789354965609809,1789354965600000,2,4,26.384182649135973,12.342320047301733,gnss_local_enu_direct,26.384182649135973,12.342320047301733,110.4352729,-7.0507938,190.11,5.578,9.083,3,1,12,0,0.2192,211.95,-0.186,-0.116,0.298,1.4,180.0,99.0,5.0,115.24061503951475,neo3_calibrated_direct,1,27.4658,-8.02002,-32.4463,43.260296741127426,7,149.2147971604703,yahboom_calibrated_direct,0,3176,2936,2822,0.01549920249624964,0.5453534453881647,0.545573648259116,127.45599523861452,neo3_calibrated_direct:gyro_integral,1,127.45599523861452,nan,117.333984375,0.0,-216,-65,2037,-1.0342951171875,-0.3112462158203125,9.753977563476562,9.81359867251074,0,0,0,0.0,0.0,0.0,0.0,0.0,0.0,0.0,-332,1081,21360,-1.82373046875,5.9381103515625,117.333984375,98779.906,305.0,1,1,0,0,1596,82,416,802,802,802,802,4806,F4line=1596;YAH=3208
DIRECT_SERIAL,277,1789354965806693930,2026-09-14T03:02:45.806694+00:00,-1,23946008884182,1789354965600000000,1789354965,600000000,38697523,1789354965609809,1789354965600000,2,4,26.384182649135973,12.342320047301733,gnss_local_enu_direct,26.384182649135973,12.342320047301733,110.4352729,-7.0507938,190.11,5.578,9.083,3,1,12,0,0.2192,211.95,-0.186,-0.116,0.298,1.4,180.0,99.0,5.0,114.83724701068044,neo3_calibrated_direct,1,27.4658,-8.09937,-32.6172,43.403360467559416,7,149.55368837398203,yahboom_calibrated_direct,0,3155,2934,2862,0.012317576533678553,0.5449857984116732,0.5451249793965343,127.45599523861452,neo3_calibrated_direct:gyro_integral,1,127.45599523861452,nan,117.333984375,0.0,-210,-64,2033,-1.005564697265625,-0.3064578125,9.734823950195311,9.79141839022955,0,0,0,0.0,0.0,0.0,0.0,0.0,0.0,0.0,-332,1080,21360,-1.82373046875,5.9326171875,117.333984375,98779.906,305.0,1,1,0,0,1598,82,417,805,805,805,805,4820,F4line=1598;YAH=3220
DIRECT_SERIAL,278,1789354965856821373,2026-09-14T03:02:45.856821+00:00,-1,23946059011560,1789354965800000000,1789354965,800000000,38697720,1789354965807665,1789354965800000,2,4,26.351039031629938,12.47503433789296,gnss_local_enu_direct,26.351039031629938,12.47503433789296,110.4352726,-7.0507926,190.66,5.579,9.1,3,1,12,0,0.4843,26.353,0.434,0.215,0.805,2.0757,180.0,99.0,5.01,114.735812684323,neo3_calibrated_direct,1,27.5146,-8.14209,-32.666,43.47889601551654,7,149.48942119856704,yahboom_calibrated_direct,0,3159,2942,2849,0.012947738771809247,0.5462029347424093,0.546356376242214,127.45599523861452,neo3_calibrated_direct:gyro_integral,1,127.45599523861452,nan,117.333984375,0.0,-209,-66,2032,-1.0007762939453124,-0.316034619140625,9.730035546875,9.78647141795598,0,0,0,0.0,0.0,0.0,0.0,0.0,0.0,0.0,-332,1080,21360,-1.82373046875,5.9326171875,117.333984375,98778.078,305.0,1,1,0,0,1607,83,419,808,808,808,808,4841,F4line=1607;YAH=3232
DIRECT_SERIAL,279,1789354965907645138,2026-09-14T03:02:45.907645+00:00,-1,23946109835314,1789354965800000000,1789354965,800000000,38697720,1789354965807665,1789354965800000,2,4,26.351039031629938,12.47503433789296,gnss_local_enu_direct,26.351039031629938,12.47503433789296,110.4352726,-7.0507926,190.66,5.579,9.1,3,1,12,0,0.4843,26.353,0.434,0.215,0.805,2.0757,180.0,99.0,5.01,114.97034098405798,neo3_calibrated_direct,1,27.5146,-8.08716,-32.666,43.46864302029222,7,149.40819461791702,yahboom_calibrated_direct,0,3164,2932,2848,0.013672078675665087,0.5447131957758927,0.5448847505552891,127.45599523861452,neo3_calibrated_direct:gyro_integral,1,127.45599523861452,nan,117.333984375,0.0,-208,-65,2034,-0.9959878906249999,-0.3112462158203125,9.739612353515625,9.795351697712965,0,0,0,0.0,0.0,0.0,0.0,0.0,0.0,0.0,-332,1080,21360,-1.82373046875,5.9326171875,117.333984375,98778.078,305.0,1,1,0,0,1610,83,420,811,811,811,811,4856,F4line=1610;YAH=3244
DIRECT_SERIAL,280,1789354965966375958,2026-09-14T03:02:45.966376+00:00,-1,23946168566262,1789354965800000000,1789354965,800000000,38697720,1789354965807665,1789354965800000,2,4,26.351039031629938,12.47503433789296,gnss_local_enu_direct,26.351039031629938,12.47503433789296,110.4352726,-7.0507926,190.66,5.579,9.1,3,1,12,0,0.4843,26.353,0.434,0.215,0.805,2.0757,180.0,99.0,5.01,114.9299755796733,neo3_calibrated_direct,1,27.4902,-8.08716,-32.6416,43.43486276558958,7,149.66681374831973,yahboom_calibrated_direct,0,3148,2927,2859,0.011236969629782474,0.5439097156158625,0.5440257790103233,127.45599523861452,neo3_calibrated_direct:gyro_integral,1,127.45599523861452,nan,117.333984375,0.0,-209,-65,2035,-1.0007762939453124,-0.3112462158203125,9.744400756835937,9.80060067073494,0,0,0,0.0,0.0,0.0,0.0,0.0,0.0,0.0,-332,1080,21360,-1.82373046875,5.9326171875,117.333984375,98779.602,305.0,1,1,0,0,1613,83,421,813,813,813,813,4867,F4line=1613;YAH=3252
DIRECT_SERIAL,281,1789354966016517706,2026-09-14T03:02:46.016518+00:00,-1,23946218708009,1789354965800000000,1789354965,800000000,38697720,1789354965807665,1789354965800000,2,4,26.351039031629938,12.47503433789296,gnss_local_enu_direct,26.351039031629938,12.47503433789296,110.4352726,-7.0507926,190.66,5.579,9.1,3,1,12,0,0.4843,26.353,0.434,0.215,0.805,2.0757,180.0,99.0,5.01,115.0464780657522,neo3_calibrated_direct,1,27.4658,-8.05054,-32.6172,43.39427496538685,7,149.747270895316,yahboom_calibrated_direct,0,3143,2944,2827,0.01053480673875927,0.5464533603653571,0.5465548986219169,127.45599523861452,neo3_calibrated_direct:gyro_integral,1,127.45599523861452,nan,117.333984375,0.0,-209,-64,2029,-1.0007762939453124,-0.3064578125,9.715670336914062,9.771884141605293,0,0,0,0.0,0.0,0.0,0.0,0.0,0.0,0.0,-332,1080,21360,-1.82373046875,5.9326171875,117.333984375,98779.602,305.0,1,1,0,0,1615,83,422,816,816,816,816,4881,F4line=1615;YAH=3264
DIRECT_SERIAL,282,1789354966066556649,2026-09-14T03:02:46.066557+00:00,-1,23946268746818,1789354966000000000,1789354966,0,38697926,1789354966013182,1789354966000000,2,4,26.26265150676832,12.508213492974644,gnss_local_enu_direct,26.26265150676832,12.508213492974644,110.4352718,-7.0507923,191.07,5.578,9.114,3,1,12,0,0.0767,77.957,0.016,0.075,0.552,1.9571,180.0,99.0,4.99,114.44011980754347,neo3_calibrated_direct,1,27.4902,-8.19702,-32.6904,43.49211980440135,7,149.69887287740718,yahboom_calibrated_direct,0,3146,2948,2804,0.011001092127976536,0.5470650966754155,0.5471756975857845,127.45599523861452,neo3_calibrated_direct:gyro_integral,1,127.45599523861452,nan,117.333984375,0.0,-211,-65,2034,-1.0103531005859374,-0.3112462158203125,9.739612353515625,9.796822770239352,0,0,0,0.0,0.0,0.0,0.0,0.0,0.0,0.0,-332,1080,21360,-1.82373046875,5.9326171875,117.333984375,98778.383,304.75,1,1,0,0,1626,84,424,819,819,819,818,4903,F4line=1626;YAH=3275
DIRECT_SERIAL,283,1789354966125906565,2026-09-14T03:02:46.125907+00:00,-1,23946328096923,1789354966000000000,1789354966,0,38697926,1789354966013182,1789354966000000,2,4,26.26265150676832,12.508213492974644,gnss_local_enu_direct,26.26265150676832,12.508213492974644,110.4352718,-7.0507923,191.07,5.578,9.114,3,1,12,0,0.0767,77.957,0.016,0.075,0.552,1.9571,180.0,99.0,4.99,114.50187552467234,neo3_calibrated_direct,1,27.5146,-8.19702,-32.666,43.48921597408258,7,149.37683993505158,yahboom_calibrated_direct,0,3166,2945,2882,0.01401567309694382,0.5466767856622325,0.5468564227238727,127.45599523861452,neo3_calibrated_direct:gyro_integral,1,127.45599523861452,nan,117.333984375,0.0,-208,-66,2031,-0.9959878906249999,-0.316034619140625,9.725247143554688,9.781221895140996,0,0,0,0.0,0.0,0.0,0.0,0.0,0.0,0.0,-332,1080,21360,-1.82373046875,5.9326171875,117.333984375,98778.383,304.75,1,1,0,0,1628,84,425,821,821,821,821,4914,F4line=1628;YAH=3284
DIRECT_SERIAL,284,1789354966176487423,2026-09-14T03:02:46.176487+00:00,-1,23946378677735,1789354966000000000,1789354966,0,38697926,1789354966013182,1789354966000000,2,4,26.26265150676832,12.508213492974644,gnss_local_enu_direct,26.26265150676832,12.508213492974644,110.4352718,-7.0507923,191.07,5.578,9.114,3,1,12,0,0.0767,77.957,0.016,0.075,0.552,1.9571,180.0,99.0,4.99,114.61083411033307,neo3_calibrated_direct,1,27.5146,-8.1665,-32.7148,43.52014561613966,7,149.61841259851855,yahboom_calibrated_direct,0,3151,2949,2838,0.011760281623426516,0.5472314953678643,0.5473578479810179,127.45599523861452,neo3_calibrated_direct:gyro_integral,1,127.45599523861452,nan,117.333984375,0.0,-212,-65,2034,-1.01514150390625,-0.3112462158203125,9.739612353515625,9.797317759293596,0,0,0,0.0,0.0,0.0,0.0,0.0,0.0,0.0,-332,1080,21360,-1.82373046875,5.9326171875,117.333984375,98781.734,304.75,1,1,0,0,1631,84,426,824,824,824,824,4929,F4line=1631;YAH=3296
DIRECT_SERIAL,285,1789354966226620181,2026-09-14T03:02:46.226620+00:00,-1,23946428810343,1789354966000000000,1789354966,0,38697926,1789354966013182,1789354966000000,2,4,26.26265150676832,12.508213492974644,gnss_local_enu_direct,26.26265150676832,12.508213492974644,110.4352718,-7.0507923,191.07,5.578,9.114,3,1,12,0,0.0767,77.957,0.016,0.075,0.552,1.9571,180.0,99.0,4.99,114.95093487790167,neo3_calibrated_direct,1,27.4902,-8.08716,-32.5928,43.39820116946784,7,149.74752637811162,yahboom_calibrated_direct,0,3143,2935,2869,0.010506293436545883,0.5450983386443854,0.5451995790484837,127.45599523861452,neo3_calibrated_direct:gyro_integral,1,127.45599523861452,nan,117.333984375,0.0,-216,-65,2037,-1.0342951171875,-0.3112462158203125,9.753977563476562,9.81359867251074,0,0,0,0.0,0.0,0.0,0.0,0.0,0.0,0.0,-332,1080,21360,-1.82373046875,5.9326171875,117.333984375,98781.734,304.75,1,1,0,0,1635,84,428,827,827,827,827,4945,F4line=1635;YAH=3308
DIRECT_SERIAL,286,1789354966285563284,2026-09-14T03:02:46.285563+00:00,-1,23946487753488,1789354966200000000,1789354966,200000000,38698122,1789354966208929,1789354966200000,2,4,26.119020592458668,12.419738875819627,gnss_local_enu_direct,26.119020592458668,12.419738875819627,110.4352705,-7.0507931,191.47,5.578,9.124,3,1,12,0,0.5443,197.869,-0.518,-0.167,0.097,1.0379,109.259,99.0,5.01,114.52936318382147,neo3_calibrated_direct,1,27.4658,-8.1665,-32.666,43.452611519792455,7,149.77927527523138,yahboom_calibrated_direct,0,3141,2950,2875,0.010251407066597686,0.5473503718899574,0.5474463635415983,127.45599523861452,neo3_calibrated_direct:gyro_integral,1,127.45599523861452,nan,117.333984375,0.0,-211,-64,2034,-1.0103531005859374,-0.3064578125,9.739612353515625,9.796671811154035,0,0,0,0.0,0.0,0.0,0.0,0.0,0.0,0.0,-332,1080,21360,-1.82373046875,5.9326171875,117.333984375,98777.164,304.75,1,1,0,0,1643,85,429,829,829,829,829,4961,F4line=1643;YAH=3316
DIRECT_SERIAL,287,1789354966336674625,2026-09-14T03:02:46.336674+00:00,-1,23946538864825,1789354966200000000,1789354966,200000000,38698122,1789354966208929,1789354966200000,2,4,26.119020592458668,12.419738875819627,gnss_local_enu_direct,26.119020592458668,12.419738875819627,110.4352705,-7.0507931,191.47,5.578,9.124,3,1,12,0,0.5443,197.869,-0.518,-0.167,0.097,1.0379,109.259,99.0,5.01,114.9261856614151,neo3_calibrated_direct,1,27.4658,-8.08105,-32.5928,43.381610742139344,7,149.53818145030414,yahboom_calibrated_direct,0,3156,2956,2869,0.012538479987018753,0.5483012418742941,0.5484445872841467,127.45599523861452,neo3_calibrated_direct:gyro_integral,1,127.45599523861452,nan,117.333984375,0.0,-213,-65,2033,-1.0199299072265624,-0.3112462158203125,9.734823950195311,9.793055119002133,0,0,0,0.0,0.0,0.0,0.0,0.0,0.0,0.0,-332,1080,21360,-1.82373046875,5.9326171875,117.333984375,98777.164,304.75,1,1,0,0,1645,85,430,832,832,832,832,4975,F4line=1645;YAH=3328
DIRECT_SERIAL,288,1789354966405234777,2026-09-14T03:02:46.405235+00:00,-1,23946607425062,1789354966200000000,1789354966,200000000,38698122,1789354966208929,1789354966200000,2,4,26.119020592458668,12.419738875819627,gnss_local_enu_direct,26.119020592458668,12.419738875819627,110.4352705,-7.0507931,191.47,5.578,9.124,3,1,12,0,0.5443,197.869,-0.518,-0.167,0.097,1.0379,109.259,99.0,5.01,114.87242728805221,neo3_calibrated_direct,1,27.4902,-8.09326,-32.7148,43.49103462217931,7,149.65058626178913,yahboom_calibrated_direct,0,3149,2951,2881,0.011464209372503429,0.5475262750164772,0.5476462817640193,127.45599523861452,neo3_calibrated_direct:gyro_integral,1,127.45599523861452,nan,117.333984375,0.0,-216,-66,2035,-1.0342951171875,-0.316034619140625,9.744400756835937,9.804233288725746,0,0,0,0.0,0.0,0.0,0.0,0.0,0.0,0.0,-332,1080,21360,-1.82373046875,5.9326171875,117.333984375,98777.773,304.75,1,1,0,0,1653,85,432,835,835,835,835,4995,F4line=1653;YAH=3340
DIRECT_SERIAL,289,1789354966456873887,2026-09-14T03:02:46.456874+00:00,-1,23946659064175,1789354966400000000,1789354966,400000000,38698322,1789354966409184,1789354966400000,2,4,25.95329261844006,12.29808608720671,gnss_local_enu_direct,25.95329261844006,12.29808608720671,110.435269,-7.0507942,191.94,5.578,9.131,3,1,12,0,0.5219,197.393,-0.498,-0.156,-0.1,1.3062,143.405,99.0,5.01,114.83996036482402,neo3_calibrated_direct,1,27.5146,-8.11768,-32.666,43.47433148125914,7,149.5215524592427,yahboom_calibrated_direct,0,3157,2939,2897,0.012635825797434276,0.5457449245460381,0.545891185824926,127.45599523861452,neo3_calibrated_direct:gyro_integral,1,127.45599523861452,nan,117.333984375,0.0,-210,-65,2039,-1.005564697265625,-0.3112462158203125,9.763554370117188,9.820133833379453,0,0,0,0.0,0.0,0.0,0.0,0.0,0.0,0.0,-332,1080,21360,-1.82373046875,5.9326171875,117.333984375,98780.516,304.75,1,1,0,0,1661,86,433,838,838,838,838,5015,F4line=1661;YAH=3352
DIRECT_SERIAL,290,1789354966525066303,2026-09-14T03:02:46.525066+00:00,-1,23946727256831,1789354966400000000,1789354966,400000000,38698322,1789354966409184,1789354966400000,2,4,25.95329261844006,12.29808608720671,gnss_local_enu_direct,25.95329261844006,12.29808608720671,110.435269,-7.0507942,191.94,5.578,9.131,3,1,12,0,0.5219,197.393,-0.498,-0.156,-0.1,1.3062,143.405,99.0,5.01,114.88952154803658,neo3_calibrated_direct,1,27.4658,-8.08716,-32.6172,43.40108365404716,7,149.58622106102138,yahboom_calibrated_direct,0,3153,2948,2840,0.012059522019039981,0.5470872736882482,0.5472201724196284,127.45599523861452,neo3_calibrated_direct:gyro_integral,1,127.45599523861452,nan,117.333984375,0.0,-208,-65,2036,-0.9959878906249999,-0.3112462158203125,9.749189160156249,9.804874061692082,0,0,0,0.0,0.0,0.0,0.0,0.0,0.0,0.0,-332,1080,21360,-1.82373046875,5.9326171875,117.333984375,98780.516,304.75,1,1,0,0,1665,86,435,841,841,841,841,5031,F4line=1665;YAH=3364
DIRECT_SERIAL,291,1789354966576861663,2026-09-14T03:02:46.576862+00:00,-1,23946779051950,1789354966400000000,1789354966,400000000,38698322,1789354966409184,1789354966400000,2,4,25.95329261844006,12.29808608720671,gnss_local_enu_direct,25.95329261844006,12.29808608720671,110.435269,-7.0507942,191.94,5.578,9.131,3,1,12,0,0.5219,197.393,-0.498,-0.156,-0.1,1.3062,143.405,99.0,5.01,114.78614629238828,neo3_calibrated_direct,1,27.4414,-8.09937,-32.6172,43.387924174785084,7,149.77964703993493,yahboom_calibrated_direct,0,3141,2940,2863,0.010219725619693924,0.5458447921999889,0.5459404545951793,127.45599523861452,neo3_calibrated_direct:gyro_integral,1,127.45599523861452,nan,117.333984375,0.0,-211,-64,2031,-1.0103531005859374,-0.3064578125,9.725247143554688,9.782390392022009,0,0,0,0.0,0.0,0.0,0.0,0.0,0.0,0.0,-332,1080,21360,-1.82373046875,5.9326171875,117.333984375,98777.469,304.75,1,1,0,0,1669,86,436,844,844,844,844,5047,F4line=1669;YAH=3376
DIRECT_SERIAL,292,1789354966630905856,2026-09-14T03:02:46.630906+00:00,-1,23946833096026,1789354966400000000,1789354966,400000000,38698322,1789354966409184,1789354966400000,2,4,25.95329261844006,12.29808608720671,gnss_local_enu_direct,25.95329261844006,12.29808608720671,110.435269,-7.0507942,191.94,5.578,9.131,3,1,12,0,0.5219,197.393,-0.498,-0.156,-0.1,1.3062,143.405,99.0,5.01,114.71590814043499,neo3_calibrated_direct,1,27.4902,-8.12988,-32.7148,43.497864130258165,7,149.48925003488213,yahboom_calibrated_direct,0,3159,2938,2857,0.012935066193047741,0.5456007028664219,0.5457540131833684,127.45599523861452,neo3_calibrated_direct:gyro_integral,1,127.45599523861452,nan,117.333984375,0.0,-215,-64,2035,-1.0295067138671874,-0.3064578125,9.744400756835937,9.803425247053434,0,0,0,0.0,0.0,0.0,0.0,0.0,0.0,0.0,-332,1080,21360,-1.82373046875,5.9326171875,117.333984375,98777.469,304.75,1,1,0,0,1673,86,438,847,847,847,847,5063,F4line=1673;YAH=3388
DIRECT_SERIAL,293,1789354966684597801,2026-09-14T03:02:46.684598+00:00,-1,23946886788178,1789354966600000000,1789354966,600000000,38698522,1789354966609255,1789354966600000,2,4,25.80966221525312,12.176433403416308,gnss_local_enu_direct,25.80966221525312,12.176433403416308,110.4352677,-7.0507953,192.48,5.576,9.138,3,1,12,0,0.6727,192.797,-0.656,-0.149,-0.45,1.7088,145.54,99.0,5.0,115.0121957676997,neo3_calibrated_direct,1,27.5146,-8.08716,-32.5684,43.39534593231859,7,149.50542246199464,yahboom_calibrated_direct,0,3158,2939,2835,0.012787030067586197,0.5457480926907284,0.5458978739778323,127.45599523861452,neo3_calibrated_direct:gyro_integral,1,127.45599523861452,nan,117.333984375,0.0,-209,-66,2037,-1.0007762939453124,-0.316034619140625,9.753977563476562,9.810275703558103,0,0,0,0.0,0.0,0.0,0.0,0.0,0.0,0.0,-332,1080,21360,-1.82373046875,5.9326171875,117.333984375,98776.242,304.75,1,1,0,0,1681,87,439,849,849,849,849,5079,F4line=1681;YAH=3396
DIRECT_SERIAL,294,1789354966735080438,2026-09-14T03:02:46.735080+00:00,-1,23946937270578,1789354966600000000,1789354966,600000000,38698522,1789354966609255,1789354966600000,2,4,25.80966221525312,12.176433403416308,gnss_local_enu_direct,25.80966221525312,12.176433403416308,110.4352677,-7.0507953,192.48,5.576,9.138,3,1,12,0,0.6727,192.797,-0.656,-0.149,-0.45,1.7088,145.54,99.0,5.0,115.53725806695213,neo3_calibrated_direct,1,27.4902,-7.95288,-32.5439,43.336645273306516,7,149.42520191100718,yahboom_calibrated_direct,0,3163,2946,2837,0.013565228431178435,0.5468178391971582,0.5469860735765028,127.45599523861452,neo3_calibrated_direct:gyro_integral,1,127.45599523861452,nan,117.333984375,0.0,-213,-65,2033,-1.0199299072265624,-0.3112462158203125,9.734823950195311,9.793055119002133,0,0,0,0.0,0.0,0.0,0.0,0.0,0.0,0.0,-333,1080,21360,-1.8292236328125,5.9326171875,117.333984375,98776.242,304.75,1,1,0,0,1684,87,440,852,852,852,852,5094,F4line=1684;YAH=3408
DIRECT_SERIAL,295,1789354966785546788,2026-09-14T03:02:46.785547+00:00,-1,23946987736928,1789354966600000000,1789354966,600000000,38698522,1789354966609255,1789354966600000,2,4,25.80966221525312,12.176433403416308,gnss_local_enu_direct,25.80966221525312,12.176433403416308,110.4352677,-7.0507953,192.48,5.576,9.138,3,1,12,0,0.6727,192.797,-0.656,-0.149,-0.45,1.7088,145.54,99.0,5.0,114.90075254880402,neo3_calibrated_direct,1,27.4414,-8.06274,-32.6904,43.43616537434676,7,149.45687959508697,yahboom_calibrated_direct,0,3161,2936,2847,0.01323113844397083,0.545305923217809,0.5454664177756047,127.45599523861452,neo3_calibrated_direct:gyro_integral,1,127.45599523861452,nan,117.333984375,0.0,-212,-64,2033,-1.01514150390625,-0.3064578125,9.734823950195311,9.79240654819292,0,0,0,0.0,0.0,0.0,0.0,0.0,0.0,0.0,-333,1080,21360,-1.8292236328125,5.9326171875,117.333984375,98782.656,304.75,1,1,0,0,1693,87,442,855,855,855,855,5115,F4line=1693;YAH=3420
DIRECT_SERIAL,296,1789354966836539936,2026-09-14T03:02:46.836540+00:00,-1,23947038730105,1789354966800000000,1789354966,800000000,38698721,1789354966808747,1789354966800000,2,4,25.80966221525312,12.176433403416308,gnss_local_enu_direct,25.80966221525312,12.176433403416308,110.4352677,-7.0507953,192.48,5.576,9.138,3,1,12,0,0.6727,192.797,-0.656,-0.149,-0.45,1.7088,145.54,99.0,5.0,114.72338296604967,neo3_calibrated_direct,1,27.4414,-8.11157,-32.6416,43.4085481487794,7,149.44101872042873,yahboom_calibrated_direct,0,3162,2941,2830,0.013398183437574632,0.5460618812074837,0.5462262255030262,127.45599523861452,neo3_calibrated_direct:gyro_integral,1,127.45599523861452,nan,117.333984375,0.0,-213,-65,2031,-1.0199299072265624,-0.3112462158203125,9.725247143554688,9.783535313256465,0,0,0,0.0,0.0,0.0,0.0,0.0,0.0,0.0,-332,1080,21360,-1.82373046875,5.9326171875,117.333984375,98782.656,304.75,1,1,0,0,1697,87,443,857,857,857,857,5127,F4line=1697;YAH=3428
DIRECT_SERIAL,297,1789354966897878727,2026-09-14T03:02:46.897879+00:00,-1,23947100069443,1789354966800000000,1789354966,800000000,38698721,1789354966808747,1789354966800000,2,4,25.621836825972473,12.032661693048102,gnss_local_enu_direct,25.621836825972473,12.032661693048102,110.435266,-7.0507966,192.94,5.576,9.145,3,1,12,0,0.5452,216.723,-0.437,-0.326,-0.442,1.8371,180.0,99.0,5.01,114.83607258192838,neo3_calibrated_direct,1,27.4902,-8.11157,-32.6172,43.42108243405385,7,149.4893784430386,yahboom_calibrated_direct,0,3159,2941,2787,0.01294457062711887,0.5460523767734126,0.5462057854770612,127.45599523861452,neo3_calibrated_direct:gyro_integral,1,127.45599523861452,nan,117.333984375,0.0,-214,-65,2036,-1.024718310546875,-0.3112462158203125,9.749189160156249,9.807834169853232,0,0,0,0.0,0.0,0.0,0.0,0.0,0.0,0.0,-332,1080,21360,-1.82373046875,5.9326171875,117.333984375,98778.992,304.75,1,1,0,0,1703,88,444,860,860,860,860,5145,F4line=1703;YAH=3440
DIRECT_SERIAL,298,1789354966963952433,2026-09-14T03:02:46.963952+00:00,-1,23947166142741,1789354966800000000,1789354966,800000000,38698721,1789354966808747,1789354966800000,2,4,25.621836825972473,12.032661693048102,gnss_local_enu_direct,25.621836825972473,12.032661693048102,110.435266,-7.0507966,192.94,5.576,9.145,3,1,12,0,0.5452,216.723,-0.437,-0.326,-0.442,1.8371,180.0,99.0,5.01,115.31873361740017,neo3_calibrated_direct,1,27.4658,-7.9895,-32.5684,43.34631424296649,7,149.48946393053276,yahboom_calibrated_direct,0,3159,2943,2789,0.012950906916499623,0.5463534927114062,0.5465069670076608,127.45599523861452,neo3_calibrated_direct:gyro_integral,1,127.45599523861452,nan,117.333984375,0.0,-211,-65,2037,-1.0103531005859374,-0.3112462158203125,9.753977563476562,9.81110421428344,0,0,0,0.0,0.0,0.0,0.0,0.0,0.0,0.0,-333,1080,21360,-1.8292236328125,5.9326171875,117.333984375,98780.516,304.75,1,1,0,0,1708,88,446,863,863,863,863,5162,F4line=1708;YAH=3452
DIRECT_SERIAL,299,1789354967017983591,2026-09-14T03:02:47.017983+00:00,-1,23947220173884,1789354966800000000,1789354966,800000000,38698721,1789354966808747,1789354966800000,2,4,25.621836825972473,12.032661693048102,gnss_local_enu_direct,25.621836825972473,12.032661693048102,110.435266,-7.0507966,192.94,5.576,9.145,3,1,12,0,0.5452,216.723,-0.437,-0.326,-0.442,1.8371,180.0,99.0,5.01,115.09846707459745,neo3_calibrated_direct,1,27.4658,-8.03833,-32.5928,43.37367324390338,7,149.69906811547125,yahboom_calibrated_direct,0,3146,2935,2777,0.010959906247001645,0.5451078430784565,0.5452180115610545,127.45599523861452,neo3_calibrated_direct:gyro_integral,1,127.45599523861452,nan,117.333984375,0.0,-211,-65,2035,-1.0103531005859374,-0.3112462158203125,9.744400756835937,9.801583224385276,0,0,0,0.0,0.0,0.0,0.0,0.0,0.0,0.0,-333,1080,21360,-1.8292236328125,5.9326171875,117.333984375,98780.516,304.75,1,1,0,0,1710,88,447,866,866,866,866,5176,F4line=1710;YAH=3464
DIRECT_SERIAL,300,1789354967083724140,2026-09-14T03:02:47.083724+00:00,-1,23947285914442,1789354967000000000,1789354967,0,38698927,1789354967014633,1789354967000000,2,4,25.434011331025452,11.96630597286616,gnss_local_enu_direct,25.434011331025452,11.96630597286616,110.4352643,-7.0507972,193.37,5.572,9.152,3,1,12,0,0.4857,235.23,-0.277,-0.399,0.224,0.999,117.844,99.0,4.98,114.59162991090773,neo3_calibrated_direct,1,27.4658,-8.1543,-32.6172,43.41364432951926,7,149.5697385616733,yahboom_calibrated_direct,0,3154,2929,2767,0.012150531540074751,0.5442298404219985,0.544365460534061,127.45599523861452,neo3_calibrated_direct:gyro_integral,1,127.45599523861452,nan,117.333984375,0.0,-210,-66,2036,-1.005564697265625,-0.316034619140625,9.749189160156249,9.80600466660048,0,0,0,0.0,0.0,0.0,0.0,0.0,0.0,0.0,-333,1080,21360,-1.8292236328125,5.9326171875,117.333984375,98779.906,304.75,1,1,0,0,1721,89,449,869,869,869,869,5199,F4line=1721;YAH=3476
DIRECT_SERIAL,301,1789354967137904987,2026-09-14T03:02:47.137905+00:00,-1,23947340095283,1789354967000000000,1789354967,0,38698927,1789354967014633,1789354967000000,2,4,25.434011331025452,11.96630597286616,gnss_local_enu_direct,25.434011331025452,11.96630597286616,110.4352643,-7.0507972,193.37,5.572,9.152,3,1,12,0,0.4857,235.23,-0.277,-0.399,0.224,0.999,117.844,99.0,4.98,115.42694158327487,neo3_calibrated_direct,1,27.4902,-7.9834,-32.4951,43.30562660451873,7,149.63446779984653,yahboom_calibrated_direct,0,3150,2937,2796,0.01157105961699008,0.5454216315952117,0.5455443571632309,127.45599523861452,neo3_calibrated_direct:gyro_integral,1,127.45599523861452,nan,117.333984375,0.0,-213,-65,2037,-1.0199299072265624,-0.3112462158203125,9.753977563476562,9.812095063304362,0,0,0,0.0,0.0,0.0,0.0,0.0,0.0,0.0,-333,1080,21360,-1.8292236328125,5.9326171875,117.333984375,98779.906,304.75,1,1,0,0,1723,89,450,872,872,872,872,5213,F4line=1723;YAH=3488
DIRECT_SERIAL,302,1789354967203387056,2026-09-14T03:02:47.203387+00:00,-1,23947405577358,1789354967000000000,1789354967,0,38698927,1789354967014633,1789354967000000,2,4,25.434011331025452,11.96630597286616,gnss_local_enu_direct,25.434011331025452,11.96630597286616,110.4352643,-7.0507972,193.37,5.572,9.152,3,1,12,0,0.4857,235.23,-0.277,-0.399,0.224,0.999,117.844,99.0,4.98,114.95612222247819,neo3_calibrated_direct,1,27.4902,-8.08105,-32.6416,43.433725556328916,7,149.11915148536093,yahboom_calibrated_direct,0,3182,2944,2786,0.016431773274684175,0.5465769180082818,0.5468238568976144,127.45599523861452,neo3_calibrated_direct:gyro_integral,1,127.45599523861452,nan,117.333984375,0.0,-215,-64,2036,-1.0295067138671874,-0.3064578125,9.749189160156249,9.808184834374197,0,0,0,0.0,0.0,0.0,0.0,0.0,0.0,0.0,-332,1080,21360,-1.82373046875,5.9326171875,117.333984375,98779.906,304.75,1,1,0,0,1728,89,452,875,875,875,875,5230,F4line=1728;YAH=3500
DIRECT_SERIAL,303,1789354967258038780,2026-09-14T03:02:47.258039+00:00,-1,23947460229071,1789354967200000000,1789354967,200000000,38699122,1789354967209307,1789354967200000,2,4,25.246185334857465,11.899950017739169,gnss_local_enu_direct,25.246185334857465,11.899950017739169,110.4352626,-7.0507978,193.68,5.568,9.158,3,1,12,0,0.1363,261.989,-0.019,-0.135,0.378,1.6129,180.0,99.0,5.01,114.73688263980027,neo3_calibrated_direct,1,27.4902,-8.12988,-32.666,43.46117348685375,7,149.29586562754034,yahboom_calibrated_direct,0,3171,2940,2799,0.014755853724251543,0.5459398365407002,0.546139213334126,127.45599523861452,neo3_calibrated_direct:gyro_integral,1,127.45599523861452,nan,117.333984375,0.0,-213,-65,2033,-1.0199299072265624,-0.3112462158203125,9.734823950195311,9.793055119002133,0,0,0,0.0,0.0,0.0,0.0,0.0,0.0,0.0,-332,1080,21360,-1.82373046875,5.9326171875,117.333984375,98781.734,304.75,1,1,0,0,1736,90,453,878,878,878,878,5250,F4line=1736;YAH=3512
DIRECT_SERIAL,304,1789354967323144286,2026-09-14T03:02:47.323144+00:00,-1,23947525334606,1789354967200000000,1789354967,200000000,38699122,1789354967209307,1789354967200000,2,4,25.246185334857465,11.899950017739169,gnss_local_enu_direct,25.246185334857465,11.899950017739169,110.4352626,-7.0507978,193.68,5.568,9.158,3,1,12,0,0.1363,261.989,-0.019,-0.135,0.378,1.6129,180.0,99.0,5.01,115.20548228884819,neo3_calibrated_direct,1,27.4414,-8.01392,-32.4951,43.280305818425084,7,149.6506199251601,yahboom_calibrated_direct,0,3149,2931,2916,0.011400846478695902,0.5445151156365403,0.5446344558115155,127.45599523861452,neo3_calibrated_direct:gyro_integral,1,127.45599523861452,nan,117.333984375,0.0,-210,-64,2034,-1.005564697265625,-0.3064578125,9.739612353515625,9.796179130047763,0,0,0,0.0,0.0,0.0,0.0,0.0,0.0,0.0,-332,1080,21360,-1.82373046875,5.9326171875,117.333984375,98781.734,304.75,1,1,0,0,1740,90,455,881,881,881,881,5266,F4line=1740;YAH=3524
DIRECT_SERIAL,305,1789354967378066886,2026-09-14T03:02:47.378067+00:00,-1,23947580257153,1789354967200000000,1789354967,200000000,38699122,1789354967209307,1789354967200000,2,4,25.246185334857465,11.899950017739169,gnss_local_enu_direct,25.246185334857465,11.899950017739169,110.4352626,-7.0507978,193.68,5.568,9.158,3,1,12,0,0.1363,261.989,-0.019,-0.135,0.378,1.6129,180.0,99.0,5.01,115.28955955440591,neo3_calibrated_direct,1,27.4414,-7.9895,-32.5439,43.31244591823464,7,149.66679523279186,yahboom_calibrated_direct,0,3148,2930,2861,0.011246474063853604,0.5443613895228531,0.5444775528725866,127.45599523861452,neo3_calibrated_direct:gyro_integral,1,127.45599523861452,nan,117.333984375,0.0,-210,-65,2032,-1.005564697265625,-0.3112462158203125,9.730035546875,9.786808790954304,0,0,0,0.0,0.0,0.0,0.0,0.0,0.0,0.0,-332,1080,21360,-1.82373046875,5.9326171875,117.333984375,98779.602,304.75,1,1,0,0,1746,90,456,884,884,884,884,5284,F4line=1746;YAH=3536
DIRECT_SERIAL,306,1789354967431197641,2026-09-14T03:02:47.431198+00:00,-1,23947633387945,1789354967200000000,1789354967,200000000,38699122,1789354967209307,1789354967200000,2,4,25.246185334857465,11.899950017739169,gnss_local_enu_direct,25.246185334857465,11.899950017739169,110.4352626,-7.0507978,193.68,5.568,9.158,3,1,12,0,0.1363,261.989,-0.019,-0.135,0.378,1.6129,180.0,99.0,5.01,114.81901943702849,neo3_calibrated_direct,1,27.5146,-8.11768,-32.7148,43.511011029191216,7,149.57010898256658,yahboom_calibrated_direct,0,3154,2947,2866,0.012207558144501526,0.5469398838639418,0.5470761016869166,127.45599523861452,neo3_calibrated_direct:gyro_integral,1,127.45599523861452,nan,117.333984375,0.0,-214,-65,2037,-1.024718310546875,-0.3112462158203125,9.753977563476562,9.812593955302374,0,0,0,0.0,0.0,0.0,0.0,0.0,0.0,0.0,-332,1080,21360,-1.82373046875,5.9326171875,117.333984375,98779.602,304.75,1,1,0,0,1750,90,458,887,887,887,887,5300,F4line=1750;YAH=3548
DIRECT_SERIAL,307,1789354967482886144,2026-09-14T03:02:47.482886+00:00,-1,23947685076895,1789354967400000000,1789354967,400000000,38699322,1789354967409488,1789354967400000,2,4,25.09150470286027,11.822534320129835,gnss_local_enu_direct,25.09150470286027,11.822534320129835,110.4352612,-7.0507985,193.84,5.564,9.162,3,1,12,0,0.0944,152.892,-0.084,0.043,0.746,1.7859,180.0,99.0,5.01,114.5588395494889,neo3_calibrated_direct,1,27.5146,-8.17871,-32.7148,43.52243845953602,7,149.58615683972465,yahboom_calibrated_direct,0,3153,2944,2888,0.012046849440278477,0.5464850418122609,0.54661780752733,127.45599523861452,neo3_calibrated_direct:gyro_integral,1,127.45599523861452,nan,117.333984375,0.0,-209,-66,2033,-1.0007762939453124,-0.316034619140625,9.734823950195311,9.791232221345508,0,0,0,0.0,0.0,0.0,0.0,0.0,0.0,0.0,-332,1080,21360,-1.82373046875,5.9326171875,117.333984375,98780.82,304.75,1,1,0,0,1758,91,459,889,889,889,889,5316,F4line=1758;YAH=3556
DIRECT_SERIAL,308,1789354967538329673,2026-09-14T03:02:47.538330+00:00,-1,23947740520053,1789354967400000000,1789354967,400000000,38699322,1789354967409488,1789354967400000,2,4,25.09150470286027,11.822534320129835,gnss_local_enu_direct,25.09150470286027,11.822534320129835,110.4352612,-7.0507985,193.84,5.564,9.162,3,1,12,0,0.0944,152.892,-0.084,0.043,0.746,1.7859,180.0,99.0,5.01,114.81510673527602,neo3_calibrated_direct,1,27.4902,-8.11157,-32.666,43.457752126690814,7,149.35932672322556,yahboom_calibrated_direct,0,3167,2927,2885,0.014109850762668966,0.5439699103649798,0.544152874908356,127.45599523861452,neo3_calibrated_direct:gyro_integral,1,127.45599523861452,nan,117.333984375,0.0,-211,-65,2037,-1.0103531005859374,-0.3112462158203125,9.753977563476562,9.81110421428344,0,0,0,0.0,0.0,0.0,0.0,0.0,0.0,0.0,-332,1080,21360,-1.82373046875,5.9326171875,117.333984375,98780.82,304.75,1,1,0,0,1760,91,460,892,892,892,892,5330,F4line=1760;YAH=3568
DIRECT_SERIAL,309,1789354967602582659,2026-09-14T03:02:47.602583+00:00,-1,23947804773033,1789354967400000000,1789354967,400000000,38699322,1789354967409488,1789354967400000,2,4,25.09150470286027,11.822534320129835,gnss_local_enu_direct,25.09150470286027,11.822534320129835,110.4352612,-7.0507985,193.84,5.564,9.162,3,1,12,0,0.0944,152.892,-0.084,0.043,0.746,1.7859,180.0,99.0,5.01,114.94045599405526,neo3_calibrated_direct,1,27.4902,-8.08716,-32.6172,43.416528980857045,7,149.37647089362073,yahboom_calibrated_direct,0,3166,2940,2922,0.013999832373491939,0.5459239958172484,0.5461034741837456,127.45599523861452,neo3_calibrated_direct:gyro_integral,1,127.45599523861452,nan,117.333984375,0.0,-215,-65,2036,-1.0295067138671874,-0.3112462158203125,9.749189160156249,9.80833561626376,0,0,0,0.0,0.0,0.0,0.0,0.0,0.0,0.0,-332,1080,21360,-1.82373046875,5.9326171875,117.333984375,98777.773,304.75,1,1,0,0,1766,91,462,895,895,895,895,5348,F4line=1766;YAH=3580
DIRECT_SERIAL,310,1789354967658600381,2026-09-14T03:02:47.658600+00:00,-1,23947860790571,1789354967600000000,1789354967,600000000,38699523,1789354967609507,1789354967600000,2,4,25.04731178155123,11.877832342962627,gnss_local_enu_direct,25.04731178155123,11.877832342962627,110.4352608,-7.050798,194.27,5.566,9.179,3,1,12,0,0.1968,152.784,-0.175,0.09,0.802,1.8152,180.0,99.0,5.0,114.68981877708114,neo3_calibrated_direct,1,27.4902,-8.13599,-32.7148,43.499006521529886,7,149.60211476322763,yahboom_calibrated_direct,0,3152,2931,2927,0.011854459289151662,0.5445246200706115,0.5446536422976367,127.45599523861452,neo3_calibrated_direct:gyro_integral,1,127.45599523861452,nan,117.333984375,0.0,-212,-65,2034,-1.01514150390625,-0.3112462158203125,9.739612353515625,9.797317759293596,0,0,0,0.0,0.0,0.0,0.0,0.0,0.0,0.0,-332,1080,21360,-1.82373046875,5.9326171875,117.333984375,98777.469,304.75,1,1,0,0,1774,92,463,898,898,898,898,5368,F4line=1774;YAH=3592
DIRECT_SERIAL,311,1789354967722106485,2026-09-14T03:02:47.722106+00:00,-1,23947924296809,1789354967600000000,1789354967,600000000,38699523,1789354967609507,1789354967600000,2,4,25.04731178155123,11.877832342962627,gnss_local_enu_direct,25.04731178155123,11.877832342962627,110.4352608,-7.050798,194.27,5.566,9.179,3,1,12,0,0.1968,152.784,-0.175,0.09,0.802,1.8152,180.0,99.0,5.0,114.57014315601478,neo3_calibrated_direct,1,27.4902,-8.1665,-32.6904,43.486377987250215,7,149.5218569505123,yahboom_calibrated_direct,0,3157,2948,2900,0.012664339099647664,0.5470999462670096,0.5472465045024917,127.45599523861452,neo3_calibrated_direct:gyro_integral,1,127.45599523861452,nan,117.333984375,0.0,-210,-66,2031,-1.005564697265625,-0.316034619140625,9.725247143554688,9.782201707391893,0,0,0,0.0,0.0,0.0,0.0,0.0,0.0,0.0,-332,1080,21360,-1.82373046875,5.9326171875,117.333984375,98777.469,304.75,1,1,0,0,1778,92,465,901,901,901,901,5384,F4line=1778;YAH=3604
DIRECT_SERIAL,312,1789354967778663345,2026-09-14T03:02:47.778663+00:00,-1,23947980853670,1789354967600000000,1789354967,600000000,38699523,1789354967609507,1789354967600000,2,4,25.04731178155123,11.877832342962627,gnss_local_enu_direct,25.04731178155123,11.877832342962627,110.4352608,-7.050798,194.27,5.566,9.179,3,1,12,0,0.1968,152.784,-0.175,0.09,0.802,1.8152,180.0,99.0,5.0,114.67014234768831,neo3_calibrated_direct,1,27.4658,-8.13599,-32.6416,43.42854537605537,7,149.4082599077444,yahboom_calibrated_direct,0,3164,2933,2899,0.013675246820355463,0.5448637537448896,0.5450353406161561,127.45599523861452,neo3_calibrated_direct:gyro_integral,1,127.45599523861452,nan,117.333984375,0.0,-209,-66,2032,-1.0007762939453124,-0.316034619140625,9.730035546875,9.78647141795598,0,0,0,0.0,0.0,0.0,0.0,0.0,0.0,0.0,-332,1080,21360,-1.82373046875,5.9326171875,117.333984375,98780.82,304.75,1,1,0,0,1786,92,466,904,904,904,904,5404,F4line=1786;YAH=3616
DIRECT_SERIAL,313,1789354967831733042,2026-09-14T03:02:47.831733+00:00,-1,23948033923349,1789354967600000000,1789354967,600000000,38699523,1789354967609507,1789354967600000,2,4,25.04731178155123,11.877832342962627,gnss_local_enu_direct,25.04731178155123,11.877832342962627,110.4352608,-7.050798,194.27,5.566,9.179,3,1,12,0,0.1968,152.784,-0.175,0.09,0.802,1.8152,180.0,99.0,5.0,114.73791293214349,neo3_calibrated_direct,1,27.4658,-8.11768,-32.666,43.44346273287156,7,149.5217556211404,yahboom_calibrated_direct,0,3157,2945,2910,0.012654834665576535,0.5466482723600191,0.5467947316083127,127.45599523861452,neo3_calibrated_direct:gyro_integral,1,127.45599523861452,nan,117.333984375,0.0,-211,-67,2038,-1.0103531005859374,-0.32082302246093747,9.758765966796874,9.816173082944163,0,0,0,0.0,0.0,0.0,0.0,0.0,0.0,0.0,-332,1080,21360,-1.82373046875,5.9326171875,117.333984375,98780.82,304.75,1,1,0,0,1790,92,468,907,907,907,907,5420,F4line=1790;YAH=3628
DIRECT_SERIAL,314,1789354967881788541,2026-09-14T03:02:47.881788+00:00,-1,23948083978922,1789354967800000000,1789354967,800000000,38699722,1789354967808697,1789354967800000,2,4,25.10255693750759,12.054784209763671,gnss_local_enu_direct,25.10255693750759,12.054784209763671,110.4352613,-7.0507964,194.72,5.573,9.192,3,1,12,0,0.7609,34.776,0.625,0.434,1.246,2.0682,155.732,99.0,5.0,114.38815336646593,neo3_calibrated_direct,1,27.4902,-8.20923,-32.6904,43.4944226929488,7,149.263626500808,yahboom_calibrated_direct,0,3173,2940,2873,0.015058262264555384,0.545946172830081,0.5461538014975642,127.45599523861452,neo3_calibrated_direct:gyro_integral,1,127.45599523861452,nan,117.333984375,0.0,-207,-65,2035,-0.9911994873046874,-0.3112462158203125,9.744400756835937,9.799627377626168,0,0,0,0.0,0.0,0.0,0.0,0.0,0.0,0.0,-332,1080,21360,-1.82373046875,5.9326171875,117.333984375,98781.734,304.75,1,1,0,0,1798,93,469,909,909,909,909,5436,F4line=1798;YAH=3636
DIRECT_SERIAL,315,1789354967938825146,2026-09-14T03:02:47.938825+00:00,-1,23948141016295,1789354967800000000,1789354967,800000000,38699722,1789354967808697,1789354967800000,2,4,25.10255693750759,12.054784209763671,gnss_local_enu_direct,25.10255693750759,12.054784209763671,110.4352613,-7.0507964,194.72,5.573,9.192,3,1,12,0,0.7609,34.776,0.625,0.434,1.246,2.0682,155.732,99.0,5.0,114.6993328370093,neo3_calibrated_direct,1,27.5146,-8.14819,-32.6904,43.49837313734963,7,149.2479449446143,yahboom_calibrated_direct,0,3174,2944,2757,0.01522213911346881,0.5465515728507587,0.5467635094854337,127.45599523861452,neo3_calibrated_direct:gyro_integral,1,127.45599523861452,nan,117.333984375,0.0,-210,-65,2029,-1.005564697265625,-0.3112462158203125,9.715670336914062,9.772527035666934,0,0,0,0.0,0.0,0.0,0.0,0.0,0.0,0.0,-332,1080,21360,-1.82373046875,5.9326171875,117.333984375,98781.734,304.75,1,1,0,0,1800,93,470,912,912,912,912,5450,F4line=1800;YAH=3648
DIRECT_SERIAL,316,1789354968001522036,2026-09-14T03:02:48.001522+00:00,-1,23948203712361,1789354967800000000,1789354967,800000000,38699722,1789354967808697,1789354967800000,2,4,25.10255693750759,12.054784209763671,gnss_local_enu_direct,25.10255693750759,12.054784209763671,110.4352613,-7.0507964,194.72,5.573,9.192,3,1,12,0,0.7609,34.776,0.625,0.434,1.246,2.0682,155.732,99.0,5.0,114.72127950038467,neo3_calibrated_direct,1,27.4902,-8.13599,-32.6416,43.443980939597374,7,149.4731163830608,yahboom_calibrated_direct,0,3160,2938,2775,0.013086270463199663,0.5456038710111123,0.5457607850853214,127.45599523861452,neo3_calibrated_direct:gyro_integral,1,127.45599523861452,nan,117.333984375,0.0,-214,-64,2036,-1.024718310546875,-0.3064578125,9.749189160156249,9.807683380254504,0,0,0,0.0,0.0,0.0,0.0,0.0,0.0,0.0,-332,1080,21360,-1.82373046875,5.9326171875,117.333984375,98783.57,304.75,1,1,0,0,1805,93,472,915,915,915,915,5467,F4line=1805;YAH=3660
DIRECT_SERIAL,317,1789354968058844983,2026-09-14T03:02:48.058845+00:00,-1,23948261035253,1789354968000000000,1789354968,0,38699927,1789354968014486,1789354968000000,2,4,25.12465497496943,12.231735558090275,gnss_local_enu_direct,25.12465497496943,12.231735558090275,110.4352615,-7.0507948,194.88,5.585,9.216,3,1,11,0,0.4482,32.981,0.376,0.244,1.566,2.31,180.0,99.0,4.99,114.79438483366125,neo3_calibrated_direct,1,27.4902,-8.12378,-32.5928,43.40504013785035,7,149.39189663175597,yahboom_calibrated_direct,0,3165,2930,2830,0.013816946656436256,0.5444152479825894,0.5445905528475968,127.45599523861452,neo3_calibrated_direct:gyro_integral,1,127.45599523861452,nan,117.333984375,0.0,-214,-65,2041,-1.024718310546875,-0.3112462158203125,9.773131176757811,9.831633375027165,0,0,0,0.0,0.0,0.0,0.0,0.0,0.0,0.0,-332,1080,21360,-1.82373046875,5.9326171875,117.333984375,98780.211,304.75,1,1,0,0,1814,94,473,918,918,918,918,5488,F4line=1814;YAH=3672
DIRECT_SERIAL,318,1789354968121175195,2026-09-14T03:02:48.121175+00:00,-1,23948323365541,1789354968000000000,1789354968,0,38699927,1789354968014486,1789354968000000,2,4,25.12465497496943,12.231735558090275,gnss_local_enu_direct,25.12465497496943,12.231735558090275,110.4352615,-7.0507948,194.88,5.585,9.216,3,1,11,0,0.4482,32.981,0.376,0.244,1.566,2.31,180.0,99.0,4.99,114.78276540396237,neo3_calibrated_direct,1,27.5146,-8.13599,-32.6172,43.44110130141845,7,149.45682778331724,yahboom_calibrated_direct,0,3161,2935,2770,0.013227970299280455,0.5451553652488121,0.5453158272577502,127.45599523861452,neo3_calibrated_direct:gyro_integral,1,127.45599523861452,nan,117.333984375,0.0,-213,-66,2031,-1.0199299072265624,-0.316034619140625,9.725247143554688,9.783688818608713,0,0,0,0.0,0.0,0.0,0.0,0.0,0.0,0.0,-332,1080,21360,-1.82373046875,5.9326171875,117.333984375,98780.211,304.75,1,1,0,0,1818,94,475,921,921,921,921,5504,F4line=1818;YAH=3684
DIRECT_SERIAL,319,1789354968179018475,2026-09-14T03:02:48.179018+00:00,-1,23948381208857,1789354968000000000,1789354968,0,38699927,1789354968014486,1789354968000000,2,4,25.12465497496943,12.231735558090275,gnss_local_enu_direct,25.12465497496943,12.231735558090275,110.4352615,-7.0507948,194.88,5.585,9.216,3,1,11,0,0.4482,32.981,0.376,0.244,1.566,2.31,180.0,99.0,4.99,114.85677983991228,neo3_calibrated_direct,1,27.4902,-8.09937,-32.6904,43.473821347989414,7,149.6988429647119,yahboom_calibrated_direct,0,3146,2950,2745,0.011007428417357289,0.5473662126134092,0.5474768800516705,127.45599523861452,neo3_calibrated_direct:gyro_integral,1,127.45599523861452,nan,117.333984375,0.0,-211,-66,2030,-1.0103531005859374,-0.316034619140625,9.720458740234374,9.777934822290328,0,0,0,0.0,0.0,0.0,0.0,0.0,0.0,0.0,-332,1080,21360,-1.82373046875,5.9326171875,117.333984375,98779.602,304.75,1,1,0,0,1821,94,476,924,924,924,924,5519,F4line=1821;YAH=3696
DIRECT_SERIAL,320,1789354968230708414,2026-09-14T03:02:48.230709+00:00,-1,23948432898670,1789354968000000000,1789354968,0,38699927,1789354968014486,1789354968000000,2,4,25.12465497496943,12.231735558090275,gnss_local_enu_direct,25.12465497496943,12.231735558090275,110.4352615,-7.0507948,194.88,5.585,9.216,3,1,11,0,0.4482,32.981,0.376,0.244,1.566,2.31,180.0,99.0,4.99,114.65872441575306,neo3_calibrated_direct,1,27.4902,-8.14819,-32.666,43.46460229101493,7,149.42471784708806,yahboom_calibrated_direct,0,3163,2938,2744,0.013539883273655424,0.5456133754451834,0.5457813517368937,127.45599523861452,neo3_calibrated_direct:gyro_integral,1,127.45599523861452,nan,117.333984375,0.0,-208,-66,2036,-0.9959878906249999,-0.316034619140625,9.749189160156249,9.80502723296958,0,0,0,0.0,0.0,0.0,0.0,0.0,0.0,0.0,-332,1080,21360,-1.82373046875,5.9326171875,117.333984375,98779.602,304.75,1,1,0,0,1825,94,478,927,927,927,927,5535,F4line=1825;YAH=3708
DIRECT_SERIAL,321,1789354968280757894,2026-09-14T03:02:48.280758+00:00,-1,23948482948223,1789354968200000000,1789354968,200000000,38700121,1789354968207823,1789354968200000,2,4,25.157802019715582,12.463984273176411,gnss_local_enu_direct,25.157802019715582,12.463984273176411,110.4352618,-7.0507927,195.12,5.586,9.233,3,1,11,0,0.8234,27.25,0.732,0.377,1.39,2.1,146.134,99.0,5.01,114.77342032472097,neo3_calibrated_direct,1,27.4902,-8.12378,-32.6416,43.441695962386184,7,149.4247784719119,yahboom_calibrated_direct,0,3163,2939,2822,0.0135430514183458,0.5457639334141803,0.5459319419647817,127.45599523861452,neo3_calibrated_direct:gyro_integral,1,127.45599523861452,nan,117.333984375,0.0,-209,-65,2036,-1.0007762939453124,-0.3112462158203125,9.749189160156249,9.805361629123807,0,0,0,0.0,0.0,0.0,0.0,0.0,0.0,0.0,-332,1080,21360,-1.82373046875,5.9326171875,117.333984375,98774.414,304.75,1,1,0,0,1833,95,479,929,929,929,929,5551,F4line=1833;YAH=3716
DIRECT_SERIAL,322,1789354968338923304,2026-09-14T03:02:48.338923+00:00,-1,23948541113596,1789354968200000000,1789354968,200000000,38700121,1789354968207823,1789354968200000,2,4,25.157802019715582,12.463984273176411,gnss_local_enu_direct,25.157802019715582,12.463984273176411,110.4352618,-7.0507927,195.12,5.586,9.233,3,1,11,0,0.8234,27.25,0.732,0.377,1.39,2.1,146.134,99.0,5.01,115.31071893267526,neo3_calibrated_direct,1,27.4414,-7.9895,-32.4707,43.257472218103544,7,149.37647089362073,yahboom_calibrated_direct,0,3166,2940,2866,0.013999832373491939,0.5459239958172484,0.5461034741837456,127.45599523861452,neo3_calibrated_direct:gyro_integral,1,127.45599523861452,nan,117.333984375,0.0,-211,-64,2033,-1.0103531005859374,-0.3064578125,9.734823950195311,9.791911310872978,0,0,0,0.0,0.0,0.0,0.0,0.0,0.0,0.0,-332,1081,21360,-1.82373046875,5.9381103515625,117.333984375,98774.414,304.75,1,1,0,0,1835,95,480,932,932,932,932,5565,F4line=1835;YAH=3728
DIRECT_SERIAL,323,1789354968400559017,2026-09-14T03:02:48.400559+00:00,-1,23948602749319,1789354968200000000,1789354968,200000000,38700121,1789354968207823,1789354968200000,2,4,25.157802019715582,12.463984273176411,gnss_local_enu_direct,25.157802019715582,12.463984273176411,110.4352618,-7.0507927,195.12,5.586,9.233,3,1,11,0,0.8234,27.25,0.732,0.377,1.39,2.1,146.134,99.0,5.01,115.14973160458388,neo3_calibrated_direct,1,27.4902,-8.03833,-32.5928,43.38912832806047,7,149.35908976802008,yahboom_calibrated_direct,0,3167,2924,2862,0.014100346328597838,0.5435182364579892,0.5437011064261219,127.45599523861452,neo3_calibrated_direct:gyro_integral,1,127.45599523861452,nan,117.333984375,0.0,-212,-65,2030,-1.01514150390625,-0.3112462158203125,9.720458740234374,9.778277179565649,0,0,0,0.0,0.0,0.0,0.0,0.0,0.0,0.0,-332,1081,21360,-1.82373046875,5.9381103515625,117.333984375,98778.078,304.75,1,1,0,0,1843,95,482,935,935,935,935,5585,F4line=1843;YAH=3740
DIRECT_SERIAL,324,1789354968458974126,2026-09-14T03:02:48.458974+00:00,-1,23948661164438,1789354968400000000,1789354968,400000000,38700321,1789354968407897,1789354968400000,2,4,25.190950209944727,12.69623358683231,gnss_local_enu_direct,25.190950209944727,12.69623358683231,110.4352621,-7.0507906,195.65,5.586,9.247,3,1,11,0,0.3946,52.724,0.239,0.314,1.001,2.0944,180.0,99.0,5.01,114.88299187790942,neo3_calibrated_direct,1,27.4902,-8.09326,-32.666,43.4543382122844,7,149.36027062255488,yahboom_calibrated_direct,0,3167,2939,2836,0.014147868498953482,0.5457766059929419,0.5459599489268774,127.45599523861452,neo3_calibrated_direct:gyro_integral,1,127.45599523861452,nan,117.333984375,0.0,-214,-64,2037,-1.024718310546875,-0.3064578125,9.753977563476562,9.812443238848136,0,0,0,0.0,0.0,0.0,0.0,0.0,0.0,0.0,-332,1081,21360,-1.82373046875,5.9381103515625,117.333984375,98778.078,304.75,1,1,0,0,1851,96,483,938,938,938,938,5605,F4line=1851;YAH=3752
DIRECT_SERIAL,325,1789354968520203739,2026-09-14T03:02:48.520204+00:00,-1,23948722393936,1789354968400000000,1789354968,400000000,38700321,1789354968407897,1789354968400000,2,4,25.190950209944727,12.69623358683231,gnss_local_enu_direct,25.190950209944727,12.69623358683231,110.4352621,-7.0507906,195.65,5.586,9.247,3,1,11,0,0.3946,52.724,0.239,0.314,1.001,2.0944,180.0,99.0,5.01,115.41587211942465,neo3_calibrated_direct,1,27.4414,-7.96509,-32.4707,43.25297043161429,7,149.60221997040853,yahboom_calibrated_direct,0,3152,2940,2814,0.01188297259136505,0.5458796417915831,0.5460089636261608,127.45599523861452,neo3_calibrated_direct:gyro_integral,1,127.45599523861452,nan,117.333984375,0.0,-214,-64,2037,-1.024718310546875,-0.3064578125,9.753977563476562,9.812443238848136,0,0,0,0.0,0.0,0.0,0.0,0.0,0.0,0.0,-332,1081,21360,-1.82373046875,5.9381103515625,117.333984375,98778.078,304.75,1,1,0,0,1855,96,485,941,941,941,941,5621,F4line=1855;YAH=3764
DIRECT_SERIAL,326,1789354968579062103,2026-09-14T03:02:48.579062+00:00,-1,23948781252326,1789354968400000000,1789354968,400000000,38700321,1789354968407897,1789354968400000,2,4,25.190950209944727,12.69623358683231,gnss_local_enu_direct,25.190950209944727,12.69623358683231,110.4352621,-7.0507906,195.65,5.586,9.247,3,1,11,0,0.3946,52.724,0.239,0.314,1.001,2.0944,180.0,99.0,5.01,115.58207316237474,neo3_calibrated_direct,1,27.4658,-7.94067,-32.4463,43.24565635273559,7,149.53768285050313,yahboom_calibrated_direct,0,3156,2939,2807,0.012484621527282354,0.5457417564013477,0.5458845394904562,127.45599523861452,neo3_calibrated_direct:gyro_integral,1,127.45599523861452,nan,117.333984375,0.0,-211,-66,2033,-1.0103531005859374,-0.316034619140625,9.734823950195311,9.792215715028709,0,0,0,0.0,0.0,0.0,0.0,0.0,0.0,0.0,-332,1081,21360,-1.82373046875,5.9381103515625,117.333984375,98780.516,305.0,1,1,0,0,1859,96,486,944,944,944,944,5637,F4line=1859;YAH=3776
DIRECT_SERIAL,327,1789354968630823037,2026-09-14T03:02:48.630823+00:00,-1,23948833013254,1789354968400000000,1789354968,400000000,38700321,1789354968407897,1789354968400000,2,4,25.190950209944727,12.69623358683231,gnss_local_enu_direct,25.190950209944727,12.69623358683231,110.4352621,-7.0507906,195.65,5.586,9.247,3,1,11,0,0.3946,52.724,0.239,0.314,1.001,2.0944,180.0,99.0,5.01,114.95757057900488,neo3_calibrated_direct,1,27.4658,-8.06885,-32.6172,43.39767558064026,7,149.63447886345605,yahboom_calibrated_direct,0,3150,2941,2850,0.011583732195751584,0.5460238634711991,0.5461467223481229,127.45599523861452,neo3_calibrated_direct:gyro_integral,1,127.45599523861452,nan,117.333984375,0.0,-209,-65,2036,-1.0007762939453124,-0.3112462158203125,9.749189160156249,9.805361629123807,0,0,0,0.0,0.0,0.0,0.0,0.0,0.0,0.0,-332,1081,21360,-1.82373046875,5.9381103515625,117.333984375,98780.516,305.0,1,1,0,0,1863,96,488,947,947,947,947,5653,F4line=1863;YAH=3788
DIRECT_SERIAL,328,1789354968698463175,2026-09-14T03:02:48.698463+00:00,-1,23948900653653,1789354968600000000,1789354968,600000000,38700522,1789354968609153,1789354968600000,2,4,25.091512673090612,12.76259049018391,gnss_local_enu_direct,25.091512673090612,12.76259049018391,110.4352612,-7.05079,195.75,5.593,9.26,3,1,11,0,0.5729,14.764,0.554,0.146,1.028,2.1093,180.0,99.0,5.0,114.7774951066185,neo3_calibrated_direct,1,27.5146,-8.12988,-32.666,43.47661116019049,7,149.56996536701877,yahboom_calibrated_direct,0,3154,2940,2784,0.012185381131668891,0.5458859780809638,0.5460219634581878,127.45599523861452,neo3_calibrated_direct:gyro_integral,1,127.45599523861452,nan,117.333984375,0.0,-210,-64,2032,-1.005564697265625,-0.3064578125,9.730035546875,9.786657677403468,0,0,0,0.0,0.0,0.0,0.0,0.0,0.0,0.0,-332,1081,21360,-1.82373046875,5.9381103515625,117.333984375,98778.383,305.0,1,1,0,0,1874,97,489,950,950,950,950,5676,F4line=1874;YAH=3800
DIRECT_SERIAL,329,1789354968759699133,2026-09-14T03:02:48.759699+00:00,-1,23948961889437,1789354968600000000,1789354968,600000000,38700522,1789354968609153,1789354968600000,2,4,25.091512673090612,12.76259049018391,gnss_local_enu_direct,25.091512673090612,12.76259049018391,110.4352612,-7.05079,195.75,5.593,9.26,3,1,11,0,0.5729,14.764,0.554,0.146,1.028,2.1093,180.0,99.0,5.0,115.47987938974767,neo3_calibrated_direct,1,27.4902,-7.97119,-32.5195,43.321690252183146,7,149.47335250402978,yahboom_calibrated_direct,0,3160,2943,2738,0.013102111186651545,0.5463566608560966,0.546513738326285,127.45599523861452,neo3_calibrated_direct:gyro_integral,1,127.45599523861452,nan,117.333984375,0.0,-213,-63,2030,-1.0199299072265624,-0.3016694091796875,9.720458740234374,9.778475319224814,0,0,0,0.0,0.0,0.0,0.0,0.0,0.0,0.0,-332,1080,21360,-1.82373046875,5.9326171875,117.333984375,98779.906,305.0,1,1,0,0,1884,97,491,953,953,953,953,5698,F4line=1884;YAH=3812
DIRECT_SERIAL,330,1789354968818481412,2026-09-14T03:02:48.818481+00:00,-1,23949020671781,1789354968600000000,1789354968,600000000,38700522,1789354968609153,1789354968600000,2,4,25.091512673090612,12.76259049018391,gnss_local_enu_direct,25.091512673090612,12.76259049018391,110.4352612,-7.05079,195.75,5.593,9.26,3,1,11,0,0.5729,14.764,0.554,0.146,1.028,2.1093,180.0,99.0,5.0,115.26146040944107,neo3_calibrated_direct,1,27.4658,-8.00781,-32.5439,43.33128913205907,7,149.53768285050313,yahboom_calibrated_direct,0,3156,2939,2745,0.012484621527282354,0.5457417564013477,0.5458845394904562,127.45599523861452,neo3_calibrated_direct:gyro_integral,1,127.45599523861452,nan,117.333984375,0.0,-212,-66,2039,-1.01514150390625,-0.316034619140625,9.763554370117188,9.82127202004317,0,0,0,0.0,0.0,0.0,0.0,0.0,0.0,0.0,-332,1080,21360,-1.82373046875,5.9326171875,117.333984375,98779.906,305.0,1,1,0,0,1886,97,492,956,956,956,956,5712,F4line=1886;YAH=3824
DIRECT_SERIAL,331,1789354968879424661,2026-09-14T03:02:48.879425+00:00,-1,23949081615036,1789354968800000000,1789354968,800000000,38700721,1789354968807510,1789354968800000,2,4,24.981027602925387,12.81788854494949,gnss_local_enu_direct,24.981027602925387,12.81788854494949,110.4352602,-7.0507895,196.14,5.6,9.27,3,1,11,0,0.1802,193.805,-0.175,-0.043,0.378,1.602,180.0,99.0,5.01,114.69722617691285,neo3_calibrated_direct,1,27.4414,-8.11768,-32.6416,43.40969031336667,7,149.40878093040558,yahboom_calibrated_direct,0,3164,2941,2717,0.013700591977878474,0.5460682174968644,0.5462400611276576,127.45599523861452,neo3_calibrated_direct:gyro_integral,1,127.45599523861452,nan,117.333984375,0.0,-212,-66,2040,-1.01514150390625,-0.316034619140625,9.7683427734375,9.826032296548645,0,0,0,0.0,0.0,0.0,0.0,0.0,0.0,0.0,-332,1080,21360,-1.82373046875,5.9326171875,117.333984375,98782.352,305.0,1,1,0,0,1897,98,494,959,959,959,959,5735,F4line=1897;YAH=3836
DIRECT_SERIAL,332,1789354968938876777,2026-09-14T03:02:48.938877+00:00,-1,23949141066989,1789354968800000000,1789354968,800000000,38700721,1789354968807510,1789354968800000,2,4,24.981027602925387,12.81788854494949,gnss_local_enu_direct,24.981027602925387,12.81788854494949,110.4352602,-7.0507895,196.14,5.6,9.27,3,1,11,0,0.1802,193.805,-0.175,-0.043,0.378,1.602,180.0,99.0,5.01,115.51896667454277,neo3_calibrated_direct,1,27.4658,-7.95288,-32.4707,43.26620885199442,7,149.71500628417397,yahboom_calibrated_direct,0,3145,2946,2772,0.010843551568443865,0.5467608125927315,0.5468683285743301,127.45599523861452,neo3_calibrated_direct:gyro_integral,1,127.45599523861452,nan,117.333984375,0.0,-210,-68,2034,-1.005564697265625,-0.32561142578124996,9.739612353515625,9.79679702544359,0,0,0,0.0,0.0,0.0,0.0,0.0,0.0,0.0,-332,1081,21360,-1.82373046875,5.9381103515625,117.333984375,98782.352,305.0,1,1,0,0,1899,98,495,962,962,962,962,5749,F4line=1899;YAH=3848
DIRECT_SERIAL,333,1789354968999178878,2026-09-14T03:02:48.999179+00:00,-1,23949201369192,1789354968800000000,1789354968,800000000,38700721,1789354968807510,1789354968800000,2,4,24.981027602925387,12.81788854494949,gnss_local_enu_direct,24.981027602925387,12.81788854494949,110.4352602,-7.0507895,196.14,5.6,9.27,3,1,11,0,0.1802,193.805,-0.175,-0.043,0.378,1.602,180.0,99.0,5.01,115.35608750754268,neo3_calibrated_direct,1,27.4658,-7.9834,-32.5439,43.326784699652016,7,149.65060810071105,yahboom_calibrated_direct,0,3149,2938,2780,0.011423023491528536,0.5455690214195181,0.545688594894871,127.45599523861452,neo3_calibrated_direct:gyro_integral,1,127.45599523861452,nan,117.333984375,0.0,-212,-65,2038,-1.01514150390625,-0.3112462158203125,9.758765966796874,9.816358778820609,0,0,0,0.0,0.0,0.0,0.0,0.0,0.0,0.0,-332,1081,21360,-1.82373046875,5.9381103515625,117.333984375,98778.078,305.0,1,1,0,0,1904,98,497,965,965,965,965,5766,F4line=1904;YAH=3860
DIRECT_SERIAL,334,1789354969058928807,2026-09-14T03:02:49.058929+00:00,-1,23949261119132,1789354969000000000,1789354969,0,38700926,1789354969013380,1789354969000000,2,4,24.936834728183143,12.939543339037819,gnss_local_enu_direct,24.936834728183143,12.939543339037819,110.4352598,-7.0507884,196.58,5.608,9.28,3,1,11,0,0.236,36.384,0.19,0.14,0.87,2.2879,180.0,99.0,4.99,114.82684124723964,neo3_calibrated_direct,1,27.4658,-8.09937,-32.6172,43.403360467559416,7,149.73113396541677,yahboom_calibrated_direct,0,3144,2945,2819,0.010689179153601566,0.5466070864790442,0.5467115926520006,127.45599523861452,neo3_calibrated_direct:gyro_integral,1,127.45599523861452,nan,117.333984375,0.0,-213,-64,2035,-1.0199299072265624,-0.3064578125,9.744400756835937,9.802424165293106,0,0,0,0.0,0.0,0.0,0.0,0.0,0.0,0.0,-332,1081,21360,-1.82373046875,5.9381103515625,117.333984375,98780.516,305.0,1,1,0,0,1913,99,498,968,968,968,968,5787,F4line=1913;YAH=3872
DIRECT_SERIAL,335,1789354969118791749,2026-09-14T03:02:49.118792+00:00,-1,23949320982066,1789354969000000000,1789354969,0,38700926,1789354969013380,1789354969000000,2,4,24.936834728183143,12.939543339037819,gnss_local_enu_direct,24.936834728183143,12.939543339037819,110.4352598,-7.0507884,196.58,5.608,9.28,3,1,11,0,0.236,36.384,0.19,0.14,0.87,2.2879,180.0,99.0,4.99,114.11342349688859,neo3_calibrated_direct,1,27.4902,-8.27637,-32.666,43.48881410681257,7,149.45651631076694,yahboom_calibrated_direct,0,3161,2929,2798,0.013208961431138196,0.5442520174348311,0.5444122841596918,127.45599523861452,neo3_calibrated_direct:gyro_integral,1,127.45599523861452,nan,117.333984375,0.0,-214,-65,2029,-1.024718310546875,-0.3112462158203125,9.715670336914062,9.774516454455654,0,0,0,0.0,0.0,0.0,0.0,0.0,0.0,0.0,-332,1080,21360,-1.82373046875,5.9326171875,117.333984375,98780.516,305.0,1,1,0,0,1917,99,500,971,971,971,971,5803,F4line=1917;YAH=3884
DIRECT_SERIAL,336,1789354969178738039,2026-09-14T03:02:49.178738+00:00,-1,23949380928692,1789354969000000000,1789354969,0,38700926,1789354969013380,1789354969000000,2,4,24.936834728183143,12.939543339037819,gnss_local_enu_direct,24.936834728183143,12.939543339037819,110.4352598,-7.0507884,196.58,5.608,9.28,3,1,11,0,0.236,36.384,0.19,0.14,0.87,2.2879,180.0,99.0,4.99,114.81510673527602,neo3_calibrated_direct,1,27.4902,-8.11157,-32.666,43.457752126690814,7,149.58584984546277,yahboom_calibrated_direct,0,3153,2925,2806,0.011986654691161325,0.5436244404013207,0.5437565742980348,127.45599523861452,neo3_calibrated_direct:gyro_integral,1,127.45599523861452,nan,117.333984375,0.0,-212,-65,2035,-1.01514150390625,-0.3112462158203125,9.744400756835937,9.802077973044302,0,0,0,0.0,0.0,0.0,0.0,0.0,0.0,0.0,-332,1080,21360,-1.82373046875,5.9326171875,117.333984375,98778.078,305.0,1,1,0,0,1920,99,501,974,974,974,974,5818,F4line=1920;YAH=3896
DIRECT_SERIAL,337,1789354969230858070,2026-09-14T03:02:49.230858+00:00,-1,23949433048380,1789354969000000000,1789354969,0,38700926,1789354969013380,1789354969000000,2,4,24.936834728183143,12.939543339037819,gnss_local_enu_direct,24.936834728183143,12.939543339037819,110.4352598,-7.0507884,196.58,5.608,9.28,3,1,11,0,0.236,36.384,0.19,0.14,0.87,2.2879,180.0,99.0,4.99,114.74160036347882,neo3_calibrated_direct,1,27.4902,-8.12378,-32.6904,43.47837565604768,7,149.7154556904336,yahboom_calibrated_direct,0,3145,2923,2756,0.010770684240565206,0.543297979305804,0.543404731260945,127.45599523861452,neo3_calibrated_direct:gyro_integral,1,127.45599523861452,nan,117.333984375,0.0,-209,-66,2038,-1.0007762939453124,-0.316034619140625,9.758765966796874,9.8150366410794,0,0,0,0.0,0.0,0.0,0.0,0.0,0.0,0.0,-333,1080,21360,-1.8292236328125,5.9326171875,117.333984375,98778.078,305.0,1,1,0,0,1924,99,503,977,977,977,977,5834,F4line=1924;YAH=3908
DIRECT_SERIAL,338,1789354969298383231,2026-09-14T03:02:49.298383+00:00,-1,23949500573526,1789354969200000000,1789354969,200000000,38701122,1789354969209151,1789354969200000,2,4,24.837397668363856,12.983781633710805,gnss_local_enu_direct,24.837397668363856,12.983781633710805,110.4352589,-7.050788,196.81,5.621,9.297,3,1,11,0,0.2544,41.334,0.191,0.168,0.677,2.5341,180.0,99.0,5.0,114.55932781429375,neo3_calibrated_direct,1,27.4902,-8.1665,-32.6904,43.486377987250215,7,149.8772140773441,yahboom_calibrated_direct,0,3135,2928,2778,0.009274482262497883,0.5440190877038844,0.5440981380297162,127.45599523861452,neo3_calibrated_direct:gyro_integral,1,127.45599523861452,nan,117.333984375,0.0,-212,-65,2036,-1.01514150390625,-0.3112462158203125,9.749189160156249,9.806838214242326,0,0,0,0.0,0.0,0.0,0.0,0.0,0.0,0.0,-333,1080,21360,-1.8292236328125,5.9326171875,117.333984375,98778.078,305.0,1,1,0,0,1932,100,504,980,980,980,980,5854,F4line=1932;YAH=3920
DIRECT_SERIAL,339,1789354969358275881,2026-09-14T03:02:49.358276+00:00,-1,23949560466205,1789354969200000000,1789354969,200000000,38701122,1789354969209151,1789354969200000,2,4,24.837397668363856,12.983781633710805,gnss_local_enu_direct,24.837397668363856,12.983781633710805,110.4352589,-7.050788,196.81,5.621,9.297,3,1,11,0,0.2544,41.334,0.191,0.168,0.677,2.5341,180.0,99.0,5.0,114.75857783106704,neo3_calibrated_direct,1,27.4658,-8.11768,-32.5928,43.388449039605,7,149.4560471585759,yahboom_calibrated_direct,0,3161,2920,2778,0.01318044812892481,0.5428969957138595,0.543056969541883,127.45599523861452,neo3_calibrated_direct:gyro_integral,1,127.45599523861452,nan,117.333984375,0.0,-212,-66,2034,-1.01514150390625,-0.316034619140625,9.739612353515625,9.797471048704486,0,0,0,0.0,0.0,0.0,0.0,0.0,0.0,0.0,-333,1080,21360,-1.8292236328125,5.9326171875,117.333984375,98778.992,305.0,1,1,0,0,1937,100,506,983,983,983,983,5871,F4line=1937;YAH=3932
DIRECT_SERIAL,340,1789354969418220403,2026-09-14T03:02:49.418220+00:00,-1,23949620410713,1789354969200000000,1789354969,200000000,38701122,1789354969209151,1789354969200000,2,4,24.837397668363856,12.983781633710805,gnss_local_enu_direct,24.837397668363856,12.983781633710805,110.4352589,-7.050788,196.81,5.621,9.297,3,1,11,0,0.2544,41.334,0.191,0.168,0.677,2.5341,180.0,99.0,5.0,114.7886406915868,neo3_calibrated_direct,1,27.4902,-8.11768,-32.6416,43.44055565001903,7,149.53729840146008,yahboom_calibrated_direct,0,3156,2926,2766,0.012443435646307465,0.5437845028043887,0.5439268559107006,127.45599523861452,neo3_calibrated_direct:gyro_integral,1,127.45599523861452,nan,117.333984375,0.0,-213,-65,2037,-1.0199299072265624,-0.3112462158203125,9.753977563476562,9.812095063304362,0,0,0,0.0,0.0,0.0,0.0,0.0,0.0,0.0,-333,1080,21360,-1.8292236328125,5.9326171875,117.333984375,98778.992,305.0,1,1,0,0,1942,100,507,986,986,986,986,5888,F4line=1942;YAH=3944
DIRECT_SERIAL,341,1789354969477939007,2026-09-14T03:02:49.477939+00:00,-1,23949680129318,1789354969400000000,1789354969,400000000,38701321,1789354969408160,1789354969400000,2,4,24.693766912009593,12.950604371349936,gnss_local_enu_direct,24.693766912009593,12.950604371349936,110.4352576,-7.0507883,197.3,5.626,9.307,3,1,11,0,0.4477,212.874,-0.376,-0.243,-0.822,2.0926,180.0,99.0,5.01,114.85933087232615,neo3_calibrated_direct,1,27.5391,-8.11768,-32.6904,43.50817175603222,7,149.52117824371854,yahboom_calibrated_direct,0,3157,2928,2767,0.012600976205840138,0.5440887868870727,0.5442346852393612,127.45599523861452,neo3_calibrated_direct:gyro_integral,1,127.45599523861452,nan,117.333984375,0.0,-213,-64,2032,-1.0199299072265624,-0.3064578125,9.730035546875,9.78814411162548,0,0,0,0.0,0.0,0.0,0.0,0.0,0.0,0.0,-333,1081,21360,-1.8292236328125,5.9381103515625,117.333984375,98779.297,305.0,1,1,0,0,1952,101,509,989,989,989,989,5910,F4line=1952;YAH=3956
DIRECT_SERIAL,342,1789354969537910121,2026-09-14T03:02:49.537910+00:00,-1,23949740100434,1789354969400000000,1789354969,400000000,38701321,1789354969408160,1789354969400000,2,4,24.693766912009593,12.950604371349936,gnss_local_enu_direct,24.693766912009593,12.950604371349936,110.4352576,-7.0507883,197.3,5.626,9.307,3,1,11,0,0.4477,212.874,-0.376,-0.243,-0.822,2.0926,180.0,99.0,5.01,114.85565499391487,neo3_calibrated_direct,1,27.5146,-8.11157,-32.666,43.47319101497956,7,149.47325813376037,yahboom_calibrated_direct,0,3160,2941,2750,0.01309577489727079,0.5460555449181029,0.546212557028824,127.45599523861452,neo3_calibrated_direct:gyro_integral,1,127.45599523861452,nan,117.333984375,0.0,-209,-67,2029,-1.0007762939453124,-0.32082302246093747,9.715670336914062,9.77234519948286,0,0,0,0.0,0.0,0.0,0.0,0.0,0.0,0.0,-332,1081,21360,-1.82373046875,5.9381103515625,117.333984375,98779.297,305.0,1,1,0,0,1954,101,510,992,992,992,992,5924,F4line=1954;YAH=3968
DIRECT_SERIAL,343,1789354969597687166,2026-09-14T03:02:49.597687+00:00,-1,23949799877462,1789354969400000000,1789354969,400000000,38701321,1789354969408160,1789354969400000,2,4,24.693766912009593,12.950604371349936,gnss_local_enu_direct,24.693766912009593,12.950604371349936,110.4352576,-7.0507883,197.3,5.626,9.307,3,1,11,0,0.4477,212.874,-0.376,-0.243,-0.822,2.0926,180.0,99.0,5.01,114.80073448950671,neo3_calibrated_direct,1,27.4658,-8.10547,-32.6172,43.404499183850746,7,149.21633353612748,yahboom_calibrated_direct,0,3176,2949,2720,0.015540388377224533,0.5473106989851236,0.5475312821150036,127.45599523861452,neo3_calibrated_direct:gyro_integral,1,127.45599523861452,nan,117.333984375,0.0,-210,-65,2035,-1.005564697265625,-0.3112462158203125,9.744400756835937,9.801090790165865,0,0,0,0.0,0.0,0.0,0.0,0.0,0.0,0.0,-332,1081,21360,-1.82373046875,5.9381103515625,117.333984375,98781.125,304.75,1,1,0,0,1960,101,512,995,995,995,995,5942,F4line=1960;YAH=3980
DIRECT_SERIAL,344,1789354969657541621,2026-09-14T03:02:49.657542+00:00,-1,23949859731934,1789354969600000000,1789354969,600000000,38701522,1789354969609355,1789354969600000,2,4,24.561185690540825,12.928487013280428,gnss_local_enu_direct,24.561185690540825,12.928487013280428,110.4352564,-7.0507885,198.02,5.631,9.314,3,1,11,0,0.6248,210.382,-0.539,-0.316,-1.276,2.0785,180.0,99.0,5.0,114.85810639088345,neo3_calibrated_direct,1,27.4658,-8.08716,-32.666,43.43777022943972,7,149.47297439748894,yahboom_calibrated_direct,0,3160,2935,2803,0.013076766029128533,0.5451521971041218,0.5453090131450532,127.45599523861452,neo3_calibrated_direct:gyro_integral,1,127.45599523861452,nan,117.333984375,0.0,-213,-64,2036,-1.0199299072265624,-0.3064578125,9.749189160156249,9.807184238455275,0,0,0,0.0,0.0,0.0,0.0,0.0,0.0,0.0,-332,1081,21360,-1.82373046875,5.9381103515625,117.333984375,98781.125,304.75,1,1,0,0,1968,102,513,998,998,998,998,5962,F4line=1968;YAH=3992
DIRECT_SERIAL,345,1789354969717480848,2026-09-14T03:02:49.717481+00:00,-1,23949919671049,1789354969600000000,1789354969,600000000,38701522,1789354969609355,1789354969600000,2,4,24.561185690540825,12.928487013280428,gnss_local_enu_direct,24.561185690540825,12.928487013280428,110.4352564,-7.0507885,198.02,5.631,9.314,3,1,11,0,0.6248,210.382,-0.539,-0.316,-1.276,2.0785,180.0,99.0,5.0,114.80352688073535,neo3_calibrated_direct,1,27.5146,-8.12378,-32.666,43.47547090772451,7,149.61830449809565,yahboom_calibrated_direct,0,3151,2934,2822,0.01171275945307087,0.5449731258329117,0.5450989787314778,127.45599523861452,neo3_calibrated_direct:gyro_integral,1,127.45599523861452,nan,117.333984375,0.0,-214,-64,2034,-1.024718310546875,-0.3064578125,9.739612353515625,9.798163746517329,0,0,0,0.0,0.0,0.0,0.0,0.0,0.0,0.0,-332,1081,21360,-1.82373046875,5.9381103515625,117.333984375,98781.125,304.75,1,1,0,0,1972,102,515,1001,1001,1001,1001,5978,F4line=1972;YAH=4004
DIRECT_SERIAL,346,1789354969777334440,2026-09-14T03:02:49.777334+00:00,-1,23949979524771,1789354969600000000,1789354969,600000000,38701522,1789354969609355,1789354969600000,2,4,24.561185690540825,12.928487013280428,gnss_local_enu_direct,24.561185690540825,12.928487013280428,110.4352564,-7.0507885,198.02,5.631,9.314,3,1,11,0,0.6248,210.382,-0.539,-0.316,-1.276,2.0785,180.0,99.0,5.0,114.8463637830848,neo3_calibrated_direct,1,27.4902,-8.09937,-32.6904,43.473821347989414,7,149.7474126735586,yahboom_calibrated_direct,0,3143,2939,2789,0.010518966015307387,0.5457005705203728,0.5458019433020476,127.45599523861452,neo3_calibrated_direct:gyro_integral,1,127.45599523861452,nan,117.333984375,0.0,-210,-64,2036,-1.005564697265625,-0.3064578125,9.749189160156249,9.80570069050332,0,0,0,0.0,0.0,0.0,0.0,0.0,0.0,0.0,-332,1081,21360,-1.82373046875,5.9381103515625,117.333984375,98775.938,304.75,1,1,0,0,1980,102,516,1004,1004,1004,1004,5998,F4line=1980;YAH=4016
DIRECT_SERIAL,347,1789354969829444056,2026-09-14T03:02:49.829444+00:00,-1,23950031634245,1789354969600000000,1789354969,600000000,38701522,1789354969609355,1789354969600000,2,4,24.561185690540825,12.928487013280428,gnss_local_enu_direct,24.561185690540825,12.928487013280428,110.4352564,-7.0507885,198.02,5.631,9.314,3,1,11,0,0.6248,210.382,-0.539,-0.316,-1.276,2.0785,180.0,99.0,5.0,114.89870806923466,neo3_calibrated_direct,1,27.4902,-8.09937,-32.5928,43.40047813419686,7,149.6506131627335,yahboom_calibrated_direct,0,3149,2935,2755,0.011413519057457407,0.5451173475125276,0.5452368210020015,127.45599523861452,neo3_calibrated_direct:gyro_integral,1,127.45599523861452,nan,117.333984375,0.0,-210,-66,2032,-1.005564697265625,-0.316034619140625,9.730035546875,9.786962244963108,0,0,0,0.0,0.0,0.0,0.0,0.0,0.0,0.0,-332,1080,21360,-1.82373046875,5.9326171875,117.333984375,98775.938,304.75,1,1,0,0,1984,102,518,1007,1007,1007,1007,6014,F4line=1984;YAH=4028
DIRECT_SERIAL,348,1789354969897013045,2026-09-14T03:02:49.897013+00:00,-1,23950099203677,1789354969800000000,1789354969,800000000,38701720,1789354969807566,1789354969800000,2,4,24.395457360468647,12.89530964827627,gnss_local_enu_direct,24.395457360468647,12.89530964827627,110.4352549,-7.0507888,198.46,5.632,9.321,3,1,11,0,0.1742,251.253,-0.056,-0.165,-0.511,2.0785,180.0,99.0,5.01,114.46177224461377,neo3_calibrated_direct,1,27.4658,-8.18481,-32.6416,43.43771788361009,7,149.4408502867063,yahboom_calibrated_direct,0,3162,2938,2732,0.013388679003503504,0.545610207300493,0.5457744543636555,127.45599523861452,neo3_calibrated_direct:gyro_integral,1,127.45599523861452,nan,117.333984375,0.0,-209,-64,2029,-1.0007762939453124,-0.3064578125,9.715670336914062,9.771884141605293,0,0,0,0.0,0.0,0.0,0.0,0.0,0.0,0.0,-332,1080,21360,-1.82373046875,5.9326171875,117.333984375,98776.859,304.75,1,1,0,0,1992,103,519,1010,1010,1010,1010,6034,F4line=1992;YAH=4040
DIRECT_SERIAL,349,1789354969956931363,2026-09-14T03:02:49.956931+00:00,-1,23950159121688,1789354969800000000,1789354969,800000000,38701720,1789354969807566,1789354969800000,2,4,24.395457360468647,12.89530964827627,gnss_local_enu_direct,24.395457360468647,12.89530964827627,110.4352549,-7.0507888,198.46,5.632,9.321,3,1,11,0,0.1742,251.253,-0.056,-0.165,-0.511,2.0785,180.0,99.0,5.01,115.41691261970536,neo3_calibrated_direct,1,27.4902,-7.9834,-32.5439,43.342256503440154,7,149.5214166439331,yahboom_calibrated_direct,0,3157,2935,2753,0.012623153218672772,0.5451426926700507,0.5452888219730305,127.45599523861452,neo3_calibrated_direct:gyro_integral,1,127.45599523861452,nan,117.333984375,0.0,-212,-64,2035,-1.01514150390625,-0.3064578125,9.744400756835937,9.801927094894152,0,0,0,0.0,0.0,0.0,0.0,0.0,0.0,0.0,-332,1080,21360,-1.82373046875,5.9326171875,117.333984375,98779.602,304.75,1,1,0,0,1997,103,521,1013,1013,1013,1013,6051,F4line=1997;YAH=4052
DIRECT_SERIAL,350,1789354970016894535,2026-09-14T03:02:50.016895+00:00,-1,23950219084859,1789354969800000000,1789354969,800000000,38701720,1789354969807566,1789354969800000,2,4,24.395457360468647,12.89530964827627,gnss_local_enu_direct,24.395457360468647,12.89530964827627,110.4352549,-7.0507888,198.46,5.632,9.321,3,1,11,0,0.1742,251.253,-0.056,-0.165,-0.511,2.0785,180.0,99.0,5.01,115.21769019825342,neo3_calibrated_direct,1,27.4902,-8.02002,-32.6416,43.422412040332354,7,149.48877738060187,yahboom_calibrated_direct,0,3159,2927,2777,0.012900216601453601,0.5439445652074567,0.5440975147959174,127.45599523861452,neo3_calibrated_direct:gyro_integral,1,127.45599523861452,nan,117.333984375,0.0,-214,-62,2042,-1.024718310546875,-0.296881005859375,9.777919580078125,9.835949230353178,0,0,0,0.0,0.0,0.0,0.0,0.0,0.0,0.0,-332,1080,21360,-1.82373046875,5.9326171875,117.333984375,98779.602,304.75,1,1,0,0,1999,103,522,1016,1016,1016,1016,6065,F4line=1999;YAH=4064
DIRECT_SERIAL,351,1789354970076588405,2026-09-14T03:02:50.076588+00:00,-1,23950278778736,1789354970000000000,1789354970,0,38701931,1789354970017712,1789354970000000,2,4,24.240778086609854,12.851073048232086,gnss_local_enu_direct,24.240778086609854,12.851073048232086,110.4352535,-7.0507892,199.01,5.635,9.307,3,1,12,0,0.4495,195.087,-0.434,-0.117,-0.545,1.9471,180.0,99.0,4.97,114.3776601275045,neo3_calibrated_direct,1,27.4902,-8.20923,-32.7148,43.51276470500237,7,149.56980055445592,yahboom_calibrated_direct,0,3154,2932,2825,0.01216003597414588,0.544681514328989,0.5448172340580033,127.45599523861452,neo3_calibrated_direct:gyro_integral,1,127.45599523861452,nan,117.333984375,0.0,-213,-67,2036,-1.0199299072265624,-0.32082302246093747,9.749189160156249,9.807643636873449,0,0,0,0.0,0.0,0.0,0.0,0.0,0.0,0.0,-332,1080,21360,-1.82373046875,5.9326171875,117.333984375,98779.602,304.75,1,1,0,0,2010,104,524,1019,1019,1019,1019,6088,F4line=2010;YAH=4076
DIRECT_SERIAL,352,1789354970136461517,2026-09-14T03:02:50.136461+00:00,-1,23950338651996,1789354970000000000,1789354970,0,38701931,1789354970017712,1789354970000000,2,4,24.240778086609854,12.851073048232086,gnss_local_enu_direct,24.240778086609854,12.851073048232086,110.4352535,-7.0507892,199.01,5.635,9.307,3,1,12,0,0.4495,195.087,-0.434,-0.117,-0.545,1.9471,180.0,99.0,4.97,115.0099748260921,neo3_calibrated_direct,1,27.4658,-8.06885,-32.5195,43.32429330309382,7,149.55396348914752,yahboom_calibrated_direct,0,3155,2945,2813,0.012352426125272693,0.5466419360706384,0.5467814816745683,127.45599523861452,neo3_calibrated_direct:gyro_integral,1,127.45599523861452,nan,117.333984375,0.0,-211,-67,2035,-1.0103531005859374,-0.32082302246093747,9.744400756835937,9.801892006619404,0,0,0,0.0,0.0,0.0,0.0,0.0,0.0,0.0,-332,1080,21360,-1.82373046875,5.9326171875,117.333984375,98779.602,304.75,1,1,0,0,2012,104,525,1022,1022,1022,1022,6102,F4line=2012;YAH=4088
DIRECT_SERIAL,353,1789354970196293873,2026-09-14T03:02:50.196294+00:00,-1,23950398484375,1789354970000000000,1789354970,0,38701931,1789354970017712,1789354970000000,2,4,24.240778086609854,12.851073048232086,gnss_local_enu_direct,24.240778086609854,12.851073048232086,110.4352535,-7.0507892,199.01,5.635,9.307,3,1,12,0,0.4495,195.087,-0.434,-0.117,-0.545,1.9471,180.0,99.0,4.97,115.35066923639542,neo3_calibrated_direct,1,27.4658,-7.9895,-32.5195,43.30958508390493,7,149.8117727865966,yahboom_calibrated_direct,0,3139,2943,2747,0.00992682151346121,0.5462901298175987,0.5463803141782188,127.45599523861452,neo3_calibrated_direct:gyro_integral,1,127.45599523861452,nan,117.333984375,0.0,-208,-66,2037,-0.9959878906249999,-0.316034619140625,9.753977563476562,9.809788380366376,0,0,0,0.0,0.0,0.0,0.0,0.0,0.0,0.0,-332,1080,21360,-1.82373046875,5.9326171875,117.333984375,98775.938,304.75,1,1,0,0,2017,104,527,1025,1025,1025,1025,6119,F4line=2017;YAH=4100
DIRECT_SERIAL,354,1789354970246380596,2026-09-14T03:02:50.246381+00:00,-1,23950448570759,1789354970200000000,1789354970,200000000,38702122,1789354970208851,1789354970200000,2,4,24.163439827003174,12.917431057572179,gnss_local_enu_direct,24.163439827003174,12.917431057572179,110.4352528,-7.0507886,199.64,5.628,9.284,3,1,12,0,0.0567,319.289,0.043,-0.037,0.144,1.8519,180.0,99.0,5.01,114.9076899355842,neo3_calibrated_direct,1,27.5146,-8.09937,-32.6904,43.489254531629996,7,149.60231305039605,yahboom_calibrated_direct,0,3152,2948,2712,0.011908317748888059,0.5470841055435578,0.5472136936974469,127.45599523861452,neo3_calibrated_direct:gyro_integral,1,127.45599523861452,nan,117.333984375,0.0,-211,-64,2031,-1.0103531005859374,-0.3064578125,9.725247143554688,9.782390392022009,0,0,0,0.0,0.0,0.0,0.0,0.0,0.0,0.0,-332,1080,21360,-1.82373046875,5.9326171875,117.333984375,98778.688,304.75,1,1,0,0,2025,105,528,1028,1028,1028,1028,6139,F4line=2025;YAH=4112
DIRECT_SERIAL,355,1789354970296542194,2026-09-14T03:02:50.296542+00:00,-1,23950498732349,1789354970200000000,1789354970,200000000,38702122,1789354970208851,1789354970200000,2,4,24.163439827003174,12.917431057572179,gnss_local_enu_direct,24.163439827003174,12.917431057572179,110.4352528,-7.0507886,199.64,5.628,9.284,3,1,12,0,0.0567,319.289,0.043,-0.037,0.144,1.8519,180.0,99.0,5.01,114.77229746309254,neo3_calibrated_direct,1,27.5146,-8.13599,-32.6416,43.45942472007769,7,149.5216541241892,yahboom_calibrated_direct,0,3157,2942,2756,0.012645330231505407,0.5461965984530286,0.5463429587157894,127.45599523861452,neo3_calibrated_direct:gyro_integral,1,127.45599523861452,nan,117.333984375,0.0,-216,-65,2032,-1.0342951171875,-0.3112462158203125,9.730035546875,9.78980246684025,0,0,0,0.0,0.0,0.0,0.0,0.0,0.0,0.0,-332,1080,21360,-1.82373046875,5.9326171875,117.333984375,98778.688,304.75,1,1,0,0,2027,105,529,1031,1031,1031,1030,6152,F4line=2027;YAH=4123
DIRECT_SERIAL,356,1789354970356003550,2026-09-14T03:02:50.356004+00:00,-1,23950558193860,1789354970200000000,1789354970,200000000,38702122,1789354970208851,1789354970200000,2,4,24.163439827003174,12.917431057572179,gnss_local_enu_direct,24.163439827003174,12.917431057572179,110.4352528,-7.0507886,199.64,5.628,9.284,3,1,12,0,0.0567,319.289,0.043,-0.037,0.144,1.8519,180.0,99.0,5.01,115.15825260209964,neo3_calibrated_direct,1,27.4414,-8.02002,-32.5439,43.318086083879564,7,149.66677674796455,yahboom_calibrated_direct,0,3148,2933,2805,0.011255978497924733,0.5448130634298436,0.5449293267349047,127.45599523861452,neo3_calibrated_direct:gyro_integral,1,127.45599523861452,nan,117.333984375,0.0,-212,-65,2031,-1.01514150390625,-0.3112462158203125,9.725247143554688,9.78303728312604,0,0,0,0.0,0.0,0.0,0.0,0.0,0.0,0.0,-332,1080,21360,-1.82373046875,5.9326171875,117.333984375,98780.211,304.75,1,1,0,0,2032,105,531,1033,1033,1033,1033,6166,F4line=2032;YAH=4132
DIRECT_SERIAL,357,1789354970415830754,2026-09-14T03:02:50.415831+00:00,-1,23950618021062,1789354970200000000,1789354970,200000000,38702122,1789354970208851,1789354970200000,2,4,24.163439827003174,12.917431057572179,gnss_local_enu_direct,24.163439827003174,12.917431057572179,110.4352528,-7.0507886,199.64,5.628,9.284,3,1,12,0,0.0567,319.289,0.043,-0.037,0.144,1.8519,180.0,99.0,5.01,115.44204060197366,neo3_calibrated_direct,1,27.4414,-7.95898,-32.4951,43.270166634881356,7,149.35932672322556,yahboom_calibrated_direct,0,3167,2927,2775,0.014109850762668966,0.5439699103649798,0.544152874908356,127.45599523861452,neo3_calibrated_direct:gyro_integral,1,127.45599523861452,nan,117.333984375,0.0,-215,-63,2038,-1.0295067138671874,-0.3016694091796875,9.758765966796874,9.817555790574625,0,0,0,0.0,0.0,0.0,0.0,0.0,0.0,0.0,-332,1080,21360,-1.82373046875,5.9326171875,117.333984375,98780.211,304.75,1,1,0,0,2037,105,532,1036,1036,1036,1036,6183,F4line=2037;YAH=4144
DIRECT_SERIAL,358,1789354970475672636,2026-09-14T03:02:50.475672+00:00,-1,23950677862957,1789354970400000000,1789354970,400000000,38702321,1789354970407730,1789354970400000,2,4,24.130297020297398,13.127562306718074,gnss_local_enu_direct,24.130297020297398,13.127562306718074,110.4352525,-7.0507867,200.46,5.619,9.26,3,1,12,0,0.352,359.186,0.352,-0.005,-0.154,1.0039,163.39,99.0,5.01,114.7159707087408,neo3_calibrated_direct,1,27.4902,-8.12988,-32.6904,43.479515832336496,7,149.45677594292368,yahboom_calibrated_direct,0,3161,2934,2758,0.013224802154590078,0.5450048072798154,0.545165236740327,127.45599523861452,neo3_calibrated_direct:gyro_integral,1,127.45599523861452,nan,117.333984375,0.0,-213,-64,2037,-1.0199299072265624,-0.3064578125,9.753977563476562,9.811944339186889,0,0,0,0.0,0.0,0.0,0.0,0.0,0.0,0.0,-332,1081,21360,-1.82373046875,5.9381103515625,117.333984375,98781.734,304.75,1,1,0,0,2047,106,534,1039,1039,1039,1039,6205,F4line=2047;YAH=4156
DIRECT_SERIAL,359,1789354970535494627,2026-09-14T03:02:50.535495+00:00,-1,23950737684928,1789354970400000000,1789354970,400000000,38702321,1789354970407730,1789354970400000,2,4,24.130297020297398,13.127562306718074,gnss_local_enu_direct,24.130297020297398,13.127562306718074,110.4352525,-7.0507867,200.46,5.619,9.26,3,1,12,0,0.352,359.186,0.352,-0.005,-0.154,1.0039,163.39,99.0,5.01,115.19162436371995,neo3_calibrated_direct,1,27.4902,-8.02612,-32.6172,43.405200542497205,7,149.69912847110544,yahboom_calibrated_direct,0,3146,2931,2744,0.01094723366824014,0.5445056112024692,0.5446156466316053,127.45599523861452,neo3_calibrated_direct:gyro_integral,1,127.45599523861452,nan,117.333984375,0.0,-211,-65,2033,-1.0103531005859374,-0.3112462158203125,9.734823950195311,9.792062343348428,0,0,0,0.0,0.0,0.0,0.0,0.0,0.0,0.0,-332,1081,21360,-1.82373046875,5.9381103515625,117.333984375,98781.734,304.75,1,1,0,0,2049,106,535,1042,1042,1042,1042,6219,F4line=2049;YAH=4168
DIRECT_SERIAL,360,1789354970595337379,2026-09-14T03:02:50.595337+00:00,-1,23950797527663,1789354970400000000,1789354970,400000000,38702321,1789354970407730,1789354970400000,2,4,24.130297020297398,13.127562306718074,gnss_local_enu_direct,24.130297020297398,13.127562306718074,110.4352525,-7.0507867,200.46,5.619,9.26,3,1,12,0,0.352,359.186,0.352,-0.005,-0.154,1.0039,163.39,99.0,5.01,115.25800445859441,neo3_calibrated_direct,1,27.4414,-8.00171,-32.4951,43.27804663907672,7,149.7313972624545,yahboom_calibrated_direct,0,3144,2934,2736,0.010654329562007426,0.544950948820079,0.5450550902049446,127.45599523861452,neo3_calibrated_direct:gyro_integral,1,127.45599523861452,nan,117.333984375,0.0,-208,-65,2038,-0.9959878906249999,-0.3112462158203125,9.758765966796874,9.814396531618591,0,0,0,0.0,0.0,0.0,0.0,0.0,0.0,0.0,-332,1080,21360,-1.82373046875,5.9326171875,117.333984375,98777.773,304.75,1,1,0,0,2055,106,537,1045,1045,1045,1045,6237,F4line=2055;YAH=4180
DIRECT_SERIAL,361,1789354970646084263,2026-09-14T03:02:50.646084+00:00,-1,23950848274455,1789354970600000000,1789354970,600000000,38702523,1789354970609723,1789354970600000,2,4,24.08610476037252,13.30451483963931,gnss_local_enu_direct,24.08610476037252,13.30451483963931,110.4352521,-7.0507851,201.08,5.612,9.236,3,1,12,0,0.5275,25.01,0.478,0.223,0.215,1.6352,177.624,99.0,5.0,114.96141223121114,neo3_calibrated_direct,1,27.4902,-8.08716,-32.5684,43.37987933899309,7,149.48963462315794,yahboom_calibrated_direct,0,3159,2947,2730,0.012963579495261128,0.5469557245873936,0.547109330072382,127.45599523861452,neo3_calibrated_direct:gyro_integral,1,127.45599523861452,nan,117.333984375,0.0,-212,-64,2035,-1.01514150390625,-0.3064578125,9.744400756835937,9.801927094894152,0,0,0,0.0,0.0,0.0,0.0,0.0,0.0,0.0,-332,1080,21360,-1.82373046875,5.9326171875,117.333984375,98777.773,304.75,1,1,0,0,2062,107,538,1048,1048,1048,1048,6256,F4line=2062;YAH=4192
DIRECT_SERIAL,362,1789354970696501398,2026-09-14T03:02:50.696501+00:00,-1,23950898691549,1789354970600000000,1789354970,600000000,38702523,1789354970609723,1789354970600000,2,4,24.08610476037252,13.30451483963931,gnss_local_enu_direct,24.08610476037252,13.30451483963931,110.4352521,-7.0507851,201.08,5.612,9.236,3,1,12,0,0.5275,25.01,0.478,0.223,0.215,1.6352,177.624,99.0,5.0,114.58143518667652,neo3_calibrated_direct,1,27.4658,-8.1543,-32.666,43.45032029950987,7,149.42374327987727,yahboom_calibrated_direct,0,3163,2922,2727,0.013489192958609402,0.5432044479412339,0.543371908171388,127.45599523861452,neo3_calibrated_direct:gyro_integral,1,127.45599523861452,nan,117.333984375,0.0,-212,-64,2029,-1.01514150390625,-0.3064578125,9.715670336914062,9.773365784589622,0,0,0,0.0,0.0,0.0,0.0,0.0,0.0,0.0,-332,1080,21360,-1.82373046875,5.9326171875,117.333984375,98779.602,304.75,1,1,0,0,2065,107,539,1051,1051,1051,1051,6271,F4line=2065;YAH=4204
DIRECT_SERIAL,363,1789354970755163683,2026-09-14T03:02:50.755164+00:00,-1,23950957353996,1789354970600000000,1789354970,600000000,38702523,1789354970609723,1789354970600000,2,4,24.08610476037252,13.30451483963931,gnss_local_enu_direct,24.08610476037252,13.30451483963931,110.4352521,-7.0507851,201.08,5.612,9.236,3,1,12,0,0.5275,25.01,0.478,0.223,0.215,1.6352,177.624,99.0,5.0,114.8920992964035,neo3_calibrated_direct,1,27.5146,-8.10547,-32.666,43.472053242064604,7,149.37610083314178,yahboom_calibrated_direct,0,3166,2935,2737,0.013983991650040058,0.5451712059722641,0.5453505256655771,127.45599523861452,neo3_calibrated_direct:gyro_integral,1,127.45599523861452,nan,117.333984375,0.0,-211,-63,2032,-1.0103531005859374,-0.3016694091796875,9.730035546875,9.787002072327844,0,0,0,0.0,0.0,0.0,0.0,0.0,0.0,0.0,-332,1080,21360,-1.82373046875,5.9326171875,117.333984375,98776.547,304.75,1,1,0,0,2075,107,541,1053,1053,1053,1053,6289,F4line=2075;YAH=4212
DIRECT_SERIAL,364,1789354970814860438,2026-09-14T03:02:50.814861+00:00,-1,23951017050747,1789354970600000000,1789354970,600000000,38702523,1789354970609723,1789354970600000,2,4,24.08610476037252,13.30451483963931,gnss_local_enu_direct,24.08610476037252,13.30451483963931,110.4352521,-7.0507851,201.08,5.612,9.236,3,1,12,0,0.5275,25.01,0.478,0.223,0.215,1.6352,177.624,99.0,5.0,114.86200371955384,neo3_calibrated_direct,1,27.4902,-8.09326,-32.7148,43.49103462217931,7,149.24695952866676,yahboom_calibrated_direct,0,3174,2935,2768,0.015193625811255423,0.545196551129787,0.5454082192533469,127.45599523861452,neo3_calibrated_direct:gyro_integral,1,127.45599523861452,nan,117.333984375,0.0,-213,-65,2030,-1.0199299072265624,-0.3112462158203125,9.720458740234374,9.778775452126737,0,0,0,0.0,0.0,0.0,0.0,0.0,0.0,0.0,-332,1081,21360,-1.82373046875,5.9381103515625,117.333984375,98776.547,304.75,1,1,0,0,2077,107,542,1056,1056,1056,1056,6303,F4line=2077;YAH=4224
DIRECT_SERIAL,365,1789354970874775172,2026-09-14T03:02:50.874775+00:00,-1,23951076965515,1789354970800000000,1789354970,800000000,38702722,1789354970808859,1789354970800000,2,4,24.041912589029103,13.448289112291345,gnss_local_enu_direct,24.041912589029103,13.448289112291345,110.4352517,-7.0507838,201.73,5.606,9.216,3,1,12,0,0.1914,55.646,0.108,0.158,-0.038,1.0049,180.0,99.0,5.01,114.58150578044842,neo3_calibrated_direct,1,27.4658,-8.1543,-32.6416,43.43197933193927,7,149.42459649702056,yahboom_calibrated_direct,0,3163,2936,2765,0.013533546984274671,0.5453122595071898,0.5454801712828912,127.45599523861452,neo3_calibrated_direct:gyro_integral,1,127.45599523861452,nan,117.333984375,0.0,-213,-65,2036,-1.0199299072265624,-0.3112462158203125,9.749189160156249,9.807335035728398,0,0,0,0.0,0.0,0.0,0.0,0.0,0.0,0.0,-332,1081,21360,-1.82373046875,5.9381103515625,117.333984375,98780.211,304.75,1,1,0,0,2087,108,544,1059,1059,1059,1059,6325,F4line=2087;YAH=4236
DIRECT_SERIAL,366,1789354970934712338,2026-09-14T03:02:50.934712+00:00,-1,23951136902696,1789354970800000000,1789354970,800000000,38702722,1789354970808859,1789354970800000,2,4,24.041912589029103,13.448289112291345,gnss_local_enu_direct,24.041912589029103,13.448289112291345,110.4352517,-7.0507838,201.73,5.606,9.216,3,1,12,0,0.1914,55.646,0.108,0.158,-0.038,1.0049,180.0,99.0,5.01,114.83607258192838,neo3_calibrated_direct,1,27.4902,-8.11157,-32.6172,43.42108243405385,7,149.69894780341156,yahboom_calibrated_direct,0,3146,2943,2779,0.010985251404524655,0.5463123068304313,0.5464227414217018,127.45599523861452,neo3_calibrated_direct:gyro_integral,1,127.45599523861452,nan,117.333984375,0.0,-211,-64,2036,-1.0103531005859374,-0.3064578125,9.749189160156249,9.806192893228953,0,0,0,0.0,0.0,0.0,0.0,0.0,0.0,0.0,-332,1080,21360,-1.82373046875,5.9326171875,117.333984375,98780.211,304.75,1,1,0,0,2089,108,545,1062,1062,1062,1062,6339,F4line=2089;YAH=4248
DIRECT_SERIAL,367,1789354970994458182,2026-09-14T03:02:50.994458+00:00,-1,23951196648435,1789354970800000000,1789354970,800000000,38702722,1789354970808859,1789354970800000,2,4,24.041912589029103,13.448289112291345,gnss_local_enu_direct,24.041912589029103,13.448289112291345,110.4352517,-7.0507838,201.73,5.606,9.216,3,1,12,0,0.1914,55.646,0.108,0.158,-0.038,1.0049,180.0,99.0,5.01,115.06065338336185,neo3_calibrated_direct,1,27.4902,-8.05664,-32.6416,43.42919058294317,7,149.69894780341156,yahboom_calibrated_direct,0,3146,2943,2814,0.010985251404524655,0.5463123068304313,0.5464227414217018,127.45599523861452,neo3_calibrated_direct:gyro_integral,1,127.45599523861452,nan,117.333984375,0.0,-209,-66,2034,-1.0007762939453124,-0.316034619140625,9.739612353515625,9.795993051639657,0,0,0,0.0,0.0,0.0,0.0,0.0,0.0,0.0,-332,1080,21360,-1.82373046875,5.9326171875,117.333984375,98778.688,304.75,1,1,0,0,2094,108,547,1065,1065,1065,1065,6356,F4line=2094;YAH=4260
DIRECT_SERIAL,368,1789354971044557658,2026-09-14T03:02:51.044558+00:00,-1,23951246747903,1789354970800000000,1789354970,800000000,38702722,1789354970808859,1789354970800000,2,4,24.041912589029103,13.448289112291345,gnss_local_enu_direct,24.041912589029103,13.448289112291345,110.4352517,-7.0507838,201.73,5.606,9.216,3,1,12,0,0.1914,55.646,0.108,0.158,-0.038,1.0049,180.0,99.0,5.01,115.03818201103424,neo3_calibrated_direct,1,27.5146,-8.06885,-32.6904,43.48358087419319,7,149.5860279715676,yahboom_calibrated_direct,0,3153,2936,2800,0.012021504282755465,0.5452805780602861,0.545413077744731,127.45599523861452,neo3_calibrated_direct:gyro_integral,1,127.45599523861452,nan,117.333984375,0.0,-211,-68,2037,-1.0103531005859374,-0.32561142578124996,9.753977563476562,9.811570439907522,0,0,0,0.0,0.0,0.0,0.0,0.0,0.0,0.0,-332,1080,21360,-1.82373046875,5.9326171875,117.333984375,98778.688,304.75,1,1,0,0,2097,108,548,1068,1068,1068,1068,6371,F4line=2097;YAH=4272
DIRECT_SERIAL,369,1789354971094585017,2026-09-14T03:02:51.094585+00:00,-1,23951296775171,1789354971000000000,1789354971,0,38702931,1789354971018028,1789354971000000,2,4,23.865134506717755,13.392992331610813,gnss_local_enu_direct,23.865134506717755,13.392992331610813,110.4352501,-7.0507843,201.92,5.601,9.196,3,1,12,0,0.1705,22.051,0.158,0.064,-0.041,1.027,180.0,99.0,4.97,114.38727797577523,neo3_calibrated_direct,1,27.5391,-8.23364,-32.6904,43.52995645092698,7,149.57010898256658,yahboom_calibrated_direct,0,3154,2947,2768,0.012207558144501526,0.5469398838639418,0.5470761016869166,127.45599523861452,neo3_calibrated_direct:gyro_integral,1,127.45599523861452,nan,117.333984375,0.0,-213,-65,2037,-1.0199299072265624,-0.3112462158203125,9.753977563476562,9.812095063304362,0,0,0,0.0,0.0,0.0,0.0,0.0,0.0,0.0,-332,1080,21360,-1.82373046875,5.9326171875,117.333984375,98782.352,304.75,1,1,0,0,2105,109,549,1071,1071,1070,1070,6389,F4line=2105;YAH=4282
DIRECT_SERIAL,370,1789354971146211672,2026-09-14T03:02:51.146212+00:00,-1,23951348401823,1789354971000000000,1789354971,0,38702931,1789354971018028,1789354971000000,2,4,23.865134506717755,13.392992331610813,gnss_local_enu_direct,23.865134506717755,13.392992331610813,110.4352501,-7.0507843,201.92,5.601,9.196,3,1,12,0,0.1705,22.051,0.158,0.064,-0.041,1.027,180.0,99.0,4.97,114.51454897429159,neo3_calibrated_direct,1,27.4414,-8.1604,-32.6416,43.417699302012764,7,149.4897198285996,yahboom_calibrated_direct,0,3159,2949,2796,0.012969915784641881,0.5472568405253873,0.5474105116064998,127.45599523861452,neo3_calibrated_direct:gyro_integral,1,127.45599523861452,nan,117.333984375,0.0,-210,-66,2039,-1.005564697265625,-0.316034619140625,9.763554370117188,9.820286766643665,0,0,0,0.0,0.0,0.0,0.0,0.0,0.0,0.0,-332,1080,21360,-1.82373046875,5.9326171875,117.333984375,98780.82,304.75,1,1,0,0,2110,109,551,1073,1073,1073,1073,6404,F4line=2110;YAH=4292
DIRECT_SERIAL,371,1789354971213990080,2026-09-14T03:02:51.213990+00:00,-1,23951416180444,1789354971000000000,1789354971,0,38702931,1789354971018028,1789354971000000,2,4,23.865134506717755,13.392992331610813,gnss_local_enu_direct,23.865134506717755,13.392992331610813,110.4352501,-7.0507843,201.92,5.601,9.196,3,1,12,0,0.1705,22.051,0.158,0.064,-0.041,1.027,180.0,99.0,4.97,114.87774701168281,neo3_calibrated_direct,1,27.4902,-8.09937,-32.6416,43.43713780852624,7,149.50526883026123,yahboom_calibrated_direct,0,3158,2935,2834,0.012774357488824693,0.545145860814741,0.5452955105011386,127.45599523861452,neo3_calibrated_direct:gyro_integral,1,127.45599523861452,nan,117.333984375,0.0,-213,-64,2034,-1.0199299072265624,-0.3064578125,9.739612353515625,9.797664119740563,0,0,0,0.0,0.0,0.0,0.0,0.0,0.0,0.0,-332,1080,21360,-1.82373046875,5.9326171875,117.333984375,98780.82,304.75,1,1,0,0,2112,109,552,1076,1076,1076,1076,6418,F4line=2112;YAH=4304
DIRECT_SERIAL,372,1789354971273873241,2026-09-14T03:02:51.273873+00:00,-1,23951476063517,1789354971200000000,1789354971,200000000,38703122,1789354971209373,1789354971200000,2,4,23.688356921879944,13.315576934146314,gnss_local_enu_direct,23.688356921879944,13.315576934146314,110.4352485,-7.050785,202.25,5.596,9.175,3,1,12,0,0.2504,206.053,-0.225,-0.11,-0.345,1.9029,180.0,99.0,5.01,114.68885949914717,neo3_calibrated_direct,1,27.5146,-8.14819,-32.7148,43.51671348431657,7,149.40845556093532,yahboom_calibrated_direct,0,3164,2936,2805,0.013684751254426593,0.5453154276518801,0.5454871108028571,127.45599523861452,neo3_calibrated_direct:gyro_integral,1,127.45599523861452,nan,117.333984375,0.0,-215,-63,2036,-1.0295067138671874,-0.3016694091796875,9.749189160156249,9.808036387923963,0,0,0,0.0,0.0,0.0,0.0,0.0,0.0,0.0,-332,1080,21360,-1.82373046875,5.9326171875,117.333984375,98779.602,304.75,1,1,0,0,2122,110,554,1079,1079,1079,1079,6440,F4line=2122;YAH=4316
DIRECT_SERIAL,373,1789354971333691461,2026-09-14T03:02:51.333691+00:00,-1,23951535881773,1789354971200000000,1789354971,200000000,38703122,1789354971209373,1789354971200000,2,4,23.688356921879944,13.315576934146314,gnss_local_enu_direct,23.688356921879944,13.315576934146314,110.4352485,-7.050785,202.25,5.596,9.175,3,1,12,0,0.2504,206.053,-0.225,-0.11,-0.345,1.9029,180.0,99.0,5.01,114.77851059458362,neo3_calibrated_direct,1,27.4902,-8.11768,-32.6904,43.4772363057083,7,149.60224327889188,yahboom_calibrated_direct,0,3152,2942,2792,0.011889308880745802,0.5461807577295767,0.5463101461438515,127.45599523861452,neo3_calibrated_direct:gyro_integral,1,127.45599523861452,nan,117.333984375,0.0,-212,-64,2035,-1.01514150390625,-0.3064578125,9.744400756835937,9.801927094894152,0,0,0,0.0,0.0,0.0,0.0,0.0,0.0,0.0,-332,1080,21360,-1.82373046875,5.9326171875,117.333984375,98779.602,304.75,1,1,0,0,2124,110,555,1082,1082,1082,1082,6454,F4line=2124;YAH=4328
DIRECT_SERIAL,374,1789354971393552661,2026-09-14T03:02:51.393553+00:00,-1,23951595743054,1789354971200000000,1789354971,200000000,38703122,1789354971209373,1789354971200000,2,4,23.688356921879944,13.315576934146314,gnss_local_enu_direct,23.688356921879944,13.315576934146314,110.4352485,-7.050785,202.25,5.596,9.175,3,1,12,0,0.2504,206.053,-0.225,-0.11,-0.345,1.9029,180.0,99.0,5.01,114.57724056653862,neo3_calibrated_direct,1,27.4414,-8.14819,-32.6172,43.39706407207865,7,149.63450366756783,yahboom_calibrated_direct,0,3150,2950,2835,0.011612245497964972,0.5473788851921707,0.5475020440142014,127.45599523861452,neo3_calibrated_direct:gyro_integral,1,127.45599523861452,nan,117.333984375,0.0,-211,-64,2034,-1.0103531005859374,-0.3064578125,9.739612353515625,9.796671811154035,0,0,0,0.0,0.0,0.0,0.0,0.0,0.0,0.0,-332,1080,21360,-1.82373046875,5.9326171875,117.333984375,98782.961,304.75,1,1,0,0,2132,110,557,1085,1085,1085,1085,6474,F4line=2132;YAH=4340
DIRECT_SERIAL,375,1789354971446120430,2026-09-14T03:02:51.446121+00:00,-1,23951648310774,1789354971400000000,1789354971,400000000,38703320,1789354971407359,1789354971400000,2,4,23.46738405019228,13.193923418451979,gnss_local_enu_direct,23.46738405019228,13.193923418451979,110.4352465,-7.0507861,202.43,5.585,9.169,3,1,11,0,0.2603,244.518,-0.112,-0.235,-0.57,1.9961,180.0,99.0,5.02,114.84774275704983,neo3_calibrated_direct,1,27.4658,-8.09937,-32.5928,43.3850270931908,7,149.60216158654492,yahboom_calibrated_direct,0,3152,2935,2880,0.011867131867913168,0.5451268519465988,0.5452560073323168,127.45599523861452,neo3_calibrated_direct:gyro_integral,1,127.45599523861452,nan,117.333984375,0.0,-209,-66,2033,-1.0007762939453124,-0.316034619140625,9.734823950195311,9.791232221345508,0,0,0,0.0,0.0,0.0,0.0,0.0,0.0,0.0,-332,1080,21360,-1.82373046875,5.9326171875,117.333984375,98782.961,304.75,1,1,0,0,2139,111,558,1088,1088,1088,1088,6493,F4line=2139;YAH=4352
DIRECT_SERIAL,376,1789354971501773957,2026-09-14T03:02:51.501774+00:00,-1,23951703964180,1789354971400000000,1789354971,400000000,38703320,1789354971407359,1789354971400000,2,4,23.46738405019228,13.193923418451979,gnss_local_enu_direct,23.46738405019228,13.193923418451979,110.4352465,-7.0507861,202.43,5.585,9.169,3,1,11,0,0.2603,244.518,-0.112,-0.235,-0.57,1.9961,180.0,99.0,5.02,114.65872441575306,neo3_calibrated_direct,1,27.4902,-8.14819,-32.666,43.46460229101493,7,149.52162025456045,yahboom_calibrated_direct,0,3157,2941,2840,0.01264216208681503,0.5460460404840318,0.5461923677519838,127.45599523861452,neo3_calibrated_direct:gyro_integral,1,127.45599523861452,nan,117.333984375,0.0,-213,-65,2042,-1.0199299072265624,-0.3112462158203125,9.777919580078125,9.835895614380666,0,0,0,0.0,0.0,0.0,0.0,0.0,0.0,0.0,-332,1080,21360,-1.82373046875,5.9326171875,117.333984375,98779.906,304.75,1,1,0,0,2142,111,559,1091,1091,1091,1091,6508,F4line=2142;YAH=4364
DIRECT_SERIAL,377,1789354971553184125,2026-09-14T03:02:51.553184+00:00,-1,23951755374420,1789354971400000000,1789354971,400000000,38703320,1789354971407359,1789354971400000,2,4,23.46738405019228,13.193923418451979,gnss_local_enu_direct,23.46738405019228,13.193923418451979,110.4352465,-7.0507861,202.43,5.585,9.169,3,1,11,0,0.2603,244.518,-0.112,-0.235,-0.57,1.9961,180.0,99.0,5.02,115.32965902645026,neo3_calibrated_direct,1,27.4658,-7.9895,-32.5684,43.34631424296649,7,149.4569313782565,yahboom_calibrated_direct,0,3161,2937,2833,0.013234306588661208,0.5454564811868059,0.5456170082938901,127.45599523861452,neo3_calibrated_direct:gyro_integral,1,127.45599523861452,nan,117.333984375,0.0,-208,-68,2033,-0.9959878906249999,-0.32561142578124996,9.734823950195311,9.791057757983413,0,0,0,0.0,0.0,0.0,0.0,0.0,0.0,0.0,-332,1080,21360,-1.82373046875,5.9326171875,117.333984375,98783.266,304.75,1,1,0,0,2148,111,561,1093,1093,1093,1093,6522,F4line=2148;YAH=4372
DIRECT_SERIAL,378,1789354971613053679,2026-09-14T03:02:51.613054+00:00,-1,23951815244023,1789354971400000000,1789354971,400000000,38703320,1789354971407359,1789354971400000,2,4,23.46738405019228,13.193923418451979,gnss_local_enu_direct,23.46738405019228,13.193923418451979,110.4352465,-7.0507861,202.43,5.585,9.169,3,1,11,0,0.2603,244.518,-0.112,-0.235,-0.57,1.9961,180.0,99.0,5.02,115.19846876820554,neo3_calibrated_direct,1,27.4658,-8.02002,-32.5684,43.35195000228248,7,149.66676444176457,yahboom_calibrated_direct,0,3148,2935,2810,0.011262314787305485,0.5451141793678372,0.5452305093098139,127.45599523861452,neo3_calibrated_direct:gyro_integral,1,127.45599523861452,nan,117.333984375,0.0,-213,-64,2035,-1.0199299072265624,-0.3064578125,9.744400756835937,9.802424165293106,0,0,0,0.0,0.0,0.0,0.0,0.0,0.0,0.0,-332,1080,21360,-1.82373046875,5.9326171875,117.333984375,98783.266,304.75,1,1,0,0,2150,111,562,1096,1096,1096,1096,6536,F4line=2150;YAH=4384
DIRECT_SERIAL,379,1789354971672974498,2026-09-14T03:02:51.672975+00:00,-1,23951875164868,1789354971600000000,1789354971,600000000,38703523,1789354971609787,1789354971600000,2,4,23.268508977688906,13.127567405598729,gnss_local_enu_direct,23.268508977688906,13.127567405598729,110.4352447,-7.0507867,202.73,5.573,9.165,3,1,11,0,0.3011,251.204,-0.097,-0.285,-0.714,1.9902,180.0,99.0,5.0,114.53986657073223,neo3_calibrated_direct,1,27.4658,-8.1665,-32.6416,43.434271519734274,7,149.65060473068337,yahboom_calibrated_direct,0,3149,2940,2844,0.011429359780909289,0.5458701373575119,0.5459897774901197,127.45599523861452,neo3_calibrated_direct:gyro_integral,1,127.45599523861452,nan,117.333984375,0.0,-216,-65,2038,-1.0342951171875,-0.3112462158203125,9.758765966796874,9.8183579987192,0,0,0,0.0,0.0,0.0,0.0,0.0,0.0,0.0,-332,1080,21360,-1.82373046875,5.9326171875,117.333984375,98779.906,304.75,1,1,0,0,2160,112,564,1099,1099,1099,1099,6558,F4line=2160;YAH=4396
DIRECT_SERIAL,380,1789354971732839258,2026-09-14T03:02:51.732839+00:00,-1,23951935029570,1789354971600000000,1789354971,600000000,38703523,1789354971609787,1789354971600000,2,4,23.268508977688906,13.127567405598729,gnss_local_enu_direct,23.268508977688906,13.127567405598729,110.4352447,-7.0507867,202.73,5.573,9.165,3,1,11,0,0.3011,251.204,-0.097,-0.285,-0.714,1.9902,180.0,99.0,5.0,114.88952154803658,neo3_calibrated_direct,1,27.4658,-8.08716,-32.6172,43.40108365404716,7,149.86031008332463,yahboom_calibrated_direct,0,3136,2940,2806,0.009463704268934319,0.545828951476537,0.5459109872208706,127.45599523861452,neo3_calibrated_direct:gyro_integral,1,127.45599523861452,nan,117.333984375,0.0,-214,-66,2040,-1.024718310546875,-0.316034619140625,9.7683427734375,9.827026306865879,0,0,0,0.0,0.0,0.0,0.0,0.0,0.0,0.0,-332,1080,21360,-1.82373046875,5.9326171875,117.333984375,98779.906,304.75,1,1,0,0,2162,112,565,1102,1102,1102,1102,6572,F4line=2162;YAH=4408
DIRECT_SERIAL,381,1789354971792675523,2026-09-14T03:02:51.792675+00:00,-1,23951994865857,1789354971600000000,1789354971,600000000,38703523,1789354971609787,1789354971600000,2,4,23.268508977688906,13.127567405598729,gnss_local_enu_direct,23.268508977688906,13.127567405598729,110.4352447,-7.0507867,202.73,5.573,9.165,3,1,11,0,0.3011,251.204,-0.097,-0.285,-0.714,1.9902,180.0,99.0,5.0,115.36971311656202,neo3_calibrated_direct,1,27.4902,-7.9895,-32.5928,43.380108553690825,7,149.5540382314896,yahboom_calibrated_direct,0,3155,2948,2758,0.012361930559343821,0.5470936099776289,0.5472332550252296,127.45599523861452,neo3_calibrated_direct:gyro_integral,1,127.45599523861452,nan,117.333984375,0.0,-209,-63,2034,-1.0007762939453124,-0.3016694091796875,9.739612353515625,9.79554012904403,0,0,0,0.0,0.0,0.0,0.0,0.0,0.0,0.0,-332,1080,21360,-1.82373046875,5.9326171875,117.333984375,98781.734,304.75,1,1,0,0,2172,112,567,1105,1105,1105,1105,6594,F4line=2172;YAH=4420
DIRECT_SERIAL,382,1789354971846136549,2026-09-14T03:02:51.846137+00:00,-1,23952048326694,1789354971800000000,1789354971,800000000,38703722,1789354971808913,1789354971800000,2,4,23.058585280095144,13.050151976615073,gnss_local_enu_direct,23.058585280095144,13.050151976615073,110.4352428,-7.0507874,203.05,5.558,9.155,3,1,11,0,0.4971,224.755,-0.353,-0.35,-0.655,1.9198,180.0,99.0,5.01,114.87774701168281,neo3_calibrated_direct,1,27.4902,-8.09937,-32.6416,43.43713780852624,7,149.52131458537193,yahboom_calibrated_direct,0,3157,2932,2816,0.012613648784601642,0.5446910187630601,0.5448370490860562,127.45599523861452,neo3_calibrated_direct:gyro_integral,1,127.45599523861452,nan,117.333984375,0.0,-209,-64,2031,-1.0007762939453124,-0.3064578125,9.725247143554688,9.78140591042943,0,0,0,0.0,0.0,0.0,0.0,0.0,0.0,0.0,-332,1080,21360,-1.82373046875,5.9326171875,117.333984375,98781.734,304.75,1,1,0,0,2179,113,568,1108,1108,1108,1108,6613,F4line=2179;YAH=4432
DIRECT_SERIAL,383,1789354971902228943,2026-09-14T03:02:51.902229+00:00,-1,23952104419181,1789354971800000000,1789354971,800000000,38703722,1789354971808913,1789354971800000,2,4,23.058585280095144,13.050151976615073,gnss_local_enu_direct,23.058585280095144,13.050151976615073,110.4352428,-7.0507874,203.05,5.558,9.155,3,1,11,0,0.4971,224.755,-0.353,-0.35,-0.655,1.9198,180.0,99.0,5.01,114.56507545137094,neo3_calibrated_direct,1,27.4902,-8.17261,-32.6416,43.45085385596122,7,149.45641225670497,yahboom_calibrated_direct,0,3161,2927,2818,0.013202625141757443,0.5439509014968374,0.5441111031304691,127.45599523861452,neo3_calibrated_direct:gyro_integral,1,127.45599523861452,nan,117.333984375,0.0,-208,-67,2030,-0.9959878906249999,-0.32082302246093747,9.720458740234374,9.776616869378254,0,0,0,0.0,0.0,0.0,0.0,0.0,0.0,0.0,-332,1080,21360,-1.82373046875,5.9326171875,117.333984375,98778.383,304.75,1,1,0,0,2182,113,569,1111,1111,1111,1111,6628,F4line=2182;YAH=4444
DIRECT_SERIAL,384,1789354971952249530,2026-09-14T03:02:51.952250+00:00,-1,23952154439711,1789354971800000000,1789354971,800000000,38703722,1789354971808913,1789354971800000,2,4,23.058585280095144,13.050151976615073,gnss_local_enu_direct,23.058585280095144,13.050151976615073,110.4352428,-7.0507874,203.05,5.558,9.155,3,1,11,0,0.4971,224.755,-0.353,-0.35,-0.655,1.9198,180.0,99.0,5.01,115.26665401010766,neo3_calibrated_direct,1,27.4658,-8.01392,-32.4707,43.277470373121396,7,149.6506317954703,yahboom_calibrated_direct,0,3149,2924,2818,0.011378669465863267,0.5434612098535624,0.5435803167281824,127.45599523861452,neo3_calibrated_direct:gyro_integral,1,127.45599523861452,nan,117.333984375,0.0,-207,-66,2029,-0.9911994873046874,-0.316034619140625,9.715670336914062,9.771213046480986,0,0,0,0.0,0.0,0.0,0.0,0.0,0.0,0.0,-332,1080,21360,-1.82373046875,5.9326171875,117.333984375,98781.125,304.75,1,1,0,0,2187,113,571,1113,1113,1113,1113,6641,F4line=2187;YAH=4452
DIRECT_SERIAL,385,1789354972012168011,2026-09-14T03:02:52.012168+00:00,-1,23952214358256,1789354971800000000,1789354971,800000000,38703722,1789354971808913,1789354971800000,2,4,23.058585280095144,13.050151976615073,gnss_local_enu_direct,23.058585280095144,13.050151976615073,110.4352428,-7.0507874,203.05,5.558,9.155,3,1,11,0,0.4971,224.755,-0.353,-0.35,-0.655,1.9198,180.0,99.0,5.01,115.42945927077926,neo3_calibrated_direct,1,27.4658,-7.97119,-32.5195,43.30621110078899,7,149.7315897586438,yahboom_calibrated_direct,0,3144,2926,2892,0.010628984404484416,0.5437464850681042,0.5438503611595645,127.45599523861452,neo3_calibrated_direct:gyro_integral,1,127.45599523861452,nan,117.333984375,0.0,-212,-66,2033,-1.01514150390625,-0.316034619140625,9.734823950195311,9.792710936954315,0,0,0,0.0,0.0,0.0,0.0,0.0,0.0,0.0,-332,1080,21360,-1.82373046875,5.9326171875,117.333984375,98781.125,304.75,1,1,0,0,2189,113,572,1116,1116,1116,1116,6655,F4line=2189;YAH=4464
DIRECT_SERIAL,386,1789354972062401734,2026-09-14T03:02:52.062402+00:00,-1,23952264591945,1789354972000000000,1789354972,0,38703930,1789354972016759,1789354972000000,2,4,22.914954252622543,13.028034137819422,gnss_local_enu_direct,22.914954252622543,13.028034137819422,110.4352415,-7.0507876,203.54,5.542,9.148,3,1,11,0,0.4286,211.354,-0.366,-0.223,-0.62,1.964,180.0,99.0,4.98,115.06219841863258,neo3_calibrated_direct,1,27.4658,-8.04443,-32.6416,43.411485510460246,7,149.4722609260291,yahboom_calibrated_direct,0,3160,2920,2898,0.013029243858772889,0.5428938275691692,0.5430501534925058,127.45599523861452,neo3_calibrated_direct:gyro_integral,1,127.45599523861452,nan,117.333984375,0.0,-213,-64,2036,-1.0199299072265624,-0.3064578125,9.749189160156249,9.807184238455275,0,0,0,0.0,0.0,0.0,0.0,0.0,0.0,0.0,-332,1080,21360,-1.82373046875,5.9326171875,117.333984375,98777.469,304.75,1,1,0,0,2198,114,573,1119,1119,1119,1119,6676,F4line=2198;YAH=4476
DIRECT_SERIAL,387,1789354972112536533,2026-09-14T03:02:52.112537+00:00,-1,23952314726707,1789354972000000000,1789354972,0,38703930,1789354972016759,1789354972000000,2,4,22.914954252622543,13.028034137819422,gnss_local_enu_direct,22.914954252622543,13.028034137819422,110.4352415,-7.0507876,203.54,5.542,9.148,3,1,11,0,0.4286,211.354,-0.366,-0.223,-0.62,1.964,180.0,99.0,4.98,114.81114213377346,neo3_calibrated_direct,1,27.4658,-8.10547,-32.6172,43.404499183850746,7,149.37558102841845,yahboom_calibrated_direct,0,3166,2928,2897,0.013961814637207423,0.5441173001892862,0.5442963977772051,127.45599523861452,neo3_calibrated_direct:gyro_integral,1,127.45599523861452,nan,117.333984375,0.0,-215,-66,2037,-1.0295067138671874,-0.316034619140625,9.753977563476562,9.813248201446713,0,0,0,0.0,0.0,0.0,0.0,0.0,0.0,0.0,-332,1080,21360,-1.82373046875,5.9326171875,117.333984375,98777.469,304.75,1,1,0,0,2202,114,575,1122,1122,1122,1122,6692,F4line=2202;YAH=4488
DIRECT_SERIAL,388,1789354972171797500,2026-09-14T03:02:52.171798+00:00,-1,23952373987881,1789354972000000000,1789354972,0,38703930,1789354972016759,1789354972000000,2,4,22.914954252622543,13.028034137819422,gnss_local_enu_direct,22.914954252622543,13.028034137819422,110.4352415,-7.0507876,203.54,5.542,9.148,3,1,11,0,0.4286,211.354,-0.366,-0.223,-0.62,1.964,180.0,99.0,4.98,115.26325771544892,neo3_calibrated_direct,1,27.4414,-7.99561,-32.5439,43.31357339728621,7,149.21420330686615,yahboom_calibrated_direct,0,3176,2931,2892,0.015483361772797759,0.5446006555431805,0.5448207122621618,127.45599523861452,neo3_calibrated_direct:gyro_integral,1,127.45599523861452,nan,117.333984375,0.0,-213,-65,2030,-1.0199299072265624,-0.3112462158203125,9.720458740234374,9.778775452126737,0,0,0,0.0,0.0,0.0,0.0,0.0,0.0,0.0,-332,1080,21360,-1.82373046875,5.9326171875,117.333984375,98780.516,304.75,1,1,0,0,2205,114,576,1124,1124,1124,1124,6703,F4line=2205;YAH=4496
DIRECT_SERIAL,389,1789354972222348128,2026-09-14T03:02:52.222348+00:00,-1,23952424538329,1789354972000000000,1789354972,0,38703930,1789354972016759,1789354972000000,2,4,22.914954252622543,13.028034137819422,gnss_local_enu_direct,22.914954252622543,13.028034137819422,110.4352415,-7.0507876,203.54,5.542,9.148,3,1,11,0,0.4286,211.354,-0.366,-0.223,-0.62,1.964,180.0,99.0,4.98,115.27899648968442,neo3_calibrated_direct,1,27.4414,-8.00171,-32.4463,43.24141742096459,7,149.1986617710401,yahboom_calibrated_direct,0,3177,2936,2826,0.01565040676640156,0.545356613532855,0.5455811315982048,127.45599523861452,neo3_calibrated_direct:gyro_integral,1,127.45599523861452,nan,117.333984375,0.0,-214,-63,2037,-1.024718310546875,-0.3016694091796875,9.753977563476562,9.812294856821673,0,0,0,0.0,0.0,0.0,0.0,0.0,0.0,0.0,-332,1080,21360,-1.82373046875,5.9326171875,117.333984375,98780.516,304.75,1,1,0,0,2207,114,577,1127,1127,1127,1127,6717,F4line=2207;YAH=4508
DIRECT_SERIAL,390,1789354972272528997,2026-09-14T03:02:52.272529+00:00,-1,23952474719142,1789354972200000000,1789354972,200000000,38704122,1789354972209211,1789354972200000,2,4,22.79342059682927,13.016975762656129,gnss_local_enu_direct,22.79342059682927,13.016975762656129,110.4352404,-7.0507877,204.04,5.528,9.148,3,1,11,0,0.2241,206.794,-0.2,-0.101,-0.613,2.1442,180.0,99.0,5.01,114.75244971740165,neo3_calibrated_direct,1,27.4902,-8.12378,-32.6904,43.47837565604768,7,149.4897198285996,yahboom_calibrated_direct,0,3159,2949,2796,0.012969915784641881,0.5472568405253873,0.5474105116064998,127.45599523861452,neo3_calibrated_direct:gyro_integral,1,127.45599523861452,nan,117.333984375,0.0,-212,-65,2041,-1.01514150390625,-0.3112462158203125,9.773131176757811,9.830639830546689,0,0,0,0.0,0.0,0.0,0.0,0.0,0.0,0.0,-332,1080,21360,-1.82373046875,5.9326171875,117.333984375,98777.773,304.75,1,1,0,0,2217,115,579,1130,1130,1130,1130,6739,F4line=2217;YAH=4520
DIRECT_SERIAL,391,1789354972331363432,2026-09-14T03:02:52.331363+00:00,-1,23952533553631,1789354972200000000,1789354972,200000000,38704122,1789354972209211,1789354972200000,2,4,22.79342059682927,13.016975762656129,gnss_local_enu_direct,22.79342059682927,13.016975762656129,110.4352404,-7.0507877,204.04,5.528,9.148,3,1,11,0,0.2241,206.794,-0.2,-0.101,-0.613,2.1442,180.0,99.0,5.01,114.88698150369432,neo3_calibrated_direct,1,27.5146,-8.11157,-32.6172,43.43653435605677,7,149.29596173187178,yahboom_calibrated_direct,0,3171,2941,2829,0.014759021868941919,0.5460903945096971,0.5462898019387553,127.45599523861452,neo3_calibrated_direct:gyro_integral,1,127.45599523861452,nan,117.333984375,0.0,-213,-66,2041,-1.0199299072265624,-0.316034619140625,9.773131176757811,9.831288211331517,0,0,0,0.0,0.0,0.0,0.0,0.0,0.0,0.0,-332,1080,21360,-1.82373046875,5.9326171875,117.333984375,98777.773,304.75,1,1,0,0,2219,115,580,1132,1132,1132,1132,6749,F4line=2219;YAH=4528
DIRECT_SERIAL,392,1789354972382573206,2026-09-14T03:02:52.382573+00:00,-1,23952584763434,1789354972200000000,1789354972,200000000,38704122,1789354972209211,1789354972200000,2,4,22.79342059682927,13.016975762656129,gnss_local_enu_direct,22.79342059682927,13.016975762656129,110.4352404,-7.0507877,204.04,5.528,9.148,3,1,11,0,0.2241,206.794,-0.2,-0.101,-0.613,2.1442,180.0,99.0,5.01,114.86726419007351,neo3_calibrated_direct,1,27.4902,-8.09937,-32.666,43.455476598892574,7,149.2309329913105,yahboom_calibrated_direct,0,3175,2936,2876,0.015347998226097719,0.5453502772434743,0.5455662067422089,127.45599523861452,neo3_calibrated_direct:gyro_integral,1,127.45599523861452,nan,117.333984375,0.0,-214,-65,2034,-1.024718310546875,-0.3112462158203125,9.739612353515625,9.798314682616938,0,0,0,0.0,0.0,0.0,0.0,0.0,0.0,0.0,-332,1080,21360,-1.82373046875,5.9326171875,117.333984375,98778.688,304.75,1,1,0,0,2225,115,581,1135,1135,1135,1135,6767,F4line=2225;YAH=4540
DIRECT_SERIAL,393,1789354972433547483,2026-09-14T03:02:52.433547+00:00,-1,23952635737669,1789354972200000000,1789354972,200000000,38704122,1789354972209211,1789354972200000,2,4,22.79342059682927,13.016975762656129,gnss_local_enu_direct,22.79342059682927,13.016975762656129,110.4352404,-7.0507877,204.04,5.528,9.148,3,1,11,0,0.2241,206.794,-0.2,-0.101,-0.613,2.1442,180.0,99.0,5.01,114.68064216976879,neo3_calibrated_direct,1,27.4658,-8.13599,-32.6172,43.41020892324868,7,149.24816326287893,yahboom_calibrated_direct,0,3174,2946,2904,0.015228475402849563,0.5468526887887524,0.5470646851137289,127.45599523861452,neo3_calibrated_direct:gyro_integral,1,127.45599523861452,nan,117.333984375,0.0,-208,-66,2033,-0.9959878906249999,-0.316034619140625,9.734823950195311,9.790743950286068,0,0,0,0.0,0.0,0.0,0.0,0.0,0.0,0.0,-332,1080,21360,-1.82373046875,5.9326171875,117.333984375,98778.688,304.75,1,1,0,0,2230,115,583,1138,1138,1138,1138,6784,F4line=2230;YAH=4552
DIRECT_SERIAL,394,1789354972490959320,2026-09-14T03:02:52.490959+00:00,-1,23952693149915,1789354972400000000,1789354972,400000000,38704320,1789354972407184,1789354972400000,2,4,22.62769164578983,12.928500894571187,gnss_local_enu_direct,22.62769164578983,12.928500894571187,110.4352389,-7.0507885,204.39,5.516,9.148,3,1,11,0,0.5913,217.994,-0.466,-0.364,-0.878,2.1278,180.0,99.0,5.02,114.5087859280696,neo3_calibrated_direct,1,27.4658,-8.17871,-32.5928,43.39990874119553,7,149.26341635011778,yahboom_calibrated_direct,0,3173,2938,2948,0.015051925975174631,0.5456450568920872,0.5458526253361169,127.45599523861452,neo3_calibrated_direct:gyro_integral,1,127.45599523861452,nan,117.333984375,0.0,-214,-66,2037,-1.024718310546875,-0.316034619140625,9.753977563476562,9.812747006076819,0,0,0,0.0,0.0,0.0,0.0,0.0,0.0,0.0,-332,1080,21360,-1.82373046875,5.9326171875,117.333984375,98781.43,304.75,1,1,0,0,2237,116,584,1140,1140,1140,1140,6799,F4line=2237;YAH=4560
DIRECT_SERIAL,395,1789354972542807168,2026-09-14T03:02:52.542807+00:00,-1,23952744997417,1789354972400000000,1789354972,400000000,38704320,1789354972407184,1789354972400000,2,4,22.62769164578983,12.928500894571187,gnss_local_enu_direct,22.62769164578983,12.928500894571187,110.4352389,-7.0507885,204.39,5.516,9.148,3,1,11,0,0.5913,217.994,-0.466,-0.364,-0.878,2.1278,180.0,99.0,5.02,115.01883088155749,neo3_calibrated_direct,1,27.4902,-8.06885,-32.6172,43.413122119959304,7,149.47302175214585,yahboom_calibrated_direct,0,3160,2936,2899,0.013079934173818909,0.5453027550731187,0.5454596037914495,127.45599523861452,neo3_calibrated_direct:gyro_integral,1,127.45599523861452,nan,117.333984375,0.0,-210,-65,2037,-1.005564697265625,-0.3112462158203125,9.753977563476562,9.810612257960946,0,0,0,0.0,0.0,0.0,0.0,0.0,0.0,0.0,-332,1080,21360,-1.82373046875,5.9326171875,117.333984375,98781.43,304.75,1,1,0,0,2239,116,585,1143,1143,1143,1143,6813,F4line=2239;YAH=4572
DIRECT_SERIAL,396,1789354972610686306,2026-09-14T03:02:52.610686+00:00,-1,23952812876604,1789354972400000000,1789354972,400000000,38704320,1789354972407184,1789354972400000,2,4,22.62769164578983,12.928500894571187,gnss_local_enu_direct,22.62769164578983,12.928500894571187,110.4352389,-7.0507885,204.39,5.516,9.148,3,1,11,0,0.5913,217.994,-0.466,-0.364,-0.878,2.1278,180.0,99.0,5.02,114.82021071771857,neo3_calibrated_direct,1,27.4902,-8.10547,-32.7148,43.49330843935536,7,149.44006056140782,yahboom_calibrated_direct,0,3162,2924,2950,0.013344324977838235,0.5435023957345373,0.543666189107154,127.45599523861452,neo3_calibrated_direct:gyro_integral,1,127.45599523861452,nan,117.333984375,0.0,-210,-64,2035,-1.005564697265625,-0.3064578125,9.744400756835937,9.800939896818772,0,0,0,0.0,0.0,0.0,0.0,0.0,0.0,0.0,-332,1080,21360,-1.82373046875,5.9326171875,117.333984375,98781.125,304.75,1,1,0,0,2245,116,587,1146,1146,1146,1146,6831,F4line=2245;YAH=4584
DIRECT_SERIAL,397,1789354972663065458,2026-09-14T03:02:52.663065+00:00,-1,23952865255696,1789354972600000000,1789354972,600000000,38704523,1789354972609605,1789354972600000,2,4,22.45091425879347,12.873204537626671,gnss_local_enu_direct,22.45091425879347,12.873204537626671,110.4352373,-7.050789,204.81,5.506,9.148,3,1,11,0,0.3114,242.036,-0.146,-0.275,-0.852,2.1323,180.0,99.0,5.0,114.67525033908528,neo3_calibrated_direct,1,27.4658,-8.12988,-32.6904,43.464092888433775,7,149.39245419725412,yahboom_calibrated_direct,0,3165,2938,2858,0.013842291813959266,0.5456197117345641,0.5457952719435848,127.45599523861452,neo3_calibrated_direct:gyro_integral,1,127.45599523861452,nan,117.333984375,0.0,-210,-65,2031,-1.005564697265625,-0.3112462158203125,9.725247143554688,9.782048178703068,0,0,0,0.0,0.0,0.0,0.0,0.0,0.0,0.0,-332,1080,21360,-1.82373046875,5.9326171875,117.333984375,98781.43,304.75,1,1,0,0,2253,117,588,1149,1149,1149,1149,6851,F4line=2253;YAH=4596
DIRECT_SERIAL,398,1789354972730486686,2026-09-14T03:02:52.730487+00:00,-1,23952932676885,1789354972600000000,1789354972,600000000,38704523,1789354972609605,1789354972600000,2,4,22.45091425879347,12.873204537626671,gnss_local_enu_direct,22.45091425879347,12.873204537626671,110.4352373,-7.050789,204.81,5.506,9.148,3,1,11,0,0.3114,242.036,-0.146,-0.275,-0.852,2.1323,180.0,99.0,5.0,114.85823697237969,neo3_calibrated_direct,1,27.4658,-8.09937,-32.5684,43.3666996968515,7,149.4239877310581,yahboom_calibrated_direct,0,3163,2926,2888,0.013501865537370908,0.5438066798172213,0.5439742690484717,127.45599523861452,neo3_calibrated_direct:gyro_integral,1,127.45599523861452,nan,117.333984375,0.0,-215,-64,2034,-1.0295067138671874,-0.3064578125,9.739612353515625,9.798665687811482,0,0,0,0.0,0.0,0.0,0.0,0.0,0.0,0.0,-332,1080,21360,-1.82373046875,5.9326171875,117.333984375,98781.43,304.75,1,1,0,0,2257,117,590,1152,1152,1152,1152,6867,F4line=2257;YAH=4608
DIRECT_SERIAL,399,1789354972783244023,2026-09-14T03:02:52.783244+00:00,-1,23952985434188,1789354972600000000,1789354972,600000000,38704523,1789354972609605,1789354972600000,2,4,22.45091425879347,12.873204537626671,gnss_local_enu_direct,22.45091425879347,12.873204537626671,110.4352373,-7.050789,204.81,5.506,9.148,3,1,11,0,0.3114,242.036,-0.146,-0.275,-0.852,2.1323,180.0,99.0,5.0,114.94045599405526,neo3_calibrated_direct,1,27.4902,-8.08716,-32.6172,43.416528980857045,7,149.73120561533278,yahboom_calibrated_direct,0,3144,2942,2880,0.010679674719530437,0.5461554125720537,0.5462598192562448,127.45599523861452,neo3_calibrated_direct:gyro_integral,1,127.45599523861452,nan,117.333984375,0.0,-214,-64,2038,-1.024718310546875,-0.3064578125,9.758765966796874,9.817203125204513,0,0,0,0.0,0.0,0.0,0.0,0.0,0.0,0.0,-332,1080,21360,-1.82373046875,5.9326171875,117.333984375,98781.43,304.75,1,1,0,0,2265,117,591,1155,1155,1155,1155,6887,F4line=2265;YAH=4620
DIRECT_SERIAL,400,1789354972835405475,2026-09-14T03:02:52.835406+00:00,-1,23953037595682,1789354972600000000,1789354972,600000000,38704523,1789354972609605,1789354972600000,2,4,22.45091425879347,12.873204537626671,gnss_local_enu_direct,22.45091425879347,12.873204537626671,110.4352373,-7.050789,204.81,5.506,9.148,3,1,11,0,0.3114,242.036,-0.146,-0.275,-0.852,2.1323,180.0,99.0,5.0,115.01208614328266,neo3_calibrated_direct,1,27.5146,-8.07495,-32.6904,43.484713208465564,7,149.60217327621382,yahboom_calibrated_direct,0,3152,2936,2863,0.011870300012603544,0.5452774099155957,0.5454065985910418,127.45599523861452,neo3_calibrated_direct:gyro_integral,1,127.45599523861452,nan,117.333984375,0.0,-210,-64,2035,-1.005564697265625,-0.3064578125,9.744400756835937,9.800939896818772,0,0,0,0.0,0.0,0.0,0.0,0.0,0.0,0.0,-332,1080,21360,-1.82373046875,5.9326171875,117.333984375,98781.43,304.75,1,1,0,0,2270,117,593,1158,1158,1158,1158,6904,F4line=2270;YAH=4632
DIRECT_SERIAL,401,1789354972890009673,2026-09-14T03:02:52.890010+00:00,-1,23953092200120,1789354972800000000,1789354972,800000000,38704722,1789354972808912,1789354972800000,2,4,22.285185362363713,12.84002698450616,gnss_local_enu_direct,22.285185362363713,12.84002698450616,110.4352358,-7.0507893,205.18,5.497,9.148,3,1,12,0,0.2737,265.81,-0.02,-0.273,-0.498,1.9799,180.0,99.0,5.01,114.79836230982345,neo3_calibrated_direct,1,27.5146,-8.12988,-32.6416,43.45828128831604,7,149.40845556093532,yahboom_calibrated_direct,0,3164,2936,2870,0.013684751254426593,0.5453154276518801,0.5454871108028571,127.45599523861452,neo3_calibrated_direct:gyro_integral,1,127.45599523861452,nan,117.333984375,0.0,-213,-64,2037,-1.0199299072265624,-0.3064578125,9.753977563476562,9.811944339186889,0,0,0,0.0,0.0,0.0,0.0,0.0,0.0,0.0,-332,1080,21360,-1.82373046875,5.9326171875,117.333984375,98780.211,304.75,1,1,0,0,2277,118,594,1160,1160,1160,1160,6919,F4line=2277;YAH=4640
DIRECT_SERIAL,402,1789354972944640966,2026-09-14T03:02:52.944641+00:00,-1,23953146831297,1789354972800000000,1789354972,800000000,38704722,1789354972808912,1789354972800000,2,4,22.285185362363713,12.84002698450616,gnss_local_enu_direct,22.285185362363713,12.84002698450616,110.4352358,-7.0507893,205.18,5.497,9.148,3,1,12,0,0.2737,265.81,-0.02,-0.273,-0.498,1.9799,180.0,99.0,5.01,114.88952154803658,neo3_calibrated_direct,1,27.4658,-8.08716,-32.6172,43.40108365404716,7,149.5216541241892,yahboom_calibrated_direct,0,3157,2942,2874,0.012645330231505407,0.5461965984530286,0.5463429587157894,127.45599523861452,neo3_calibrated_direct:gyro_integral,1,127.45599523861452,nan,117.333984375,0.0,-211,-63,2034,-1.0103531005859374,-0.3016694091796875,9.739612353515625,9.796523190247273,0,0,0,0.0,0.0,0.0,0.0,0.0,0.0,0.0,-332,1080,21360,-1.82373046875,5.9326171875,117.333984375,98780.211,304.75,1,1,0,0,2279,118,595,1163,1163,1163,1163,6933,F4line=2279;YAH=4652
DIRECT_SERIAL,403,1789354973009844525,2026-09-14T03:02:53.009845+00:00,-1,23953212034850,1789354972800000000,1789354972,800000000,38704722,1789354972808912,1789354972800000,2,4,22.285185362363713,12.84002698450616,gnss_local_enu_direct,22.285185362363713,12.84002698450616,110.4352358,-7.0507893,205.18,5.497,9.148,3,1,12,0,0.2737,265.81,-0.02,-0.273,-0.498,1.9799,180.0,99.0,5.01,114.79554118635902,neo3_calibrated_direct,1,27.4658,-8.11157,-32.5928,43.38730631584427,7,149.65061823315148,yahboom_calibrated_direct,0,3149,2932,2849,0.011404014623386277,0.5446656736055371,0.5447850471091363,127.45599523861452,neo3_calibrated_direct:gyro_integral,1,127.45599523861452,nan,117.333984375,0.0,-210,-66,2037,-1.005564697265625,-0.316034619140625,9.753977563476562,9.810765339650441,0,0,0,0.0,0.0,0.0,0.0,0.0,0.0,0.0,-332,1080,21360,-1.82373046875,5.9326171875,117.333984375,98780.516,304.75,1,1,0,0,2284,118,597,1166,1166,1166,1166,6950,F4line=2284;YAH=4664
DIRECT_SERIAL,404,1789354973064938575,2026-09-14T03:02:53.064939+00:00,-1,23953267128810,1789354973000000000,1789354973,0,38704930,1789354973016986,1789354973000000,2,4,22.020017485474114,12.685194954253628,gnss_local_enu_direct,22.020017485474114,12.685194954253628,110.4352334,-7.0507907,205.32,5.49,9.145,3,1,12,0,0.4302,244.09,-0.188,-0.387,-0.755,2.1497,180.0,99.0,4.98,114.66377943778888,neo3_calibrated_direct,1,27.4902,-8.14209,-32.7148,43.50014786926706,7,149.602091312709,yahboom_calibrated_direct,0,3152,2929,2850,0.01184812299977091,0.5442235041326178,0.5443524597804286,127.45599523861452,neo3_calibrated_direct:gyro_integral,1,127.45599523861452,nan,117.333984375,0.0,-209,-65,2033,-1.0007762939453124,-0.3112462158203125,9.734823950195311,9.791078834259359,0,0,0,0.0,0.0,0.0,0.0,0.0,0.0,0.0,-332,1080,21360,-1.82373046875,5.9326171875,117.333984375,98781.43,304.75,1,1,0,0,2293,119,598,1169,1169,1169,1169,6971,F4line=2293;YAH=4676
DIRECT_SERIAL,405,1789354973129444496,2026-09-14T03:02:53.129445+00:00,-1,23953331634793,1789354973000000000,1789354973,0,38704930,1789354973016986,1789354973000000,2,4,22.020017485474114,12.685194954253628,gnss_local_enu_direct,22.020017485474114,12.685194954253628,110.4352334,-7.0507907,205.32,5.49,9.145,3,1,12,0,0.4302,244.09,-0.188,-0.387,-0.755,2.1497,180.0,99.0,4.98,114.62216973522017,neo3_calibrated_direct,1,27.4902,-8.1543,-32.6904,43.48408854615674,7,149.66673373566405,yahboom_calibrated_direct,0,3148,2940,2821,0.011278155510757367,0.5458669692128215,0.545983465747193,127.45599523861452,neo3_calibrated_direct:gyro_integral,1,127.45599523861452,nan,117.333984375,0.0,-213,-64,2032,-1.0199299072265624,-0.3064578125,9.730035546875,9.78814411162548,0,0,0,0.0,0.0,0.0,0.0,0.0,0.0,0.0,-332,1080,21360,-1.82373046875,5.9326171875,117.333984375,98781.43,304.75,1,1,0,0,2297,119,600,1172,1172,1172,1172,6987,F4line=2297;YAH=4688
DIRECT_SERIAL,406,1789354973184895146,2026-09-14T03:02:53.184895+00:00,-1,23953387085491,1789354973000000000,1789354973,0,38704930,1789354973016986,1789354973000000,2,4,22.020017485474114,12.685194954253628,gnss_local_enu_direct,22.020017485474114,12.685194954253628,110.4352334,-7.0507907,205.32,5.49,9.145,3,1,12,0,0.4302,244.09,-0.188,-0.387,-0.755,2.1497,180.0,99.0,4.98,115.10420525685598,neo3_calibrated_direct,1,27.4658,-8.04443,-32.5439,43.33807161001629,7,149.53788872158108,yahboom_calibrated_direct,0,3156,2946,2783,0.01250679854011499,0.5467956621843256,0.5469386768124176,127.45599523861452,neo3_calibrated_direct:gyro_integral,1,127.45599523861452,nan,117.333984375,0.0,-211,-64,2037,-1.0103531005859374,-0.3064578125,9.753977563476562,9.81095347494371,0,0,0,0.0,0.0,0.0,0.0,0.0,0.0,0.0,-332,1080,21360,-1.82373046875,5.9326171875,117.333984375,98778.688,304.75,1,1,0,0,2300,119,601,1175,1175,1175,1175,7002,F4line=2300;YAH=4700
DIRECT_SERIAL,407,1789354973235756923,2026-09-14T03:02:53.235757+00:00,-1,23953437947209,1789354973000000000,1789354973,0,38704930,1789354973016986,1789354973000000,2,4,22.020017485474114,12.685194954253628,gnss_local_enu_direct,22.020017485474114,12.685194954253628,110.4352334,-7.0507907,205.32,5.49,9.145,3,1,12,0,0.4302,244.09,-0.188,-0.387,-0.755,2.1497,180.0,99.0,4.98,115.09006752612964,neo3_calibrated_direct,1,27.4414,-8.03833,-32.5195,43.30315304223123,7,149.44101872042873,yahboom_calibrated_direct,0,3162,2941,2819,0.013398183437574632,0.5460618812074837,0.5462262255030262,127.45599523861452,neo3_calibrated_direct:gyro_integral,1,127.45599523861452,nan,117.333984375,0.0,-214,-64,2036,-1.024718310546875,-0.3064578125,9.749189160156249,9.807683380254504,0,0,0,0.0,0.0,0.0,0.0,0.0,0.0,0.0,-332,1080,21360,-1.82373046875,5.9326171875,117.333984375,98778.688,304.75,1,1,0,0,2305,119,603,1178,1178,1178,1178,7019,F4line=2305;YAH=4712
DIRECT_SERIAL,408,1789354973289023356,2026-09-14T03:02:53.289023+00:00,-1,23953491213680,1789354973200000000,1789354973,200000000,38705122,1789354973209587,1789354973200000,2,4,21.666459914996807,12.419768241656202,gnss_local_enu_direct,21.666459914996807,12.419768241656202,110.4352302,-7.0507931,205.4,5.484,9.145,3,1,12,0,0.9238,230.226,-0.591,-0.71,-1.166,2.1451,133.047,99.0,5.01,114.67014234768831,neo3_calibrated_direct,1,27.4658,-8.13599,-32.6416,43.42854537605537,7,149.16652425164602,yahboom_calibrated_direct,0,3179,2937,2815,0.01595598345139578,0.5455135077912326,0.5457468099683189,127.45599523861452,neo3_calibrated_direct:gyro_integral,1,127.45599523861452,nan,117.333984375,0.0,-214,-63,2034,-1.024718310546875,-0.3016694091796875,9.739612353515625,9.798015148240944,0,0,0,0.0,0.0,0.0,0.0,0.0,0.0,0.0,-332,1080,21360,-1.82373046875,5.9326171875,117.333984375,98777.773,304.75,1,1,0,0,2312,120,604,1180,1180,1180,1180,7034,F4line=2312;YAH=4720
DIRECT_SERIAL,409,1789354973345084865,2026-09-14T03:02:53.345085+00:00,-1,23953547275126,1789354973200000000,1789354973,200000000,38705122,1789354973209587,1789354973200000,2,4,21.666459914996807,12.419768241656202,gnss_local_enu_direct,21.666459914996807,12.419768241656202,110.4352302,-7.0507931,205.4,5.484,9.145,3,1,12,0,0.9238,230.226,-0.591,-0.71,-1.166,2.1451,133.047,99.0,5.01,114.78899623587358,neo3_calibrated_direct,1,27.4902,-8.11768,-32.666,43.4588929981241,7,149.18417853442594,yahboom_calibrated_direct,0,3178,2949,2809,0.015842796917528375,0.5473170352745044,0.5475462823504905,127.45599523861452,neo3_calibrated_direct:gyro_integral,1,127.45599523861452,nan,117.333984375,0.0,-210,-65,2031,-1.005564697265625,-0.3112462158203125,9.725247143554688,9.782048178703068,0,0,0,0.0,0.0,0.0,0.0,0.0,0.0,0.0,-332,1080,21360,-1.82373046875,5.9326171875,117.333984375,98777.773,304.75,1,1,0,0,2314,120,605,1183,1183,1183,1183,7048,F4line=2314;YAH=4732
DIRECT_SERIAL,410,1789354973408881824,2026-09-14T03:02:53.408882+00:00,-1,23953611072165,1789354973200000000,1789354973,200000000,38705122,1789354973209587,1789354973200000,2,4,21.666459914996807,12.419768241656202,gnss_local_enu_direct,21.666459914996807,12.419768241656202,110.4352302,-7.0507931,205.4,5.484,9.145,3,1,12,0,0.9238,230.226,-0.591,-0.71,-1.166,2.1451,133.047,99.0,5.01,115.13720229579744,neo3_calibrated_direct,1,27.4414,-8.02002,-32.5928,43.35483556191166,7,149.44129882500664,yahboom_calibrated_direct,0,3162,2946,2821,0.013414024161026515,0.5468146710524678,0.5469791774120942,127.45599523861452,neo3_calibrated_direct:gyro_integral,1,127.45599523861452,nan,117.333984375,0.0,-209,-66,2036,-1.0007762939453124,-0.316034619140625,9.749189160156249,9.805514792785047,0,0,0,0.0,0.0,0.0,0.0,0.0,0.0,0.0,-332,1080,21360,-1.82373046875,5.9326171875,117.333984375,98779.602,304.75,1,1,0,0,2322,120,607,1186,1186,1186,1186,7068,F4line=2322;YAH=4744
DIRECT_SERIAL,411,1789354973465479595,2026-09-14T03:02:53.465480+00:00,-1,23953667669821,1789354973400000000,1789354973,400000000,38705321,1789354973407586,1789354973400000,2,4,21.335000675697867,12.176460986783049,gnss_local_enu_direct,21.335000675697867,12.176460986783049,110.4352272,-7.0507953,205.77,5.48,9.141,3,1,12,0,1.1021,223.456,-0.8,-0.758,-1.668,2.1759,113.121,99.0,5.01,115.08472027537292,neo3_calibrated_direct,1,27.4414,-8.03223,-32.5928,43.35709589643776,7,149.48890657149744,yahboom_calibrated_direct,0,3159,2930,2830,0.012909721035524731,0.5443962391144472,0.5445492870798468,127.45599523861452,neo3_calibrated_direct:gyro_integral,1,127.45599523861452,nan,117.333984375,0.0,-211,-65,2040,-1.0103531005859374,-0.3112462158203125,9.7683427734375,9.82538590255338,0,0,0,0.0,0.0,0.0,0.0,0.0,0.0,0.0,-332,1080,21360,-1.82373046875,5.9326171875,117.333984375,98779.602,304.75,1,1,0,0,2330,121,608,1189,1189,1189,1189,7088,F4line=2330;YAH=4756
DIRECT_SERIAL,412,1789354973528600542,2026-09-14T03:02:53.528601+00:00,-1,23953730790757,1789354973400000000,1789354973,400000000,38705321,1789354973407586,1789354973400000,2,4,21.335000675697867,12.176460986783049,gnss_local_enu_direct,21.335000675697867,12.176460986783049,110.4352272,-7.0507953,205.77,5.48,9.141,3,1,12,0,1.1021,223.456,-0.8,-0.758,-1.668,2.1759,113.121,99.0,5.01,114.92083281140951,neo3_calibrated_direct,1,27.4658,-8.07495,-32.666,43.435498651937905,7,149.53785936002623,yahboom_calibrated_direct,0,3156,2945,2797,0.012503630395424615,0.5466451042153287,0.5467880857660059,127.45599523861452,neo3_calibrated_direct:gyro_integral,1,127.45599523861452,nan,117.333984375,0.0,-214,-65,2035,-1.024718310546875,-0.3112462158203125,9.744400756835937,9.80307441227788,0,0,0,0.0,0.0,0.0,0.0,0.0,0.0,0.0,-332,1080,21360,-1.82373046875,5.9326171875,117.333984375,98779.602,304.75,1,1,0,0,2334,121,610,1192,1192,1192,1192,7104,F4line=2334;YAH=4768
DIRECT_SERIAL,413,1789354973585631931,2026-09-14T03:02:53.585632+00:00,-1,23953787822105,1789354973400000000,1789354973,400000000,38705321,1789354973407586,1789354973400000,2,4,21.335000675697867,12.176460986783049,gnss_local_enu_direct,21.335000675697867,12.176460986783049,110.4352272,-7.0507953,205.77,5.48,9.141,3,1,12,0,1.1021,223.456,-0.8,-0.758,-1.668,2.1759,113.121,99.0,5.01,115.39593245433016,neo3_calibrated_direct,1,27.4902,-7.9834,-32.5928,43.37898550496542,7,149.3769872672328,yahboom_calibrated_direct,0,3166,2947,2748,0.014022009386324573,0.5469779016002263,0.5471576021460517,127.45599523861452,neo3_calibrated_direct:gyro_integral,1,127.45599523861452,nan,117.333984375,0.0,-216,-64,2033,-1.0342951171875,-0.3064578125,9.734823950195311,9.794410657184864,0,0,0,0.0,0.0,0.0,0.0,0.0,0.0,0.0,-332,1080,21360,-1.82373046875,5.9326171875,117.333984375,98779.602,304.75,1,1,0,0,2339,121,612,1195,1195,1195,1195,7121,F4line=2339;YAH=4780
DIRECT_SERIAL,414,1789354973636402545,2026-09-14T03:02:53.636402+00:00,-1,23953838592743,1789354973400000000,1789354973,400000000,38705321,1789354973407586,1789354973400000,2,4,21.335000675697867,12.176460986783049,gnss_local_enu_direct,21.335000675697867,12.176460986783049,110.4352272,-7.0507953,205.77,5.48,9.141,3,1,12,0,1.1021,223.456,-0.8,-0.758,-1.668,2.1759,113.121,99.0,5.01,115.38219474641794,neo3_calibrated_direct,1,27.4658,-7.97729,-32.5684,43.344065383211344,7,149.4403433082983,yahboom_calibrated_direct,0,3162,2929,2776,0.013360165701290116,0.5442551855795215,0.5444191409729872,127.45599523861452,neo3_calibrated_direct:gyro_integral,1,127.45599523861452,nan,117.333984375,0.0,-211,-62,2035,-1.0103531005859374,-0.296881005859375,9.744400756835937,9.801137578328776,0,0,0,0.0,0.0,0.0,0.0,0.0,0.0,0.0,-332,1080,21360,-1.82373046875,5.9326171875,117.333984375,98779.602,304.75,1,1,0,0,2343,121,613,1198,1198,1198,1198,7137,F4line=2343;YAH=4792
DIRECT_SERIAL,415,1789354973688136894,2026-09-14T03:02:53.688137+00:00,-1,23953890327794,1789354973600000000,1789354973,600000000,38705523,1789354973610034,1789354973600000,2,4,21.047736639046228,11.988451270044225,gnss_local_enu_direct,21.047736639046228,11.988451270044225,110.4352246,-7.050797,206.29,5.474,9.138,3,1,13,0,0.9536,235.51,-0.54,-0.786,-1.459,2.1112,126.844,99.0,5.0,114.65362962528495,neo3_calibrated_direct,1,27.4902,-8.1543,-32.6172,43.42908518919089,7,149.52090465297806,yahboom_calibrated_direct,0,3157,2920,2779,0.012575631048317127,0.542884323135098,0.5430299575549372,127.45599523861452,neo3_calibrated_direct:gyro_integral,1,127.45599523861452,nan,117.333984375,0.0,-213,-64,2038,-1.0199299072265624,-0.3064578125,9.758765966796874,9.81670446744784,0,0,0,0.0,0.0,0.0,0.0,0.0,0.0,0.0,-332,1080,21360,-1.82373046875,5.9326171875,117.333984375,98779.602,304.75,1,1,0,0,2353,122,614,1200,1200,1200,1200,7155,F4line=2353;YAH=4800
DIRECT_SERIAL,416,1789354973746124209,2026-09-14T03:02:53.746124+00:00,-1,23953948314372,1789354973600000000,1789354973,600000000,38705523,1789354973610034,1789354973600000,2,4,21.047736639046228,11.988451270044225,gnss_local_enu_direct,21.047736639046228,11.988451270044225,110.4352246,-7.050797,206.29,5.474,9.138,3,1,13,0,0.9536,235.51,-0.54,-0.786,-1.459,2.1112,126.844,99.0,5.0,114.68064216976879,neo3_calibrated_direct,1,27.4658,-8.13599,-32.6172,43.41020892324868,7,149.47325813376037,yahboom_calibrated_direct,0,3160,2941,2766,0.01309577489727079,0.5460555449181029,0.546212557028824,127.45599523861452,neo3_calibrated_direct:gyro_integral,1,127.45599523861452,nan,117.333984375,0.0,-214,-65,2035,-1.024718310546875,-0.3112462158203125,9.744400756835937,9.80307441227788,0,0,0,0.0,0.0,0.0,0.0,0.0,0.0,0.0,-332,1080,21360,-1.82373046875,5.9326171875,117.333984375,98781.734,304.75,1,1,0,0,2361,122,615,1203,1203,1203,1203,7175,F4line=2361;YAH=4812
DIRECT_SERIAL,417,1789354973807891439,2026-09-14T03:02:53.807891+00:00,-1,23954010081675,1789354973600000000,1789354973,600000000,38705523,1789354973610034,1789354973600000,2,4,21.047736639046228,11.988451270044225,gnss_local_enu_direct,21.047736639046228,11.988451270044225,110.4352246,-7.050797,206.29,5.474,9.138,3,1,13,0,0.9536,235.51,-0.54,-0.786,-1.459,2.1112,126.844,99.0,5.0,115.47987938974767,neo3_calibrated_direct,1,27.4902,-7.97119,-32.5195,43.321690252183146,7,149.4410748031054,yahboom_calibrated_direct,0,3162,2942,2767,0.01340135158226501,0.5462124391764804,0.5463768158838292,127.45599523861452,neo3_calibrated_direct:gyro_integral,1,127.45599523861452,nan,117.333984375,0.0,-209,-65,2032,-1.0007762939453124,-0.3112462158203125,9.730035546875,9.78631795625078,0,0,0,0.0,0.0,0.0,0.0,0.0,0.0,0.0,-332,1080,21360,-1.82373046875,5.9326171875,117.333984375,98781.734,304.75,1,1,0,0,2365,122,617,1206,1206,1206,1206,7191,F4line=2365;YAH=4824
DIRECT_SERIAL,418,1789354973859085985,2026-09-14T03:02:53.859086+00:00,-1,23954061276142,1789354973800000000,1789354973,800000000,38705723,1789354973809701,1789354973800000,2,4,20.727325624857503,11.767262647769126,gnss_local_enu_direct,20.727325624857503,11.767262647769126,110.4352217,-7.050799,206.54,5.456,9.134,3,1,14,0,0.5943,239.681,-0.3,-0.513,-0.898,1.964,180.0,99.0,5.0,115.1129841396225,neo3_calibrated_direct,1,27.4902,-8.04443,-32.6416,43.42692713772067,7,149.3763969631837,yahboom_calibrated_direct,0,3166,2939,2767,0.013996664228801562,0.5457734378482515,0.5459528844783522,127.45599523861452,neo3_calibrated_direct:gyro_integral,1,127.45599523861452,nan,117.333984375,0.0,-208,-66,2036,-0.9959878906249999,-0.316034619140625,9.749189160156249,9.80502723296958,0,0,0,0.0,0.0,0.0,0.0,0.0,0.0,0.0,-332,1080,21360,-1.82373046875,5.9326171875,117.333984375,98776.859,304.75,1,1,0,0,2374,123,618,1209,1209,1209,1209,7212,F4line=2374;YAH=4836
DIRECT_SERIAL,419,1789354973927482940,2026-09-14T03:02:53.927483+00:00,-1,23954129673262,1789354973800000000,1789354973,800000000,38705723,1789354973809701,1789354973800000,2,4,20.727325624857503,11.767262647769126,gnss_local_enu_direct,20.727325624857503,11.767262647769126,110.4352217,-7.050799,206.54,5.456,9.134,3,1,14,0,0.5943,239.681,-0.3,-0.513,-0.898,1.964,180.0,99.0,5.0,114.86726419007351,neo3_calibrated_direct,1,27.4902,-8.09937,-32.666,43.455476598892574,7,149.5215524592427,yahboom_calibrated_direct,0,3157,2939,2746,0.012635825797434276,0.5457449245460381,0.545891185824926,127.45599523861452,neo3_calibrated_direct:gyro_integral,1,127.45599523861452,nan,117.333984375,0.0,-214,-62,2038,-1.024718310546875,-0.296881005859375,9.758765966796874,9.816908838444158,0,0,0,0.0,0.0,0.0,0.0,0.0,0.0,0.0,-332,1080,21360,-1.82373046875,5.9326171875,117.333984375,98776.859,304.75,1,1,0,0,2378,123,620,1212,1212,1212,1212,7228,F4line=2378;YAH=4848
DIRECT_SERIAL,420,1789354973987453709,2026-09-14T03:02:53.987454+00:00,-1,23954189644107,1789354973800000000,1789354973,800000000,38705723,1789354973809701,1789354973800000,2,4,20.727325624857503,11.767262647769126,gnss_local_enu_direct,20.727325624857503,11.767262647769126,110.4352217,-7.050799,206.54,5.456,9.134,3,1,14,0,0.5943,239.681,-0.3,-0.513,-0.898,1.964,180.0,99.0,5.0,114.65008498886775,neo3_calibrated_direct,1,27.4414,-8.12378,-32.6904,43.44753718691544,7,149.423436952687,yahboom_calibrated_direct,0,3163,2917,2766,0.013473352235157521,0.5424516580962497,0.5426189570885109,127.45599523861452,neo3_calibrated_direct:gyro_integral,1,127.45599523861452,nan,117.333984375,0.0,-215,-64,2037,-1.0295067138671874,-0.3064578125,9.753977563476562,9.812944449732917,0,0,0,0.0,0.0,0.0,0.0,0.0,0.0,0.0,-332,1080,21360,-1.82373046875,5.9326171875,117.333984375,98779.602,304.75,1,1,0,0,2381,123,621,1215,1215,1215,1215,7243,F4line=2381;YAH=4860
DIRECT_SERIAL,421,1789354974039369206,2026-09-14T03:02:54.039369+00:00,-1,23954241559891,1789354973800000000,1789354973,800000000,38705723,1789354973809701,1789354973800000,2,4,20.727325624857503,11.767262647769126,gnss_local_enu_direct,20.727325624857503,11.767262647769126,110.4352217,-7.050799,206.54,5.456,9.134,3,1,14,0,0.5943,239.681,-0.3,-0.513,-0.898,1.964,180.0,99.0,5.0,114.83607258192838,neo3_calibrated_direct,1,27.4902,-8.11157,-32.6172,43.42108243405385,7,149.6020678362263,yahboom_calibrated_direct,0,3152,2927,2773,0.011841786710390156,0.5439223881946241,0.5440512772633088,127.45599523861452,neo3_calibrated_direct:gyro_integral,1,127.45599523861452,nan,117.333984375,0.0,-213,-64,2034,-1.0199299072265624,-0.3064578125,9.739612353515625,9.797664119740563,0,0,0,0.0,0.0,0.0,0.0,0.0,0.0,0.0,-332,1080,21360,-1.82373046875,5.9326171875,117.333984375,98779.602,304.75,1,1,0,0,2385,123,623,1218,1218,1218,1218,7259,F4line=2385;YAH=4872
DIRECT_SERIAL,422,1789354974107139619,2026-09-14T03:02:54.107140+00:00,-1,23954309330002,1789354974000000000,1789354974,0,38705931,1789354974017541,1789354974000000,2,4,20.45110938174281,11.557133486316568,gnss_local_enu_direct,20.45110938174281,11.557133486316568,110.4352192,-7.0508009,206.81,5.451,9.138,3,1,13,0,0.9986,211.111,-0.855,-0.516,-0.995,1.9922,114.299,99.0,4.97,114.42962734304427,neo3_calibrated_direct,1,27.4902,-8.19702,-32.7148,43.51046278724693,7,149.61834063098019,yahboom_calibrated_direct,0,3151,2939,2755,0.011728600176522752,0.5457259156778959,0.5458519351477822,127.45599523861452,neo3_calibrated_direct:gyro_integral,1,127.45599523861452,nan,117.333984375,0.0,-210,-66,2035,-1.005564697265625,-0.316034619140625,9.744400756835937,9.80124402056734,0,0,0,0.0,0.0,0.0,0.0,0.0,0.0,0.0,-332,1080,21360,-1.82373046875,5.9326171875,117.333984375,98781.43,304.75,1,1,0,0,2394,124,624,1221,1221,1221,1221,7280,F4line=2394;YAH=4884
DIRECT_SERIAL,423,1789354974166989145,2026-09-14T03:02:54.166989+00:00,-1,23954369179416,1789354974000000000,1789354974,0,38705931,1789354974017541,1789354974000000,2,4,20.45110938174281,11.557133486316568,gnss_local_enu_direct,20.45110938174281,11.557133486316568,110.4352192,-7.0508009,206.81,5.451,9.138,3,1,13,0,0.9986,211.111,-0.855,-0.516,-0.995,1.9922,114.299,99.0,4.97,114.81518939873942,neo3_calibrated_direct,1,27.4902,-8.11157,-32.6416,43.43941429698264,7,149.76364694572035,yahboom_calibrated_direct,0,3142,2936,2794,0.010358257311084338,0.5452457284686919,0.5453441096297613,127.45599523861452,neo3_calibrated_direct:gyro_integral,1,127.45599523861452,nan,117.333984375,0.0,-209,-64,2032,-1.0007762939453124,-0.3064578125,9.730035546875,9.786166835120698,0,0,0,0.0,0.0,0.0,0.0,0.0,0.0,0.0,-332,1081,21360,-1.82373046875,5.9381103515625,117.333984375,98778.688,304.75,1,1,0,0,2399,124,626,1224,1224,1224,1224,7297,F4line=2399;YAH=4896
DIRECT_SERIAL,424,1789354974226833548,2026-09-14T03:02:54.226834+00:00,-1,23954429023840,1789354974000000000,1789354974,0,38705931,1789354974017541,1789354974000000,2,4,20.45110938174281,11.557133486316568,gnss_local_enu_direct,20.45110938174281,11.557133486316568,110.4352192,-7.0508009,206.81,5.451,9.138,3,1,13,0,0.9986,211.111,-0.855,-0.516,-0.995,1.9922,114.299,99.0,4.97,114.71087098997296,neo3_calibrated_direct,1,27.4902,-8.13599,-32.6416,43.443980939597374,7,149.7150451368708,yahboom_calibrated_direct,0,3145,2944,2850,0.01083721527906311,0.5464596966547378,0.5465671461979698,127.45599523861452,neo3_calibrated_direct:gyro_integral,1,127.45599523861452,nan,117.333984375,0.0,-210,-65,2031,-1.005564697265625,-0.3112462158203125,9.725247143554688,9.782048178703068,0,0,0,0.0,0.0,0.0,0.0,0.0,0.0,0.0,-332,1081,21360,-1.82373046875,5.9381103515625,117.333984375,98778.688,304.75,1,1,0,0,2401,124,627,1227,1227,1227,1227,7311,F4line=2401;YAH=4908
DIRECT_SERIAL,425,1789354974286796366,2026-09-14T03:02:54.286796+00:00,-1,23954488986697,1789354974200000000,1789354974,200000000,38706123,1789354974209989,1789354974200000,2,4,20.10860102318425,11.258528651385717,gnss_local_enu_direct,20.10860102318425,11.258528651385717,110.4352161,-7.0508036,207.09,5.433,9.131,3,1,14,0,1.1646,224.548,-0.83,-0.817,-1.105,1.8022,88.663,99.0,5.01,114.63273042818332,neo3_calibrated_direct,1,27.4902,-8.1543,-32.6416,43.44741367549972,7,149.71518145916147,yahboom_calibrated_direct,0,3145,2937,2854,0.010815038266230478,0.5454057908717599,0.5455130078826259,127.45599523861452,neo3_calibrated_direct:gyro_integral,1,127.45599523861452,nan,117.333984375,0.0,-216,-65,2041,-1.0342951171875,-0.3112462158203125,9.773131176757811,9.832636146752096,0,0,0,0.0,0.0,0.0,0.0,0.0,0.0,0.0,-332,1081,21360,-1.82373046875,5.9381103515625,117.333984375,98778.688,304.75,1,1,0,0,2411,125,629,1230,1230,1230,1230,7333,F4line=2411;YAH=4920
DIRECT_SERIAL,426,1789354974346124389,2026-09-14T03:02:54.346124+00:00,-1,23954548314639,1789354974200000000,1789354974,200000000,38706123,1789354974209989,1789354974200000,2,4,20.10860102318425,11.258528651385717,gnss_local_enu_direct,20.10860102318425,11.258528651385717,110.4352161,-7.0508036,207.09,5.433,9.131,3,1,14,0,1.1646,224.548,-0.83,-0.817,-1.105,1.8022,88.663,99.0,5.01,114.67938205929535,neo3_calibrated_direct,1,27.4902,-8.13599,-32.7148,43.499006521529886,7,149.58584984546277,yahboom_calibrated_direct,0,3153,2925,2818,0.011986654691161325,0.5436244404013207,0.5437565742980348,127.45599523861452,neo3_calibrated_direct:gyro_integral,1,127.45599523861452,nan,117.333984375,0.0,-213,-65,2040,-1.0199299072265624,-0.3112462158203125,9.7683427734375,9.826375311470974,0,0,0,0.0,0.0,0.0,0.0,0.0,0.0,0.0,-332,1081,21360,-1.82373046875,5.9381103515625,117.333984375,98780.211,304.75,1,1,0,0,2414,125,630,1233,1233,1233,1233,7348,F4line=2414;YAH=4932
DIRECT_SERIAL,427,1789354974406384284,2026-09-14T03:02:54.406384+00:00,-1,23954608574662,1789354974200000000,1789354974,200000000,38706123,1789354974209989,1789354974200000,2,4,20.10860102318425,11.258528651385717,gnss_local_enu_direct,20.10860102318425,11.258528651385717,110.4352161,-7.0508036,207.09,5.433,9.131,3,1,14,0,1.1646,224.548,-0.83,-0.817,-1.105,1.8022,88.663,99.0,5.01,114.54911767299205,neo3_calibrated_direct,1,27.4902,-8.1665,-32.7393,43.523149963898526,7,149.61836946559413,yahboom_calibrated_direct,0,3151,2943,2872,0.011741272755284258,0.5463281475538833,0.5464543002809765,127.45599523861452,neo3_calibrated_direct:gyro_integral,1,127.45599523861452,nan,117.333984375,0.0,-212,-66,2035,-1.01514150390625,-0.316034619140625,9.744400756835937,9.80223118801394,0,0,0,0.0,0.0,0.0,0.0,0.0,0.0,0.0,-332,1080,21360,-1.82373046875,5.9326171875,117.333984375,98780.211,304.75,1,1,0,0,2421,125,632,1236,1236,1236,1236,7367,F4line=2421;YAH=4944
DIRECT_SERIAL,428,1789354974466243576,2026-09-14T03:02:54.466244+00:00,-1,23954668433864,1789354974400000000,1789354974,400000000,38706322,1789354974408880,1789354974400000,2,4,19.788189696331493,10.970983069058576,gnss_local_enu_direct,19.788189696331493,10.970983069058576,110.4352132,-7.0508062,207.27,5.416,9.128,3,1,14,0,0.8629,222.323,-0.638,-0.581,-0.535,1.6589,110.149,99.0,5.01,114.31518380392569,neo3_calibrated_direct,1,27.4902,-8.22144,-32.7393,43.53349212047662,7,149.76374573213965,yahboom_calibrated_direct,0,3142,2933,2897,0.01034875287701321,0.5447940545617014,0.544892336679355,127.45599523861452,neo3_calibrated_direct:gyro_integral,1,127.45599523861452,nan,117.333984375,0.0,-209,-67,2035,-1.0007762939453124,-0.32082302246093747,9.744400756835937,9.800909483924881,0,0,0,0.0,0.0,0.0,0.0,0.0,0.0,0.0,-332,1080,21360,-1.82373046875,5.9326171875,117.333984375,98781.43,304.75,1,1,0,0,2429,126,633,1239,1239,1239,1239,7387,F4line=2429;YAH=4956
DIRECT_SERIAL,429,1789354974526276303,2026-09-14T03:02:54.526276+00:00,-1,23954728466700,1789354974400000000,1789354974,400000000,38706322,1789354974408880,1789354974400000,2,4,19.788189696331493,10.970983069058576,gnss_local_enu_direct,19.788189696331493,10.970983069058576,110.4352132,-7.0508062,207.27,5.416,9.128,3,1,14,0,0.8629,222.323,-0.638,-0.581,-0.535,1.6589,110.149,99.0,5.01,114.53406721242435,neo3_calibrated_direct,1,27.4902,-8.18481,-32.5928,43.416504034941596,7,149.601997250562,yahboom_calibrated_direct,0,3152,2921,2847,0.0118227778422479,0.543019040380643,0.5431477297124803,127.45599523861452,neo3_calibrated_direct:gyro_integral,1,127.45599523861452,nan,117.333984375,0.0,-212,-65,2035,-1.01514150390625,-0.3112462158203125,9.744400756835937,9.802077973044302,0,0,0,0.0,0.0,0.0,0.0,0.0,0.0,0.0,-332,1080,21360,-1.82373046875,5.9326171875,117.333984375,98781.43,304.75,1,1,0,0,2433,126,635,1242,1242,1242,1242,7403,F4line=2433;YAH=4968
DIRECT_SERIAL,430,1789354974586062895,2026-09-14T03:02:54.586063+00:00,-1,23954788253270,1789354974400000000,1789354974,400000000,38706322,1789354974408880,1789354974400000,2,4,19.788189696331493,10.970983069058576,gnss_local_enu_direct,19.788189696331493,10.970983069058576,110.4352132,-7.0508062,207.27,5.416,9.128,3,1,14,0,0.8629,222.323,-0.638,-0.581,-0.535,1.6589,110.149,99.0,5.01,114.42962734304427,neo3_calibrated_direct,1,27.4902,-8.19702,-32.7148,43.51046278724693,7,149.3103272332092,yahboom_calibrated_direct,0,3170,2922,2818,0.014547622849672847,0.5432266249540666,0.5434213828968846,127.45599523861452,neo3_calibrated_direct:gyro_integral,1,127.45599523861452,nan,117.333984375,0.0,-213,-65,2029,-1.0199299072265624,-0.3112462158203125,9.715670336914062,9.774015618879963,0,0,0,0.0,0.0,0.0,0.0,0.0,0.0,0.0,-332,1080,21360,-1.82373046875,5.9326171875,117.333984375,98780.82,304.75,1,1,0,0,2437,126,636,1245,1245,1245,1245,7419,F4line=2437;YAH=4980
DIRECT_SERIAL,431,1789354974636582182,2026-09-14T03:02:54.636582+00:00,-1,23954838772392,1789354974400000000,1789354974,400000000,38706322,1789354974408880,1789354974400000,2,4,19.788189696331493,10.970983069058576,gnss_local_enu_direct,19.788189696331493,10.970983069058576,110.4352132,-7.0508062,207.27,5.416,9.128,3,1,14,0,0.8629,222.323,-0.638,-0.581,-0.535,1.6589,110.149,99.0,5.01,114.9299755796733,neo3_calibrated_direct,1,27.4902,-8.08716,-32.6416,43.43486276558958,7,149.42380444346887,yahboom_calibrated_direct,0,3163,2923,2827,0.013492361103299778,0.5433550059102308,0.543522498389762,127.45599523861452,neo3_calibrated_direct:gyro_integral,1,127.45599523861452,nan,117.333984375,0.0,-213,-64,2035,-1.0199299072265624,-0.3064578125,9.744400756835937,9.802424165293106,0,0,0,0.0,0.0,0.0,0.0,0.0,0.0,0.0,-332,1080,21360,-1.82373046875,5.9326171875,117.333984375,98780.82,304.75,1,1,0,0,2442,126,638,1248,1248,1248,1248,7436,F4line=2442;YAH=4992
DIRECT_SERIAL,432,1789354974686619750,2026-09-14T03:02:54.686620+00:00,-1,23954888809910,1789354974600000000,1789354974,600000000,38706523,1789354974610256,1789354974600000,2,4,19.511973209302035,10.77191320569301,gnss_local_enu_direct,19.511973209302035,10.77191320569301,110.4352107,-7.050808,207.48,5.4,9.128,3,1,14,0,0.7064,231.264,-0.442,-0.551,-0.457,1.6747,135.841,99.0,5.01,114.94182539732549,neo3_calibrated_direct,1,27.4658,-8.07495,-32.6172,43.39881015629921,7,149.31216910757908,yahboom_calibrated_direct,0,3170,2942,2851,0.014610985743480374,0.5462377843340035,0.5464331596256925,127.45599523861452,neo3_calibrated_direct:gyro_integral,1,127.45599523861452,nan,117.333984375,0.0,-212,-64,2036,-1.01514150390625,-0.3064578125,9.749189160156249,9.806687409329585,0,0,0,0.0,0.0,0.0,0.0,0.0,0.0,0.0,-332,1080,21360,-1.82373046875,5.9326171875,117.333984375,98781.734,304.75,1,1,0,0,2449,127,639,1251,1251,1251,1251,7455,F4line=2449;YAH=5004
DIRECT_SERIAL,433,1789354974745624683,2026-09-14T03:02:54.745625+00:00,-1,23954947814904,1789354974600000000,1789354974,600000000,38706523,1789354974610256,1789354974600000,2,4,19.511973209302035,10.77191320569301,gnss_local_enu_direct,19.511973209302035,10.77191320569301,110.4352107,-7.050808,207.48,5.4,9.128,3,1,14,0,0.7064,231.264,-0.442,-0.551,-0.457,1.6747,135.841,99.0,5.01,114.9261856614151,neo3_calibrated_direct,1,27.4658,-8.08105,-32.5928,43.381610742139344,7,149.58589853285216,yahboom_calibrated_direct,0,3153,2928,2828,0.011996159125232456,0.5440761143083113,0.5442083479648107,127.45599523861452,neo3_calibrated_direct:gyro_integral,1,127.45599523861452,nan,117.333984375,0.0,-216,-64,2040,-1.0342951171875,-0.3064578125,9.7683427734375,9.827726253800968,0,0,0,0.0,0.0,0.0,0.0,0.0,0.0,0.0,-332,1080,21360,-1.82373046875,5.9326171875,117.333984375,98781.734,304.75,1,1,0,0,2456,127,640,1253,1253,1253,1253,7470,F4line=2456;YAH=5012
DIRECT_SERIAL,434,1789354974805545676,2026-09-14T03:02:54.805546+00:00,-1,23955007735904,1789354974600000000,1789354974,600000000,38706523,1789354974610256,1789354974600000,2,4,19.511973209302035,10.77191320569301,gnss_local_enu_direct,19.511973209302035,10.77191320569301,110.4352107,-7.050808,207.48,5.4,9.128,3,1,14,0,0.7064,231.264,-0.442,-0.551,-0.457,1.6747,135.841,99.0,5.01,115.52926983168616,neo3_calibrated_direct,1,27.4658,-7.95288,-32.4707,43.26620885199442,7,149.85989416184913,yahboom_calibrated_direct,0,3136,2947,2772,0.009485881281766953,0.5468828572595149,0.5469651190962936,127.45599523861452,neo3_calibrated_direct:gyro_integral,1,127.45599523861452,nan,117.333984375,0.0,-213,-64,2037,-1.0199299072265624,-0.3064578125,9.753977563476562,9.811944339186889,0,0,0,0.0,0.0,0.0,0.0,0.0,0.0,0.0,-332,1080,21360,-1.82373046875,5.9326171875,117.333984375,98775.328,304.75,1,1,0,0,2461,127,642,1256,1256,1256,1256,7487,F4line=2461;YAH=5024
DIRECT_SERIAL,435,1789354974865342394,2026-09-14T03:02:54.865342+00:00,-1,23955067533283,1789354974800000000,1789354974,800000000,38706723,1789354974809378,1789354974800000,2,4,19.213659050640143,10.517545869807437,gnss_local_enu_direct,19.213659050640143,10.517545869807437,110.435208,-7.0508103,207.6,5.385,9.124,3,1,14,0,1.1256,214.467,-0.928,-0.637,-0.438,1.4797,75.32,99.0,5.01,115.36115053206791,neo3_calibrated_direct,1,27.4658,-7.9895,-32.4951,43.29126706276914,7,149.68271553947523,yahboom_calibrated_direct,0,3147,2954,2794,0.011171305266270715,0.547971612634087,0.5480854735478347,127.45599523861452,neo3_calibrated_direct:gyro_integral,1,127.45599523861452,nan,117.333984375,0.0,-210,-66,2034,-1.005564697265625,-0.316034619140625,9.739612353515625,9.796483401590411,0,0,0,0.0,0.0,0.0,0.0,0.0,0.0,0.0,-332,1080,21360,-1.82373046875,5.9326171875,117.333984375,98778.688,304.75,1,1,0,0,2469,128,643,1259,1259,1259,1259,7507,F4line=2469;YAH=5036
DIRECT_SERIAL,436,1789354974925181692,2026-09-14T03:02:54.925182+00:00,-1,23955127371900,1789354974800000000,1789354974,800000000,38706723,1789354974809378,1789354974800000,2,4,19.213659050640143,10.517545869807437,gnss_local_enu_direct,19.213659050640143,10.517545869807437,110.435208,-7.0508103,207.6,5.385,9.124,3,1,14,0,1.1256,214.467,-0.928,-0.637,-0.438,1.4797,75.32,99.0,5.01,115.12876079008349,neo3_calibrated_direct,1,27.4902,-8.03833,-32.6416,43.42579758379689,7,149.42496014587584,yahboom_calibrated_direct,0,3163,2942,2787,0.01355255585241693,0.5462156073211708,0.5463837126519863,127.45599523861452,neo3_calibrated_direct:gyro_integral,1,127.45599523861452,nan,117.333984375,0.0,-209,-68,2036,-1.0007762939453124,-0.32561142578124996,9.749189160156249,9.805828127783514,0,0,0,0.0,0.0,0.0,0.0,0.0,0.0,0.0,-332,1081,21360,-1.82373046875,5.9381103515625,117.333984375,98778.688,304.75,1,1,0,0,2473,128,645,1262,1262,1262,1262,7523,F4line=2473;YAH=5048
DIRECT_SERIAL,437,1789354974985071938,2026-09-14T03:02:54.985072+00:00,-1,23955187262377,1789354974800000000,1789354974,800000000,38706723,1789354974809378,1789354974800000,2,4,19.213659050640143,10.517545869807437,gnss_local_enu_direct,19.213659050640143,10.517545869807437,110.435208,-7.0508103,207.6,5.385,9.124,3,1,14,0,1.1256,214.467,-0.928,-0.637,-0.438,1.4797,75.32,99.0,5.01,115.16190567482283,neo3_calibrated_direct,1,27.4658,-8.02612,-32.5684,43.35307890397635,7,149.71487063610113,yahboom_calibrated_direct,0,3145,2953,2725,0.010865728581276497,0.5478147183757094,0.5479224668935011,127.45599523861452,neo3_calibrated_direct:gyro_integral,1,127.45599523861452,nan,117.333984375,0.0,-211,-63,2030,-1.0103531005859374,-0.3016694091796875,9.720458740234374,9.77748106318275,0,0,0,0.0,0.0,0.0,0.0,0.0,0.0,0.0,-332,1081,21360,-1.82373046875,5.9381103515625,117.333984375,98780.82,304.75,1,1,0,0,2476,128,646,1265,1265,1265,1265,7538,F4line=2476;YAH=5060
DIRECT_SERIAL,438,1789354975039213888,2026-09-14T03:02:55.039214+00:00,-1,23955241404113,1789354974800000000,1789354974,800000000,38706723,1789354974809378,1789354974800000,2,4,19.213659050640143,10.517545869807437,gnss_local_enu_direct,19.213659050640143,10.517545869807437,110.435208,-7.0508103,207.6,5.385,9.124,3,1,14,0,1.1256,214.467,-0.928,-0.637,-0.438,1.4797,75.32,99.0,5.01,115.03630426086868,neo3_calibrated_direct,1,27.4658,-8.06274,-32.4951,43.30484349305052,7,149.87586930522153,yahboom_calibrated_direct,0,3135,2949,2734,0.009341013300995786,0.5471808050528182,0.5472605302301086,127.45599523861452,neo3_calibrated_direct:gyro_integral,1,127.45599523861452,nan,117.333984375,0.0,-213,-65,2032,-1.0199299072265624,-0.3112462158203125,9.730035546875,9.788295202228461,0,0,0,0.0,0.0,0.0,0.0,0.0,0.0,0.0,-332,1081,21360,-1.82373046875,5.9381103515625,117.333984375,98780.82,304.75,1,1,0,0,2480,128,648,1268,1268,1268,1268,7554,F4line=2480;YAH=5072
DIRECT_SERIAL,439,1789354975104775760,2026-09-14T03:02:55.104776+00:00,-1,23955306966118,1789354975000000000,1789354975,0,38706931,1789354975017441,1789354975000000,2,4,18.92639404341716,10.274238241381932,gnss_local_enu_direct,18.92639404341716,10.274238241381932,110.4352054,-7.0508125,207.88,5.371,9.104,3,1,15,0,0.7658,224.947,-0.542,-0.541,-0.463,1.6038,119.996,99.0,4.98,114.41415419205717,neo3_calibrated_direct,1,27.4902,-8.20312,-32.6904,43.49326989241439,7,149.94098168073688,yahboom_calibrated_direct,0,3131,2940,2741,0.008707682918174716,0.5458131107530851,0.5458825657701142,127.45599523861452,neo3_calibrated_direct:gyro_integral,1,127.45599523861452,nan,117.333984375,0.0,-212,-65,2039,-1.01514150390625,-0.3112462158203125,9.763554370117188,9.821119102121202,0,0,0,0.0,0.0,0.0,0.0,0.0,0.0,0.0,-332,1080,21360,-1.82373046875,5.9326171875,117.333984375,98779.906,304.75,1,1,0,0,2489,129,649,1271,1271,1271,1271,7575,F4line=2489;YAH=5084
DIRECT_SERIAL,440,1789354975164610131,2026-09-14T03:02:55.164610+00:00,-1,23955366800390,1789354975000000000,1789354975,0,38706931,1789354975017441,1789354975000000,2,4,18.92639404341716,10.274238241381932,gnss_local_enu_direct,18.92639404341716,10.274238241381932,110.4352054,-7.0508125,207.88,5.371,9.104,3,1,15,0,0.7658,224.947,-0.542,-0.541,-0.463,1.6038,119.996,99.0,4.98,114.38815336646593,neo3_calibrated_direct,1,27.4902,-8.20923,-32.6904,43.4944226929488,7,149.81191121111436,yahboom_calibrated_direct,0,3139,2940,2814,0.009917317079390081,0.5458384559106082,0.5459285421453344,127.45599523861452,neo3_calibrated_direct:gyro_integral,1,127.45599523861452,nan,117.333984375,0.0,-210,-65,2036,-1.005564697265625,-0.3112462158203125,9.749189160156249,9.805851510590882,0,0,0,0.0,0.0,0.0,0.0,0.0,0.0,0.0,-332,1080,21360,-1.82373046875,5.9326171875,117.333984375,98782.352,304.75,1,1,0,0,2494,129,651,1274,1274,1274,1274,7592,F4line=2494;YAH=5096
DIRECT_SERIAL,441,1789354975224440265,2026-09-14T03:02:55.224440+00:00,-1,23955426630478,1789354975000000000,1789354975,0,38706931,1789354975017441,1789354975000000,2,4,18.92639404341716,10.274238241381932,gnss_local_enu_direct,18.92639404341716,10.274238241381932,110.4352054,-7.0508125,207.88,5.371,9.104,3,1,15,0,0.7658,224.947,-0.542,-0.541,-0.463,1.6038,119.996,99.0,4.98,114.70675313037313,neo3_calibrated_direct,1,27.4658,-8.12988,-32.6172,43.409064195101,7,149.97307135815845,yahboom_calibrated_direct,0,3129,2942,2830,0.008411610667251627,0.546107890401698,0.5461726678926825,127.45599523861452,neo3_calibrated_direct:gyro_integral,1,127.45599523861452,nan,117.333984375,0.0,-210,-66,2033,-1.005564697265625,-0.316034619140625,9.734823950195311,9.791722809709153,0,0,0,0.0,0.0,0.0,0.0,0.0,0.0,0.0,-332,1080,21360,-1.82373046875,5.9326171875,117.333984375,98782.352,304.75,1,1,0,0,2496,129,652,1277,1277,1277,1277,7606,F4line=2496;YAH=5108
DIRECT_SERIAL,442,1789354975284356673,2026-09-14T03:02:55.284357+00:00,-1,23955486546972,1789354975200000000,1789354975,200000000,38707123,1789354975209926,1789354975200000,2,4,18.694373099271395,10.174703940312819,gnss_local_enu_direct,18.694373099271395,10.174703940312819,110.4352033,-7.0508134,208.37,5.358,9.086,3,1,15,0,0.6764,226.917,-0.462,-0.494,-0.281,1.5569,131.883,99.0,5.01,114.4407615710088,neo3_calibrated_direct,1,27.4658,-8.18481,-32.6904,43.474400933608045,7,149.55366328057963,yahboom_calibrated_direct,0,3155,2933,2820,0.012314408388988177,0.5448352404426763,0.5449743882809537,127.45599523861452,neo3_calibrated_direct:gyro_integral,1,127.45599523861452,nan,117.333984375,0.0,-211,-64,2038,-1.0103531005859374,-0.3064578125,9.758765966796874,9.815714083724059,0,0,0,0.0,0.0,0.0,0.0,0.0,0.0,0.0,-332,1080,21360,-1.82373046875,5.9326171875,117.333984375,98780.82,304.75,1,1,0,0,2506,130,654,1280,1280,1280,1280,7628,F4line=2506;YAH=5120
DIRECT_SERIAL,443,1789354975344198463,2026-09-14T03:02:55.344198+00:00,-1,23955546388824,1789354975200000000,1789354975,200000000,38707123,1789354975209926,1789354975200000,2,4,18.694373099271395,10.174703940312819,gnss_local_enu_direct,18.694373099271395,10.174703940312819,110.4352033,-7.0508134,208.37,5.358,9.086,3,1,15,0,0.6764,226.917,-0.462,-0.494,-0.281,1.5569,131.883,99.0,5.01,114.5911195653668,neo3_calibrated_direct,1,27.4902,-8.1665,-32.6416,43.44970504905643,7,149.47330533190038,yahboom_calibrated_direct,0,3160,2942,2810,0.013098943041961169,0.5462061028870997,0.5463631476773754,127.45599523861452,neo3_calibrated_direct:gyro_integral,1,127.45599523861452,nan,117.333984375,0.0,-213,-63,2033,-1.0199299072265624,-0.3016694091796875,9.734823950195311,9.79275542375006,0,0,0,0.0,0.0,0.0,0.0,0.0,0.0,0.0,-332,1080,21360,-1.82373046875,5.9326171875,117.333984375,98780.82,304.75,1,1,0,0,2508,130,655,1283,1283,1283,1283,7642,F4line=2508;YAH=5132
DIRECT_SERIAL,444,1789354975404044649,2026-09-14T03:02:55.404045+00:00,-1,23955606234928,1789354975200000000,1789354975,200000000,38707123,1789354975209926,1789354975200000,2,4,18.694373099271395,10.174703940312819,gnss_local_enu_direct,18.694373099271395,10.174703940312819,110.4352033,-7.0508134,208.37,5.358,9.086,3,1,15,0,0.6764,226.917,-0.462,-0.494,-0.281,1.5569,131.883,99.0,5.01,115.75318867291017,neo3_calibrated_direct,1,27.4902,-7.91016,-32.4951,43.29218464429348,7,149.4247784719119,yahboom_calibrated_direct,0,3163,2939,2834,0.0135430514183458,0.5457639334141803,0.5459319419647817,127.45599523861452,neo3_calibrated_direct:gyro_integral,1,127.45599523861452,nan,117.333984375,0.0,-212,-64,2035,-1.01514150390625,-0.3064578125,9.744400756835937,9.801927094894152,0,0,0,0.0,0.0,0.0,0.0,0.0,0.0,0.0,-332,1080,21360,-1.82373046875,5.9326171875,117.333984375,98778.688,304.75,1,1,0,0,2516,130,657,1286,1286,1286,1286,7662,F4line=2516;YAH=5144
DIRECT_SERIAL,445,1789354975463903664,2026-09-14T03:02:55.463904+00:00,-1,23955666093911,1789354975400000000,1789354975,400000000,38707323,1789354975410043,1789354975400000,2,4,18.440253906242194,10.053050239966055,gnss_local_enu_direct,18.440253906242194,10.053050239966055,110.435201,-7.0508145,208.57,5.346,9.069,3,1,15,0,0.5302,253.001,-0.155,-0.507,0.013,1.0848,117.235,99.0,5.01,115.3277241161644,neo3_calibrated_direct,1,27.4902,-8.00171,-32.5684,43.36403045755895,7,149.65062161810465,yahboom_calibrated_direct,0,3149,2930,2833,0.011397678334005526,0.5443645576675434,0.5444838645138951,127.45599523861452,neo3_calibrated_direct:gyro_integral,1,127.45599523861452,nan,117.333984375,0.0,-211,-67,2034,-1.0103531005859374,-0.32082302246093747,9.739612353515625,9.797131702511647,0,0,0,0.0,0.0,0.0,0.0,0.0,0.0,0.0,-332,1080,21360,-1.82373046875,5.9326171875,117.333984375,98780.516,304.75,1,1,0,0,2524,131,658,1289,1289,1289,1289,7682,F4line=2524;YAH=5156
DIRECT_SERIAL,446,1789354975523773836,2026-09-14T03:02:55.523774+00:00,-1,23955725964101,1789354975400000000,1789354975,400000000,38707323,1789354975410043,1789354975400000,2,4,18.440253906242194,10.053050239966055,gnss_local_enu_direct,18.440253906242194,10.053050239966055,110.435201,-7.0508145,208.57,5.346,9.069,3,1,15,0,0.5302,253.001,-0.155,-0.507,0.013,1.0848,117.235,99.0,5.01,114.90001642195759,neo3_calibrated_direct,1,27.4658,-8.08716,-32.5928,43.382749317506374,7,149.6988429647119,yahboom_calibrated_direct,0,3146,2950,2791,0.011007428417357289,0.5473662126134092,0.5474768800516705,127.45599523861452,neo3_calibrated_direct:gyro_integral,1,127.45599523861452,nan,117.333984375,0.0,-211,-66,2038,-1.0103531005859374,-0.316034619140625,9.758765966796874,9.816017749732929,0,0,0,0.0,0.0,0.0,0.0,0.0,0.0,0.0,-332,1080,21360,-1.82373046875,5.9326171875,117.333984375,98780.516,304.75,1,1,0,0,2528,131,660,1292,1292,1292,1292,7698,F4line=2528;YAH=5168
DIRECT_SERIAL,447,1789354975583654565,2026-09-14T03:02:55.583655+00:00,-1,23955785844846,1789354975400000000,1789354975,400000000,38707323,1789354975410043,1789354975400000,2,4,18.440253906242194,10.053050239966055,gnss_local_enu_direct,18.440253906242194,10.053050239966055,110.435201,-7.0508145,208.57,5.346,9.069,3,1,15,0,0.5302,253.001,-0.155,-0.507,0.013,1.0848,117.235,99.0,5.01,114.87902514109162,neo3_calibrated_direct,1,27.4658,-8.08716,-32.6416,43.419423960545586,7,149.92500145266646,yahboom_calibrated_direct,0,3132,2938,2810,0.008852550898945884,0.5455151629597818,0.5455869872682593,127.45599523861452,neo3_calibrated_direct:gyro_integral,1,127.45599523861452,nan,117.333984375,0.0,-209,-64,2037,-1.0007762939453124,-0.3064578125,9.753977563476562,9.809971859805174,0,0,0,0.0,0.0,0.0,0.0,0.0,0.0,0.0,-332,1080,21360,-1.82373046875,5.9326171875,117.333984375,98777.164,304.75,1,1,0,0,2532,131,661,1295,1295,1295,1295,7714,F4line=2532;YAH=5180
DIRECT_SERIAL,448,1789354975636231427,2026-09-14T03:02:55.636231+00:00,-1,23955838421696,1789354975400000000,1789354975,400000000,38707323,1789354975410043,1789354975400000,2,4,18.440253906242194,10.053050239966055,gnss_local_enu_direct,18.440253906242194,10.053050239966055,110.435201,-7.0508145,208.57,5.346,9.069,3,1,15,0,0.5302,253.001,-0.155,-0.507,0.013,1.0848,117.235,99.0,5.01,114.74196212686178,neo3_calibrated_direct,1,27.4902,-8.12378,-32.7148,43.49672443493188,7,149.60205608823497,yahboom_calibrated_direct,0,3152,2926,2881,0.01183861856569978,0.5437718302256273,0.543900686004782,127.45599523861452,neo3_calibrated_direct:gyro_integral,1,127.45599523861452,nan,117.333984375,0.0,-213,-65,2036,-1.0199299072265624,-0.3112462158203125,9.749189160156249,9.807335035728398,0,0,0,0.0,0.0,0.0,0.0,0.0,0.0,0.0,-332,1080,21360,-1.82373046875,5.9326171875,117.333984375,98777.164,304.75,1,1,0,0,2537,131,663,1298,1298,1298,1298,7731,F4line=2537;YAH=5192
DIRECT_SERIAL,449,1789354975703472285,2026-09-14T03:02:55.703472+00:00,-1,23955905662595,1789354975600000000,1789354975,600000000,38707523,1789354975609625,1789354975600000,2,4,18.208232155330798,9.94245603517814,gnss_local_enu_direct,18.208232155330798,9.94245603517814,110.4351989,-7.0508155,208.8,5.336,9.055,3,1,15,0,0.6154,220.783,-0.466,-0.402,0.129,0.977,90.96,99.0,5.01,114.94564072039654,neo3_calibrated_direct,1,27.4902,-8.08105,-32.666,43.45206578682422,7,149.45687959508697,yahboom_calibrated_direct,0,3161,2936,2737,0.01323113844397083,0.545305923217809,0.5454664177756047,127.45599523861452,neo3_calibrated_direct:gyro_integral,1,127.45599523861452,nan,117.333984375,0.0,-213,-64,2035,-1.0199299072265624,-0.3064578125,9.744400756835937,9.802424165293106,0,0,0,0.0,0.0,0.0,0.0,0.0,0.0,0.0,-332,1080,21360,-1.82373046875,5.9326171875,117.333984375,98779.602,304.75,1,1,0,0,2544,132,664,1301,1301,1301,1301,7750,F4line=2544;YAH=5204
DIRECT_SERIAL,450,1789354975763219983,2026-09-14T03:02:55.763220+00:00,-1,23955965410362,1789354975600000000,1789354975,600000000,38707523,1789354975609625,1789354975600000,2,4,18.208232155330798,9.94245603517814,gnss_local_enu_direct,18.208232155330798,9.94245603517814,110.4351989,-7.0508155,208.8,5.336,9.055,3,1,15,0,0.6154,220.783,-0.466,-0.402,0.129,0.977,90.96,99.0,5.01,114.87902514109162,neo3_calibrated_direct,1,27.4658,-8.08716,-32.6416,43.419423960545586,7,149.634484386114,yahboom_calibrated_direct,0,3150,2943,2740,0.011590068485132337,0.5463249794091928,0.5464479049405762,127.45599523861452,neo3_calibrated_direct:gyro_integral,1,127.45599523861452,nan,117.333984375,0.0,-211,-64,2034,-1.0103531005859374,-0.3064578125,9.739612353515625,9.796671811154035,0,0,0,0.0,0.0,0.0,0.0,0.0,0.0,0.0,-332,1080,21360,-1.82373046875,5.9326171875,117.333984375,98775.938,304.75,1,1,0,0,2554,132,666,1304,1304,1304,1304,7772,F4line=2554;YAH=5216
DIRECT_SERIAL,451,1789354975823110158,2026-09-14T03:02:55.823110+00:00,-1,23956025300476,1789354975600000000,1789354975,600000000,38707523,1789354975609625,1789354975600000,2,4,18.208232155330798,9.94245603517814,gnss_local_enu_direct,18.208232155330798,9.94245603517814,110.4351989,-7.0508155,208.8,5.336,9.055,3,1,15,0,0.6154,220.783,-0.466,-0.402,0.129,0.977,90.96,99.0,5.01,114.91435988424358,neo3_calibrated_direct,1,27.4902,-8.09326,-32.6172,43.417665636323655,7,149.60219663619674,yahboom_calibrated_direct,0,3152,2938,2772,0.011876636301984296,0.5455785258535893,0.5457077811085574,127.45599523861452,neo3_calibrated_direct:gyro_integral,1,127.45599523861452,nan,117.333984375,0.0,-211,-65,2032,-1.0103531005859374,-0.3112462158203125,9.730035546875,9.78730194375228,0,0,0,0.0,0.0,0.0,0.0,0.0,0.0,0.0,-332,1080,21360,-1.82373046875,5.9326171875,117.333984375,98775.938,304.75,1,1,0,0,2556,132,667,1307,1307,1307,1307,7786,F4line=2556;YAH=5228
DIRECT_SERIAL,452,1789354975882915454,2026-09-14T03:02:55.882915+00:00,-1,23956085105790,1789354975800000000,1789354975,800000000,38707720,1789354975806503,1789354975800000,2,4,18.031454090909044,9.898218736225486,gnss_local_enu_direct,18.031454090909044,9.898218736225486,110.4351973,-7.0508159,209.12,5.325,9.038,3,1,15,0,0.3726,259.173,-0.07,-0.366,0.141,0.8649,132.986,99.0,5.02,114.97034098405798,neo3_calibrated_direct,1,27.5146,-8.08716,-32.666,43.46864302029222,7,149.73144530668168,yahboom_calibrated_direct,0,3144,2932,2851,0.010647993272626673,0.5446498328820852,0.5447539079430429,127.45599523861452,neo3_calibrated_direct:gyro_integral,1,127.45599523861452,nan,117.333984375,0.0,-210,-65,2038,-1.005564697265625,-0.3112462158203125,9.758765966796874,9.815373032236844,0,0,0,0.0,0.0,0.0,0.0,0.0,0.0,0.0,-332,1080,21360,-1.82373046875,5.9326171875,117.333984375,98780.82,304.75,1,1,0,0,2566,133,669,1310,1310,1310,1310,7808,F4line=2566;YAH=5240
DIRECT_SERIAL,453,1789354975942842833,2026-09-14T03:02:55.942843+00:00,-1,23956145033440,1789354975800000000,1789354975,800000000,38707720,1789354975806503,1789354975800000,2,4,18.031454090909044,9.898218736225486,gnss_local_enu_direct,18.031454090909044,9.898218736225486,110.4351973,-7.0508159,209.12,5.325,9.038,3,1,15,0,0.3726,259.173,-0.07,-0.366,0.141,0.8649,132.986,99.0,5.02,115.03452036353774,neo3_calibrated_direct,1,27.4902,-8.06274,-32.6416,43.430322620349024,7,149.82789205692927,yahboom_calibrated_direct,0,3138,2943,2839,0.00977561724330929,0.5462869616729084,0.5463744203257554,127.45599523861452,neo3_calibrated_direct:gyro_integral,1,127.45599523861452,nan,117.333984375,0.0,-215,-65,2038,-1.0295067138671874,-0.3112462158203125,9.758765966796874,9.8178547287823,0,0,0,0.0,0.0,0.0,0.0,0.0,0.0,0.0,-332,1080,21360,-1.82373046875,5.9326171875,117.333984375,98780.82,304.75,1,1,0,0,2568,133,670,1313,1313,1313,1313,7822,F4line=2568;YAH=5252
DIRECT_SERIAL,454,1789354976002757758,2026-09-14T03:02:56.002758+00:00,-1,23956204947973,1789354975800000000,1789354975,800000000,38707720,1789354975806503,1789354975800000,2,4,18.031454090909044,9.898218736225486,gnss_local_enu_direct,18.031454090909044,9.898218736225486,110.4351973,-7.0508159,209.12,5.325,9.038,3,1,15,0,0.3726,259.173,-0.07,-0.366,0.141,0.8649,132.986,99.0,5.02,114.83846771416732,neo3_calibrated_direct,1,27.4414,-8.08716,-32.6172,43.38564655119939,7,149.6345173946396,yahboom_calibrated_direct,0,3150,2955,2820,0.011628086221416853,0.5481316750371549,0.5482550004953989,127.45599523861452,neo3_calibrated_direct:gyro_integral,1,127.45599523861452,nan,117.333984375,0.0,-213,-65,2036,-1.0199299072265624,-0.3112462158203125,9.749189160156249,9.807335035728398,0,0,0,0.0,0.0,0.0,0.0,0.0,0.0,0.0,-332,1080,21360,-1.82373046875,5.9326171875,117.333984375,98778.383,304.75,1,1,0,0,2573,133,672,1316,1316,1316,1316,7839,F4line=2573;YAH=5264
DIRECT_SERIAL,455,1789354976062524612,2026-09-14T03:02:56.062525+00:00,-1,23956264714848,1789354976000000000,1789354976,0,38707930,1789354976016628,1789354976000000,2,4,17.843627185460264,9.853981358364226,gnss_local_enu_direct,17.843627185460264,9.853981358364226,110.4351956,-7.0508163,209.39,5.314,9.021,3,1,15,0,0.4938,242.501,-0.228,-0.438,0.238,0.875,101.529,99.0,4.98,114.65964100054622,neo3_calibrated_direct,1,27.4658,-8.13599,-32.666,43.44688779325971,7,149.45682778331724,yahboom_calibrated_direct,0,3161,2935,2812,0.013227970299280455,0.5451553652488121,0.5453158272577502,127.45599523861452,neo3_calibrated_direct:gyro_integral,1,127.45599523861452,nan,117.333984375,0.0,-213,-65,2036,-1.0199299072265624,-0.3112462158203125,9.749189160156249,9.807335035728398,0,0,0,0.0,0.0,0.0,0.0,0.0,0.0,0.0,-332,1080,21360,-1.82373046875,5.9326171875,117.333984375,98779.297,304.75,1,1,0,0,2582,134,673,1319,1319,1319,1319,7860,F4line=2582;YAH=5276
DIRECT_SERIAL,456,1789354976112569496,2026-09-14T03:02:56.112570+00:00,-1,23956314759658,1789354976000000000,1789354976,0,38707930,1789354976016628,1789354976000000,2,4,17.843627185460264,9.853981358364226,gnss_local_enu_direct,17.843627185460264,9.853981358364226,110.4351956,-7.0508163,209.39,5.314,9.021,3,1,15,0,0.4938,242.501,-0.228,-0.438,0.238,0.875,101.529,99.0,4.98,114.80850376422603,neo3_calibrated_direct,1,27.5146,-8.11768,-32.7393,43.52943494042164,7,149.682958583916,yahboom_calibrated_direct,0,3147,2931,2816,0.01109843793839206,0.5445087793471596,0.5446218744329006,127.45599523861452,neo3_calibrated_direct:gyro_integral,1,127.45599523861452,nan,117.333984375,0.0,-210,-64,2034,-1.005564697265625,-0.3064578125,9.739612353515625,9.796179130047763,0,0,0,0.0,0.0,0.0,0.0,0.0,0.0,0.0,-332,1080,21360,-1.82373046875,5.9326171875,117.333984375,98779.297,304.75,1,1,0,0,2586,134,675,1322,1322,1322,1322,7876,F4line=2586;YAH=5288
DIRECT_SERIAL,457,1789354976163702379,2026-09-14T03:02:56.163702+00:00,-1,23956365892510,1789354976000000000,1789354976,0,38707930,1789354976016628,1789354976000000,2,4,17.843627185460264,9.853981358364226,gnss_local_enu_direct,17.843627185460264,9.853981358364226,110.4351956,-7.0508163,209.39,5.314,9.021,3,1,15,0,0.4938,242.501,-0.228,-0.438,0.238,0.875,101.529,99.0,4.98,114.43456898211424,neo3_calibrated_direct,1,27.4902,-8.19092,-32.7637,43.546094017447764,7,149.78020854846778,yahboom_calibrated_direct,0,3141,2925,2777,0.010172203449338276,0.5435864226650362,0.5436815912174939,127.45599523861452,neo3_calibrated_direct:gyro_integral,1,127.45599523861452,nan,117.333984375,0.0,-210,-65,2029,-1.005564697265625,-0.3112462158203125,9.715670336914062,9.772527035666934,0,0,0,0.0,0.0,0.0,0.0,0.0,0.0,0.0,-332,1080,21360,-1.82373046875,5.9326171875,117.333984375,98781.43,304.75,1,1,0,0,2589,134,676,1325,1325,1325,1325,7891,F4line=2589;YAH=5300
DIRECT_SERIAL,458,1789354976222127887,2026-09-14T03:02:56.222128+00:00,-1,23956424318193,1789354976000000000,1789354976,0,38707930,1789354976016628,1789354976000000,2,4,17.843627185460264,9.853981358364226,gnss_local_enu_direct,17.843627185460264,9.853981358364226,110.4351956,-7.0508163,209.39,5.314,9.021,3,1,15,0,0.4938,242.501,-0.228,-0.438,0.238,0.875,101.529,99.0,4.98,114.4816239631955,neo3_calibrated_direct,1,27.4902,-8.18481,-32.7148,43.50816417427998,7,149.74752637811162,yahboom_calibrated_direct,0,3143,2935,2791,0.010506293436545883,0.5450983386443854,0.5451995790484837,127.45599523861452,neo3_calibrated_direct:gyro_integral,1,127.45599523861452,nan,117.333984375,0.0,-211,-66,2030,-1.0103531005859374,-0.316034619140625,9.720458740234374,9.777934822290328,0,0,0,0.0,0.0,0.0,0.0,0.0,0.0,0.0,-332,1080,21360,-1.82373046875,5.9326171875,117.333984375,98781.43,304.75,1,1,0,0,2591,134,677,1327,1327,1327,1327,7901,F4line=2591;YAH=5308
DIRECT_SERIAL,459,1789354976272429317,2026-09-14T03:02:56.272429+00:00,-1,23956474619623,1789354976200000000,1789354976,200000000,38708123,1789354976210188,1789354976200000,2,4,17.755238754133178,9.92033876562755,gnss_local_enu_direct,17.755238754133178,9.92033876562755,110.4351948,-7.0508157,209.76,5.317,9.01,3,1,15,0,0.1478,313.63,0.102,-0.107,0.741,1.6852,180.0,99.0,5.01,114.35222238239548,neo3_calibrated_direct,1,27.4658,-8.20312,-32.7148,43.49620082736422,7,149.84428700349682,yahboom_calibrated_direct,0,3137,2938,2797,0.009608572249705486,0.5455310036832337,0.5456156161990914,127.45599523861452,neo3_calibrated_direct:gyro_integral,1,127.45599523861452,nan,117.333984375,0.0,-210,-66,2031,-1.005564697265625,-0.316034619140625,9.725247143554688,9.782201707391893,0,0,0,0.0,0.0,0.0,0.0,0.0,0.0,0.0,-332,1080,21360,-1.82373046875,5.9326171875,117.333984375,98778.992,304.75,1,1,0,0,2599,135,678,1330,1330,1330,1330,7921,F4line=2599;YAH=5320
DIRECT_SERIAL,460,1789354976322712642,2026-09-14T03:02:56.322713+00:00,-1,23956524902794,1789354976200000000,1789354976,200000000,38708123,1789354976210188,1789354976200000,2,4,17.755238754133178,9.92033876562755,gnss_local_enu_direct,17.755238754133178,9.92033876562755,110.4351948,-7.0508157,209.76,5.317,9.01,3,1,15,0,0.1478,313.63,0.102,-0.107,0.741,1.6852,180.0,99.0,5.01,114.30573981058807,neo3_calibrated_direct,1,27.4658,-8.22144,-32.6416,43.44463483416105,7,149.7152400444155,yahboom_calibrated_direct,0,3145,2934,2776,0.010805533832159347,0.5449541169647694,0.5450612343198235,127.45599523861452,neo3_calibrated_direct:gyro_integral,1,127.45599523861452,nan,117.333984375,0.0,-214,-63,2039,-1.024718310546875,-0.3016694091796875,9.763554370117188,9.821814801076188,0,0,0,0.0,0.0,0.0,0.0,0.0,0.0,0.0,-332,1080,21360,-1.82373046875,5.9326171875,117.333984375,98778.992,304.75,1,1,0,0,2603,135,680,1333,1333,1333,1333,7937,F4line=2603;YAH=5332
DIRECT_SERIAL,461,1789354976381831426,2026-09-14T03:02:56.381831+00:00,-1,23956584021848,1789354976200000000,1789354976,200000000,38708123,1789354976210188,1789354976200000,2,4,17.755238754133178,9.92033876562755,gnss_local_enu_direct,17.755238754133178,9.92033876562755,110.4351948,-7.0508157,209.76,5.317,9.01,3,1,15,0,0.1478,313.63,0.102,-0.107,0.741,1.6852,180.0,99.0,5.01,114.76293578335635,neo3_calibrated_direct,1,27.4902,-8.12378,-32.666,43.460032829352535,7,149.7474979284249,yahboom_calibrated_direct,0,3143,2936,2827,0.010509461581236258,0.5452488966133823,0.54535017011168,127.45599523861452,neo3_calibrated_direct:gyro_integral,1,127.45599523861452,nan,117.333984375,0.0,-210,-65,2033,-1.005564697265625,-0.3112462158203125,9.734823950195311,9.791569430308178,0,0,0,0.0,0.0,0.0,0.0,0.0,0.0,0.0,-332,1080,21360,-1.82373046875,5.9326171875,117.333984375,98778.688,304.75,1,1,0,0,2609,135,681,1335,1335,1335,1335,7951,F4line=2609;YAH=5340
DIRECT_SERIAL,462,1789354976432701854,2026-09-14T03:02:56.432702+00:00,-1,23956634892162,1789354976200000000,1789354976,200000000,38708123,1789354976210188,1789354976200000,2,4,17.755238754133178,9.92033876562755,gnss_local_enu_direct,17.755238754133178,9.92033876562755,110.4351948,-7.0508157,209.76,5.317,9.01,3,1,15,0,0.1478,313.63,0.102,-0.107,0.741,1.6852,180.0,99.0,5.01,114.98755753957528,neo3_calibrated_direct,1,27.4902,-8.08105,-32.5684,43.37874068829684,7,149.63444559916974,yahboom_calibrated_direct,0,3150,2929,2850,0.011545714459467069,0.5442171678432369,0.544339626793506,127.45599523861452,neo3_calibrated_direct:gyro_integral,1,127.45599523861452,nan,117.333984375,0.0,-212,-65,2033,-1.01514150390625,-0.3112462158203125,9.734823950195311,9.792557573030232,0,0,0,0.0,0.0,0.0,0.0,0.0,0.0,0.0,-332,1080,21360,-1.82373046875,5.9326171875,117.333984375,98778.688,304.75,1,1,0,0,2612,135,682,1338,1338,1338,1338,7966,F4line=2612;YAH=5352
DIRECT_SERIAL,463,1789354976501559598,2026-09-14T03:02:56.501559+00:00,-1,23956703750003,1789354976400000000,1789354976,400000000,38708322,1789354976409171,1789354976400000,2,4,17.711045323958817,10.030934177874734,gnss_local_enu_direct,17.711045323958817,10.030934177874734,110.4351944,-7.0508147,210.22,5.322,8.997,3,1,15,0,0.1455,287.19,0.043,-0.139,0.399,1.5322,180.0,99.0,5.01,114.65964100054622,neo3_calibrated_direct,1,27.4658,-8.13599,-32.666,43.44688779325971,7,149.537446593526,yahboom_calibrated_direct,0,3156,2931,2842,0.012459276369759346,0.544537292649373,0.5446798111308762,127.45599523861452,neo3_calibrated_direct:gyro_integral,1,127.45599523861452,nan,117.333984375,0.0,-215,-65,2037,-1.0295067138671874,-0.3112462158203125,9.753977563476562,9.813095158489205,0,0,0,0.0,0.0,0.0,0.0,0.0,0.0,0.0,-332,1080,21360,-1.82373046875,5.9326171875,117.333984375,98780.211,304.75,1,1,0,0,2621,136,684,1341,1341,1341,1341,7987,F4line=2621;YAH=5364
DIRECT_SERIAL,464,1789354976552727923,2026-09-14T03:02:56.552728+00:00,-1,23956754918170,1789354976400000000,1789354976,400000000,38708322,1789354976409171,1789354976400000,2,4,17.711045323958817,10.030934177874734,gnss_local_enu_direct,17.711045323958817,10.030934177874734,110.4351944,-7.0508147,210.22,5.322,8.997,3,1,15,0,0.1455,287.19,0.043,-0.139,0.399,1.5322,180.0,99.0,5.01,114.53908129161543,neo3_calibrated_direct,1,27.4902,-8.17871,-32.6416,43.4520016094092,7,149.634484386114,yahboom_calibrated_direct,0,3150,2943,2866,0.011590068485132337,0.5463249794091928,0.5464479049405762,127.45599523861452,neo3_calibrated_direct:gyro_integral,1,127.45599523861452,nan,117.333984375,0.0,-214,-66,2041,-1.024718310546875,-0.316034619140625,9.773131176757811,9.831786129416207,0,0,0,0.0,0.0,0.0,0.0,0.0,0.0,0.0,-332,1080,21360,-1.82373046875,5.9326171875,117.333984375,98777.469,304.75,1,1,0,0,2625,136,685,1344,1344,1344,1344,8003,F4line=2625;YAH=5376
DIRECT_SERIAL,465,1789354976621221474,2026-09-14T03:02:56.621221+00:00,-1,23956823411818,1789354976400000000,1789354976,400000000,38708322,1789354976409171,1789354976400000,2,4,17.711045323958817,10.030934177874734,gnss_local_enu_direct,17.711045323958817,10.030934177874734,110.4351944,-7.0508147,210.22,5.322,8.997,3,1,15,0,0.1455,287.19,0.043,-0.139,0.399,1.5322,180.0,99.0,5.01,115.06595163214449,neo3_calibrated_direct,1,27.4902,-8.06274,-32.5684,43.37533343857543,7,149.69934077131091,yahboom_calibrated_direct,0,3146,2917,2838,0.01090287964257487,0.5423977996365134,0.5425073693831557,127.45599523861452,neo3_calibrated_direct:gyro_integral,1,127.45599523861452,nan,117.333984375,0.0,-210,-65,2038,-1.005564697265625,-0.3112462158203125,9.758765966796874,9.815373032236844,0,0,0,0.0,0.0,0.0,0.0,0.0,0.0,0.0,-332,1080,21360,-1.82373046875,5.9326171875,117.333984375,98777.469,304.75,1,1,0,0,2629,136,687,1347,1347,1347,1347,8019,F4line=2629;YAH=5388
DIRECT_SERIAL,466,1789354976672937481,2026-09-14T03:02:56.672937+00:00,-1,23956875127710,1789354976600000000,1789354976,600000000,38708524,1789354976610484,1789354976600000,2,4,17.611608338425945,10.064113298027507,gnss_local_enu_direct,17.611608338425945,10.064113298027507,110.4351935,-7.0508144,210.65,5.327,8.983,3,1,15,0,0.3753,244.596,-0.161,-0.339,0.063,1.0189,155.551,99.0,5.0,114.88182394295825,neo3_calibrated_direct,1,27.5146,-8.11768,-32.5684,43.401044000143585,7,149.7476974068228,yahboom_calibrated_direct,0,3143,2929,2850,0.010487284568403624,0.5441949908304043,0.5442960326720401,127.45599523861452,neo3_calibrated_direct:gyro_integral,1,127.45599523861452,nan,117.333984375,0.0,-209,-66,2031,-1.0007762939453124,-0.316034619140625,9.725247143554688,9.781710641510353,0,0,0,0.0,0.0,0.0,0.0,0.0,0.0,0.0,-332,1080,21360,-1.82373046875,5.9326171875,117.333984375,98776.242,304.75,1,1,0,0,2637,137,688,1350,1350,1350,1350,8039,F4line=2637;YAH=5400
DIRECT_SERIAL,467,1789354976734963199,2026-09-14T03:02:56.734963+00:00,-1,23956937153354,1789354976600000000,1789354976,600000000,38708524,1789354976610484,1789354976600000,2,4,17.611608338425945,10.064113298027507,gnss_local_enu_direct,17.611608338425945,10.064113298027507,110.4351935,-7.0508144,210.65,5.327,8.983,3,1,15,0,0.3753,244.596,-0.161,-0.339,0.063,1.0189,155.551,99.0,5.0,114.61712838076596,neo3_calibrated_direct,1,27.4902,-8.1604,-32.6416,43.44855894917575,7,149.61826826525083,yahboom_calibrated_direct,0,3151,2929,2902,0.011696918729618989,0.5442203359879274,0.5443460223153834,127.45599523861452,neo3_calibrated_direct:gyro_integral,1,127.45599523861452,nan,117.333984375,0.0,-208,-64,2034,-0.9959878906249999,-0.3064578125,9.739612353515625,9.795200715956161,0,0,0,0.0,0.0,0.0,0.0,0.0,0.0,0.0,-332,1080,21360,-1.82373046875,5.9326171875,117.333984375,98776.242,304.75,1,1,0,0,2642,137,690,1353,1353,1353,1353,8056,F4line=2642;YAH=5412
DIRECT_SERIAL,468,1789354976792914109,2026-09-14T03:02:56.792914+00:00,-1,23956995104369,1789354976600000000,1789354976,600000000,38708524,1789354976610484,1789354976600000,2,4,17.611608338425945,10.064113298027507,gnss_local_enu_direct,17.611608338425945,10.064113298027507,110.4351935,-7.0508144,210.65,5.327,8.983,3,1,15,0,0.3753,244.596,-0.161,-0.339,0.063,1.0189,155.551,99.0,5.0,114.90519526099719,neo3_calibrated_direct,1,27.4658,-8.08105,-32.6416,43.41828634691263,7,149.63445948609274,yahboom_calibrated_direct,0,3150,2934,2910,0.01156155518291895,0.5449699576882212,0.5450925832745749,127.45599523861452,neo3_calibrated_direct:gyro_integral,1,127.45599523861452,nan,117.333984375,0.0,-216,-64,2035,-1.0342951171875,-0.3064578125,9.744400756835937,9.803929257706063,0,0,0,0.0,0.0,0.0,0.0,0.0,0.0,0.0,-332,1080,21360,-1.82373046875,5.9326171875,117.333984375,98782.961,304.75,1,1,0,0,2649,137,691,1356,1356,1356,1356,8075,F4line=2649;YAH=5424
DIRECT_SERIAL,469,1789354976846005463,2026-09-14T03:02:56.846005+00:00,-1,23957048195621,1789354976800000000,1789354976,800000000,38708723,1789354976808716,1789354976800000,2,4,17.512171301025536,10.064113998966569,gnss_local_enu_direct,17.512171301025536,10.064113998966569,110.4351926,-7.0508144,211.07,5.334,8.986,3,1,14,0,0.6078,239.004,-0.313,-0.521,-0.425,1.9142,180.0,99.0,5.01,114.74736760408658,neo3_calibrated_direct,1,27.4902,-8.12988,-32.6416,43.44283710134963,7,149.63444837962692,yahboom_calibrated_direct,0,3150,2930,2895,0.011548882604157446,0.5443677258122338,0.5444902180897173,127.45599523861452,neo3_calibrated_direct:gyro_integral,1,127.45599523861452,nan,117.333984375,0.0,-214,-64,2034,-1.024718310546875,-0.3064578125,9.739612353515625,9.798163746517329,0,0,0,0.0,0.0,0.0,0.0,0.0,0.0,0.0,-332,1080,21360,-1.82373046875,5.9326171875,117.333984375,98782.961,304.75,1,1,0,0,2658,138,693,1359,1359,1359,1359,8096,F4line=2658;YAH=5436
DIRECT_SERIAL,470,1789354976900583861,2026-09-14T03:02:56.900584+00:00,-1,23957102774253,1789354976800000000,1789354976,800000000,38708723,1789354976808716,1789354976800000,2,4,17.512171301025536,10.064113998966569,gnss_local_enu_direct,17.512171301025536,10.064113998966569,110.4351926,-7.0508144,211.07,5.334,8.986,3,1,14,0,0.6078,239.004,-0.313,-0.521,-0.425,1.9142,180.0,99.0,5.01,114.71079411522167,neo3_calibrated_direct,1,27.4902,-8.13599,-32.666,43.46231684252577,7,149.5534620330076,yahboom_calibrated_direct,0,3155,2925,2924,0.012289063231465166,0.5436307766907015,0.5437696593599557,127.45599523861452,neo3_calibrated_direct:gyro_integral,1,127.45599523861452,nan,117.333984375,0.0,-213,-65,2033,-1.0199299072265624,-0.3112462158203125,9.734823950195311,9.793055119002133,0,0,0,0.0,0.0,0.0,0.0,0.0,0.0,0.0,-332,1080,21360,-1.82373046875,5.9326171875,117.333984375,98779.602,304.75,1,1,0,0,2661,138,694,1361,1361,1361,1361,8107,F4line=2661;YAH=5444
DIRECT_SERIAL,471,1789354976953101722,2026-09-14T03:02:56.953102+00:00,-1,23957155292156,1789354976800000000,1789354976,800000000,38708723,1789354976808716,1789354976800000,2,4,17.512171301025536,10.064113998966569,gnss_local_enu_direct,17.512171301025536,10.064113998966569,110.4351926,-7.0508144,211.07,5.334,8.986,3,1,14,0,0.6078,239.004,-0.313,-0.521,-0.425,1.9142,180.0,99.0,5.01,114.30967620171215,neo3_calibrated_direct,1,27.4902,-8.21533,-32.8125,43.587416754137884,7,149.69917382552046,yahboom_calibrated_direct,0,3146,2928,2892,0.01093772923416901,0.5440539372954786,0.5441638729349023,127.45599523861452,neo3_calibrated_direct:gyro_integral,1,127.45599523861452,nan,117.333984375,0.0,-212,-65,2035,-1.01514150390625,-0.3112462158203125,9.744400756835937,9.802077973044302,0,0,0,0.0,0.0,0.0,0.0,0.0,0.0,0.0,-332,1080,21360,-1.82373046875,5.9326171875,117.333984375,98783.57,304.75,1,1,0,0,2664,138,695,1364,1364,1364,1364,8122,F4line=2664;YAH=5456
DIRECT_SERIAL,472,1789354977020208703,2026-09-14T03:02:57.020209+00:00,-1,23957222398989,1789354976800000000,1789354976,800000000,38708723,1789354976808716,1789354976800000,2,4,17.512171301025536,10.064113998966569,gnss_local_enu_direct,17.512171301025536,10.064113998966569,110.4351926,-7.0508144,211.07,5.334,8.986,3,1,14,0,0.6078,239.004,-0.313,-0.521,-0.425,1.9142,180.0,99.0,5.01,114.5877556780116,neo3_calibrated_direct,1,27.4414,-8.14819,-32.5928,43.3787280366322,7,149.66675829376157,yahboom_calibrated_direct,0,3148,2936,2848,0.011265482931995861,0.5452647373368341,0.5453811005972775,127.45599523861452,neo3_calibrated_direct:gyro_integral,1,127.45599523861452,nan,117.333984375,0.0,-212,-66,2038,-1.01514150390625,-0.316034619140625,9.758765966796874,9.816511770897101,0,0,0,0.0,0.0,0.0,0.0,0.0,0.0,0.0,-332,1080,21360,-1.82373046875,5.9326171875,117.333984375,98783.57,304.75,1,1,0,0,2668,138,697,1367,1367,1367,1367,8138,F4line=2668;YAH=5468
DIRECT_SERIAL,473,1789354977073405197,2026-09-14T03:02:57.073405+00:00,-1,23957275595483,1789354977000000000,1789354977,0,38708931,1789354977017841,1789354977000000,2,4,17.490075334341753,10.174709501066884,gnss_local_enu_direct,17.490075334341753,10.174709501066884,110.4351924,-7.0508134,211.57,5.343,8.976,3,1,15,0,0.242,20.307,0.227,0.084,0.53,1.935,180.0,99.0,4.98,114.76940861844119,neo3_calibrated_direct,1,27.4658,-8.11768,-32.5928,43.388449039605,7,149.5212464522504,yahboom_calibrated_direct,0,3157,2930,2834,0.012607312495220891,0.5443899028250665,0.5445358671623363,127.45599523861452,neo3_calibrated_direct:gyro_integral,1,127.45599523861452,nan,117.333984375,0.0,-209,-65,2035,-1.0007762939453124,-0.3112462158203125,9.744400756835937,9.80060067073494,0,0,0,0.0,0.0,0.0,0.0,0.0,0.0,0.0,-332,1080,21360,-1.82373046875,5.9326171875,117.333984375,98778.078,304.75,1,1,0,0,2677,139,698,1370,1370,1370,1370,8159,F4line=2677;YAH=5480
DIRECT_SERIAL,474,1789354977139965725,2026-09-14T03:02:57.139966+00:00,-1,23957342156085,1789354977000000000,1789354977,0,38708931,1789354977017841,1789354977000000,2,4,17.490075334341753,10.174709501066884,gnss_local_enu_direct,17.490075334341753,10.174709501066884,110.4351924,-7.0508134,211.57,5.343,8.976,3,1,15,0,0.242,20.307,0.227,0.084,0.53,1.935,180.0,99.0,4.98,114.37215226286995,neo3_calibrated_direct,1,27.5146,-8.22754,-32.666,43.49497883217786,7,149.2950948807334,yahboom_calibrated_direct,0,3171,2932,2854,0.014730508566728532,0.5447353727887254,0.5449345045506901,127.45599523861452,neo3_calibrated_direct:gyro_integral,1,127.45599523861452,nan,117.333984375,0.0,-211,-64,2035,-1.0103531005859374,-0.3064578125,9.744400756835937,9.801432338619223,0,0,0,0.0,0.0,0.0,0.0,0.0,0.0,0.0,-332,1080,21360,-1.82373046875,5.9326171875,117.333984375,98778.078,304.75,1,1,0,0,2681,139,700,1373,1373,1373,1373,8175,F4line=2681;YAH=5492
DIRECT_SERIAL,475,1789354977193471253,2026-09-14T03:02:57.193471+00:00,-1,23957395661610,1789354977000000000,1789354977,0,38708931,1789354977017841,1789354977000000,2,4,17.490075334341753,10.174709501066884,gnss_local_enu_direct,17.490075334341753,10.174709501066884,110.4351924,-7.0508134,211.57,5.343,8.976,3,1,15,0,0.242,20.307,0.227,0.084,0.53,1.935,180.0,99.0,4.98,114.3147669376227,neo3_calibrated_direct,1,27.5146,-8.23364,-32.7393,43.55120899928726,7,149.50553746348007,yahboom_calibrated_direct,0,3158,2942,2820,0.012796534501657327,0.546199766597719,0.5463496465878374,127.45599523861452,neo3_calibrated_direct:gyro_integral,1,127.45599523861452,nan,117.333984375,0.0,-213,-65,2035,-1.0199299072265624,-0.3112462158203125,9.744400756835937,9.802575035792506,0,0,0,0.0,0.0,0.0,0.0,0.0,0.0,0.0,-332,1080,21360,-1.82373046875,5.9326171875,117.333984375,98782.047,304.75,1,1,0,0,2684,139,701,1376,1376,1376,1376,8190,F4line=2684;YAH=5504
DIRECT_SERIAL,476,1789354977245938722,2026-09-14T03:02:57.245939+00:00,-1,23957448128879,1789354977200000000,1789354977,200000000,38709123,1789354977208904,1789354977200000,2,4,17.456929559708218,10.2410664941858,gnss_local_enu_direct,17.456929559708218,10.2410664941858,110.4351921,-7.0508128,211.67,5.352,8.979,3,1,14,0,0.1397,350.942,0.138,-0.022,0.832,1.9779,180.0,99.0,5.01,114.39312396205533,neo3_calibrated_direct,1,27.4902,-8.20312,-32.7393,43.53003604712957,7,149.6184412747758,yahboom_calibrated_direct,0,3151,2953,2884,0.011772954202188022,0.5478337272438517,0.5479602131145451,127.45599523861452,neo3_calibrated_direct:gyro_integral,1,127.45599523861452,nan,117.333984375,0.0,-214,-65,2033,-1.024718310546875,-0.3112462158203125,9.734823950195311,9.793554980911107,0,0,0,0.0,0.0,0.0,0.0,0.0,0.0,0.0,-332,1080,21360,-1.82373046875,5.9326171875,117.333984375,98782.047,304.75,1,1,0,0,2693,140,703,1379,1379,1379,1379,8211,F4line=2693;YAH=5516
DIRECT_SERIAL,477,1789354977299592578,2026-09-14T03:02:57.299593+00:00,-1,23957501782846,1789354977200000000,1789354977,200000000,38709123,1789354977208904,1789354977200000,2,4,17.456929559708218,10.2410664941858,gnss_local_enu_direct,17.456929559708218,10.2410664941858,110.4351921,-7.0508128,211.67,5.352,8.979,3,1,14,0,0.1397,350.942,0.138,-0.022,0.832,1.9779,180.0,99.0,5.01,114.09819463668032,neo3_calibrated_direct,1,27.4658,-8.27026,-32.6416,43.45389994773311,7,149.6989628133983,yahboom_calibrated_direct,0,3146,2942,2884,0.01098208325983428,0.5461617488614344,0.5462721501889937,127.45599523861452,neo3_calibrated_direct:gyro_integral,1,127.45599523861452,nan,117.333984375,0.0,-212,-64,2035,-1.01514150390625,-0.3064578125,9.744400756835937,9.801927094894152,0,0,0,0.0,0.0,0.0,0.0,0.0,0.0,0.0,-332,1080,21360,-1.82373046875,5.9326171875,117.333984375,98777.773,304.75,1,1,0,0,2696,140,704,1381,1381,1381,1381,8222,F4line=2696;YAH=5524
DIRECT_SERIAL,478,1789354977353521244,2026-09-14T03:02:57.353521+00:00,-1,23957555711512,1789354977200000000,1789354977,200000000,38709123,1789354977208904,1789354977200000,2,4,17.456929559708218,10.2410664941858,gnss_local_enu_direct,17.456929559708218,10.2410664941858,110.4351921,-7.0508128,211.67,5.352,8.979,3,1,14,0,0.1397,350.942,0.138,-0.022,0.832,1.9779,180.0,99.0,5.01,114.52392287936173,neo3_calibrated_direct,1,27.4658,-8.1604,-32.7148,43.488164330539405,7,149.73146934872273,yahboom_calibrated_direct,0,3144,2931,2886,0.010644825127936297,0.5444992749130885,0.5446033168122312,127.45599523861452,neo3_calibrated_direct:gyro_integral,1,127.45599523861452,nan,117.333984375,0.0,-214,-65,2030,-1.024718310546875,-0.3112462158203125,9.720458740234374,9.779276043932462,0,0,0,0.0,0.0,0.0,0.0,0.0,0.0,0.0,-332,1081,21360,-1.82373046875,5.9381103515625,117.333984375,98780.516,304.75,1,1,0,0,2699,140,705,1384,1384,1384,1384,8237,F4line=2699;YAH=5536
DIRECT_SERIAL,479,1789354977419290392,2026-09-14T03:02:57.419290+00:00,-1,23957621480607,1789354977200000000,1789354977,200000000,38709123,1789354977208904,1789354977200000,2,4,17.456929559708218,10.2410664941858,gnss_local_enu_direct,17.456929559708218,10.2410664941858,110.4351921,-7.0508128,211.67,5.352,8.979,3,1,14,0,0.1397,350.942,0.138,-0.022,0.832,1.9779,180.0,99.0,5.01,114.39263132867201,neo3_calibrated_direct,1,27.5146,-8.21533,-32.7148,43.52933492725222,7,149.7478690043029,yahboom_calibrated_direct,0,3143,2923,2842,0.010468275700261365,0.5432916430164233,0.5433924863002997,127.45599523861452,neo3_calibrated_direct:gyro_integral,1,127.45599523861452,nan,117.333984375,0.0,-212,-65,2036,-1.01514150390625,-0.3112462158203125,9.749189160156249,9.806838214242326,0,0,0,0.0,0.0,0.0,0.0,0.0,0.0,0.0,-332,1081,21360,-1.82373046875,5.9381103515625,117.333984375,98780.516,304.75,1,1,0,0,2706,140,707,1387,1387,1387,1387,8256,F4line=2706;YAH=5548
DIRECT_SERIAL,480,1789354977473658173,2026-09-14T03:02:57.473658+00:00,-1,23957675848389,1789354977400000000,1789354977,400000000,38709322,1789354977409067,1789354977400000,2,4,17.42378359297916,10.296363905359113,gnss_local_enu_direct,17.42378359297916,10.296363905359113,110.4351918,-7.0508123,211.7,5.359,8.983,3,1,14,0,0.2801,24.918,0.254,0.118,0.735,2.0068,180.0,99.0,5.01,114.32994695955128,neo3_calibrated_direct,1,27.5391,-8.23975,-32.7393,43.56784678363736,7,149.82829732341608,yahboom_calibrated_direct,0,3138,2935,2907,0.00975027208578628,0.5450824979209336,0.5451696959163004,127.45599523861452,neo3_calibrated_direct:gyro_integral,1,127.45599523861452,nan,117.333984375,0.0,-210,-64,2035,-1.005564697265625,-0.3064578125,9.744400756835937,9.800939896818772,0,0,0,0.0,0.0,0.0,0.0,0.0,0.0,0.0,-332,1081,21360,-1.82373046875,5.9381103515625,117.333984375,98778.992,304.75,1,1,0,0,2714,141,708,1390,1390,1390,1390,8276,F4line=2714;YAH=5560
DIRECT_SERIAL,481,1789354977538998137,2026-09-14T03:02:57.538998+00:00,-1,23957741188509,1789354977400000000,1789354977,400000000,38709322,1789354977409067,1789354977400000,2,4,17.42378359297916,10.296363905359113,gnss_local_enu_direct,17.42378359297916,10.296363905359113,110.4351918,-7.0508123,211.7,5.359,8.983,3,1,14,0,0.2801,24.918,0.254,0.118,0.735,2.0068,180.0,99.0,5.01,114.40425377230268,neo3_calibrated_direct,1,27.4658,-8.19092,-32.6904,43.47555166120839,7,150.02166152433074,yahboom_calibrated_direct,0,3126,2940,2945,0.007951661567415114,0.5457972700296333,0.5458551904062864,127.45599523861452,neo3_calibrated_direct:gyro_integral,1,127.45599523861452,nan,117.333984375,0.0,-211,-66,2032,-1.0103531005859374,-0.316034619140625,9.730035546875,9.78745539002912,0,0,0,0.0,0.0,0.0,0.0,0.0,0.0,0.0,-332,1081,21360,-1.82373046875,5.9381103515625,117.333984375,98778.992,304.75,1,1,0,0,2718,141,710,1393,1393,1393,1393,8292,F4line=2718;YAH=5572
DIRECT_SERIAL,482,1789354977593666677,2026-09-14T03:02:57.593667+00:00,-1,23957795856900,1789354977400000000,1789354977,400000000,38709322,1789354977409067,1789354977400000,2,4,17.42378359297916,10.296363905359113,gnss_local_enu_direct,17.42378359297916,10.296363905359113,110.4351918,-7.0508123,211.7,5.359,8.983,3,1,14,0,0.2801,24.918,0.254,0.118,0.735,2.0068,180.0,99.0,5.01,114.45067322650044,neo3_calibrated_direct,1,27.4902,-8.19702,-32.6416,43.455451711843935,7,149.74752637811162,yahboom_calibrated_direct,0,3143,2935,2911,0.010506293436545883,0.5450983386443854,0.5451995790484837,127.45599523861452,neo3_calibrated_direct:gyro_integral,1,127.45599523861452,nan,117.333984375,0.0,-214,-65,2035,-1.024718310546875,-0.3112462158203125,9.744400756835937,9.80307441227788,0,0,0,0.0,0.0,0.0,0.0,0.0,0.0,0.0,-332,1081,21360,-1.82373046875,5.9381103515625,117.333984375,98778.383,305.0,1,1,0,0,2722,141,711,1396,1396,1396,1396,8308,F4line=2722;YAH=5584
DIRECT_SERIAL,483,1789354977645888999,2026-09-14T03:02:57.645889+00:00,-1,23957848079134,1789354977600000000,1789354977,600000000,38709524,1789354977610520,1789354977600000,2,4,17.467979209663547,10.484375364839408,gnss_local_enu_direct,17.467979209663547,10.484375364839408,110.4351922,-7.0508106,211.99,5.371,8.993,3,1,14,0,0.4373,7.093,0.434,0.054,0.674,2.0597,180.0,99.0,5.0,113.87565708177505,neo3_calibrated_direct,1,27.5391,-8.34961,-32.7148,43.57035867424206,7,149.73127738386017,yahboom_calibrated_direct,0,3144,2939,2844,0.010670170285459307,0.5457037386650632,0.5458080458613158,127.45599523861452,neo3_calibrated_direct:gyro_integral,1,127.45599523861452,nan,117.333984375,0.0,-215,-64,2037,-1.0295067138671874,-0.3064578125,9.753977563476562,9.812944449732917,0,0,0,0.0,0.0,0.0,0.0,0.0,0.0,0.0,-332,1081,21360,-1.82373046875,5.9381103515625,117.333984375,98778.383,305.0,1,1,0,0,2731,142,713,1399,1399,1399,1399,8329,F4line=2731;YAH=5596
DIRECT_SERIAL,484,1789354977698673916,2026-09-14T03:02:57.698674+00:00,-1,23957900864348,1789354977600000000,1789354977,600000000,38709524,1789354977610520,1789354977600000,2,4,17.467979209663547,10.484375364839408,gnss_local_enu_direct,17.467979209663547,10.484375364839408,110.4351922,-7.0508106,211.99,5.371,8.993,3,1,14,0,0.4373,7.093,0.434,0.054,0.674,2.0597,180.0,99.0,5.0,114.47542011657593,neo3_calibrated_direct,1,27.5146,-8.19092,-32.7637,43.56150159597807,7,149.65058793616137,yahboom_calibrated_direct,0,3149,2950,2797,0.011461041227813051,0.5473757170474803,0.5474956904663898,127.45599523861452,neo3_calibrated_direct:gyro_integral,1,127.45599523861452,nan,117.333984375,0.0,-212,-64,2039,-1.01514150390625,-0.3064578125,9.763554370117188,9.820968516497228,0,0,0,0.0,0.0,0.0,0.0,0.0,0.0,0.0,-332,1081,21360,-1.82373046875,5.9381103515625,117.333984375,98782.352,305.0,1,1,0,0,2734,142,714,1401,1401,1401,1401,8340,F4line=2734;YAH=5604
DIRECT_SERIAL,485,1789354977754067456,2026-09-14T03:02:57.754067+00:00,-1,23957956257870,1789354977600000000,1789354977,600000000,38709524,1789354977610520,1789354977600000,2,4,17.467979209663547,10.484375364839408,gnss_local_enu_direct,17.467979209663547,10.484375364839408,110.4351922,-7.0508106,211.99,5.371,8.993,3,1,14,0,0.4373,7.093,0.434,0.054,0.674,2.0597,180.0,99.0,5.0,114.13376052341893,neo3_calibrated_direct,1,27.4902,-8.26416,-32.7148,43.52316136938584,7,149.68290548556175,yahboom_calibrated_direct,0,3147,2936,2803,0.01111427866184394,0.5452615691921437,0.5453748307614242,127.45599523861452,neo3_calibrated_direct:gyro_integral,1,127.45599523861452,nan,117.333984375,0.0,-214,-64,2035,-1.024718310546875,-0.3064578125,9.744400756835937,9.802923549464063,0,0,0,0.0,0.0,0.0,0.0,0.0,0.0,0.0,-332,1081,21360,-1.82373046875,5.9381103515625,117.333984375,98778.383,305.0,1,1,0,0,2742,142,715,1404,1404,1404,1404,8360,F4line=2742;YAH=5616
DIRECT_SERIAL,486,1789354977818364071,2026-09-14T03:02:57.818364+00:00,-1,23958020554318,1789354977600000000,1789354977,600000000,38709524,1789354977610520,1789354977600000,2,4,17.467979209663547,10.484375364839408,gnss_local_enu_direct,17.467979209663547,10.484375364839408,110.4351922,-7.0508106,211.99,5.371,8.993,3,1,14,0,0.4373,7.093,0.434,0.054,0.674,2.0597,180.0,99.0,5.0,114.66480695560382,neo3_calibrated_direct,1,27.4658,-8.12988,-32.6904,43.464092888433775,7,149.7314212779293,yahboom_calibrated_direct,0,3144,2933,2817,0.01065116141731705,0.5448003908510821,0.5449044990739474,127.45599523861452,neo3_calibrated_direct:gyro_integral,1,127.45599523861452,nan,117.333984375,0.0,-212,-65,2033,-1.01514150390625,-0.3112462158203125,9.734823950195311,9.792557573030232,0,0,0,0.0,0.0,0.0,0.0,0.0,0.0,0.0,-332,1081,21360,-1.82373046875,5.9381103515625,117.333984375,98778.383,305.0,1,1,0,0,2746,142,717,1407,1407,1407,1407,8376,F4line=2746;YAH=5628
DIRECT_SERIAL,487,1789354977876190569,2026-09-14T03:02:57.876190+00:00,-1,23958078381055,1789354977800000000,1789354977,800000000,38709721,1789354977807363,1789354977800000,2,4,17.523223356534544,10.67238673676155,gnss_local_enu_direct,17.523223356534544,10.67238673676155,110.4351927,-7.0508089,212.22,5.384,9.003,3,1,13,0,0.6299,32.025,0.534,0.334,0.564,2.0204,180.0,99.0,5.01,114.18559884602524,neo3_calibrated_direct,1,27.4902,-8.25195,-32.7148,43.520844590638404,7,149.5859471394731,yahboom_calibrated_direct,0,3153,2931,2806,0.012005663559303584,0.5445277882153019,0.5446601216319659,127.45599523861452,neo3_calibrated_direct:gyro_integral,1,127.45599523861452,nan,117.333984375,0.0,-211,-66,2035,-1.0103531005859374,-0.316034619140625,9.744400756835937,9.801736447088533,0,0,0,0.0,0.0,0.0,0.0,0.0,0.0,0.0,-332,1081,21360,-1.82373046875,5.9381103515625,117.333984375,98782.047,305.0,1,1,0,0,2754,143,718,1410,1410,1410,1410,8396,F4line=2754;YAH=5640
DIRECT_SERIAL,488,1789354977938118593,2026-09-14T03:02:57.938119+00:00,-1,23958140309025,1789354977800000000,1789354977,800000000,38709721,1789354977807363,1789354977800000,2,4,17.523223356534544,10.67238673676155,gnss_local_enu_direct,17.523223356534544,10.67238673676155,110.4351927,-7.0508089,212.22,5.384,9.003,3,1,13,0,0.6299,32.025,0.534,0.334,0.564,2.0204,180.0,99.0,5.01,114.52244089648269,neo3_calibrated_direct,1,27.5146,-8.18481,-32.7148,43.52358518017673,7,149.52128052822962,yahboom_calibrated_direct,0,3157,2931,2795,0.012610480639911267,0.5445404607940634,0.5446864581241032,127.45599523861452,neo3_calibrated_direct:gyro_integral,1,127.45599523861452,nan,117.333984375,0.0,-209,-63,2034,-1.0007762939453124,-0.3016694091796875,9.739612353515625,9.79554012904403,0,0,0,0.0,0.0,0.0,0.0,0.0,0.0,0.0,-332,1081,21360,-1.82373046875,5.9381103515625,117.333984375,98782.047,305.0,1,1,0,0,2758,143,720,1413,1413,1413,1413,8412,F4line=2758;YAH=5652
DIRECT_SERIAL,489,1789354977996090939,2026-09-14T03:02:57.996091+00:00,-1,23958198281199,1789354977800000000,1789354977,800000000,38709721,1789354977807363,1789354977800000,2,4,17.523223356534544,10.67238673676155,gnss_local_enu_direct,17.523223356534544,10.67238673676155,110.4351927,-7.0508089,212.22,5.384,9.003,3,1,13,0,0.6299,32.025,0.534,0.334,0.564,2.0204,180.0,99.0,5.01,114.39320431880311,neo3_calibrated_direct,1,27.4902,-8.20312,-32.7148,43.511612390422854,7,149.53735772749314,yahboom_calibrated_direct,0,3156,2928,2830,0.012449771935688216,0.5440856187423824,0.5442280379983484,127.45599523861452,neo3_calibrated_direct:gyro_integral,1,127.45599523861452,nan,117.333984375,0.0,-211,-65,2037,-1.0103531005859374,-0.3112462158203125,9.753977563476562,9.81110421428344,0,0,0,0.0,0.0,0.0,0.0,0.0,0.0,0.0,-332,1081,21360,-1.82373046875,5.9381103515625,117.333984375,98780.516,305.0,1,1,0,0,2761,143,721,1416,1416,1416,1416,8427,F4line=2761;YAH=5664
DIRECT_SERIAL,490,1789354978046337838,2026-09-14T03:02:58.046338+00:00,-1,23958248528036,1789354978000000000,1789354978,0,38709931,1789354978017646,1789354978000000,2,4,17.523223356534544,10.67238673676155,gnss_local_enu_direct,17.523223356534544,10.67238673676155,110.4351927,-7.0508089,212.22,5.384,9.003,3,1,13,0,0.6299,32.025,0.534,0.334,0.564,2.0204,180.0,99.0,5.01,114.65467054608366,neo3_calibrated_direct,1,27.4658,-8.14209,-32.5928,43.39302260788133,7,149.32749458291119,yahboom_calibrated_direct,0,3169,2933,2808,0.014431268171115067,0.5448795944683416,0.5450706687843431,127.45599523861452,neo3_calibrated_direct:gyro_integral,1,127.45599523861452,nan,117.333984375,0.0,-214,-64,2038,-1.024718310546875,-0.3064578125,9.758765966796874,9.817203125204513,0,0,0,0.0,0.0,0.0,0.0,0.0,0.0,0.0,-332,1081,21360,-1.82373046875,5.9381103515625,117.333984375,98780.516,305.0,1,1,0,0,2768,143,723,1419,1419,1419,1419,8446,F4line=2768;YAH=5676
DIRECT_SERIAL,491,1789354978097790570,2026-09-14T03:02:58.097790+00:00,-1,23958299980845,1789354978000000000,1789354978,0,38709931,1789354978017646,1789354978000000,2,4,17.556370078148518,10.805100754869457,gnss_local_enu_direct,17.556370078148518,10.805100754869457,110.435193,-7.0508077,212.44,5.398,9.01,3,1,13,0,0.1986,19.712,0.187,0.067,0.604,2.1019,180.0,99.0,4.98,114.56096016894494,neo3_calibrated_direct,1,27.4658,-8.1665,-32.5684,43.37928734373122,7,149.5535124284543,yahboom_calibrated_direct,0,3155,2927,2793,0.012295399520845919,0.5439318926286952,0.5440708415895964,127.45599523861452,neo3_calibrated_direct:gyro_integral,1,127.45599523861452,nan,117.333984375,0.0,-207,-64,2031,-0.9911994873046874,-0.3064578125,9.725247143554688,9.780430707166937,0,0,0,0.0,0.0,0.0,0.0,0.0,0.0,0.0,-332,1081,21360,-1.82373046875,5.9381103515625,117.333984375,98778.992,304.75,1,1,0,0,2774,144,724,1421,1421,1421,1421,8460,F4line=2774;YAH=5684
DIRECT_SERIAL,492,1789354978156109645,2026-09-14T03:02:58.156110+00:00,-1,23958358300057,1789354978000000000,1789354978,0,38709931,1789354978017646,1789354978000000,2,4,17.556370078148518,10.805100754869457,gnss_local_enu_direct,17.556370078148518,10.805100754869457,110.435193,-7.0508077,212.44,5.398,9.01,3,1,13,0,0.1986,19.712,0.187,0.067,0.604,2.1019,180.0,99.0,4.98,114.42904833208648,neo3_calibrated_direct,1,27.5146,-8.20923,-32.6904,43.50984856917914,7,149.53735772749314,yahboom_calibrated_direct,0,3156,2928,2796,0.012449771935688216,0.5440856187423824,0.5442280379983484,127.45599523861452,neo3_calibrated_direct:gyro_integral,1,127.45599523861452,nan,117.333984375,0.0,-215,-67,2037,-1.0295067138671874,-0.32082302246093747,9.753977563476562,9.813403578496237,0,0,0,0.0,0.0,0.0,0.0,0.0,0.0,0.0,-332,1081,21360,-1.82373046875,5.9381103515625,117.333984375,98781.125,304.75,1,1,0,0,2777,144,725,1424,1424,1424,1424,8475,F4line=2777;YAH=5696
DIRECT_SERIAL,493,1789354978217462364,2026-09-14T03:02:58.217462+00:00,-1,23958419652671,1789354978000000000,1789354978,0,38709931,1789354978017646,1789354978000000,2,4,17.556370078148518,10.805100754869457,gnss_local_enu_direct,17.556370078148518,10.805100754869457,110.435193,-7.0508077,212.44,5.398,9.01,3,1,13,0,0.1986,19.712,0.187,0.067,0.604,2.1019,180.0,99.0,4.98,115.07124299191162,neo3_calibrated_direct,1,27.4902,-8.05664,-32.5928,43.3925241944923,7,149.76391074069474,yahboom_calibrated_direct,0,3142,2928,2833,0.010332912153561328,0.5440412647167171,0.5441393817654979,127.45599523861452,neo3_calibrated_direct:gyro_integral,1,127.45599523861452,nan,117.333984375,0.0,-214,-64,2037,-1.024718310546875,-0.3064578125,9.753977563476562,9.812443238848136,0,0,0,0.0,0.0,0.0,0.0,0.0,0.0,0.0,-332,1081,21360,-1.82373046875,5.9381103515625,117.333984375,98781.125,304.75,1,1,0,0,2781,144,727,1427,1427,1427,1427,8491,F4line=2781;YAH=5708
DIRECT_SERIAL,494,1789354978277097929,2026-09-14T03:02:58.277098+00:00,-1,23958479288191,1789354978200000000,1789354978,200000000,38710122,1789354978208851,1789354978200000,2,4,17.611614469971038,10.95993389151259,gnss_local_enu_direct,17.611614469971038,10.95993389151259,110.4351935,-7.0508063,212.76,5.413,9.014,3,1,13,0,0.4186,36.843,0.335,0.251,0.471,2.0644,180.0,99.0,5.02,114.96141223121114,neo3_calibrated_direct,1,27.4902,-8.08716,-32.5684,43.37987933899309,7,149.63443724855992,yahboom_calibrated_direct,0,3150,2926,2816,0.01153621002539594,0.5437654939362464,0.5438878529048797,127.45599523861452,neo3_calibrated_direct:gyro_integral,1,127.45599523861452,nan,117.333984375,0.0,-211,-66,2034,-1.0103531005859374,-0.316034619140625,9.739612353515625,9.796976067395141,0,0,0,0.0,0.0,0.0,0.0,0.0,0.0,0.0,-332,1080,21360,-1.82373046875,5.9326171875,117.333984375,98777.773,304.75,1,1,0,0,2789,145,728,1430,1430,1430,1430,8511,F4line=2789;YAH=5720
DIRECT_SERIAL,495,1789354978337161714,2026-09-14T03:02:58.337162+00:00,-1,23958539352008,1789354978200000000,1789354978,200000000,38710122,1789354978208851,1789354978200000,2,4,17.611614469971038,10.95993389151259,gnss_local_enu_direct,17.611614469971038,10.95993389151259,110.4351935,-7.0508063,212.76,5.413,9.014,3,1,13,0,0.4186,36.843,0.335,0.251,0.471,2.0644,180.0,99.0,5.02,114.65872441575306,neo3_calibrated_direct,1,27.4902,-8.14819,-32.666,43.46460229101493,7,149.58597949911484,yahboom_calibrated_direct,0,3153,2933,2848,0.012011999848684337,0.5448289041532955,0.5449613040769461,127.45599523861452,neo3_calibrated_direct:gyro_integral,1,127.45599523861452,nan,117.333984375,0.0,-210,-67,2033,-1.005564697265625,-0.32082302246093747,9.734823950195311,9.791878528322545,0,0,0,0.0,0.0,0.0,0.0,0.0,0.0,0.0,-332,1080,21360,-1.82373046875,5.9326171875,117.333984375,98777.773,304.75,1,1,0,0,2793,145,730,1433,1433,1433,1433,8527,F4line=2793;YAH=5732
DIRECT_SERIAL,496,1789354978397016953,2026-09-14T03:02:58.397017+00:00,-1,23958599207262,1789354978200000000,1789354978,200000000,38710122,1789354978208851,1789354978200000,2,4,17.611614469971038,10.95993389151259,gnss_local_enu_direct,17.611614469971038,10.95993389151259,110.4351935,-7.0508063,212.76,5.413,9.014,3,1,13,0,0.4186,36.843,0.335,0.251,0.471,2.0644,180.0,99.0,5.02,114.2328137440297,neo3_calibrated_direct,1,27.4658,-8.23364,-32.6904,43.48362047311148,7,149.7150645792808,yahboom_calibrated_direct,0,3145,2943,2858,0.010834047134372735,0.5463091386857409,0.5464165550098806,127.45599523861452,neo3_calibrated_direct:gyro_integral,1,127.45599523861452,nan,117.333984375,0.0,-209,-65,2032,-1.0007762939453124,-0.3112462158203125,9.730035546875,9.78631795625078,0,0,0,0.0,0.0,0.0,0.0,0.0,0.0,0.0,-332,1080,21360,-1.82373046875,5.9326171875,117.333984375,98778.992,304.75,1,1,0,0,2799,145,731,1436,1436,1436,1436,8545,F4line=2799;YAH=5744
DIRECT_SERIAL,497,1789354978456889303,2026-09-14T03:02:58.456889+00:00,-1,23958659079748,1789354978400000000,1789354978,400000000,38710322,1789354978409071,1789354978400000,2,4,17.75524831353894,11.247480596617857,gnss_local_enu_direct,17.75524831353894,11.247480596617857,110.4351948,-7.0508037,213.03,5.429,9.017,3,1,13,0,1.0193,22.01,0.945,0.382,1.252,2.031,114.166,99.0,5.01,114.5542711019007,neo3_calibrated_direct,1,27.5146,-8.19702,-32.5439,43.397578011340684,7,149.747554843519,yahboom_calibrated_direct,0,3143,2934,2776,0.010503125291855505,0.5449477806753886,0.5450489879854176,127.45599523861452,neo3_calibrated_direct:gyro_integral,1,127.45599523861452,nan,117.333984375,0.0,-215,-65,2034,-1.0295067138671874,-0.3112462158203125,9.739612353515625,9.798816616179437,0,0,0,0.0,0.0,0.0,0.0,0.0,0.0,0.0,-332,1080,21360,-1.82373046875,5.9326171875,117.333984375,98780.516,304.75,1,1,0,0,2809,146,733,1439,1439,1439,1439,8567,F4line=2809;YAH=5756
DIRECT_SERIAL,498,1789354978516764560,2026-09-14T03:02:58.516765+00:00,-1,23958718954836,1789354978400000000,1789354978,400000000,38710322,1789354978409071,1789354978400000,2,4,17.75524831353894,11.247480596617857,gnss_local_enu_direct,17.75524831353894,11.247480596617857,110.4351948,-7.0508037,213.03,5.429,9.017,3,1,13,0,1.0193,22.01,0.945,0.382,1.252,2.031,114.166,99.0,5.01,114.88832959102076,neo3_calibrated_direct,1,27.4902,-8.09937,-32.5928,43.40047813419686,7,149.5700680060589,yahboom_calibrated_direct,0,3154,2945,2805,0.012201221855120773,0.546638767925948,0.5467749193355126,127.45599523861452,neo3_calibrated_direct:gyro_integral,1,127.45599523861452,nan,117.333984375,0.0,-214,-64,2038,-1.024718310546875,-0.3064578125,9.758765966796874,9.817203125204513,0,0,0,0.0,0.0,0.0,0.0,0.0,0.0,0.0,-332,1081,21360,-1.82373046875,5.9381103515625,117.333984375,98780.516,304.75,1,1,0,0,2811,146,734,1442,1442,1442,1442,8581,F4line=2811;YAH=5768
DIRECT_SERIAL,499,1789354978576593242,2026-09-14T03:02:58.576593+00:00,-1,23958778783527,1789354978400000000,1789354978,400000000,38710322,1789354978409071,1789354978400000,2,4,17.75524831353894,11.247480596617857,gnss_local_enu_direct,17.75524831353894,11.247480596617857,110.4351948,-7.0508037,213.03,5.429,9.017,3,1,13,0,1.0193,22.01,0.945,0.382,1.252,2.031,114.166,99.0,5.01,114.59708536434376,neo3_calibrated_direct,1,27.4658,-8.14819,-32.666,43.44917405332465,7,149.2961537816712,yahboom_calibrated_direct,0,3171,2943,2840,0.01476535815832267,0.5463915104476907,0.5465909791524669,127.45599523861452,neo3_calibrated_direct:gyro_integral,1,127.45599523861452,nan,117.333984375,0.0,-213,-64,2039,-1.0199299072265624,-0.3064578125,9.763554370117188,9.821464623198105,0,0,0,0.0,0.0,0.0,0.0,0.0,0.0,0.0,-332,1081,21360,-1.82373046875,5.9381103515625,117.333984375,98776.242,305.0,1,1,0,0,2817,146,736,1445,1445,1445,1445,8599,F4line=2817;YAH=5780
DIRECT_SERIAL,500,1789354978632230996,2026-09-14T03:02:58.632231+00:00,-1,23958834421281,1789354978400000000,1789354978,400000000,38710322,1789354978409071,1789354978400000,2,4,17.75524831353894,11.247480596617857,gnss_local_enu_direct,17.75524831353894,11.247480596617857,110.4351948,-7.0508037,213.03,5.429,9.017,3,1,13,0,1.0193,22.01,0.945,0.382,1.252,2.031,114.166,99.0,5.01,114.93007190451098,neo3_calibrated_direct,1,27.4902,-8.08716,-32.6172,43.416528980857045,7,149.71522050520974,yahboom_calibrated_direct,0,3145,2935,2822,0.010808701976849723,0.5451046749337661,0.5452118255073629,127.45599523861452,neo3_calibrated_direct:gyro_integral,1,127.45599523861452,nan,117.333984375,0.0,-209,-66,2033,-1.0007762939453124,-0.316034619140625,9.734823950195311,9.791232221345508,0,0,0,0.0,0.0,0.0,0.0,0.0,0.0,0.0,-332,1081,21360,-1.82373046875,5.9381103515625,117.333984375,98776.242,305.0,1,1,0,0,2819,146,737,1448,1448,1448,1448,8613,F4line=2819;YAH=5792
DIRECT_SERIAL,501,1789354978696239913,2026-09-14T03:02:58.696240+00:00,-1,23958898430203,1789354978600000000,1789354978,600000000,38710524,1789354978610480,1789354978600000,2,4,17.85468710451475,11.501848740596534,gnss_local_enu_direct,17.85468710451475,11.501848740596534,110.4351957,-7.0508014,213.2,5.444,9.021,3,1,13,0,0.8242,37.259,0.656,0.499,0.97,2.0644,143.507,99.0,5.0,115.11309063917584,neo3_calibrated_direct,1,27.4902,-8.04443,-32.6172,43.40859000134535,7,149.84456309416004,yahboom_calibrated_direct,0,3137,2933,2781,0.009592731526253605,0.5447782138382495,0.5448626641374212,127.45599523861452,neo3_calibrated_direct:gyro_integral,1,127.45599523861452,nan,117.333984375,0.0,-211,-65,2034,-1.0103531005859374,-0.3112462158203125,9.739612353515625,9.796822770239352,0,0,0,0.0,0.0,0.0,0.0,0.0,0.0,0.0,-332,1081,21360,-1.82373046875,5.9381103515625,117.333984375,98780.516,305.0,1,1,0,0,2832,147,739,1451,1451,1451,1451,8638,F4line=2832;YAH=5804
DIRECT_SERIAL,502,1789354978756180619,2026-09-14T03:02:58.756181+00:00,-1,23958958370881,1789354978600000000,1789354978,600000000,38710524,1789354978610480,1789354978600000,2,4,17.85468710451475,11.501848740596534,gnss_local_enu_direct,17.85468710451475,11.501848740596534,110.4351957,-7.0508014,213.2,5.444,9.021,3,1,13,0,0.8242,37.259,0.656,0.499,0.97,2.0644,143.507,99.0,5.0,114.3412481533,neo3_calibrated_direct,1,27.4902,-8.21533,-32.7148,43.51391595902281,7,149.71561335152404,yahboom_calibrated_direct,0,3145,2915,2772,0.010745339083042198,0.5420935155538292,0.5422000017682767,127.45599523861452,neo3_calibrated_direct:gyro_integral,1,127.45599523861452,nan,117.333984375,0.0,-214,-65,2032,-1.024718310546875,-0.3112462158203125,9.730035546875,9.788795307201166,0,0,0,0.0,0.0,0.0,0.0,0.0,0.0,0.0,-332,1081,21360,-1.82373046875,5.9381103515625,117.333984375,98781.125,305.0,1,1,0,0,2840,147,740,1454,1454,1454,1454,8658,F4line=2840;YAH=5816
DIRECT_SERIAL,503,1789354978816027420,2026-09-14T03:02:58.816027+00:00,-1,23959018217705,1789354978600000000,1789354978,600000000,38710524,1789354978610480,1789354978600000,2,4,17.85468710451475,11.501848740596534,gnss_local_enu_direct,17.85468710451475,11.501848740596534,110.4351957,-7.0508014,213.2,5.444,9.021,3,1,13,0,0.8242,37.259,0.656,0.499,0.97,2.0644,143.507,99.0,5.0,114.32129775005437,neo3_calibrated_direct,1,27.4658,-8.21533,-32.6416,43.44347899522896,7,149.66680140121952,yahboom_calibrated_direct,0,3148,2929,2738,0.011243305919163227,0.5442108315538562,0.5443269615851594,127.45599523861452,neo3_calibrated_direct:gyro_integral,1,127.45599523861452,nan,117.333984375,0.0,-214,-64,2034,-1.024718310546875,-0.3064578125,9.739612353515625,9.798163746517329,0,0,0,0.0,0.0,0.0,0.0,0.0,0.0,0.0,-332,1081,21360,-1.82373046875,5.9381103515625,117.333984375,98781.125,305.0,1,1,0,0,2844,147,742,1457,1457,1457,1457,8674,F4line=2844;YAH=5828
DIRECT_SERIAL,504,1789354978875877625,2026-09-14T03:02:58.875878+00:00,-1,23959078067993,1789354978800000000,1789354978,800000000,38710720,1789354978806528,1789354978800000,2,4,17.98727255056486,11.767276730978267,gnss_local_enu_direct,17.98727255056486,11.767276730978267,110.4351969,-7.050799,213.57,5.462,9.024,3,1,13,0,0.6738,29.914,0.584,0.336,0.553,1.9289,164.033,99.0,5.02,114.70547329208064,neo3_calibrated_direct,1,27.4902,-8.12988,-32.7148,43.497864130258165,7,150.0068243548178,yahboom_calibrated_direct,0,3127,2927,2774,0.008061679956592141,0.5438431845773647,0.5439029326037617,127.45599523861452,neo3_calibrated_direct:gyro_integral,1,127.45599523861452,nan,117.333984375,0.0,-214,-64,2039,-1.024718310546875,-0.3064578125,9.763554370117188,9.821963039283276,0,0,0,0.0,0.0,0.0,0.0,0.0,0.0,0.0,-332,1081,21360,-1.82373046875,5.9381103515625,117.333984375,98778.383,305.0,1,1,0,0,2853,148,743,1460,1460,1460,1460,8695,F4line=2853;YAH=5840
DIRECT_SERIAL,505,1789354978935772404,2026-09-14T03:02:58.935772+00:00,-1,23959137962745,1789354978800000000,1789354978,800000000,38710720,1789354978806528,1789354978800000,2,4,17.98727255056486,11.767276730978267,gnss_local_enu_direct,17.98727255056486,11.767276730978267,110.4351969,-7.050799,213.57,5.462,9.024,3,1,13,0,0.6738,29.914,0.584,0.336,0.553,1.9289,164.033,99.0,5.02,114.46504609951643,neo3_calibrated_direct,1,27.5391,-8.21533,-32.666,43.508174310339655,7,149.61827551983652,yahboom_calibrated_direct,0,3151,2930,2847,0.011700086874309366,0.5443708939569243,0.5444966135985855,127.45599523861452,neo3_calibrated_direct:gyro_integral,1,127.45599523861452,nan,117.333984375,0.0,-210,-66,2037,-1.005564697265625,-0.316034619140625,9.753977563476562,9.810765339650441,0,0,0,0.0,0.0,0.0,0.0,0.0,0.0,0.0,-332,1081,21360,-1.82373046875,5.9381103515625,117.333984375,98778.383,305.0,1,1,0,0,2857,148,745,1463,1463,1463,1463,8711,F4line=2857;YAH=5852
DIRECT_SERIAL,506,1789354978995558003,2026-09-14T03:02:58.995558+00:00,-1,23959197748293,1789354978800000000,1789354978,800000000,38710720,1789354978806528,1789354978800000,2,4,17.98727255056486,11.767276730978267,gnss_local_enu_direct,17.98727255056486,11.767276730978267,110.4351969,-7.050799,213.57,5.462,9.024,3,1,13,0,0.6738,29.914,0.584,0.336,0.553,1.9289,164.033,99.0,5.02,114.29982522337774,neo3_calibrated_direct,1,27.4902,-8.22754,-32.6904,43.497882277779915,7,149.52121235741856,yahboom_calibrated_direct,0,3157,2929,2824,0.012604144350530514,0.5442393448560696,0.5443852762007555,127.45599523861452,neo3_calibrated_direct:gyro_integral,1,127.45599523861452,nan,117.333984375,0.0,-209,-66,2030,-1.0007762939453124,-0.316034619140625,9.720458740234374,9.776949892047984,0,0,0,0.0,0.0,0.0,0.0,0.0,0.0,0.0,-332,1081,21360,-1.82373046875,5.9381103515625,117.333984375,98779.602,305.0,1,1,0,0,2860,148,746,1466,1466,1466,1466,8726,F4line=2860;YAH=5864
DIRECT_SERIAL,507,1789354979045640640,2026-09-14T03:02:59.045641+00:00,-1,23959247830785,1789354979000000000,1789354979,0,38710930,1789354979016770,1789354979000000,2,4,18.13090712139863,12.076942911743979,gnss_local_enu_direct,18.13090712139863,12.076942911743979,110.4351982,-7.0507962,214.08,5.48,9.024,3,1,12,0,0.6671,31.141,0.571,0.345,0.121,1.4638,125.713,99.0,4.98,114.2742535339981,neo3_calibrated_direct,1,27.4658,-8.22144,-32.6904,43.481312048667526,7,149.40806392993736,yahboom_calibrated_direct,0,3164,2930,2783,0.013665742386284336,0.5444120798378991,0.5445835704356085,127.45599523861452,neo3_calibrated_direct:gyro_integral,1,127.45599523861452,nan,117.333984375,0.0,-212,-64,2033,-1.01514150390625,-0.3064578125,9.734823950195311,9.79240654819292,0,0,0,0.0,0.0,0.0,0.0,0.0,0.0,0.0,-332,1081,21360,-1.82373046875,5.9381103515625,117.333984375,98779.602,305.0,1,1,0,0,2868,149,748,1469,1469,1469,1469,8746,F4line=2868;YAH=5876
DIRECT_SERIAL,508,1789354979096598790,2026-09-14T03:02:59.096599+00:00,-1,23959298788953,1789354979000000000,1789354979,0,38710930,1789354979016770,1789354979000000,2,4,18.13090712139863,12.076942911743979,gnss_local_enu_direct,18.13090712139863,12.076942911743979,110.4351982,-7.0507962,214.08,5.48,9.024,3,1,12,0,0.6671,31.141,0.571,0.345,0.121,1.4638,125.713,99.0,4.98,114.3987046896139,neo3_calibrated_direct,1,27.4902,-8.20923,-32.6416,43.45775654348599,7,149.55378860910326,yahboom_calibrated_direct,0,3155,2938,2777,0.012330249112440059,0.5455880302876605,0.5457273438598655,127.45599523861452,neo3_calibrated_direct:gyro_integral,1,127.45599523861452,nan,117.333984375,0.0,-215,-64,2034,-1.0295067138671874,-0.3064578125,9.739612353515625,9.798665687811482,0,0,0,0.0,0.0,0.0,0.0,0.0,0.0,0.0,-332,1081,21360,-1.82373046875,5.9381103515625,117.333984375,98782.656,305.0,1,1,0,0,2873,149,749,1472,1472,1472,1472,8763,F4line=2873;YAH=5888
DIRECT_SERIAL,509,1789354979155219207,2026-09-14T03:02:59.155219+00:00,-1,23959357409497,1789354979000000000,1789354979,0,38710930,1789354979016770,1789354979000000,2,4,18.13090712139863,12.076942911743979,gnss_local_enu_direct,18.13090712139863,12.076942911743979,110.4351982,-7.0507962,214.08,5.48,9.024,3,1,12,0,0.6671,31.141,0.571,0.345,0.121,1.4638,125.713,99.0,4.98,114.60671244344609,neo3_calibrated_direct,1,27.4902,-8.1604,-32.6416,43.44855894917575,7,149.47287960966807,yahboom_calibrated_direct,0,3160,2933,2785,0.013070429739747782,0.5448510811661281,0.5450078318533418,127.45599523861452,neo3_calibrated_direct:gyro_integral,1,127.45599523861452,nan,117.333984375,0.0,-212,-64,2037,-1.01514150390625,-0.3064578125,9.753977563476562,9.811447751101745,0,0,0,0.0,0.0,0.0,0.0,0.0,0.0,0.0,-332,1081,21360,-1.82373046875,5.9381103515625,117.333984375,98779.297,305.0,1,1,0,0,2876,149,750,1474,1474,1474,1474,8774,F4line=2876;YAH=5896
DIRECT_SERIAL,510,1789354979215131167,2026-09-14T03:02:59.215131+00:00,-1,23959417321402,1789354979000000000,1789354979,0,38710930,1789354979016770,1789354979000000,2,4,18.13090712139863,12.076942911743979,gnss_local_enu_direct,18.13090712139863,12.076942911743979,110.4351982,-7.0507962,214.08,5.48,9.024,3,1,12,0,0.6671,31.141,0.571,0.345,0.121,1.4638,125.713,99.0,4.98,114.88299187790942,neo3_calibrated_direct,1,27.4902,-8.09326,-32.666,43.4543382122844,7,149.40819461791702,yahboom_calibrated_direct,0,3164,2932,2777,0.013672078675665087,0.5447131957758927,0.5448847505552891,127.45599523861452,neo3_calibrated_direct:gyro_integral,1,127.45599523861452,nan,117.333984375,0.0,-213,-64,2032,-1.0199299072265624,-0.3064578125,9.730035546875,9.78814411162548,0,0,0,0.0,0.0,0.0,0.0,0.0,0.0,0.0,-332,1081,21360,-1.82373046875,5.9381103515625,117.333984375,98779.297,305.0,1,1,0,0,2880,149,752,1477,1477,1477,1477,8790,F4line=2880;YAH=5908
DIRECT_SERIAL,511,1789354979274936960,2026-09-14T03:02:59.274937+00:00,-1,23959477127270,1789354979200000000,1789354979,200000000,38711121,1789354979207946,1789354979200000,2,4,18.197200673588288,12.287073794391903,gnss_local_enu_direct,18.197200673588288,12.287073794391903,110.4351988,-7.0507943,214.54,5.479,9.017,3,1,13,0,0.5733,26.52,0.513,0.256,-0.387,1.0341,103.342,99.0,5.02,114.75252161113623,neo3_calibrated_direct,1,27.4902,-8.12378,-32.666,43.460032829352535,7,149.7154556904336,yahboom_calibrated_direct,0,3145,2923,2797,0.010770684240565206,0.543297979305804,0.543404731260945,127.45599523861452,neo3_calibrated_direct:gyro_integral,1,127.45599523861452,nan,117.333984375,0.0,-214,-66,2033,-1.024718310546875,-0.316034619140625,9.734823950195311,9.793708329216347,0,0,0,0.0,0.0,0.0,0.0,0.0,0.0,0.0,-332,1081,21360,-1.82373046875,5.9381103515625,117.333984375,98779.602,305.0,1,1,0,0,2888,150,753,1480,1480,1480,1480,8810,F4line=2888;YAH=5920
DIRECT_SERIAL,512,1789354979334791184,2026-09-14T03:02:59.334791+00:00,-1,23959536981486,1789354979200000000,1789354979,200000000,38711121,1789354979207946,1789354979200000,2,4,18.197200673588288,12.287073794391903,gnss_local_enu_direct,18.197200673588288,12.287073794391903,110.4351988,-7.0507943,214.54,5.479,9.017,3,1,13,0,0.5733,26.52,0.513,0.256,-0.387,1.0341,103.342,99.0,5.02,114.8542428518284,neo3_calibrated_direct,1,27.4414,-8.08105,-32.6172,43.38450805186685,7,149.79602974014622,yahboom_calibrated_direct,0,3140,2934,2864,0.010049512481399743,0.5449382762413175,0.5450309327129721,127.45599523861452,neo3_calibrated_direct:gyro_integral,1,127.45599523861452,nan,117.333984375,0.0,-213,-64,2036,-1.0199299072265624,-0.3064578125,9.749189160156249,9.807184238455275,0,0,0,0.0,0.0,0.0,0.0,0.0,0.0,0.0,-332,1081,21360,-1.82373046875,5.9381103515625,117.333984375,98779.602,305.0,1,1,0,0,2892,150,755,1483,1483,1483,1483,8826,F4line=2892;YAH=5932
DIRECT_SERIAL,513,1789354979394797176,2026-09-14T03:02:59.394797+00:00,-1,23959596987481,1789354979200000000,1789354979,200000000,38711121,1789354979207946,1789354979200000,2,4,18.197200673588288,12.287073794391903,gnss_local_enu_direct,18.197200673588288,12.287073794391903,110.4351988,-7.0507943,214.54,5.479,9.017,3,1,13,0,0.5733,26.52,0.513,0.256,-0.387,1.0341,103.342,99.0,5.02,114.99796401857465,neo3_calibrated_direct,1,27.4902,-8.06885,-32.6416,43.43145734283504,7,149.73149340406343,yahboom_calibrated_direct,0,3144,2930,2839,0.010641656983245922,0.5443487169440916,0.544452725681512,127.45599523861452,neo3_calibrated_direct:gyro_integral,1,127.45599523861452,nan,117.333984375,0.0,-210,-67,2036,-1.005564697265625,-0.32082302246093747,9.749189160156249,9.806160158422662,0,0,0,0.0,0.0,0.0,0.0,0.0,0.0,0.0,-332,1081,21360,-1.82373046875,5.9381103515625,117.333984375,98782.047,305.0,1,1,0,0,2898,150,756,1486,1486,1486,1486,8844,F4line=2898;YAH=5944
DIRECT_SERIAL,514,1789354979445859903,2026-09-14T03:02:59.445860+00:00,-1,23959648050066,1789354979400000000,1789354979,400000000,38711321,1789354979408281,1789354979400000,2,4,18.23034814772408,12.4972047192047,gnss_local_enu_direct,18.23034814772408,12.4972047192047,110.4351991,-7.0507924,215.0,5.474,9.01,3,1,13,0,0.6058,16.101,0.582,0.168,-0.641,1.1969,113.21,99.0,5.02,114.4816735260244,neo3_calibrated_direct,1,27.4902,-8.18481,-32.6904,43.48982022193354,7,149.55348723770723,yahboom_calibrated_direct,0,3155,2926,2820,0.012292231376155543,0.5437813346596984,0.5439202504747253,127.45599523861452,neo3_calibrated_direct:gyro_integral,1,127.45599523861452,nan,117.333984375,0.0,-212,-65,2036,-1.01514150390625,-0.3112462158203125,9.749189160156249,9.806838214242326,0,0,0,0.0,0.0,0.0,0.0,0.0,0.0,0.0,-332,1081,21360,-1.82373046875,5.9381103515625,117.333984375,98782.047,305.0,1,1,0,0,2907,151,758,1489,1489,1489,1489,8865,F4line=2907;YAH=5956
DIRECT_SERIAL,515,1789354979514356179,2026-09-14T03:02:59.514356+00:00,-1,23959716546432,1789354979400000000,1789354979,400000000,38711321,1789354979408281,1789354979400000,2,4,18.23034814772408,12.4972047192047,gnss_local_enu_direct,18.23034814772408,12.4972047192047,110.4351991,-7.0507924,215.0,5.474,9.01,3,1,13,0,0.6058,16.101,0.582,0.168,-0.641,1.1969,113.21,99.0,5.02,114.91958209811149,neo3_calibrated_direct,1,27.4902,-8.08716,-32.6416,43.43486276558958,7,149.58604411121212,yahboom_calibrated_direct,0,3153,2937,2815,0.012024672427445843,0.545431136029283,0.5455636689674098,127.45599523861452,neo3_calibrated_direct:gyro_integral,1,127.45599523861452,nan,117.333984375,0.0,-215,-64,2033,-1.0295067138671874,-0.3064578125,9.734823950195311,9.793906156689278,0,0,0,0.0,0.0,0.0,0.0,0.0,0.0,0.0,-332,1081,21360,-1.82373046875,5.9381103515625,117.333984375,98779.602,305.0,1,1,0,0,2910,151,759,1492,1492,1492,1492,8880,F4line=2910;YAH=5968
DIRECT_SERIAL,516,1789354979574192670,2026-09-14T03:02:59.574193+00:00,-1,23959776382937,1789354979400000000,1789354979,400000000,38711321,1789354979408281,1789354979400000,2,4,18.23034814772408,12.4972047192047,gnss_local_enu_direct,18.23034814772408,12.4972047192047,110.4351991,-7.0507924,215.0,5.474,9.01,3,1,13,0,0.6058,16.101,0.582,0.168,-0.641,1.1969,113.21,99.0,5.02,114.98376414774407,neo3_calibrated_direct,1,27.4658,-8.06274,-32.6172,43.3965399748367,7,149.60218495942934,yahboom_calibrated_direct,0,3152,2937,2798,0.01187346815729392,0.5454279678845926,0.5455571898497887,127.45599523861452,neo3_calibrated_direct:gyro_integral,1,127.45599523861452,nan,117.333984375,0.0,-213,-64,2035,-1.0199299072265624,-0.3064578125,9.744400756835937,9.802424165293106,0,0,0,0.0,0.0,0.0,0.0,0.0,0.0,0.0,-332,1081,21360,-1.82373046875,5.9381103515625,117.333984375,98782.352,305.0,1,1,0,0,2916,151,761,1495,1495,1495,1495,8898,F4line=2916;YAH=5980
DIRECT_SERIAL,517,1789354979632437095,2026-09-14T03:02:59.632437+00:00,-1,23959834627297,1789354979400000000,1789354979,400000000,38711321,1789354979408281,1789354979400000,2,4,18.23034814772408,12.4972047192047,gnss_local_enu_direct,18.23034814772408,12.4972047192047,110.4351991,-7.0507924,215.0,5.474,9.01,3,1,13,0,0.6058,16.101,0.582,0.168,-0.641,1.1969,113.21,99.0,5.02,114.95757057900488,neo3_calibrated_direct,1,27.4658,-8.06885,-32.6172,43.39767558064026,7,149.68289488348012,yahboom_calibrated_direct,0,3147,2937,2785,0.011117446806534318,0.5454121271611406,0.5455254220271832,127.45599523861452,neo3_calibrated_direct:gyro_integral,1,127.45599523861452,nan,117.333984375,0.0,-212,-64,2031,-1.01514150390625,-0.3064578125,9.725247143554688,9.782886111317762,0,0,0,0.0,0.0,0.0,0.0,0.0,0.0,0.0,-332,1081,21360,-1.82373046875,5.9381103515625,117.333984375,98782.352,305.0,1,1,0,0,2918,151,762,1498,1498,1498,1498,8912,F4line=2918;YAH=5992
DIRECT_SERIAL,518,1789354979693911705,2026-09-14T03:02:59.693912+00:00,-1,23959896102010,1789354979600000000,1789354979,600000000,38711524,1789354979610563,1789354979600000,2,4,18.32978851564802,12.762633518325526,gnss_local_enu_direct,18.32978851564802,12.762633518325526,110.4352,-7.05079,215.7,5.489,9.01,3,1,12,0,0.2145,35.32,0.175,0.124,-0.889,1.6689,180.0,99.0,5.0,115.36458971995542,neo3_calibrated_direct,1,27.4902,-7.99561,-32.5195,43.32619018056053,7,149.37587830595405,yahboom_calibrated_direct,0,3166,2932,2818,0.013974487215968927,0.5447195320652736,0.544898756565254,127.45599523861452,neo3_calibrated_direct:gyro_integral,1,127.45599523861452,nan,117.333984375,0.0,-211,-67,2034,-1.0103531005859374,-0.32082302246093747,9.739612353515625,9.797131702511647,0,0,0,0.0,0.0,0.0,0.0,0.0,0.0,0.0,-332,1081,21360,-1.82373046875,5.9381103515625,117.333984375,98780.82,305.0,1,1,0,0,2928,152,764,1501,1501,1501,1501,8934,F4line=2928;YAH=6004
DIRECT_SERIAL,519,1789354979745954499,2026-09-14T03:02:59.745955+00:00,-1,23959948144669,1789354979600000000,1789354979,600000000,38711524,1789354979610563,1789354979600000,2,4,18.32978851564802,12.762633518325526,gnss_local_enu_direct,18.32978851564802,12.762633518325526,110.4352,-7.05079,215.7,5.489,9.01,3,1,12,0,0.2145,35.32,0.175,0.124,-0.889,1.6689,180.0,99.0,5.0,115.02928967722984,neo3_calibrated_direct,1,27.4902,-8.05664,-32.6904,43.465880829561016,7,149.42441422045349,yahboom_calibrated_direct,0,3163,2933,2790,0.013524042550203542,0.5448605856001992,0.5450284006063278,127.45599523861452,neo3_calibrated_direct:gyro_integral,1,127.45599523861452,nan,117.333984375,0.0,-212,-65,2038,-1.01514150390625,-0.3112462158203125,9.758765966796874,9.816358778820609,0,0,0,0.0,0.0,0.0,0.0,0.0,0.0,0.0,-332,1081,21360,-1.82373046875,5.9381103515625,117.333984375,98783.875,305.0,1,1,0,0,2936,152,765,1504,1504,1504,1504,8954,F4line=2936;YAH=6016
DIRECT_SERIAL,520,1789354979799073127,2026-09-14T03:02:59.799073+00:00,-1,23960001263451,1789354979600000000,1789354979,600000000,38711524,1789354979610563,1789354979600000,2,4,18.32978851564802,12.762633518325526,gnss_local_enu_direct,18.32978851564802,12.762633518325526,110.4352,-7.05079,215.7,5.489,9.01,3,1,12,0,0.2145,35.32,0.175,0.124,-0.889,1.6689,180.0,99.0,5.0,114.91579497405162,neo3_calibrated_direct,1,27.4658,-8.08105,-32.5928,43.381610742139344,7,149.5051148587322,yahboom_calibrated_direct,0,3158,2931,2748,0.012761684910063187,0.5445436289387537,0.5446931470282428,127.45599523861452,neo3_calibrated_direct:gyro_integral,1,127.45599523861452,nan,117.333984375,0.0,-214,-65,2036,-1.024718310546875,-0.3112462158203125,9.749189160156249,9.807834169853232,0,0,0,0.0,0.0,0.0,0.0,0.0,0.0,0.0,-332,1081,21360,-1.82373046875,5.9381103515625,117.333984375,98783.875,305.0,1,1,0,0,2938,152,766,1507,1507,1507,1507,8968,F4line=2938;YAH=6028
DIRECT_SERIAL,521,1789354979853568133,2026-09-14T03:02:59.853568+00:00,-1,23960055758652,1789354979800000000,1789354979,800000000,38711721,1789354979807507,1789354979800000,2,4,18.285594801021936,12.79581271277858,gnss_local_enu_direct,18.285594801021936,12.79581271277858,110.4351996,-7.0507897,216.07,5.516,9.017,3,1,11,0,0.0529,74.65,0.014,0.051,-1.216,1.9511,180.0,99.0,5.01,115.16875390854281,neo3_calibrated_direct,1,27.4414,-8.02002,-32.5195,43.299757909374044,7,149.52114411113456,yahboom_calibrated_direct,0,3157,2927,2742,0.012597808061149761,0.543938228918076,0.5440840942781536,127.45599523861452,neo3_calibrated_direct:gyro_integral,1,127.45599523861452,nan,117.333984375,0.0,-210,-64,2035,-1.005564697265625,-0.3064578125,9.744400756835937,9.800939896818772,0,0,0,0.0,0.0,0.0,0.0,0.0,0.0,0.0,-332,1080,21360,-1.82373046875,5.9326171875,117.333984375,98776.859,305.0,1,1,0,0,2948,153,768,1509,1509,1509,1509,8986,F4line=2948;YAH=6036
DIRECT_SERIAL,522,1789354979913363792,2026-09-14T03:02:59.913364+00:00,-1,23960115554080,1789354979800000000,1789354979,800000000,38711721,1789354979807507,1789354979800000,2,4,18.285594801021936,12.79581271277858,gnss_local_enu_direct,18.285594801021936,12.79581271277858,110.4351996,-7.0507897,216.07,5.516,9.017,3,1,11,0,0.0529,74.65,0.014,0.051,-1.216,1.9511,180.0,99.0,5.01,115.36115053206791,neo3_calibrated_direct,1,27.4658,-7.9895,-32.4951,43.29126706276914,7,149.6668508717838,yahboom_calibrated_direct,0,3148,2921,2793,0.011217960761640217,0.5430063678018814,0.5431222312859618,127.45599523861452,neo3_calibrated_direct:gyro_integral,1,127.45599523861452,nan,117.333984375,0.0,-212,-66,2034,-1.01514150390625,-0.316034619140625,9.739612353515625,9.797471048704486,0,0,0,0.0,0.0,0.0,0.0,0.0,0.0,0.0,-332,1080,21360,-1.82373046875,5.9326171875,117.333984375,98776.859,305.0,1,1,0,0,2950,153,769,1512,1512,1512,1512,9000,F4line=2950;YAH=6048
DIRECT_SERIAL,523,1789354979973343176,2026-09-14T03:02:59.973343+00:00,-1,23960175533500,1789354979800000000,1789354979,800000000,38711721,1789354979807507,1789354979800000,2,4,18.285594801021936,12.79581271277858,gnss_local_enu_direct,18.285594801021936,12.79581271277858,110.4351996,-7.0507897,216.07,5.516,9.017,3,1,11,0,0.0529,74.65,0.014,0.051,-1.216,1.9511,180.0,99.0,5.01,114.80575058536994,neo3_calibrated_direct,1,27.4658,-8.09937,-32.6904,43.45839638317203,7,149.60214989041717,yahboom_calibrated_direct,0,3152,2934,2738,0.01186396372322279,0.544976293977602,0.5451054160736138,127.45599523861452,neo3_calibrated_direct:gyro_integral,1,127.45599523861452,nan,117.333984375,0.0,-215,-65,2038,-1.0295067138671874,-0.3112462158203125,9.758765966796874,9.8178547287823,0,0,0,0.0,0.0,0.0,0.0,0.0,0.0,0.0,-332,1080,21360,-1.82373046875,5.9326171875,117.333984375,98777.773,305.0,1,1,0,0,2955,153,771,1515,1515,1515,1515,9017,F4line=2955;YAH=6060
DIRECT_SERIAL,524,1789354980033100847,2026-09-14T03:03:00.033101+00:00,-1,23960235291192,1789354979800000000,1789354979,800000000,38711721,1789354979807507,1789354979800000,2,4,18.285594801021936,12.79581271277858,gnss_local_enu_direct,18.285594801021936,12.79581271277858,110.4351996,-7.0507897,216.07,5.516,9.017,3,1,11,0,0.0529,74.65,0.014,0.051,-1.216,1.9511,180.0,99.0,5.01,115.13554586442278,neo3_calibrated_direct,1,27.4658,-8.03223,-32.5928,43.37254316100106,7,149.76391074069474,yahboom_calibrated_direct,0,3142,2928,2786,0.010332912153561328,0.5440412647167171,0.5441393817654979,127.45599523861452,neo3_calibrated_direct:gyro_integral,1,127.45599523861452,nan,117.333984375,0.0,-213,-65,2033,-1.0199299072265624,-0.3112462158203125,9.734823950195311,9.793055119002133,0,0,0,0.0,0.0,0.0,0.0,0.0,0.0,0.0,-332,1080,21360,-1.82373046875,5.9326171875,117.333984375,98777.773,305.0,1,1,0,0,2957,153,772,1518,1518,1518,1518,9031,F4line=2957;YAH=6072
DIRECT_SERIAL,525,1789354980092951941,2026-09-14T03:03:00.092952+00:00,-1,23960295142338,1789354980000000000,1789354980,0,38711930,1789354980015348,1789354980000000,2,4,18.241400564352062,12.82899154682799,gnss_local_enu_direct,18.241400564352062,12.82899154682799,110.4351992,-7.0507894,216.26,5.548,9.024,3,1,11,0,0.3389,54.246,0.198,0.275,-0.276,1.0298,174.125,99.0,4.98,114.91183706592398,neo3_calibrated_direct,1,27.4414,-8.07495,-32.5684,43.3466945685885,7,149.58570329666568,yahboom_calibrated_direct,0,3153,2916,2744,0.011958141388947938,0.5422694186803492,0.5424012532999918,127.45599523861452,neo3_calibrated_direct:gyro_integral,1,127.45599523861452,nan,117.333984375,0.0,-210,-65,2030,-1.005564697265625,-0.3112462158203125,9.720458740234374,9.777287593594053,0,0,0,0.0,0.0,0.0,0.0,0.0,0.0,0.0,-332,1080,21360,-1.82373046875,5.9326171875,117.333984375,98783.266,304.75,1,1,0,0,2968,154,774,1521,1521,1521,1521,9054,F4line=2968;YAH=6084
DIRECT_SERIAL,526,1789354980145958947,2026-09-14T03:03:00.145959+00:00,-1,23960348149089,1789354980000000000,1789354980,0,38711930,1789354980015348,1789354980000000,2,4,18.241400564352062,12.82899154682799,gnss_local_enu_direct,18.241400564352062,12.82899154682799,110.4351992,-7.0507894,216.26,5.548,9.024,3,1,11,0,0.3389,54.246,0.198,0.275,-0.276,1.0298,174.125,99.0,4.98,114.65872441575306,neo3_calibrated_direct,1,27.4902,-8.14819,-32.666,43.46460229101493,7,149.56951037177822,yahboom_calibrated_direct,0,3154,2918,2733,0.012115681948480611,0.5425737027630332,0.5427089576182293,127.45599523861452,neo3_calibrated_direct:gyro_integral,1,127.45599523861452,nan,117.333984375,0.0,-209,-66,2034,-1.0007762939453124,-0.316034619140625,9.739612353515625,9.795993051639657,0,0,0,0.0,0.0,0.0,0.0,0.0,0.0,0.0,-332,1080,21360,-1.82373046875,5.9326171875,117.333984375,98780.211,304.75,1,1,0,0,2971,154,775,1524,1524,1524,1524,9069,F4line=2971;YAH=6096
DIRECT_SERIAL,527,1789354980199129643,2026-09-14T03:03:00.199130+00:00,-1,23960401319952,1789354980000000000,1789354980,0,38711930,1789354980015348,1789354980000000,2,4,18.241400564352062,12.82899154682799,gnss_local_enu_direct,18.241400564352062,12.82899154682799,110.4351992,-7.0507894,216.26,5.548,9.024,3,1,11,0,0.3389,54.246,0.198,0.275,-0.276,1.0298,174.125,99.0,4.98,114.90901015930952,neo3_calibrated_direct,1,27.4902,-8.08716,-32.6904,43.47154822485162,7,149.6668508717838,yahboom_calibrated_direct,0,3148,2921,2764,0.011217960761640217,0.5430063678018814,0.5431222312859618,127.45599523861452,neo3_calibrated_direct:gyro_integral,1,127.45599523861452,nan,117.333984375,0.0,-214,-65,2038,-1.024718310546875,-0.3112462158203125,9.758765966796874,9.817353768584763,0,0,0,0.0,0.0,0.0,0.0,0.0,0.0,0.0,-332,1080,21360,-1.82373046875,5.9326171875,117.333984375,98780.211,304.75,1,1,0,0,2973,154,776,1527,1527,1527,1527,9083,F4line=2973;YAH=6108
DIRECT_SERIAL,528,1789354980252626896,2026-09-14T03:03:00.252627+00:00,-1,23960454817204,1789354980200000000,1789354980,200000000,38712121,1789354980207625,1789354980200000,2,4,18.15301199688861,12.806873349305583,gnss_local_enu_direct,18.15301199688861,12.806873349305583,110.4351984,-7.0507896,216.62,5.582,9.031,3,1,11,0,0.2795,207.023,-0.249,-0.127,-1.357,2.25,180.0,99.0,5.02,115.12873823869168,neo3_calibrated_direct,1,27.4902,-8.05054,-32.5439,43.35467353748152,7,149.84567512988488,yahboom_calibrated_direct,0,3137,2913,2793,0.009529368632446078,0.5417670544583126,0.5418508560138752,127.45599523861452,neo3_calibrated_direct:gyro_integral,1,127.45599523861452,nan,117.333984375,0.0,-208,-64,2034,-0.9959878906249999,-0.3064578125,9.739612353515625,9.795200715956161,0,0,0,0.0,0.0,0.0,0.0,0.0,0.0,0.0,-332,1080,21360,-1.82373046875,5.9326171875,117.333984375,98780.211,304.75,1,1,0,0,2983,155,778,1529,1529,1529,1529,9101,F4line=2983;YAH=6116
DIRECT_SERIAL,529,1789354980312484533,2026-09-14T03:03:00.312485+00:00,-1,23960514674923,1789354980200000000,1789354980,200000000,38712121,1789354980207625,1789354980200000,2,4,18.15301199688861,12.806873349305583,gnss_local_enu_direct,18.15301199688861,12.806873349305583,110.4351984,-7.0507896,216.62,5.582,9.031,3,1,11,0,0.2795,207.023,-0.249,-0.127,-1.357,2.25,180.0,99.0,5.02,115.39991056389789,neo3_calibrated_direct,1,27.4414,-7.97119,-32.4707,43.25409416998696,7,149.5535124284543,yahboom_calibrated_direct,0,3155,2927,2761,0.012295399520845919,0.5439318926286952,0.5440708415895964,127.45599523861452,neo3_calibrated_direct:gyro_integral,1,127.45599523861452,nan,117.333984375,0.0,-211,-63,2032,-1.0103531005859374,-0.3016694091796875,9.730035546875,9.787002072327844,0,0,0,0.0,0.0,0.0,0.0,0.0,0.0,0.0,-332,1080,21360,-1.82373046875,5.9326171875,117.333984375,98780.211,304.75,1,1,0,0,2985,155,779,1532,1532,1532,1532,9115,F4line=2985;YAH=6128
DIRECT_SERIAL,530,1789354980362502008,2026-09-14T03:03:00.362502+00:00,-1,23960564692153,1789354980200000000,1789354980,200000000,38712121,1789354980207625,1789354980200000,2,4,18.15301199688861,12.806873349305583,gnss_local_enu_direct,18.15301199688861,12.806873349305583,110.4351984,-7.0507896,216.62,5.582,9.031,3,1,11,0,0.2795,207.023,-0.249,-0.127,-1.357,2.25,180.0,99.0,5.02,114.9299755796733,neo3_calibrated_direct,1,27.4902,-8.08716,-32.6416,43.43486276558958,7,149.53712002850622,yahboom_calibrated_direct,0,3156,2920,2795,0.012424426778165205,0.5428811549904077,0.5430233096511465,127.45599523861452,neo3_calibrated_direct:gyro_integral,1,127.45599523861452,nan,117.333984375,0.0,-214,-66,2039,-1.024718310546875,-0.316034619140625,9.763554370117188,9.822266512098917,0,0,0,0.0,0.0,0.0,0.0,0.0,0.0,0.0,-332,1080,21360,-1.82373046875,5.9326171875,117.333984375,98778.688,304.75,1,1,0,0,2991,155,781,1535,1535,1535,1535,9133,F4line=2991;YAH=6140
DIRECT_SERIAL,531,1789354980412506700,2026-09-14T03:03:00.412507+00:00,-1,23960614696846,1789354980200000000,1789354980,200000000,38712121,1789354980207625,1789354980200000,2,4,18.15301199688861,12.806873349305583,gnss_local_enu_direct,18.15301199688861,12.806873349305583,110.4351984,-7.0507896,216.62,5.582,9.031,3,1,11,0,0.2795,207.023,-0.249,-0.127,-1.357,2.25,180.0,99.0,5.02,114.6847556078675,neo3_calibrated_direct,1,27.4902,-8.14209,-32.666,43.463459153731655,7,149.42429253477374,yahboom_calibrated_direct,0,3163,2931,2802,0.01351770626082279,0.5445594696622056,0.5447272201582518,127.45599523861452,neo3_calibrated_direct:gyro_integral,1,127.45599523861452,nan,117.333984375,0.0,-214,-65,2041,-1.024718310546875,-0.3112462158203125,9.773131176757811,9.831633375027165,0,0,0,0.0,0.0,0.0,0.0,0.0,0.0,0.0,-332,1080,21360,-1.82373046875,5.9326171875,117.333984375,98778.688,304.75,1,1,0,0,2995,155,782,1538,1538,1537,1537,9147,F4line=2995;YAH=6150
DIRECT_SERIAL,532,1789354980472015153,2026-09-14T03:03:00.472015+00:00,-1,23960674205534,1789354980400000000,1789354980,400000000,38712322,1789354980408953,1789354980400000,2,4,18.0535751470308,12.795814935101426,gnss_local_enu_direct,18.0535751470308,12.795814935101426,110.4351975,-7.0507897,217.13,5.617,9.028,3,1,12,0,0.2259,234.551,-0.131,-0.184,-1.119,2.1803,180.0,99.0,5.01,114.65229711037465,neo3_calibrated_direct,1,27.5146,-8.1543,-32.7393,43.5362789652492,7,149.6988130849101,yahboom_calibrated_direct,0,3146,2952,2776,0.011013764706738042,0.5476673285514029,0.5477780625177003,127.45599523861452,neo3_calibrated_direct:gyro_integral,1,127.45599523861452,nan,117.333984375,0.0,-216,-66,2037,-1.0342951171875,-0.316034619140625,9.753977563476562,9.813751707616076,0,0,0,0.0,0.0,0.0,0.0,0.0,0.0,0.0,-332,1080,21360,-1.82373046875,5.9326171875,117.333984375,98780.211,304.75,1,1,0,0,3003,156,783,1540,1540,1540,1540,9165,F4line=3003;YAH=6160
DIRECT_SERIAL,533,1789354980531862415,2026-09-14T03:03:00.531862+00:00,-1,23960734052719,1789354980400000000,1789354980,400000000,38712322,1789354980408953,1789354980400000,2,4,18.0535751470308,12.795814935101426,gnss_local_enu_direct,18.0535751470308,12.795814935101426,110.4351975,-7.0507897,217.13,5.617,9.028,3,1,12,0,0.2259,234.551,-0.131,-0.184,-1.119,2.1803,180.0,99.0,5.01,114.90519526099719,neo3_calibrated_direct,1,27.4658,-8.08105,-32.6416,43.41828634691263,7,149.76341707935308,yahboom_calibrated_direct,0,3142,2943,2839,0.010380434323916972,0.5462996342516698,0.5463982465201196,127.45599523861452,neo3_calibrated_direct:gyro_integral,1,127.45599523861452,nan,117.333984375,0.0,-213,-65,2037,-1.0199299072265624,-0.3112462158203125,9.753977563476562,9.812095063304362,0,0,0,0.0,0.0,0.0,0.0,0.0,0.0,0.0,-332,1080,21360,-1.82373046875,5.9326171875,117.333984375,98780.211,304.75,1,1,0,0,3007,156,785,1543,1543,1543,1543,9181,F4line=3007;YAH=6172
DIRECT_SERIAL,534,1789354980591726654,2026-09-14T03:03:00.591727+00:00,-1,23960793916934,1789354980400000000,1789354980,400000000,38712322,1789354980408953,1789354980400000,2,4,18.0535751470308,12.795814935101426,gnss_local_enu_direct,18.0535751470308,12.795814935101426,110.4351975,-7.0507897,217.13,5.617,9.028,3,1,12,0,0.2259,234.551,-0.131,-0.184,-1.119,2.1803,180.0,99.0,5.01,114.78390334149078,neo3_calibrated_direct,1,27.4902,-8.12378,-32.6172,43.42336506269867,7,149.8441217145624,yahboom_calibrated_direct,0,3137,2941,2792,0.009618076683776615,0.5459826775902243,0.5460673874419584,127.45599523861452,neo3_calibrated_direct:gyro_integral,1,127.45599523861452,nan,117.333984375,0.0,-211,-65,2036,-1.0103531005859374,-0.3112462158203125,9.749189160156249,9.80634370574651,0,0,0,0.0,0.0,0.0,0.0,0.0,0.0,0.0,-332,1080,21360,-1.82373046875,5.9326171875,117.333984375,98784.789,304.75,1,1,0,0,3011,156,786,1546,1546,1546,1546,9197,F4line=3011;YAH=6184
DIRECT_SERIAL,535,1789354980645907296,2026-09-14T03:03:00.645907+00:00,-1,23960848097450,1789354980600000000,1789354980,600000000,38712523,1789354980609823,1789354980600000,2,4,17.876796486608008,12.71839903992602,gnss_local_enu_direct,17.876796486608008,12.71839903992602,110.4351959,-7.0507904,217.33,5.651,9.028,3,1,12,0,0.4171,231.619,-0.259,-0.327,-0.362,2.0606,180.0,99.0,5.01,114.57014315601478,neo3_calibrated_direct,1,27.4902,-8.1665,-32.6904,43.486377987250215,7,149.97334336477616,yahboom_calibrated_direct,0,3129,2939,2824,0.008402106233180497,0.5456562164947075,0.5457209011834463,127.45599523861452,neo3_calibrated_direct:gyro_integral,1,127.45599523861452,nan,117.333984375,0.0,-209,-66,2035,-1.0007762939453124,-0.316034619140625,9.744400756835937,9.800753908799212,0,0,0,0.0,0.0,0.0,0.0,0.0,0.0,0.0,-332,1080,21360,-1.82373046875,5.9326171875,117.333984375,98784.789,304.75,1,1,0,0,3020,157,788,1549,1549,1549,1549,9218,F4line=3020;YAH=6196
DIRECT_SERIAL,536,1789354980711555473,2026-09-14T03:03:00.711555+00:00,-1,23960913745786,1789354980600000000,1789354980,600000000,38712523,1789354980609823,1789354980600000,2,4,17.876796486608008,12.71839903992602,gnss_local_enu_direct,17.876796486608008,12.71839903992602,110.4351959,-7.0507904,217.33,5.651,9.028,3,1,12,0,0.4171,231.619,-0.259,-0.327,-0.362,2.0606,180.0,99.0,5.01,114.80345304628663,neo3_calibrated_direct,1,27.5146,-8.12378,-32.6904,43.493807223654265,7,149.50496054627916,yahboom_calibrated_direct,0,3158,2927,2846,0.012749012331301681,0.5439413970627663,0.5440907835591573,127.45599523861452,neo3_calibrated_direct:gyro_integral,1,127.45599523861452,nan,117.333984375,0.0,-210,-64,2031,-1.005564697265625,-0.3064578125,9.725247143554688,9.781896991608928,0,0,0,0.0,0.0,0.0,0.0,0.0,0.0,0.0,-332,1080,21360,-1.82373046875,5.9326171875,117.333984375,98780.516,304.75,1,1,0,0,3023,157,789,1552,1552,1552,1552,9233,F4line=3023;YAH=6208
DIRECT_SERIAL,537,1789354980771372138,2026-09-14T03:03:00.771372+00:00,-1,23960973562464,1789354980600000000,1789354980,600000000,38712523,1789354980609823,1789354980600000,2,4,17.876796486608008,12.71839903992602,gnss_local_enu_direct,17.876796486608008,12.71839903992602,110.4351959,-7.0507904,217.33,5.651,9.028,3,1,12,0,0.4171,231.619,-0.259,-0.327,-0.362,2.0606,180.0,99.0,5.01,114.86214679476241,neo3_calibrated_direct,1,27.4902,-8.10547,-32.6172,43.41994329568959,7,149.48942119856704,yahboom_calibrated_direct,0,3159,2942,2813,0.012947738771809247,0.5462029347424093,0.546356376242214,127.45599523861452,neo3_calibrated_direct:gyro_integral,1,127.45599523861452,nan,117.333984375,0.0,-213,-64,2033,-1.0199299072265624,-0.3064578125,9.734823950195311,9.792904101837907,0,0,0,0.0,0.0,0.0,0.0,0.0,0.0,0.0,-332,1080,21360,-1.82373046875,5.9326171875,117.333984375,98776.859,304.75,1,1,0,0,3033,157,791,1555,1555,1555,1555,9255,F4line=3033;YAH=6220
DIRECT_SERIAL,538,1789354980831206869,2026-09-14T03:03:00.831207+00:00,-1,23961033397202,1789354980600000000,1789354980,600000000,38712523,1789354980609823,1789354980600000,2,4,17.876796486608008,12.71839903992602,gnss_local_enu_direct,17.876796486608008,12.71839903992602,110.4351959,-7.0507904,217.33,5.651,9.028,3,1,12,0,0.4171,231.619,-0.259,-0.327,-0.362,2.0606,180.0,99.0,5.01,114.84897861637769,neo3_calibrated_direct,1,27.4414,-8.08716,-32.5928,43.36730568833623,7,149.74766886261625,yahboom_calibrated_direct,0,3143,2930,2806,0.010490452713094001,0.5443455487994012,0.5444466237344547,127.45599523861452,neo3_calibrated_direct:gyro_integral,1,127.45599523861452,nan,117.333984375,0.0,-215,-66,2039,-1.0295067138671874,-0.316034619140625,9.763554370117188,9.822767221747007,0,0,0,0.0,0.0,0.0,0.0,0.0,0.0,0.0,-332,1080,21360,-1.82373046875,5.9326171875,117.333984375,98776.859,304.75,1,1,0,0,3035,157,792,1558,1558,1558,1558,9269,F4line=3035;YAH=6232
DIRECT_SERIAL,539,1789354980890998739,2026-09-14T03:03:00.890999+00:00,-1,23961093188945,1789354980800000000,1789354980,800000000,38712722,1789354980808945,1789354980800000,2,4,17.63372553114029,12.640983102232273,gnss_local_enu_direct,17.63372553114029,12.640983102232273,110.4351937,-7.0507911,217.5,5.682,9.024,3,1,12,0,0.4428,277.526,0.058,-0.439,-0.586,1.9922,180.0,99.0,5.01,114.73688263980027,neo3_calibrated_direct,1,27.4902,-8.12988,-32.666,43.46117348685375,7,149.40878093040558,yahboom_calibrated_direct,0,3164,2941,2819,0.013700591977878474,0.5460682174968644,0.5462400611276576,127.45599523861452,neo3_calibrated_direct:gyro_integral,1,127.45599523861452,nan,117.333984375,0.0,-215,-66,2040,-1.0295067138671874,-0.316034619140625,9.7683427734375,9.827526774003804,0,0,0,0.0,0.0,0.0,0.0,0.0,0.0,0.0,-332,1080,21360,-1.82373046875,5.9326171875,117.333984375,98779.297,304.75,1,1,0,0,3045,158,794,1561,1561,1561,1561,9291,F4line=3045;YAH=6244
DIRECT_SERIAL,540,1789354980946034006,2026-09-14T03:03:00.946034+00:00,-1,23961148224216,1789354980800000000,1789354980,800000000,38712722,1789354980808945,1789354980800000,2,4,17.63372553114029,12.640983102232273,gnss_local_enu_direct,17.63372553114029,12.640983102232273,110.4351937,-7.0507911,217.5,5.682,9.024,3,1,12,0,0.4428,277.526,0.058,-0.439,-0.586,1.9922,180.0,99.0,5.01,114.31028010955222,neo3_calibrated_direct,1,27.4902,-8.22754,-32.6904,43.497882277779915,7,149.4892071849078,yahboom_calibrated_direct,0,3159,2937,2798,0.012931898048357366,0.5454501448974252,0.5456034224193935,127.45599523861452,neo3_calibrated_direct:gyro_integral,1,127.45599523861452,nan,117.333984375,0.0,-210,-66,2035,-1.005564697265625,-0.316034619140625,9.744400756835937,9.80124402056734,0,0,0,0.0,0.0,0.0,0.0,0.0,0.0,0.0,-332,1080,21360,-1.82373046875,5.9326171875,117.333984375,98779.297,304.75,1,1,0,0,3048,158,795,1564,1564,1564,1564,9306,F4line=3048;YAH=6256
DIRECT_SERIAL,541,1789354980999007018,2026-09-14T03:03:00.999007+00:00,-1,23961201197234,1789354980800000000,1789354980,800000000,38712722,1789354980808945,1789354980800000,2,4,17.63372553114029,12.640983102232273,gnss_local_enu_direct,17.63372553114029,12.640983102232273,110.4351937,-7.0507911,217.5,5.682,9.024,3,1,12,0,0.4428,277.526,0.058,-0.439,-0.586,1.9922,180.0,99.0,5.01,114.83069702832115,neo3_calibrated_direct,1,27.4902,-8.10547,-32.6904,43.474958218736674,7,149.53747618278683,yahboom_calibrated_direct,0,3156,2932,2732,0.012462444514449722,0.5446878506183698,0.5448304021753332,127.45599523861452,neo3_calibrated_direct:gyro_integral,1,127.45599523861452,nan,117.333984375,0.0,-210,-65,2036,-1.005564697265625,-0.3112462158203125,9.749189160156249,9.805851510590882,0,0,0,0.0,0.0,0.0,0.0,0.0,0.0,0.0,-332,1080,21360,-1.82373046875,5.9326171875,117.333984375,98779.297,304.75,1,1,0,0,3050,158,796,1567,1567,1567,1567,9320,F4line=3050;YAH=6268
DIRECT_SERIAL,542,1789354981050640577,2026-09-14T03:03:01.050641+00:00,-1,23961252830752,1789354981000000000,1789354981,0,38712931,1789354981017244,1789354981000000,2,4,17.556385768806514,12.75157873725245,gnss_local_enu_direct,17.556385768806514,12.75157873725245,110.435193,-7.0507901,217.9,5.717,9.024,3,1,12,0,0.2886,5.967,0.287,0.03,-0.481,1.6099,180.0,99.0,4.98,114.5911195653668,neo3_calibrated_direct,1,27.4902,-8.1665,-32.6416,43.44970504905643,7,149.69894780341156,yahboom_calibrated_direct,0,3146,2943,2756,0.010985251404524655,0.5463123068304313,0.5464227414217018,127.45599523861452,neo3_calibrated_direct:gyro_integral,1,127.45599523861452,nan,117.333984375,0.0,-211,-66,2037,-1.0103531005859374,-0.316034619140625,9.753977563476562,9.81125728829711,0,0,0,0.0,0.0,0.0,0.0,0.0,0.0,0.0,-332,1080,21360,-1.82373046875,5.9326171875,117.333984375,98778.688,304.75,1,1,0,0,3061,159,798,1569,1569,1569,1569,9339,F4line=3061;YAH=6276
DIRECT_SERIAL,543,1789354981110441873,2026-09-14T03:03:01.110442+00:00,-1,23961312632066,1789354981000000000,1789354981,0,38712931,1789354981017244,1789354981000000,2,4,17.556385768806514,12.75157873725245,gnss_local_enu_direct,17.556385768806514,12.75157873725245,110.435193,-7.0507901,217.9,5.717,9.024,3,1,12,0,0.2886,5.967,0.287,0.03,-0.481,1.6099,180.0,99.0,4.98,114.67014234768831,neo3_calibrated_direct,1,27.4658,-8.13599,-32.6416,43.42854537605537,7,149.45770470982006,yahboom_calibrated_direct,0,3161,2952,2742,0.013281828759016852,0.5477148507217585,0.5478758661196367,127.45599523861452,neo3_calibrated_direct:gyro_integral,1,127.45599523861452,nan,117.333984375,0.0,-210,-65,2037,-1.005564697265625,-0.3112462158203125,9.753977563476562,9.810612257960946,0,0,0,0.0,0.0,0.0,0.0,0.0,0.0,0.0,-332,1080,21360,-1.82373046875,5.9326171875,117.333984375,98778.688,304.75,1,1,0,0,3063,159,799,1572,1572,1572,1572,9353,F4line=3063;YAH=6288
DIRECT_SERIAL,544,1789354981170398631,2026-09-14T03:03:01.170399+00:00,-1,23961372588811,1789354981000000000,1789354981,0,38712931,1789354981017244,1789354981000000,2,4,17.556385768806514,12.75157873725245,gnss_local_enu_direct,17.556385768806514,12.75157873725245,110.435193,-7.0507901,217.9,5.717,9.024,3,1,12,0,0.2886,5.967,0.287,0.03,-0.481,1.6099,180.0,99.0,4.98,114.76182800205804,neo3_calibrated_direct,1,27.5146,-8.13599,-32.666,43.47775410989049,7,149.61837666431754,yahboom_calibrated_direct,0,3151,2944,2773,0.011744440899974635,0.5464787055228801,0.5466048915642959,127.45599523861452,neo3_calibrated_direct:gyro_integral,1,127.45599523861452,nan,117.333984375,0.0,-214,-65,2033,-1.024718310546875,-0.3112462158203125,9.734823950195311,9.793554980911107,0,0,0,0.0,0.0,0.0,0.0,0.0,0.0,0.0,-332,1080,21360,-1.82373046875,5.9326171875,117.333984375,98780.82,304.75,1,1,0,0,3068,159,801,1575,1575,1575,1575,9370,F4line=3068;YAH=6300
DIRECT_SERIAL,545,1789354981229515367,2026-09-14T03:03:01.229515+00:00,-1,23961431705559,1789354981000000000,1789354981,0,38712931,1789354981017244,1789354981000000,2,4,17.556385768806514,12.75157873725245,gnss_local_enu_direct,17.556385768806514,12.75157873725245,110.435193,-7.0507901,217.9,5.717,9.024,3,1,12,0,0.2886,5.967,0.287,0.03,-0.481,1.6099,180.0,99.0,4.98,114.85677983991228,neo3_calibrated_direct,1,27.4902,-8.09937,-32.6904,43.473821347989414,7,149.69905304739498,yahboom_calibrated_direct,0,3146,2936,2827,0.01096307439169202,0.5452584010474534,0.5453686027935082,127.45599523861452,neo3_calibrated_direct:gyro_integral,1,127.45599523861452,nan,117.333984375,0.0,-213,-64,2031,-1.0199299072265624,-0.3064578125,9.725247143554688,9.783384149143695,0,0,0,0.0,0.0,0.0,0.0,0.0,0.0,0.0,-332,1080,21360,-1.82373046875,5.9326171875,117.333984375,98780.82,304.75,1,1,0,0,3070,159,802,1578,1578,1578,1578,9384,F4line=3070;YAH=6312
DIRECT_SERIAL,546,1789354981279889405,2026-09-14T03:03:01.279889+00:00,-1,23961482079846,1789354981200000000,1789354981,200000000,38713121,1789354981207547,1789354981200000,2,4,17.45694842123969,12.7626389570599,gnss_local_enu_direct,17.45694842123969,12.7626389570599,110.4351921,-7.05079,218.25,5.747,9.021,3,1,12,0,0.2442,202.891,-0.225,-0.095,-0.598,2.146,180.0,99.0,5.02,115.05030183392306,neo3_calibrated_direct,1,27.4902,-8.06885,-32.5439,43.35807725871271,7,149.53747618278683,yahboom_calibrated_direct,0,3156,2932,2836,0.012462444514449722,0.5446878506183698,0.5448304021753332,127.45599523861452,neo3_calibrated_direct:gyro_integral,1,127.45599523861452,nan,117.333984375,0.0,-213,-64,2037,-1.0199299072265624,-0.3064578125,9.753977563476562,9.811944339186889,0,0,0,0.0,0.0,0.0,0.0,0.0,0.0,0.0,-332,1080,21360,-1.82373046875,5.9326171875,117.333984375,98780.516,304.75,1,1,0,0,3078,160,803,1581,1581,1581,1581,9404,F4line=3078;YAH=6324
DIRECT_SERIAL,547,1789354981329969470,2026-09-14T03:03:01.329969+00:00,-1,23961532159795,1789354981200000000,1789354981,200000000,38713121,1789354981207547,1789354981200000,2,4,17.45694842123969,12.7626389570599,gnss_local_enu_direct,17.45694842123969,12.7626389570599,110.4351921,-7.05079,218.25,5.747,9.021,3,1,12,0,0.2442,202.891,-0.225,-0.095,-0.598,2.146,180.0,99.0,5.02,115.21595875484766,neo3_calibrated_direct,1,27.4414,-8.00171,-32.5928,43.351452210094415,7,149.86042921322115,yahboom_calibrated_direct,0,3136,2938,2865,0.009457367979553566,0.5455278355385432,0.5456098066901552,127.45599523861452,neo3_calibrated_direct:gyro_integral,1,127.45599523861452,nan,117.333984375,0.0,-213,-63,2037,-1.0199299072265624,-0.3016694091796875,9.753977563476562,9.811795949615655,0,0,0,0.0,0.0,0.0,0.0,0.0,0.0,0.0,-332,1080,21360,-1.82373046875,5.9326171875,117.333984375,98780.516,304.75,1,1,0,0,3082,160,805,1583,1583,1583,1583,9416,F4line=3082;YAH=6332
DIRECT_SERIAL,548,1789354981389854267,2026-09-14T03:03:01.389854+00:00,-1,23961592044667,1789354981200000000,1789354981,200000000,38713121,1789354981207547,1789354981200000,2,4,17.45694842123969,12.7626389570599,gnss_local_enu_direct,17.45694842123969,12.7626389570599,110.4351921,-7.05079,218.25,5.747,9.021,3,1,12,0,0.2442,202.891,-0.225,-0.095,-0.598,2.146,180.0,99.0,5.02,114.98223336938102,neo3_calibrated_direct,1,27.4902,-8.07495,-32.6416,43.43259103602386,7,149.63444837962692,yahboom_calibrated_direct,0,3150,2930,2854,0.011548882604157446,0.5443677258122338,0.5444902180897173,127.45599523861452,neo3_calibrated_direct:gyro_integral,1,127.45599523861452,nan,117.333984375,0.0,-214,-63,2036,-1.024718310546875,-0.3016694091796875,9.749189160156249,9.80753492621428,0,0,0,0.0,0.0,0.0,0.0,0.0,0.0,0.0,-332,1080,21360,-1.82373046875,5.9326171875,117.333984375,98779.602,304.75,1,1,0,0,3088,160,806,1586,1586,1586,1586,9434,F4line=3088;YAH=6344
DIRECT_SERIAL,549,1789354981440124960,2026-09-14T03:03:01.440125+00:00,-1,23961642315168,1789354981400000000,1789354981,400000000,38713322,1789354981408907,1789354981400000,2,4,17.357510763082566,12.76263947403654,gnss_local_enu_direct,17.357510763082566,12.76263947403654,110.4351912,-7.05079,218.49,5.78,9.021,3,1,12,0,0.0789,300.466,0.04,-0.068,-0.291,2.0223,180.0,99.0,5.01,114.80575058536994,neo3_calibrated_direct,1,27.4658,-8.09937,-32.6904,43.45839638317203,7,149.63447333470359,yahboom_calibrated_direct,0,3150,2939,2861,0.011577395906370832,0.5457227475332054,0.5458455397556744,127.45599523861452,neo3_calibrated_direct:gyro_integral,1,127.45599523861452,nan,117.333984375,0.0,-209,-66,2033,-1.0007762939453124,-0.316034619140625,9.734823950195311,9.791232221345508,0,0,0,0.0,0.0,0.0,0.0,0.0,0.0,0.0,-332,1080,21360,-1.82373046875,5.9326171875,117.333984375,98779.602,304.75,1,1,0,0,3094,161,807,1589,1589,1589,1589,9452,F4line=3094;YAH=6356
DIRECT_SERIAL,550,1789354981490696003,2026-09-14T03:03:01.490696+00:00,-1,23961692886156,1789354981400000000,1789354981,400000000,38713322,1789354981408907,1789354981400000,2,4,17.357510763082566,12.76263947403654,gnss_local_enu_direct,17.357510763082566,12.76263947403654,110.4351912,-7.05079,218.49,5.78,9.021,3,1,12,0,0.0789,300.466,0.04,-0.068,-0.291,2.0223,180.0,99.0,5.01,115.27529428426556,neo3_calibrated_direct,1,27.4902,-8.01392,-32.5684,43.36628515755528,7,149.73134927129377,yahboom_calibrated_direct,0,3144,2936,2823,0.010660665851388178,0.5452520647580726,0.5453562724672161,127.45599523861452,neo3_calibrated_direct:gyro_integral,1,127.45599523861452,nan,117.333984375,0.0,-210,-66,2039,-1.005564697265625,-0.316034619140625,9.763554370117188,9.820286766643665,0,0,0,0.0,0.0,0.0,0.0,0.0,0.0,0.0,-332,1080,21360,-1.82373046875,5.9326171875,117.333984375,98781.125,304.75,1,1,0,0,3100,161,809,1592,1592,1592,1592,9470,F4line=3100;YAH=6368
DIRECT_SERIAL,551,1789354981546012955,2026-09-14T03:03:01.546013+00:00,-1,23961748203134,1789354981400000000,1789354981,400000000,38713322,1789354981408907,1789354981400000,2,4,17.357510763082566,12.76263947403654,gnss_local_enu_direct,17.357510763082566,12.76263947403654,110.4351912,-7.05079,218.49,5.78,9.021,3,1,12,0,0.0789,300.466,0.04,-0.068,-0.291,2.0223,180.0,99.0,5.01,115.03080729581892,neo3_calibrated_direct,1,27.4658,-8.05664,-32.5928,43.37707032026944,7,149.7152987268668,yahboom_calibrated_direct,0,3145,2931,2793,0.010796029398088217,0.5445024430577788,0.5446094607575727,127.45599523861452,neo3_calibrated_direct:gyro_integral,1,127.45599523861452,nan,117.333984375,0.0,-209,-65,2035,-1.0007762939453124,-0.3112462158203125,9.744400756835937,9.80060067073494,0,0,0,0.0,0.0,0.0,0.0,0.0,0.0,0.0,-332,1080,21360,-1.82373046875,5.9326171875,117.333984375,98778.992,304.75,1,1,0,0,3103,161,810,1594,1594,1594,1594,9481,F4line=3103;YAH=6376
DIRECT_SERIAL,552,1789354981600104652,2026-09-14T03:03:01.600105+00:00,-1,23961802294905,1789354981400000000,1789354981,400000000,38713322,1789354981408907,1789354981400000,2,4,17.357510763082566,12.76263947403654,gnss_local_enu_direct,17.357510763082566,12.76263947403654,110.4351912,-7.05079,218.49,5.78,9.021,3,1,12,0,0.0789,300.466,0.04,-0.068,-0.291,2.0223,180.0,99.0,5.01,114.76940861844119,neo3_calibrated_direct,1,27.4658,-8.11768,-32.5928,43.388449039605,7,149.81191121111436,yahboom_calibrated_direct,0,3139,2940,2808,0.009917317079390081,0.5458384559106082,0.5459285421453344,127.45599523861452,neo3_calibrated_direct:gyro_integral,1,127.45599523861452,nan,117.333984375,0.0,-210,-65,2037,-1.005564697265625,-0.3112462158203125,9.753977563476562,9.810612257960946,0,0,0,0.0,0.0,0.0,0.0,0.0,0.0,0.0,-332,1080,21360,-1.82373046875,5.9326171875,117.333984375,98778.992,304.75,1,1,0,0,3106,161,811,1597,1597,1597,1597,9496,F4line=3106;YAH=6388
DIRECT_SERIAL,553,1789354981650516443,2026-09-14T03:03:01.650517+00:00,-1,23961852706592,1789354981600000000,1789354981,600000000,38713523,1789354981610224,1789354981600000,2,4,17.235975418182647,12.762639796941087,gnss_local_enu_direct,17.235975418182647,12.762639796941087,110.4351901,-7.05079,218.63,5.815,9.021,3,1,12,0,0.1626,324.258,0.132,-0.095,0.077,1.293,180.0,99.0,5.01,115.06746090893041,neo3_calibrated_direct,1,27.4658,-8.05054,-32.5684,43.35760651248636,7,149.74746949444582,yahboom_calibrated_direct,0,3143,2937,2798,0.010512629725926636,0.5453994545823792,0.5455007611750061,127.45599523861452,neo3_calibrated_direct:gyro_integral,1,127.45599523861452,nan,117.333984375,0.0,-212,-64,2036,-1.01514150390625,-0.3064578125,9.749189160156249,9.806687409329585,0,0,0,0.0,0.0,0.0,0.0,0.0,0.0,0.0,-332,1080,21360,-1.82373046875,5.9326171875,117.333984375,98777.773,304.75,1,1,0,0,3116,162,813,1600,1600,1600,1600,9518,F4line=3116;YAH=6400
DIRECT_SERIAL,554,1789354981709004215,2026-09-14T03:03:01.709004+00:00,-1,23961911194467,1789354981600000000,1789354981,600000000,38713523,1789354981610224,1789354981600000,2,4,17.235975418182647,12.762639796941087,gnss_local_enu_direct,17.235975418182647,12.762639796941087,110.4351901,-7.05079,218.63,5.815,9.021,3,1,12,0,0.1626,324.258,0.132,-0.095,0.077,1.293,180.0,99.0,5.01,115.2352043423149,neo3_calibrated_direct,1,27.4658,-8.01392,-32.5439,43.33241870258802,7,149.74815627176136,yahboom_calibrated_direct,0,3143,2913,2801,0.010436594253357603,0.5417860633264548,0.5418865756912479,127.45599523861452,neo3_calibrated_direct:gyro_integral,1,127.45599523861452,nan,117.333984375,0.0,-210,-65,2035,-1.005564697265625,-0.3112462158203125,9.744400756835937,9.801090790165865,0,0,0,0.0,0.0,0.0,0.0,0.0,0.0,0.0,-332,1080,21360,-1.82373046875,5.9326171875,117.333984375,98777.773,304.75,1,1,0,0,3118,162,814,1602,1602,1602,1602,9528,F4line=3118;YAH=6408
DIRECT_SERIAL,555,1789354981759985768,2026-09-14T03:03:01.759986+00:00,-1,23961962176020,1789354981600000000,1789354981,600000000,38713523,1789354981610224,1789354981600000,2,4,17.235975418182647,12.762639796941087,gnss_local_enu_direct,17.235975418182647,12.762639796941087,110.4351901,-7.05079,218.63,5.815,9.021,3,1,12,0,0.1626,324.258,0.132,-0.095,0.077,1.293,180.0,99.0,5.01,115.23863942848457,neo3_calibrated_direct,1,27.4902,-8.02002,-32.5928,43.38573992316369,7,149.747554843519,yahboom_calibrated_direct,0,3143,2934,2790,0.010503125291855505,0.5449477806753886,0.5450489879854176,127.45599523861452,neo3_calibrated_direct:gyro_integral,1,127.45599523861452,nan,117.333984375,0.0,-213,-65,2032,-1.0199299072265624,-0.3112462158203125,9.730035546875,9.788295202228461,0,0,0,0.0,0.0,0.0,0.0,0.0,0.0,0.0,-332,1080,21360,-1.82373046875,5.9326171875,117.333984375,98779.906,304.75,1,1,0,0,3126,162,815,1605,1605,1605,1605,9548,F4line=3126;YAH=6420
DIRECT_SERIAL,556,1789354981828729132,2026-09-14T03:03:01.828729+00:00,-1,23962030919813,1789354981600000000,1789354981,600000000,38713523,1789354981610224,1789354981600000,2,4,17.235975418182647,12.762639796941087,gnss_local_enu_direct,17.235975418182647,12.762639796941087,110.4351901,-7.05079,218.63,5.815,9.021,3,1,12,0,0.1626,324.258,0.132,-0.095,0.077,1.293,180.0,99.0,5.01,114.7338971163971,neo3_calibrated_direct,1,27.4414,-8.11157,-32.6172,43.39020324525917,7,149.48847509924397,yahboom_calibrated_direct,0,3159,2920,2777,0.012878039588620967,0.5428906594244788,0.5430433794771754,127.45599523861452,neo3_calibrated_direct:gyro_integral,1,127.45599523861452,nan,117.333984375,0.0,-215,-66,2038,-1.0295067138671874,-0.316034619140625,9.758765966796874,9.818007697547701,0,0,0,0.0,0.0,0.0,0.0,0.0,0.0,0.0,-332,1080,21360,-1.82373046875,5.9326171875,117.333984375,98779.906,304.75,1,1,0,0,3130,162,817,1608,1608,1608,1608,9564,F4line=3130;YAH=6432
DIRECT_SERIAL,557,1789354981880151019,2026-09-14T03:03:01.880151+00:00,-1,23962082341389,1789354981800000000,1789354981,800000000,38713722,1789354981808332,1789354981800000,2,4,17.114440169373225,12.74052123444049,gnss_local_enu_direct,17.114440169373225,12.74052123444049,110.435189,-7.0507902,218.81,5.847,9.017,3,1,12,0,0.1197,221.952,-0.089,-0.08,-0.167,2.2079,180.0,99.0,5.01,115.0099748260921,neo3_calibrated_direct,1,27.4658,-8.06885,-32.5195,43.32429330309382,7,149.47297439748894,yahboom_calibrated_direct,0,3160,2935,2735,0.013076766029128533,0.5451521971041218,0.5453090131450532,127.45599523861452,neo3_calibrated_direct:gyro_integral,1,127.45599523861452,nan,117.333984375,0.0,-213,-64,2037,-1.0199299072265624,-0.3064578125,9.753977563476562,9.811944339186889,0,0,0,0.0,0.0,0.0,0.0,0.0,0.0,0.0,-332,1080,21360,-1.82373046875,5.9326171875,117.333984375,98778.992,304.75,1,1,0,0,3138,163,818,1611,1611,1611,1611,9584,F4line=3138;YAH=6444
DIRECT_SERIAL,558,1789354981945923413,2026-09-14T03:03:01.945923+00:00,-1,23962148113572,1789354981800000000,1789354981,800000000,38713722,1789354981808332,1789354981800000,2,4,17.114440169373225,12.74052123444049,gnss_local_enu_direct,17.114440169373225,12.74052123444049,110.435189,-7.0507902,218.81,5.847,9.017,3,1,12,0,0.1197,221.952,-0.089,-0.08,-0.167,2.2079,180.0,99.0,5.01,115.29105568732925,neo3_calibrated_direct,1,27.4902,-8.00781,-32.5928,43.383484517453184,7,149.6345173946396,yahboom_calibrated_direct,0,3150,2955,2776,0.011628086221416853,0.5481316750371549,0.5482550004953989,127.45599523861452,neo3_calibrated_direct:gyro_integral,1,127.45599523861452,nan,117.333984375,0.0,-213,-65,2034,-1.0199299072265624,-0.3112462158203125,9.739612353515625,9.797815063536962,0,0,0,0.0,0.0,0.0,0.0,0.0,0.0,0.0,-332,1080,21360,-1.82373046875,5.9326171875,117.333984375,98780.516,304.75,1,1,0,0,3143,163,820,1614,1614,1614,1614,9601,F4line=3143;YAH=6456
DIRECT_SERIAL,559,1789354981999979793,2026-09-14T03:03:01.999980+00:00,-1,23962202170076,1789354981800000000,1789354981,800000000,38713722,1789354981808332,1789354981800000,2,4,17.114440169373225,12.74052123444049,gnss_local_enu_direct,17.114440169373225,12.74052123444049,110.435189,-7.0507902,218.81,5.847,9.017,3,1,12,0,0.1197,221.952,-0.089,-0.08,-0.167,2.2079,180.0,99.0,5.01,114.85677983991228,neo3_calibrated_direct,1,27.4902,-8.09937,-32.6904,43.473821347989414,7,149.32862906169294,yahboom_calibrated_direct,0,3169,2946,2752,0.01447245405208996,0.5468368480653005,0.547028326806101,127.45599523861452,neo3_calibrated_direct:gyro_integral,1,127.45599523861452,nan,117.333984375,0.0,-208,-67,2035,-0.9959878906249999,-0.32082302246093747,9.744400756835937,9.800421695000546,0,0,0,0.0,0.0,0.0,0.0,0.0,0.0,0.0,-332,1080,21360,-1.82373046875,5.9326171875,117.333984375,98780.516,304.75,1,1,0,0,3145,163,821,1617,1617,1617,1617,9615,F4line=3145;YAH=6468
DIRECT_SERIAL,560,1789354982068009978,2026-09-14T03:03:02.068010+00:00,-1,23962270200243,1789354982000000000,1789354982,0,38713929,1789354982016114,1789354982000000,2,4,17.048148389931974,12.762640543944011,gnss_local_enu_direct,17.048148389931974,12.762640543944011,110.4351884,-7.05079,218.97,5.884,9.024,3,1,11,0,0.2428,26.143,0.218,0.107,-0.312,1.3401,180.0,99.0,4.98,114.3831851564284,neo3_calibrated_direct,1,27.4902,-8.21533,-32.6416,43.458909254707486,7,149.49001731071326,yahboom_calibrated_direct,0,3159,2956,2699,0.012992092797474515,0.5483107463083652,0.5484646469851039,127.45599523861452,neo3_calibrated_direct:gyro_integral,1,127.45599523861452,nan,117.333984375,0.0,-211,-64,2037,-1.0103531005859374,-0.3064578125,9.753977563476562,9.81095347494371,0,0,0,0.0,0.0,0.0,0.0,0.0,0.0,0.0,-332,1080,21360,-1.82373046875,5.9326171875,117.333984375,98776.242,304.75,1,1,0,0,3156,164,823,1620,1620,1620,1620,9638,F4line=3156;YAH=6480
DIRECT_SERIAL,561,1789354982120010764,2026-09-14T03:03:02.120011+00:00,-1,23962322201017,1789354982000000000,1789354982,0,38713929,1789354982016114,1789354982000000,2,4,17.048148389931974,12.762640543944011,gnss_local_enu_direct,17.048148389931974,12.762640543944011,110.4351884,-7.05079,218.97,5.884,9.024,3,1,11,0,0.2428,26.143,0.218,0.107,-0.312,1.3401,180.0,99.0,4.98,114.51379933378816,neo3_calibrated_direct,1,27.4658,-8.17261,-32.6416,43.4354207348346,7,149.3769136214223,yahboom_calibrated_direct,0,3166,2946,2721,0.014018841241634198,0.5468273436312294,0.5470070124345252,127.45599523861452,neo3_calibrated_direct:gyro_integral,1,127.45599523861452,nan,117.333984375,0.0,-213,-64,2036,-1.0199299072265624,-0.3064578125,9.749189160156249,9.807184238455275,0,0,0,0.0,0.0,0.0,0.0,0.0,0.0,0.0,-332,1080,21360,-1.82373046875,5.9326171875,117.333984375,98776.242,304.75,1,1,0,0,3158,164,824,1623,1623,1623,1623,9652,F4line=3158;YAH=6492
DIRECT_SERIAL,562,1789354982187749738,2026-09-14T03:03:02.187750+00:00,-1,23962389940380,1789354982000000000,1789354982,0,38713929,1789354982016114,1789354982000000,2,4,17.048148389931974,12.762640543944011,gnss_local_enu_direct,17.048148389931974,12.762640543944011,110.4351884,-7.05079,218.97,5.884,9.024,3,1,11,0,0.2428,26.143,0.218,0.107,-0.312,1.3401,180.0,99.0,4.98,114.87774701168281,neo3_calibrated_direct,1,27.4902,-8.09937,-32.6416,43.43713780852624,7,149.55406311818712,yahboom_calibrated_direct,0,3155,2949,2701,0.012365098704034199,0.5472441679466258,0.5473838461423165,127.45599523861452,neo3_calibrated_direct:gyro_integral,1,127.45599523861452,nan,117.333984375,0.0,-213,-66,2037,-1.0199299072265624,-0.316034619140625,9.753977563476562,9.81224812186049,0,0,0,0.0,0.0,0.0,0.0,0.0,0.0,0.0,-332,1080,21360,-1.82373046875,5.9326171875,117.333984375,98779.602,304.75,1,1,0,0,3163,164,826,1626,1626,1626,1626,9669,F4line=3163;YAH=6504
DIRECT_SERIAL,563,1789354982239962586,2026-09-14T03:03:02.239963+00:00,-1,23962442152819,1789354982200000000,1789354982,200000000,38714120,1789354982206246,1789354982200000,2,4,17.01500318369893,12.828998120976848,gnss_local_enu_direct,17.01500318369893,12.828998120976848,110.4351881,-7.0507894,219.3,5.919,9.035,3,1,11,0,0.1242,284.931,0.032,-0.12,-0.709,2.1839,180.0,99.0,5.02,114.75244971740165,neo3_calibrated_direct,1,27.4902,-8.12378,-32.6904,43.47837565604768,7,149.3916869081831,yahboom_calibrated_direct,0,3165,2927,2740,0.013807442222365126,0.5439635740755989,0.5441387831994918,127.45599523861452,neo3_calibrated_direct:gyro_integral,1,127.45599523861452,nan,117.333984375,0.0,-213,-64,2037,-1.0199299072265624,-0.3064578125,9.753977563476562,9.811944339186889,0,0,0,0.0,0.0,0.0,0.0,0.0,0.0,0.0,-332,1080,21360,-1.82373046875,5.9326171875,117.333984375,98779.602,304.75,1,1,0,0,3169,165,827,1629,1629,1629,1629,9687,F4line=3169;YAH=6516
DIRECT_SERIAL,564,1789354982307474888,2026-09-14T03:03:02.307475+00:00,-1,23962509665361,1789354982200000000,1789354982,200000000,38714120,1789354982206246,1789354982200000,2,4,17.01500318369893,12.828998120976848,gnss_local_enu_direct,17.01500318369893,12.828998120976848,110.4351881,-7.0507894,219.3,5.919,9.035,3,1,11,0,0.1242,284.931,0.032,-0.12,-0.709,2.1839,180.0,99.0,5.02,114.84774275704983,neo3_calibrated_direct,1,27.4658,-8.09937,-32.5928,43.3850270931908,7,149.73108626455613,yahboom_calibrated_direct,0,3144,2947,2739,0.010695515442982318,0.546908202417038,0.5470127749162965,127.45599523861452,neo3_calibrated_direct:gyro_integral,1,127.45599523861452,nan,117.333984375,0.0,-208,-65,2032,-0.9959878906249999,-0.3112462158203125,9.730035546875,9.78582943999052,0,0,0,0.0,0.0,0.0,0.0,0.0,0.0,0.0,-332,1080,21360,-1.82373046875,5.9326171875,117.333984375,98780.211,304.75,1,1,0,0,3175,165,829,1632,1632,1632,1632,9705,F4line=3175;YAH=6528
DIRECT_SERIAL,565,1789354982360130032,2026-09-14T03:03:02.360130+00:00,-1,23962562320366,1789354982200000000,1789354982,200000000,38714120,1789354982206246,1789354982200000,2,4,17.01500318369893,12.828998120976848,gnss_local_enu_direct,17.01500318369893,12.828998120976848,110.4351881,-7.0507894,219.3,5.919,9.035,3,1,11,0,0.1242,284.931,0.032,-0.12,-0.709,2.1839,180.0,99.0,5.02,114.88030698501834,neo3_calibrated_direct,1,27.4414,-8.07495,-32.6416,43.40172003529929,7,149.55381363331878,yahboom_calibrated_direct,0,3155,2939,2712,0.012333417257130434,0.5457385882566573,0.5458779349759503,127.45599523861452,neo3_calibrated_direct:gyro_integral,1,127.45599523861452,nan,117.333984375,0.0,-210,-66,2030,-1.005564697265625,-0.316034619140625,9.720458740234374,9.777441197035198,0,0,0,0.0,0.0,0.0,0.0,0.0,0.0,0.0,-332,1080,21360,-1.82373046875,5.9326171875,117.333984375,98779.906,304.75,1,1,0,0,3178,165,830,1635,1635,1635,1635,9720,F4line=3178;YAH=6540
DIRECT_SERIAL,566,1789354982427208494,2026-09-14T03:03:02.427208+00:00,-1,23962629398760,1789354982200000000,1789354982,200000000,38714120,1789354982206246,1789354982200000,2,4,17.01500318369893,12.828998120976848,gnss_local_enu_direct,17.01500318369893,12.828998120976848,110.4351881,-7.0507894,219.3,5.919,9.035,3,1,11,0,0.1242,284.931,0.032,-0.12,-0.709,2.1839,180.0,99.0,5.02,115.04864818254586,neo3_calibrated_direct,1,27.5146,-8.06885,-32.666,43.46524024415947,7,149.7150645792808,yahboom_calibrated_direct,0,3145,2943,2713,0.010834047134372735,0.5463091386857409,0.5464165550098806,127.45599523861452,neo3_calibrated_direct:gyro_integral,1,127.45599523861452,nan,117.333984375,0.0,-211,-65,2036,-1.0103531005859374,-0.3112462158203125,9.749189160156249,9.80634370574651,0,0,0,0.0,0.0,0.0,0.0,0.0,0.0,0.0,-332,1080,21360,-1.82373046875,5.9326171875,117.333984375,98779.906,304.75,1,1,0,0,3185,165,832,1638,1638,1638,1638,9739,F4line=3185;YAH=6552
DIRECT_SERIAL,567,1789354982480009320,2026-09-14T03:03:02.480009+00:00,-1,23962682199602,1789354982400000000,1789354982,400000000,38714321,1789354982407630,1789354982400000,2,4,16.97080942907189,12.89535583028818,gnss_local_enu_direct,16.97080942907189,12.89535583028818,110.4351877,-7.0507888,219.69,5.958,9.038,3,1,11,0,0.2122,17.837,0.202,0.065,-0.531,1.7099,180.0,99.0,5.01,114.83996036482402,neo3_calibrated_direct,1,27.5146,-8.11768,-32.666,43.47433148125914,7,149.77957252301002,yahboom_calibrated_direct,0,3141,2942,2703,0.010226061909074675,0.5461459081379826,0.5462416363826818,127.45599523861452,neo3_calibrated_direct:gyro_integral,1,127.45599523861452,nan,117.333984375,0.0,-216,-64,2039,-1.0342951171875,-0.3064578125,9.763554370117188,9.822966798198731,0,0,0,0.0,0.0,0.0,0.0,0.0,0.0,0.0,-332,1080,21360,-1.82373046875,5.9326171875,117.333984375,98778.992,304.75,1,1,0,0,3193,166,833,1641,1641,1641,1641,9759,F4line=3193;YAH=6564
DIRECT_SERIAL,568,1789354982546002289,2026-09-14T03:03:02.546002+00:00,-1,23962748192465,1789354982400000000,1789354982,400000000,38714321,1789354982407630,1789354982400000,2,4,16.97080942907189,12.89535583028818,gnss_local_enu_direct,16.97080942907189,12.89535583028818,110.4351877,-7.0507888,219.69,5.958,9.038,3,1,11,0,0.2122,17.837,0.202,0.065,-0.531,1.7099,180.0,99.0,5.01,114.82163831188305,neo3_calibrated_direct,1,27.4658,-8.10547,-32.5928,43.38616629066113,7,149.61829725953677,yahboom_calibrated_direct,0,3151,2933,2673,0.011709591308380495,0.5448225678639148,0.544948387448242,127.45599523861452,neo3_calibrated_direct:gyro_integral,1,127.45599523861452,nan,117.333984375,0.0,-215,-65,2034,-1.0295067138671874,-0.3112462158203125,9.739612353515625,9.798816616179437,0,0,0,0.0,0.0,0.0,0.0,0.0,0.0,0.0,-332,1080,21360,-1.82373046875,5.9326171875,117.333984375,98782.961,304.75,1,1,0,0,3198,166,835,1644,1644,1644,1644,9776,F4line=3198;YAH=6576
DIRECT_SERIAL,569,1789354982600042142,2026-09-14T03:03:02.600042+00:00,-1,23962802232418,1789354982400000000,1789354982,400000000,38714321,1789354982407630,1789354982400000,2,4,16.97080942907189,12.89535583028818,gnss_local_enu_direct,16.97080942907189,12.89535583028818,110.4351877,-7.0507888,219.69,5.958,9.038,3,1,11,0,0.2122,17.837,0.202,0.065,-0.531,1.7099,180.0,99.0,5.01,114.81114213377346,neo3_calibrated_direct,1,27.4658,-8.10547,-32.6172,43.404499183850746,7,149.31134278294599,yahboom_calibrated_direct,0,3170,2933,2712,0.014582472441266987,0.5448827626130319,0.5450778600303905,127.45599523861452,neo3_calibrated_direct:gyro_integral,1,127.45599523861452,nan,117.333984375,0.0,-210,-66,2037,-1.005564697265625,-0.316034619140625,9.753977563476562,9.810765339650441,0,0,0,0.0,0.0,0.0,0.0,0.0,0.0,0.0,-332,1080,21360,-1.82373046875,5.9326171875,117.333984375,98782.961,304.75,1,1,0,0,3201,166,836,1647,1647,1647,1647,9791,F4line=3201;YAH=6588
DIRECT_SERIAL,570,1789354982666583914,2026-09-14T03:03:02.666584+00:00,-1,23962868774188,1789354982600000000,1789354982,600000000,38714522,1789354982608871,1789354982600000,2,4,17.00395618226985,13.061248535944067,gnss_local_enu_direct,17.00395618226985,13.061248535944067,110.435188,-7.0507873,219.91,6.0,9.048,3,1,10,0,0.5746,24.469,0.523,0.238,0.273,2.0767,180.0,99.0,5.01,114.70572569148396,neo3_calibrated_direct,1,27.4902,-8.14209,-32.6172,43.42679428012272,7,149.76344986308825,yahboom_calibrated_direct,0,3142,2942,2703,0.010377266179226597,0.546149076282673,0.5462476555352631,127.45599523861452,neo3_calibrated_direct:gyro_integral,1,127.45599523861452,nan,117.333984375,0.0,-209,-65,2032,-1.0007762939453124,-0.3112462158203125,9.730035546875,9.78631795625078,0,0,0,0.0,0.0,0.0,0.0,0.0,0.0,0.0,-332,1080,21360,-1.82373046875,5.9326171875,117.333984375,98782.047,304.75,1,1,0,0,3211,167,838,1650,1650,1650,1650,9813,F4line=3211;YAH=6600
DIRECT_SERIAL,571,1789354982720444266,2026-09-14T03:03:02.720444+00:00,-1,23962922634637,1789354982600000000,1789354982,600000000,38714522,1789354982608871,1789354982600000,2,4,17.00395618226985,13.061248535944067,gnss_local_enu_direct,17.00395618226985,13.061248535944067,110.435188,-7.0507873,219.91,6.0,9.048,3,1,10,0,0.5746,24.469,0.523,0.238,0.273,2.0767,180.0,99.0,5.01,114.87242728805221,neo3_calibrated_direct,1,27.4902,-8.09326,-32.7148,43.49103462217931,7,149.66675829376157,yahboom_calibrated_direct,0,3148,2936,2764,0.011265482931995861,0.5452647373368341,0.5453811005972775,127.45599523861452,neo3_calibrated_direct:gyro_integral,1,127.45599523861452,nan,117.333984375,0.0,-210,-65,2029,-1.005564697265625,-0.3112462158203125,9.715670336914062,9.772527035666934,0,0,0,0.0,0.0,0.0,0.0,0.0,0.0,0.0,-332,1080,21360,-1.82373046875,5.9326171875,117.333984375,98782.047,304.75,1,1,0,0,3213,167,839,1653,1653,1653,1653,9827,F4line=3213;YAH=6612
DIRECT_SERIAL,572,1789354982786271617,2026-09-14T03:03:02.786272+00:00,-1,23962988461880,1789354982600000000,1789354982,600000000,38714522,1789354982608871,1789354982600000,2,4,17.00395618226985,13.061248535944067,gnss_local_enu_direct,17.00395618226985,13.061248535944067,110.435188,-7.0507873,219.91,6.0,9.048,3,1,10,0,0.5746,24.469,0.523,0.238,0.273,2.0767,180.0,99.0,5.01,114.84363535313686,neo3_calibrated_direct,1,27.4414,-8.08105,-32.666,43.42120863198651,7,149.5215863662501,yahboom_calibrated_direct,0,3157,2940,2770,0.012638993942124654,0.545895482515035,0.5460417767883625,127.45599523861452,neo3_calibrated_direct:gyro_integral,1,127.45599523861452,nan,117.333984375,0.0,-216,-66,2037,-1.0342951171875,-0.316034619140625,9.753977563476562,9.813751707616076,0,0,0,0.0,0.0,0.0,0.0,0.0,0.0,0.0,-332,1080,21360,-1.82373046875,5.9326171875,117.333984375,98778.992,304.75,1,1,0,0,3223,167,841,1656,1656,1656,1656,9849,F4line=3223;YAH=6624
DIRECT_SERIAL,573,1789354982836283670,2026-09-14T03:03:02.836284+00:00,-1,23963038473832,1789354982800000000,1789354982,800000000,38714721,1789354982808272,1789354982800000,2,4,17.00395618226985,13.061248535944067,gnss_local_enu_direct,17.00395618226985,13.061248535944067,110.435188,-7.0507873,219.91,6.0,9.048,3,1,10,0,0.5746,24.469,0.523,0.238,0.273,2.0767,180.0,99.0,5.01,114.83724701068044,neo3_calibrated_direct,1,27.4658,-8.09937,-32.6172,43.403360467559416,7,149.5698418258918,yahboom_calibrated_direct,0,3154,2934,2762,0.012166372263526633,0.5449826302669828,0.5451184164076404,127.45599523861452,neo3_calibrated_direct:gyro_integral,1,127.45599523861452,nan,117.333984375,0.0,-214,-63,2036,-1.024718310546875,-0.3016694091796875,9.749189160156249,9.80753492621428,0,0,0,0.0,0.0,0.0,0.0,0.0,0.0,0.0,-332,1080,21360,-1.82373046875,5.9326171875,117.333984375,98778.992,304.75,1,1,0,0,3227,167,842,1659,1659,1659,1659,9865,F4line=3227;YAH=6636
DIRECT_SERIAL,574,1789354982886809047,2026-09-14T03:03:02.886809+00:00,-1,23963088999197,1789354982800000000,1789354982,800000000,38714721,1789354982808272,1789354982800000,2,4,17.003956222453418,13.182902866334409,gnss_local_enu_direct,17.003956222453418,13.182902866334409,110.435188,-7.0507862,219.91,6.044,9.062,3,1,10,0,0.525,31.207,0.449,0.272,0.715,2.4717,180.0,99.0,5.01,115.51879306402365,neo3_calibrated_direct,1,27.4658,-7.95288,-32.4951,43.28452372320157,7,149.48946393053276,yahboom_calibrated_direct,0,3159,2943,2755,0.012950906916499623,0.5463534927114062,0.5465069670076608,127.45599523861452,neo3_calibrated_direct:gyro_integral,1,127.45599523861452,nan,117.333984375,0.0,-213,-66,2035,-1.0199299072265624,-0.316034619140625,9.744400756835937,9.802728242993137,0,0,0,0.0,0.0,0.0,0.0,0.0,0.0,0.0,-332,1080,21360,-1.82373046875,5.9326171875,117.333984375,98780.516,304.75,1,1,0,0,3235,168,844,1662,1662,1662,1662,9885,F4line=3235;YAH=6648
DIRECT_SERIAL,575,1789354982945879409,2026-09-14T03:03:02.945879+00:00,-1,23963148069737,1789354982800000000,1789354982,800000000,38714721,1789354982808272,1789354982800000,2,4,17.003956222453418,13.182902866334409,gnss_local_enu_direct,17.003956222453418,13.182902866334409,110.435188,-7.0507862,219.91,6.044,9.062,3,1,10,0,0.525,31.207,0.449,0.272,0.715,2.4717,180.0,99.0,5.01,115.392721131599,neo3_calibrated_direct,1,27.4658,-7.97729,-32.5439,43.32565928631785,7,149.45672407388255,yahboom_calibrated_direct,0,3161,2933,2711,0.013221634009899702,0.5448542493108185,0.5450146462233353,127.45599523861452,neo3_calibrated_direct:gyro_integral,1,127.45599523861452,nan,117.333984375,0.0,-216,-64,2036,-1.0342951171875,-0.3064578125,9.749189160156249,9.80868860045971,0,0,0,0.0,0.0,0.0,0.0,0.0,0.0,0.0,-332,1080,21360,-1.82373046875,5.9326171875,117.333984375,98780.516,304.75,1,1,0,0,3237,168,845,1664,1664,1664,1664,9895,F4line=3237;YAH=6656
DIRECT_SERIAL,576,1789354983000989987,2026-09-14T03:03:03.000990+00:00,-1,23963203180405,1789354982800000000,1789354982,800000000,38714721,1789354982808272,1789354982800000,2,4,17.003956222453418,13.182902866334409,gnss_local_enu_direct,17.003956222453418,13.182902866334409,110.435188,-7.0507862,219.91,6.044,9.062,3,1,10,0,0.525,31.207,0.449,0.272,0.715,2.4717,180.0,99.0,5.01,114.86604753577043,neo3_calibrated_direct,1,27.5146,-8.11157,-32.666,43.47319101497956,7,149.47316365936211,yahboom_calibrated_direct,0,3160,2939,2703,0.013089438607890039,0.5457544289801092,0.5459113757327967,127.45599523861452,neo3_calibrated_direct:gyro_integral,1,127.45599523861452,nan,117.333984375,0.0,-213,-66,2037,-1.0199299072265624,-0.316034619140625,9.753977563476562,9.81224812186049,0,0,0,0.0,0.0,0.0,0.0,0.0,0.0,0.0,-332,1080,21360,-1.82373046875,5.9326171875,117.333984375,98777.164,304.75,1,1,0,0,3240,168,846,1667,1667,1667,1667,9910,F4line=3240;YAH=6668
DIRECT_SERIAL,577,1789354983065555047,2026-09-14T03:03:03.065555+00:00,-1,23963267745574,1789354983000000000,1789354983,0,38714930,1789354983015321,1789354983000000,2,4,17.05919970031332,13.370914002182957,gnss_local_enu_direct,17.05919970031332,13.370914002182957,110.4351885,-7.0507845,219.87,6.088,9.076,3,1,10,0,1.0729,30.652,0.923,0.547,1.016,2.4622,131.488,99.0,4.98,114.66098281488814,neo3_calibrated_direct,1,27.4414,-8.13599,-32.5439,43.33970690314022,7,149.32828085709872,yahboom_calibrated_direct,0,3169,2942,2690,0.014459781473328454,0.5462346161893131,0.5464259704696901,127.45599523861452,neo3_calibrated_direct:gyro_integral,1,127.45599523861452,nan,117.333984375,0.0,-210,-64,2041,-1.005564697265625,-0.3064578125,9.773131176757811,9.829505061260445,0,0,0,0.0,0.0,0.0,0.0,0.0,0.0,0.0,-332,1080,21360,-1.82373046875,5.9326171875,117.333984375,98781.43,304.75,1,1,0,0,3251,169,848,1670,1670,1670,1670,9933,F4line=3251;YAH=6680
DIRECT_SERIAL,578,1789354983121106142,2026-09-14T03:03:03.121106+00:00,-1,23963323296658,1789354983000000000,1789354983,0,38714930,1789354983015321,1789354983000000,2,4,17.05919970031332,13.370914002182957,gnss_local_enu_direct,17.05919970031332,13.370914002182957,110.4351885,-7.0507845,219.87,6.088,9.076,3,1,10,0,1.0729,30.652,0.923,0.547,1.016,2.4622,131.488,99.0,4.98,115.02194955691402,neo3_calibrated_direct,1,27.4414,-8.05664,-32.4951,43.28823634729879,7,149.55378860910326,yahboom_calibrated_direct,0,3155,2938,2752,0.012330249112440059,0.5455880302876605,0.5457273438598655,127.45599523861452,neo3_calibrated_direct:gyro_integral,1,127.45599523861452,nan,117.333984375,0.0,-212,-65,2031,-1.01514150390625,-0.3112462158203125,9.725247143554688,9.78303728312604,0,0,0,0.0,0.0,0.0,0.0,0.0,0.0,0.0,-332,1080,21360,-1.82373046875,5.9326171875,117.333984375,98781.43,304.75,1,1,0,0,3253,169,849,1673,1673,1673,1673,9947,F4line=3253;YAH=6692
DIRECT_SERIAL,579,1789354983185300801,2026-09-14T03:03:03.185301+00:00,-1,23963387491075,1789354983000000000,1789354983,0,38714930,1789354983015321,1789354983000000,2,4,17.05919970031332,13.370914002182957,gnss_local_enu_direct,17.05919970031332,13.370914002182957,110.4351885,-7.0507845,219.87,6.088,9.076,3,1,10,0,1.0729,30.652,0.923,0.547,1.016,2.4622,131.488,99.0,4.98,114.79948035158306,neo3_calibrated_direct,1,27.4902,-8.11768,-32.6416,43.44055565001903,7,149.65059968260726,yahboom_calibrated_direct,0,3149,2943,2707,0.011438864214980417,0.5463218112645024,0.5464415513829959,127.45599523861452,neo3_calibrated_direct:gyro_integral,1,127.45599523861452,nan,117.333984375,0.0,-214,-66,2031,-1.024718310546875,-0.316034619140625,9.725247143554688,9.784189159030197,0,0,0,0.0,0.0,0.0,0.0,0.0,0.0,0.0,-332,1080,21360,-1.82373046875,5.9326171875,117.333984375,98777.469,304.75,1,1,0,0,3258,169,851,1676,1676,1676,1676,9964,F4line=3258;YAH=6704
DIRECT_SERIAL,580,1789354983241260343,2026-09-14T03:03:03.241260+00:00,-1,23963443450560,1789354983200000000,1789354983,200000000,38715120,1789354983206551,1789354983200000,2,4,17.07024833534909,13.48150875848553,gnss_local_enu_direct,17.07024833534909,13.48150875848553,110.4351886,-7.0507835,219.83,6.129,9.09,3,1,10,0,0.6195,42.187,0.459,0.416,0.668,2.4311,180.0,99.0,5.02,114.82021071771857,neo3_calibrated_direct,1,27.4902,-8.10547,-32.7148,43.49330843935536,7,149.81251370760575,yahboom_calibrated_direct,0,3139,2927,2721,0.009876131198415189,0.5438812023136492,0.5439708633719171,127.45599523861452,neo3_calibrated_direct:gyro_integral,1,127.45599523861452,nan,117.333984375,0.0,-213,-64,2040,-1.0199299072265624,-0.3064578125,9.7683427734375,9.826224806397729,0,0,0,0.0,0.0,0.0,0.0,0.0,0.0,0.0,-332,1080,21360,-1.82373046875,5.9326171875,117.333984375,98777.469,304.75,1,1,0,0,3264,170,852,1679,1679,1679,1679,9982,F4line=3264;YAH=6716
DIRECT_SERIAL,581,1789354983304876978,2026-09-14T03:03:03.304877+00:00,-1,23963507067252,1789354983200000000,1789354983,200000000,38715120,1789354983206551,1789354983200000,2,4,17.07024833534909,13.48150875848553,gnss_local_enu_direct,17.07024833534909,13.48150875848553,110.4351886,-7.0507835,219.83,6.129,9.09,3,1,10,0,0.6195,42.187,0.459,0.416,0.668,2.4311,180.0,99.0,5.02,115.142532124067,neo3_calibrated_direct,1,27.4414,-8.02612,-32.5195,43.30088817177311,7,149.78024614831318,yahboom_calibrated_direct,0,3141,2924,2743,0.0101690353046479,0.5434358646960394,0.5435310003274507,127.45599523861452,neo3_calibrated_direct:gyro_integral,1,127.45599523861452,nan,117.333984375,0.0,-211,-64,2036,-1.0103531005859374,-0.3064578125,9.749189160156249,9.806192893228953,0,0,0,0.0,0.0,0.0,0.0,0.0,0.0,0.0,-332,1080,21360,-1.82373046875,5.9326171875,117.333984375,98778.383,304.75,1,1,0,0,3270,170,854,1682,1682,1682,1682,10000,F4line=3270;YAH=6728
DIRECT_SERIAL,582,1789354983360971623,2026-09-14T03:03:03.360971+00:00,-1,23963563161874,1789354983200000000,1789354983,200000000,38715120,1789354983206551,1789354983200000,2,4,17.07024833534909,13.48150875848553,gnss_local_enu_direct,17.07024833534909,13.48150875848553,110.4351886,-7.0507835,219.83,6.129,9.09,3,1,10,0,0.6195,42.187,0.459,0.416,0.668,2.4311,180.0,99.0,5.02,115.16183721737443,neo3_calibrated_direct,1,27.4658,-8.03833,-32.4707,43.28199715030373,7,149.4892071849078,yahboom_calibrated_direct,0,3159,2937,2747,0.012931898048357366,0.5454501448974252,0.5456034224193935,127.45599523861452,neo3_calibrated_direct:gyro_integral,1,127.45599523861452,nan,117.333984375,0.0,-211,-66,2035,-1.0103531005859374,-0.316034619140625,9.744400756835937,9.801736447088533,0,0,0,0.0,0.0,0.0,0.0,0.0,0.0,0.0,-332,1080,21360,-1.82373046875,5.9326171875,117.333984375,98782.961,304.75,1,1,0,0,3273,170,855,1685,1685,1685,1685,10015,F4line=3273;YAH=6740
DIRECT_SERIAL,583,1789354983424571973,2026-09-14T03:03:03.424572+00:00,-1,23963626762214,1789354983200000000,1789354983,200000000,38715120,1789354983206551,1789354983200000,2,4,17.07024833534909,13.48150875848553,gnss_local_enu_direct,17.07024833534909,13.48150875848553,110.4351886,-7.0507835,219.83,6.129,9.09,3,1,10,0,0.6195,42.187,0.459,0.416,0.668,2.4311,180.0,99.0,5.02,114.82439178639166,neo3_calibrated_direct,1,27.5146,-8.12378,-32.6416,43.457140554900754,7,149.42483906329937,yahboom_calibrated_direct,0,3163,2940,2771,0.013546219563036177,0.5459144913831772,0.5460825321932601,127.45599523861452,neo3_calibrated_direct:gyro_integral,1,127.45599523861452,nan,117.333984375,0.0,-211,-66,2040,-1.0103531005859374,-0.316034619140625,9.7683427734375,9.825538754069804,0,0,0,0.0,0.0,0.0,0.0,0.0,0.0,0.0,-332,1080,21360,-1.82373046875,5.9326171875,117.333984375,98782.961,304.75,1,1,0,0,3280,170,857,1688,1688,1688,1688,10034,F4line=3280;YAH=6752
DIRECT_SERIAL,584,1789354983481188370,2026-09-14T03:03:03.481188+00:00,-1,23963683378650,1789354983400000000,1789354983,400000000,38715322,1789354983408958,1789354983400000,2,4,17.070248013470035,13.55892487132399,gnss_local_enu_direct,17.070248013470035,13.55892487132399,110.4351886,-7.0507828,219.7,6.177,9.11,3,1,10,0,0.6476,33.347,0.541,0.356,0.98,2.7649,180.0,99.0,5.01,115.02413448417893,neo3_calibrated_direct,1,27.4902,-8.06274,-32.6416,43.430322620349024,7,149.5858823127066,yahboom_calibrated_direct,0,3153,2927,2746,0.011992990980542078,0.5439255563393145,0.54405775674251,127.45599523861452,neo3_calibrated_direct:gyro_integral,1,127.45599523861452,nan,117.333984375,0.0,-212,-65,2035,-1.01514150390625,-0.3112462158203125,9.744400756835937,9.802077973044302,0,0,0,0.0,0.0,0.0,0.0,0.0,0.0,0.0,-332,1081,21360,-1.82373046875,5.9381103515625,117.333984375,98779.297,304.75,1,1,0,0,3288,171,858,1691,1691,1691,1691,10054,F4line=3288;YAH=6764
DIRECT_SERIAL,585,1789354983544232952,2026-09-14T03:03:03.544233+00:00,-1,23963746423361,1789354983400000000,1789354983,400000000,38715322,1789354983408958,1789354983400000,2,4,17.070248013470035,13.55892487132399,gnss_local_enu_direct,17.070248013470035,13.55892487132399,110.4351886,-7.0507828,219.7,6.177,9.11,3,1,10,0,0.6476,33.347,0.541,0.356,0.98,2.7649,180.0,99.0,5.01,115.33838441654673,neo3_calibrated_direct,1,27.4902,-8.00171,-32.5195,43.32731631677757,7,149.5377711782438,yahboom_calibrated_direct,0,3156,2942,2756,0.012494125961353485,0.5461934303083382,0.5463363126276046,127.45599523861452,neo3_calibrated_direct:gyro_integral,1,127.45599523861452,nan,117.333984375,0.0,-214,-64,2031,-1.024718310546875,-0.3064578125,9.725247143554688,9.783884505145743,0,0,0,0.0,0.0,0.0,0.0,0.0,0.0,0.0,-332,1081,21360,-1.82373046875,5.9381103515625,117.333984375,98779.297,304.75,1,1,0,0,3292,171,860,1694,1694,1694,1694,10070,F4line=3292;YAH=6776
DIRECT_SERIAL,586,1789354983602512700,2026-09-14T03:03:03.602513+00:00,-1,23963804703006,1789354983400000000,1789354983,400000000,38715322,1789354983408958,1789354983400000,2,4,17.070248013470035,13.55892487132399,gnss_local_enu_direct,17.070248013470035,13.55892487132399,110.4351886,-7.0507828,219.7,6.177,9.11,3,1,10,0,0.6476,33.347,0.541,0.356,0.98,2.7649,180.0,99.0,5.01,114.71190702760607,neo3_calibrated_direct,1,27.4658,-8.12378,-32.6416,43.42625958666484,7,149.58617290831475,yahboom_calibrated_direct,0,3153,2945,2733,0.012050017584968853,0.5466355997812576,0.5467683987503423,127.45599523861452,neo3_calibrated_direct:gyro_integral,1,127.45599523861452,nan,117.333984375,0.0,-212,-65,2036,-1.01514150390625,-0.3112462158203125,9.749189160156249,9.806838214242326,0,0,0,0.0,0.0,0.0,0.0,0.0,0.0,0.0,-332,1081,21360,-1.82373046875,5.9381103515625,117.333984375,98778.688,304.75,1,1,0,0,3296,171,861,1697,1697,1697,1697,10086,F4line=3296;YAH=6788
DIRECT_SERIAL,587,1789354983663941382,2026-09-14T03:03:03.663941+00:00,-1,23963866131720,1789354983600000000,1789354983,600000000,38715522,1789354983609001,1789354983600000,2,4,17.081296945982793,13.603162976351749,gnss_local_enu_direct,17.081296945982793,13.603162976351749,110.4351887,-7.0507824,219.78,6.222,9.141,3,1,10,0,0.417,89.45,0.004,0.417,0.224,2.1323,180.0,99.0,5.01,114.70030720745184,neo3_calibrated_direct,1,27.4902,-8.13599,-32.6904,43.48065870568315,7,149.7149093394047,yahboom_calibrated_direct,0,3145,2951,2736,0.010859392291895746,0.5475136024377157,0.5476212845162927,127.45599523861452,neo3_calibrated_direct:gyro_integral,1,127.45599523861452,nan,117.333984375,0.0,-209,-66,2032,-1.0007762939453124,-0.316034619140625,9.730035546875,9.78647141795598,0,0,0,0.0,0.0,0.0,0.0,0.0,0.0,0.0,-332,1080,21360,-1.82373046875,5.9326171875,117.333984375,98777.773,304.75,1,1,0,0,3309,172,863,1700,1700,1700,1700,10111,F4line=3309;YAH=6800
DIRECT_SERIAL,588,1789354983723803097,2026-09-14T03:03:03.723803+00:00,-1,23963925993560,1789354983600000000,1789354983,600000000,38715522,1789354983609001,1789354983600000,2,4,17.081296945982793,13.603162976351749,gnss_local_enu_direct,17.081296945982793,13.603162976351749,110.4351887,-7.0507824,219.78,6.222,9.141,3,1,10,0,0.417,89.45,0.004,0.417,0.224,2.1323,180.0,99.0,5.01,114.85677983991228,neo3_calibrated_direct,1,27.4902,-8.09937,-32.6904,43.473821347989414,7,149.82769009313995,yahboom_calibrated_direct,0,3138,2947,2712,0.009788289822070795,0.5468891935488958,0.5469767825403583,127.45599523861452,neo3_calibrated_direct:gyro_integral,1,127.45599523861452,nan,117.333984375,0.0,-209,-66,2032,-1.0007762939453124,-0.316034619140625,9.730035546875,9.78647141795598,0,0,0,0.0,0.0,0.0,0.0,0.0,0.0,0.0,-332,1080,21360,-1.82373046875,5.9326171875,117.333984375,98777.773,304.75,1,1,0,0,3311,172,864,1703,1703,1703,1703,10125,F4line=3311;YAH=6812
DIRECT_SERIAL,589,1789354983783613482,2026-09-14T03:03:03.783613+00:00,-1,23963985803908,1789354983600000000,1789354983,600000000,38715522,1789354983609001,1789354983600000,2,4,17.081296945982793,13.603162976351749,gnss_local_enu_direct,17.081296945982793,13.603162976351749,110.4351887,-7.0507824,219.78,6.222,9.141,3,1,10,0,0.417,89.45,0.004,0.417,0.224,2.1323,180.0,99.0,5.01,114.83190689507003,neo3_calibrated_direct,1,27.4658,-8.09326,-32.6904,43.4572580730492,7,149.79507286315464,yahboom_calibrated_direct,0,3140,2957,2725,0.010122379809278399,0.548401109528245,0.5484945209432939,127.45599523861452,neo3_calibrated_direct:gyro_integral,1,127.45599523861452,nan,117.333984375,0.0,-212,-65,2039,-1.01514150390625,-0.3112462158203125,9.763554370117188,9.821119102121202,0,0,0,0.0,0.0,0.0,0.0,0.0,0.0,0.0,-332,1080,21360,-1.82373046875,5.9326171875,117.333984375,98780.211,304.75,1,1,0,0,3321,172,866,1706,1706,1706,1706,10147,F4line=3321;YAH=6824
DIRECT_SERIAL,590,1789354983835023375,2026-09-14T03:03:03.835023+00:00,-1,23964037213689,1789354983600000000,1789354983,600000000,38715522,1789354983609001,1789354983600000,2,4,17.081296945982793,13.603162976351749,gnss_local_enu_direct,17.081296945982793,13.603162976351749,110.4351887,-7.0507824,219.78,6.222,9.141,3,1,10,0,0.417,89.45,0.004,0.417,0.224,2.1323,180.0,99.0,5.01,114.75891158439354,neo3_calibrated_direct,1,27.4658,-8.11768,-32.6172,43.406780968673544,7,149.60214989041717,yahboom_calibrated_direct,0,3152,2934,2730,0.01186396372322279,0.544976293977602,0.5451054160736138,127.45599523861452,neo3_calibrated_direct:gyro_integral,1,127.45599523861452,nan,117.333984375,0.0,-212,-64,2039,-1.01514150390625,-0.3064578125,9.763554370117188,9.820968516497228,0,0,0,0.0,0.0,0.0,0.0,0.0,0.0,0.0,-332,1080,21360,-1.82373046875,5.9326171875,117.333984375,98780.211,304.75,1,1,0,0,3324,172,867,1709,1709,1709,1709,10162,F4line=3324;YAH=6836
DIRECT_SERIAL,591,1789354983903352757,2026-09-14T03:03:03.903353+00:00,-1,23964105543054,1789354983800000000,1789354983,800000000,38715722,1789354983808769,1789354983800000,2,4,16.97080996780803,13.481508770076015,gnss_local_enu_direct,16.97080996780803,13.481508770076015,110.4351877,-7.0507835,219.82,6.27,9.172,3,1,10,0,0.4196,196.189,-0.403,-0.117,-0.161,2.1479,180.0,99.0,5.01,114.91435988424358,neo3_calibrated_direct,1,27.4902,-8.09326,-32.6172,43.417665636323655,7,149.32775710840215,yahboom_calibrated_direct,0,3169,2936,2740,0.014440772605186196,0.5453312683753321,0.5455224360017498,127.45599523861452,neo3_calibrated_direct:gyro_integral,1,127.45599523861452,nan,117.333984375,0.0,-214,-65,2033,-1.024718310546875,-0.3112462158203125,9.734823950195311,9.793554980911107,0,0,0,0.0,0.0,0.0,0.0,0.0,0.0,0.0,-332,1080,21360,-1.82373046875,5.9326171875,117.333984375,98777.773,304.75,1,1,0,0,3334,173,869,1712,1712,1712,1712,10184,F4line=3334;YAH=6848
DIRECT_SERIAL,592,1789354983963218328,2026-09-14T03:03:03.963218+00:00,-1,23964165408632,1789354983800000000,1789354983,800000000,38715722,1789354983808769,1789354983800000,2,4,16.97080996780803,13.481508770076015,gnss_local_enu_direct,16.97080996780803,13.481508770076015,110.4351877,-7.0507835,219.82,6.27,9.172,3,1,10,0,0.4196,196.189,-0.403,-0.117,-0.161,2.1479,180.0,99.0,5.01,114.93515768679232,neo3_calibrated_direct,1,27.4902,-8.08105,-32.6904,43.470411975302234,7,149.44141065103076,yahboom_calibrated_direct,0,3162,2948,2723,0.013420360450407266,0.5471157869904615,0.5472803581792525,127.45599523861452,neo3_calibrated_direct:gyro_integral,1,127.45599523861452,nan,117.333984375,0.0,-210,-65,2033,-1.005564697265625,-0.3112462158203125,9.734823950195311,9.791569430308178,0,0,0,0.0,0.0,0.0,0.0,0.0,0.0,0.0,-332,1080,21360,-1.82373046875,5.9326171875,117.333984375,98781.125,304.75,1,1,0,0,3337,173,870,1715,1715,1715,1715,10199,F4line=3337;YAH=6860
DIRECT_SERIAL,593,1789354984022998047,2026-09-14T03:03:04.022998+00:00,-1,23964225188447,1789354983800000000,1789354983,800000000,38715722,1789354983808769,1789354983800000,2,4,16.97080996780803,13.481508770076015,gnss_local_enu_direct,16.97080996780803,13.481508770076015,110.4351877,-7.0507835,219.82,6.27,9.172,3,1,10,0,0.4196,196.189,-0.403,-0.117,-0.161,2.1479,180.0,99.0,5.01,114.85290517754385,neo3_calibrated_direct,1,27.4658,-8.09326,-32.6416,43.420560540227946,7,149.48890657149744,yahboom_calibrated_direct,0,3159,2930,2724,0.012909721035524731,0.5443962391144472,0.5445492870798468,127.45599523861452,neo3_calibrated_direct:gyro_integral,1,127.45599523861452,nan,117.333984375,0.0,-209,-64,2033,-1.0007762939453124,-0.3064578125,9.734823950195311,9.790927786612535,0,0,0,0.0,0.0,0.0,0.0,0.0,0.0,0.0,-332,1080,21360,-1.82373046875,5.9326171875,117.333984375,98781.125,304.75,1,1,0,0,3341,173,872,1718,1718,1718,1718,10215,F4line=3341;YAH=6872
DIRECT_SERIAL,594,1789354984082966677,2026-09-14T03:03:04.082967+00:00,-1,23964285157002,1789354984000000000,1789354984,0,38715930,1789354984016708,1789354984000000,2,4,16.860323693035554,13.404093049858224,gnss_local_enu_direct,16.860323693035554,13.404093049858224,110.4351867,-7.0507842,220.12,6.317,9.196,3,1,10,0,0.4422,219.955,-0.339,-0.284,-0.857,2.6817,180.0,99.0,4.98,114.29978572952787,neo3_calibrated_direct,1,27.4902,-8.22754,-32.7148,43.516222831624525,7,149.40871592829083,yahboom_calibrated_direct,0,3164,2940,2697,0.013697423833188099,0.5459176595278675,0.5460894710613369,127.45599523861452,neo3_calibrated_direct:gyro_integral,1,127.45599523861452,nan,117.333984375,0.0,-211,-66,2030,-1.0103531005859374,-0.316034619140625,9.720458740234374,9.777934822290328,0,0,0,0.0,0.0,0.0,0.0,0.0,0.0,0.0,-332,1080,21360,-1.82373046875,5.9326171875,117.333984375,98782.656,304.75,1,1,0,0,3350,174,873,1721,1721,1721,1721,10236,F4line=3350;YAH=6884
DIRECT_SERIAL,595,1789354984142782614,2026-09-14T03:03:04.142783+00:00,-1,23964344972930,1789354984000000000,1789354984,0,38715930,1789354984016708,1789354984000000,2,4,16.860323693035554,13.404093049858224,gnss_local_enu_direct,16.860323693035554,13.404093049858224,110.4351867,-7.0507842,220.12,6.317,9.196,3,1,10,0,0.4422,219.955,-0.339,-0.284,-0.857,2.6817,180.0,99.0,4.98,114.88291273141317,neo3_calibrated_direct,1,27.4902,-8.09326,-32.6904,43.47268344176145,7,149.63447609984226,yahboom_calibrated_direct,0,3150,2940,2683,0.011580564051061209,0.5458733055022023,0.545996131051898,127.45599523861452,neo3_calibrated_direct:gyro_integral,1,127.45599523861452,nan,117.333984375,0.0,-214,-64,2038,-1.024718310546875,-0.3064578125,9.758765966796874,9.817203125204513,0,0,0,0.0,0.0,0.0,0.0,0.0,0.0,0.0,-332,1080,21360,-1.82373046875,5.9326171875,117.333984375,98782.656,304.75,1,1,0,0,3354,174,875,1724,1724,1724,1724,10252,F4line=3354;YAH=6896
DIRECT_SERIAL,596,1789354984202590905,2026-09-14T03:03:04.202591+00:00,-1,23964404781203,1789354984000000000,1789354984,0,38715930,1789354984016708,1789354984000000,2,4,16.860323693035554,13.404093049858224,gnss_local_enu_direct,16.860323693035554,13.404093049858224,110.4351867,-7.0507842,220.12,6.317,9.196,3,1,10,0,0.4422,219.955,-0.339,-0.284,-0.857,2.6817,180.0,99.0,4.98,114.93515768679232,neo3_calibrated_direct,1,27.4902,-8.08105,-32.6904,43.470411975302234,7,149.84351798794373,yahboom_calibrated_direct,0,3137,2952,2712,0.009652926275370755,0.5476388152491896,0.547723882036573,127.45599523861452,neo3_calibrated_direct:gyro_integral,1,127.45599523861452,nan,117.333984375,0.0,-214,-64,2039,-1.024718310546875,-0.3064578125,9.763554370117188,9.821963039283276,0,0,0,0.0,0.0,0.0,0.0,0.0,0.0,0.0,-332,1080,21360,-1.82373046875,5.9326171875,117.333984375,98776.859,304.75,1,1,0,0,3357,174,876,1727,1727,1727,1727,10267,F4line=3357;YAH=6908
DIRECT_SERIAL,597,1789354984262455608,2026-09-14T03:03:04.262455+00:00,-1,23964464645911,1789354984200000000,1789354984,200000000,38716120,1789354984206800,1789354984200000,2,4,16.805081436127697,13.415153569002072,gnss_local_enu_direct,16.805081436127697,13.415153569002072,110.4351862,-7.0507841,220.6,6.364,9.216,3,1,10,0,0.3101,236.976,-0.169,-0.26,-1.343,2.5648,180.0,99.0,5.02,114.68981877708114,neo3_calibrated_direct,1,27.4902,-8.13599,-32.7148,43.499006521529886,7,149.39203625426924,yahboom_calibrated_direct,0,3165,2932,2751,0.013823282945817007,0.5447163639205831,0.5448917326169128,127.45599523861452,neo3_calibrated_direct:gyro_integral,1,127.45599523861452,nan,117.333984375,0.0,-213,-64,2035,-1.0199299072265624,-0.3064578125,9.744400756835937,9.802424165293106,0,0,0,0.0,0.0,0.0,0.0,0.0,0.0,0.0,-332,1080,21360,-1.82373046875,5.9326171875,117.333984375,98778.383,304.75,1,1,0,0,3367,175,878,1730,1730,1730,1730,10289,F4line=3367;YAH=6920
DIRECT_SERIAL,598,1789354984322379976,2026-09-14T03:03:04.322380+00:00,-1,23964524570328,1789354984200000000,1789354984,200000000,38716120,1789354984206800,1789354984200000,2,4,16.805081436127697,13.415153569002072,gnss_local_enu_direct,16.805081436127697,13.415153569002072,110.4351862,-7.0507841,220.6,6.364,9.216,3,1,10,0,0.3101,236.976,-0.169,-0.26,-1.343,2.5648,180.0,99.0,5.02,114.97193098453312,neo3_calibrated_direct,1,27.4902,-8.08716,-32.5439,43.36148844442035,7,149.4892928612157,yahboom_calibrated_direct,0,3159,2939,2764,0.012938234337738117,0.5457512608354188,0.5459046039476381,127.45599523861452,neo3_calibrated_direct:gyro_integral,1,127.45599523861452,nan,117.333984375,0.0,-208,-65,2031,-0.9959878906249999,-0.3112462158203125,9.725247143554688,9.78106835107253,0,0,0,0.0,0.0,0.0,0.0,0.0,0.0,0.0,-332,1080,21360,-1.82373046875,5.9326171875,117.333984375,98778.383,304.75,1,1,0,0,3369,175,879,1733,1733,1733,1733,10303,F4line=3369;YAH=6932
DIRECT_SERIAL,599,1789354984382191244,2026-09-14T03:03:04.382191+00:00,-1,23964584381569,1789354984200000000,1789354984,200000000,38716120,1789354984206800,1789354984200000,2,4,16.805081436127697,13.415153569002072,gnss_local_enu_direct,16.805081436127697,13.415153569002072,110.4351862,-7.0507841,220.6,6.364,9.216,3,1,10,0,0.3101,236.976,-0.169,-0.26,-1.343,2.5648,180.0,99.0,5.02,114.81114213377346,neo3_calibrated_direct,1,27.4658,-8.10547,-32.6172,43.404499183850746,7,149.5216879751518,yahboom_calibrated_direct,0,3157,2943,2762,0.012648498376195782,0.5463471564220255,0.5464935496797797,127.45599523861452,neo3_calibrated_direct:gyro_integral,1,127.45599523861452,nan,117.333984375,0.0,-209,-66,2037,-1.0007762939453124,-0.316034619140625,9.753977563476562,9.810275703558103,0,0,0,0.0,0.0,0.0,0.0,0.0,0.0,0.0,-332,1080,21360,-1.82373046875,5.9326171875,117.333984375,98780.82,304.75,1,1,0,0,3377,175,881,1736,1736,1736,1736,10323,F4line=3377;YAH=6944
DIRECT_SERIAL,600,1789354984435517016,2026-09-14T03:03:04.435517+00:00,-1,23964637707338,1789354984200000000,1789354984,200000000,38716120,1789354984206800,1789354984200000,2,4,16.805081436127697,13.415153569002072,gnss_local_enu_direct,16.805081436127697,13.415153569002072,110.4351862,-7.0507841,220.6,6.364,9.216,3,1,10,0,0.3101,236.976,-0.169,-0.26,-1.343,2.5648,180.0,99.0,5.02,114.73176336293514,neo3_calibrated_direct,1,27.4902,-8.13599,-32.6172,43.425651004447815,7,149.63447609984226,yahboom_calibrated_direct,0,3150,2940,2771,0.011580564051061209,0.5458733055022023,0.545996131051898,127.45599523861452,neo3_calibrated_direct:gyro_integral,1,127.45599523861452,nan,117.333984375,0.0,-213,-63,2034,-1.0199299072265624,-0.3016694091796875,9.739612353515625,9.797515513886374,0,0,0,0.0,0.0,0.0,0.0,0.0,0.0,0.0,-332,1080,21360,-1.82373046875,5.9326171875,117.333984375,98780.82,304.75,1,1,0,0,3380,175,882,1739,1739,1739,1739,10338,F4line=3380;YAH=6956
DIRECT_SERIAL,601,1789354984501834247,2026-09-14T03:03:04.501834+00:00,-1,23964704024605,1789354984400000000,1789354984,400000000,38716322,1789354984409247,1789354984400000,2,4,16.76088765224267,13.45939235495291,gnss_local_enu_direct,16.76088765224267,13.45939235495291,110.4351858,-7.0507837,220.99,6.408,9.233,3,1,10,0,0.3312,245.756,-0.136,-0.302,-0.808,2.5241,180.0,99.0,5.01,115.2404442063776,neo3_calibrated_direct,1,27.4658,-8.00781,-32.5928,43.368027422008716,7,149.4727847170262,yahboom_calibrated_direct,0,3160,2931,2813,0.013064093450367027,0.5445499652281345,0.5447066505630737,127.45599523861452,neo3_calibrated_direct:gyro_integral,1,127.45599523861452,nan,117.333984375,0.0,-215,-64,2035,-1.0295067138671874,-0.3064578125,9.744400756835937,9.803425247053434,0,0,0,0.0,0.0,0.0,0.0,0.0,0.0,0.0,-332,1080,21360,-1.82373046875,5.9326171875,117.333984375,98778.383,304.75,1,1,0,0,3389,176,884,1742,1742,1742,1742,10359,F4line=3389;YAH=6968
DIRECT_SERIAL,602,1789354984561698317,2026-09-14T03:03:04.561698+00:00,-1,23964763888464,1789354984400000000,1789354984,400000000,38716322,1789354984409247,1789354984400000,2,4,16.76088765224267,13.45939235495291,gnss_local_enu_direct,16.76088765224267,13.45939235495291,110.4351858,-7.0507837,220.99,6.408,9.233,3,1,10,0,0.3312,245.756,-0.136,-0.302,-0.808,2.5241,180.0,99.0,5.01,115.19328572252442,neo3_calibrated_direct,1,27.4658,-8.02612,-32.5195,43.31635548086196,7,149.68297986439006,yahboom_calibrated_direct,0,3147,2929,2815,0.011092101649011307,0.5442076634091658,0.5443206919016178,127.45599523861452,neo3_calibrated_direct:gyro_integral,1,127.45599523861452,nan,117.333984375,0.0,-214,-66,2041,-1.024718310546875,-0.316034619140625,9.773131176757811,9.831786129416207,0,0,0,0.0,0.0,0.0,0.0,0.0,0.0,0.0,-332,1080,21360,-1.82373046875,5.9326171875,117.333984375,98778.383,304.75,1,1,0,0,3393,176,885,1745,1745,1745,1745,10375,F4line=3393;YAH=6980
DIRECT_SERIAL,603,1789354984621568950,2026-09-14T03:03:04.621569+00:00,-1,23964823759323,1789354984400000000,1789354984,400000000,38716322,1789354984409247,1789354984400000,2,4,16.76088765224267,13.45939235495291,gnss_local_enu_direct,16.76088765224267,13.45939235495291,110.4351858,-7.0507837,220.99,6.408,9.233,3,1,10,0,0.3312,245.756,-0.136,-0.302,-0.808,2.5241,180.0,99.0,5.01,114.6911404667812,neo3_calibrated_direct,1,27.4658,-8.13599,-32.5928,43.391878442400944,7,149.6022316278636,yahboom_calibrated_direct,0,3152,2941,2746,0.011886140736055425,0.54603019976058,0.5461595548849953,127.45599523861452,neo3_calibrated_direct:gyro_integral,1,127.45599523861452,nan,117.333984375,0.0,-209,-64,2036,-1.0007762939453124,-0.3064578125,9.749189160156249,9.805210801501072,0,0,0,0.0,0.0,0.0,0.0,0.0,0.0,0.0,-332,1080,21360,-1.82373046875,5.9326171875,117.333984375,98778.383,304.75,1,1,0,0,3397,176,887,1748,1748,1748,1748,10391,F4line=3397;YAH=6992
DIRECT_SERIAL,604,1789354984681433955,2026-09-14T03:03:04.681434+00:00,-1,23964883624248,1789354984600000000,1789354984,600000000,38716523,1789354984608754,1789354984600000,2,4,16.716694105952158,13.448333922948459,gnss_local_enu_direct,16.716694105952158,13.448333922948459,110.4351854,-7.0507838,221.48,6.449,9.253,3,1,10,0,0.4627,184.959,-0.461,-0.04,-1.403,2.4914,180.0,99.0,5.0,114.6267027122519,neo3_calibrated_direct,1,27.5146,-8.17261,-32.6172,43.44797467330439,7,149.73137326024633,yahboom_calibrated_direct,0,3144,2935,2780,0.010657497706697803,0.5451015067890758,0.545205681336034,127.45599523861452,neo3_calibrated_direct:gyro_integral,1,127.45599523861452,nan,117.333984375,0.0,-210,-64,2031,-1.005564697265625,-0.3064578125,9.725247143554688,9.781896991608928,0,0,0,0.0,0.0,0.0,0.0,0.0,0.0,0.0,-332,1080,21360,-1.82373046875,5.9326171875,117.333984375,98777.469,304.75,1,1,0,0,3405,177,888,1751,1751,1751,1751,10411,F4line=3405;YAH=7004
DIRECT_SERIAL,605,1789354984734787983,2026-09-14T03:03:04.734788+00:00,-1,23964936978151,1789354984600000000,1789354984,600000000,38716523,1789354984608754,1789354984600000,2,4,16.716694105952158,13.448333922948459,gnss_local_enu_direct,16.716694105952158,13.448333922948459,110.4351854,-7.0507838,221.48,6.449,9.253,3,1,10,0,0.4627,184.959,-0.461,-0.04,-1.403,2.4914,180.0,99.0,5.0,115.36444019129199,neo3_calibrated_direct,1,27.4902,-7.99561,-32.5439,43.344507178212325,7,149.3931477023091,yahboom_calibrated_direct,0,3165,2948,2795,0.013873973260863029,0.5471252914245326,0.5473011708834752,127.45599523861452,neo3_calibrated_direct:gyro_integral,1,127.45599523861452,nan,117.333984375,0.0,-211,-64,2033,-1.0103531005859374,-0.3064578125,9.734823950195311,9.791911310872978,0,0,0,0.0,0.0,0.0,0.0,0.0,0.0,0.0,-332,1080,21360,-1.82373046875,5.9326171875,117.333984375,98777.469,304.75,1,1,0,0,3410,177,890,1754,1754,1754,1754,10428,F4line=3410;YAH=7016
DIRECT_SERIAL,606,1789354984801018026,2026-09-14T03:03:04.801018+00:00,-1,23965003208346,1789354984600000000,1789354984,600000000,38716523,1789354984608754,1789354984600000,2,4,16.716694105952158,13.448333922948459,gnss_local_enu_direct,16.716694105952158,13.448333922948459,110.4351854,-7.0507838,221.48,6.449,9.253,3,1,10,0,0.4627,184.959,-0.461,-0.04,-1.403,2.4914,180.0,99.0,5.0,115.04499898756188,neo3_calibrated_direct,1,27.4902,-8.06274,-32.6172,43.411986918218794,7,149.68277864573528,yahboom_calibrated_direct,0,3147,2948,2747,0.011152296398128456,0.5470682648201058,0.5471819259517197,127.45599523861452,neo3_calibrated_direct:gyro_integral,1,127.45599523861452,nan,117.333984375,0.0,-214,-64,2036,-1.024718310546875,-0.3064578125,9.749189160156249,9.807683380254504,0,0,0,0.0,0.0,0.0,0.0,0.0,0.0,0.0,-332,1080,21360,-1.82373046875,5.9326171875,117.333984375,98774.719,304.75,1,1,0,0,3417,177,891,1757,1757,1757,1757,10447,F4line=3417;YAH=7028
DIRECT_SERIAL,607,1789354984860935911,2026-09-14T03:03:04.860936+00:00,-1,23965063127149,1789354984800000000,1789354984,800000000,38716720,1789354984805693,1789354984800000,2,4,16.639353059805703,13.393036447716142,gnss_local_enu_direct,16.639353059805703,13.393036447716142,110.4351847,-7.0507843,221.45,6.495,9.277,3,1,10,0,0.2121,38.491,0.166,0.132,0.385,2.8312,180.0,99.0,5.02,114.71516890643606,neo3_calibrated_direct,1,27.5146,-8.1543,-32.5928,43.42621827295119,7,149.47391654854925,yahboom_calibrated_direct,0,3160,2955,2686,0.013140128922936058,0.5481633564840587,0.5483208261410291,127.45599523861452,neo3_calibrated_direct:gyro_integral,1,127.45599523861452,nan,117.333984375,0.0,-215,-64,2033,-1.0295067138671874,-0.3064578125,9.734823950195311,9.793906156689278,0,0,0,0.0,0.0,0.0,0.0,0.0,0.0,0.0,-332,1080,21360,-1.82373046875,5.9326171875,117.333984375,98777.773,304.75,1,1,0,0,3427,178,893,1760,1760,1760,1760,10469,F4line=3427;YAH=7040
DIRECT_SERIAL,608,1789354984920809044,2026-09-14T03:03:04.920809+00:00,-1,23965122999469,1789354984800000000,1789354984,800000000,38716720,1789354984805693,1789354984800000,2,4,16.639353059805703,13.393036447716142,gnss_local_enu_direct,16.639353059805703,13.393036447716142,110.4351847,-7.0507843,221.45,6.495,9.277,3,1,10,0,0.2121,38.491,0.166,0.132,0.385,2.8312,180.0,99.0,5.02,115.42737892618649,neo3_calibrated_direct,1,27.4902,-7.9834,-32.5195,43.32393855422196,7,149.21538937720086,yahboom_calibrated_direct,0,3176,2941,2681,0.015515043219701522,0.5461062352331489,0.5463265843125635,127.45599523861452,neo3_calibrated_direct:gyro_integral,1,127.45599523861452,nan,117.333984375,0.0,-211,-65,2036,-1.0103531005859374,-0.3112462158203125,9.749189160156249,9.80634370574651,0,0,0,0.0,0.0,0.0,0.0,0.0,0.0,0.0,-332,1080,21360,-1.82373046875,5.9326171875,117.333984375,98777.773,304.75,1,1,0,0,3429,178,894,1763,1763,1763,1763,10483,F4line=3429;YAH=7052
DIRECT_SERIAL,609,1789354984980619095,2026-09-14T03:03:04.980619+00:00,-1,23965182809352,1789354984800000000,1789354984,800000000,38716720,1789354984805693,1789354984800000,2,4,16.639353059805703,13.393036447716142,gnss_local_enu_direct,16.639353059805703,13.393036447716142,110.4351847,-7.0507843,221.45,6.495,9.277,3,1,10,0,0.2121,38.491,0.166,0.132,0.385,2.8312,180.0,99.0,5.02,114.87902514109162,neo3_calibrated_direct,1,27.4658,-8.08716,-32.6416,43.419423960545586,7,149.26236210850186,yahboom_calibrated_direct,0,3173,2928,2728,0.015020244528270868,0.5441394772021187,0.5443467446357002,127.45599523861452,neo3_calibrated_direct:gyro_integral,1,127.45599523861452,nan,117.333984375,0.0,-208,-65,2035,-0.9959878906249999,-0.3112462158203125,9.744400756835937,9.800112866439799,0,0,0,0.0,0.0,0.0,0.0,0.0,0.0,0.0,-332,1080,21360,-1.82373046875,5.9326171875,117.333984375,98780.82,304.75,1,1,0,0,3434,178,896,1766,1766,1766,1766,10500,F4line=3434;YAH=7064
DIRECT_SERIAL,610,1789354985038531125,2026-09-14T03:03:05.038531+00:00,-1,23965240721392,1789354984800000000,1789354984,800000000,38716720,1789354984805693,1789354984800000,2,4,16.639353059805703,13.393036447716142,gnss_local_enu_direct,16.639353059805703,13.393036447716142,110.4351847,-7.0507843,221.45,6.495,9.277,3,1,10,0,0.2121,38.491,0.166,0.132,0.385,2.8312,180.0,99.0,5.02,114.81625092483685,neo3_calibrated_direct,1,27.4658,-8.09937,-32.666,43.44004512010663,7,149.53735772749314,yahboom_calibrated_direct,0,3156,2928,2723,0.012449771935688216,0.5440856187423824,0.5442280379983484,127.45599523861452,neo3_calibrated_direct:gyro_integral,1,127.45599523861452,nan,117.333984375,0.0,-210,-65,2031,-1.005564697265625,-0.3112462158203125,9.725247143554688,9.782048178703068,0,0,0,0.0,0.0,0.0,0.0,0.0,0.0,0.0,-332,1080,21360,-1.82373046875,5.9326171875,117.333984375,98780.82,304.75,1,1,0,0,3436,178,897,1769,1769,1769,1769,10514,F4line=3436;YAH=7076
DIRECT_SERIAL,611,1789354985100400584,2026-09-14T03:03:05.100401+00:00,-1,23965302591085,1789354985000000000,1789354985,0,38716930,1789354985016079,1789354985000000,2,4,16.56201196177013,13.337738930904955,gnss_local_enu_direct,16.56201196177013,13.337738930904955,110.435184,-7.0507848,221.4,6.541,9.301,3,1,10,0,0.1324,128.254,-0.082,0.104,0.461,2.4961,180.0,99.0,4.98,115.0256762067935,neo3_calibrated_direct,1,27.4658,-8.06274,-32.5439,43.341474053815936,7,149.60207957771584,yahboom_calibrated_direct,0,3152,2928,2752,0.011844954855080534,0.5440729461636209,0.5442018685218576,127.45599523861452,neo3_calibrated_direct:gyro_integral,1,127.45599523861452,nan,117.333984375,0.0,-214,-65,2035,-1.024718310546875,-0.3112462158203125,9.744400756835937,9.80307441227788,0,0,0,0.0,0.0,0.0,0.0,0.0,0.0,0.0,-332,1080,21360,-1.82373046875,5.9326171875,117.333984375,98781.125,304.75,1,1,0,0,3447,179,899,1772,1772,1772,1772,10537,F4line=3447;YAH=7088
DIRECT_SERIAL,612,1789354985160194575,2026-09-14T03:03:05.160195+00:00,-1,23965362384810,1789354985000000000,1789354985,0,38716930,1789354985016079,1789354985000000,2,4,16.56201196177013,13.337738930904955,gnss_local_enu_direct,16.56201196177013,13.337738930904955,110.435184,-7.0507848,221.4,6.541,9.301,3,1,10,0,0.1324,128.254,-0.082,0.104,0.461,2.4961,180.0,99.0,4.98,115.06746090893041,neo3_calibrated_direct,1,27.4658,-8.05054,-32.5684,43.35760651248636,7,149.764076206545,yahboom_calibrated_direct,0,3142,2923,2765,0.010317071430109445,0.5432884748717329,0.5433864268560152,127.45599523861452,neo3_calibrated_direct:gyro_integral,1,127.45599523861452,nan,117.333984375,0.0,-213,-64,2038,-1.0199299072265624,-0.3064578125,9.758765966796874,9.81670446744784,0,0,0,0.0,0.0,0.0,0.0,0.0,0.0,0.0,-332,1080,21360,-1.82373046875,5.9326171875,117.333984375,98778.078,304.75,1,1,0,0,3450,179,900,1775,1775,1775,1775,10552,F4line=3450;YAH=7100
DIRECT_SERIAL,613,1789354985219985507,2026-09-14T03:03:05.219985+00:00,-1,23965422175892,1789354985000000000,1789354985,0,38716930,1789354985016079,1789354985000000,2,4,16.56201196177013,13.337738930904955,gnss_local_enu_direct,16.56201196177013,13.337738930904955,110.435184,-7.0507848,221.4,6.541,9.301,3,1,10,0,0.1324,128.254,-0.082,0.104,0.461,2.4961,180.0,99.0,4.98,114.85677983991228,neo3_calibrated_direct,1,27.4902,-8.09937,-32.6904,43.473821347989414,7,149.7152400444155,yahboom_calibrated_direct,0,3145,2934,2744,0.010805533832159347,0.5449541169647694,0.5450612343198235,127.45599523861452,neo3_calibrated_direct:gyro_integral,1,127.45599523861452,nan,117.333984375,0.0,-213,-66,2035,-1.0199299072265624,-0.316034619140625,9.744400756835937,9.802728242993137,0,0,0,0.0,0.0,0.0,0.0,0.0,0.0,0.0,-332,1080,21360,-1.82373046875,5.9326171875,117.333984375,98778.078,304.75,1,1,0,0,3454,179,902,1778,1778,1778,1778,10568,F4line=3454;YAH=7112
DIRECT_SERIAL,614,1789354985279872361,2026-09-14T03:03:05.279872+00:00,-1,23965482063067,1789354985200000000,1789354985,200000000,38717122,1789354985208358,1789354985200000,2,4,16.5730613730332,13.426215375671012,gnss_local_enu_direct,16.5730613730332,13.426215375671012,110.4351841,-7.050784,221.66,6.586,9.324,3,1,10,0,0.4335,34.093,0.359,0.243,-0.388,1.2171,160.867,99.0,5.01,114.36220244186408,neo3_calibrated_direct,1,27.4902,-8.21533,-32.6904,43.49557443245117,7,149.60207957771584,yahboom_calibrated_direct,0,3152,2928,2732,0.011844954855080534,0.5440729461636209,0.5442018685218576,127.45599523861452,neo3_calibrated_direct:gyro_integral,1,127.45599523861452,nan,117.333984375,0.0,-210,-66,2036,-1.005564697265625,-0.316034619140625,9.749189160156249,9.80600466660048,0,0,0,0.0,0.0,0.0,0.0,0.0,0.0,0.0,-332,1080,21360,-1.82373046875,5.9326171875,117.333984375,98777.164,304.75,1,1,0,0,3462,180,903,1781,1781,1781,1781,10588,F4line=3462;YAH=7124
DIRECT_SERIAL,615,1789354985339701505,2026-09-14T03:03:05.339701+00:00,-1,23965541891798,1789354985200000000,1789354985,200000000,38717122,1789354985208358,1789354985200000,2,4,16.5730613730332,13.426215375671012,gnss_local_enu_direct,16.5730613730332,13.426215375671012,110.4351841,-7.050784,221.66,6.586,9.324,3,1,10,0,0.4335,34.093,0.359,0.243,-0.388,1.2171,160.867,99.0,5.01,114.60160549356463,neo3_calibrated_direct,1,27.4902,-8.1665,-32.6172,43.43137752973074,7,149.71535750675739,yahboom_calibrated_direct,0,3145,2928,2776,0.01078652496401709,0.5440507691507882,0.5441576871958749,127.45599523861452,neo3_calibrated_direct:gyro_integral,1,127.45599523861452,nan,117.333984375,0.0,-212,-65,2037,-1.01514150390625,-0.3112462158203125,9.753977563476562,9.811598482847721,0,0,0,0.0,0.0,0.0,0.0,0.0,0.0,0.0,-332,1080,21360,-1.82373046875,5.9326171875,117.333984375,98777.164,304.75,1,1,0,0,3466,180,905,1784,1784,1784,1784,10604,F4line=3466;YAH=7136
DIRECT_SERIAL,616,1789354985399672162,2026-09-14T03:03:05.399672+00:00,-1,23965601862482,1789354985200000000,1789354985,200000000,38717122,1789354985208358,1789354985200000,2,4,16.5730613730332,13.426215375671012,gnss_local_enu_direct,16.5730613730332,13.426215375671012,110.4351841,-7.050784,221.66,6.586,9.324,3,1,10,0,0.4335,34.093,0.359,0.243,-0.388,1.2171,160.867,99.0,5.01,114.73688263980027,neo3_calibrated_direct,1,27.4902,-8.12988,-32.666,43.46117348685375,7,149.55393854757918,yahboom_calibrated_direct,0,3155,2944,2771,0.012349257980582317,0.5464913781016416,0.5466308905578813,127.45599523861452,neo3_calibrated_direct:gyro_integral,1,127.45599523861452,nan,117.333984375,0.0,-212,-63,2029,-1.01514150390625,-0.3016694091796875,9.715670336914062,9.773216809269078,0,0,0,0.0,0.0,0.0,0.0,0.0,0.0,0.0,-332,1080,21360,-1.82373046875,5.9326171875,117.333984375,98777.773,304.75,1,1,0,0,3472,180,906,1787,1787,1787,1787,10622,F4line=3472;YAH=7148
DIRECT_SERIAL,617,1789354985459534709,2026-09-14T03:03:05.459535+00:00,-1,23965661725023,1789354985400000000,1789354985,400000000,38717321,1789354985407295,1789354985400000,2,4,16.606207979988056,13.558929580721019,gnss_local_enu_direct,16.606207979988056,13.558929580721019,110.4351844,-7.0507828,221.83,6.631,9.341,3,1,10,0,0.3505,19.676,0.33,0.118,0.277,2.3938,180.0,99.0,5.01,114.5596526748771,neo3_calibrated_direct,1,27.4902,-8.1665,-32.7148,43.50472339102962,7,149.3763229919511,yahboom_calibrated_direct,0,3166,2938,2754,0.013993496084111186,0.5456228798792546,0.545802294773838,127.45599523861452,neo3_calibrated_direct:gyro_integral,1,127.45599523861452,nan,117.333984375,0.0,-213,-63,2031,-1.0199299072265624,-0.3016694091796875,9.725247143554688,9.783235326378929,0,0,0,0.0,0.0,0.0,0.0,0.0,0.0,0.0,-332,1080,21360,-1.82373046875,5.9326171875,117.333984375,98778.992,304.75,1,1,0,0,3482,181,908,1790,1790,1790,1790,10644,F4line=3482;YAH=7160
DIRECT_SERIAL,618,1789354985519358330,2026-09-14T03:03:05.519358+00:00,-1,23965721548643,1789354985400000000,1789354985,400000000,38717321,1789354985407295,1789354985400000,2,4,16.606207979988056,13.558929580721019,gnss_local_enu_direct,16.606207979988056,13.558929580721019,110.4351844,-7.0507828,221.83,6.631,9.341,3,1,10,0,0.3505,19.676,0.33,0.118,0.277,2.3938,180.0,99.0,5.01,114.7263961519146,neo3_calibrated_direct,1,27.4902,-8.12988,-32.6904,43.479515832336496,7,149.3595632853059,yahboom_calibrated_direct,0,3167,2930,2733,0.014119355196740097,0.5444215842719703,0.5446046433995709,127.45599523861452,neo3_calibrated_direct:gyro_integral,1,127.45599523861452,nan,117.333984375,0.0,-212,-64,2037,-1.01514150390625,-0.3064578125,9.753977563476562,9.811447751101745,0,0,0,0.0,0.0,0.0,0.0,0.0,0.0,0.0,-332,1080,21360,-1.82373046875,5.9326171875,117.333984375,98778.992,304.75,1,1,0,0,3484,181,909,1793,1793,1793,1793,10658,F4line=3484;YAH=7172
DIRECT_SERIAL,619,1789354985579141001,2026-09-14T03:03:05.579141+00:00,-1,23965781331388,1789354985400000000,1789354985,400000000,38717321,1789354985407295,1789354985400000,2,4,16.606207979988056,13.558929580721019,gnss_local_enu_direct,16.606207979988056,13.558929580721019,110.4351844,-7.0507828,221.83,6.631,9.341,3,1,10,0,0.3505,19.676,0.33,0.118,0.277,2.3938,180.0,99.0,5.01,114.78899623587358,neo3_calibrated_direct,1,27.4902,-8.11768,-32.666,43.4588929981241,7,149.61828277041053,yahboom_calibrated_direct,0,3151,2931,2736,0.011703255018999742,0.5445214519259212,0.544647204881796,127.45599523861452,neo3_calibrated_direct:gyro_integral,1,127.45599523861452,nan,117.333984375,0.0,-209,-64,2035,-1.0007762939453124,-0.3064578125,9.744400756835937,9.800449769841688,0,0,0,0.0,0.0,0.0,0.0,0.0,0.0,0.0,-332,1080,21360,-1.82373046875,5.9326171875,117.333984375,98783.266,304.75,1,1,0,0,3490,181,911,1796,1796,1796,1796,10676,F4line=3490;YAH=7184
DIRECT_SERIAL,620,1789354985629589093,2026-09-14T03:03:05.629589+00:00,-1,23965831779395,1789354985400000000,1789354985,400000000,38717321,1789354985407295,1789354985400000,2,4,16.606207979988056,13.558929580721019,gnss_local_enu_direct,16.606207979988056,13.558929580721019,110.4351844,-7.0507828,221.83,6.631,9.341,3,1,10,0,0.3505,19.676,0.33,0.118,0.277,2.3938,180.0,99.0,5.01,114.86726419007351,neo3_calibrated_direct,1,27.4902,-8.09937,-32.666,43.455476598892574,7,149.48808472306283,yahboom_calibrated_direct,0,3159,2911,2684,0.01284952628640758,0.5415356377035071,0.5416880626603554,127.45599523861452,neo3_calibrated_direct:gyro_integral,1,127.45599523861452,nan,117.333984375,0.0,-212,-66,2033,-1.01514150390625,-0.316034619140625,9.734823950195311,9.792710936954315,0,0,0,0.0,0.0,0.0,0.0,0.0,0.0,0.0,-332,1080,21360,-1.82373046875,5.9326171875,117.333984375,98783.266,304.75,1,1,0,0,3492,181,912,1799,1799,1799,1799,10690,F4line=3492;YAH=7196
DIRECT_SERIAL,621,1789354985679762366,2026-09-14T03:03:05.679762+00:00,-1,23965881952535,1789354985600000000,1789354985,600000000,38717521,1789354985607059,1789354985600000,2,4,16.517818110079702,13.558929437765178,gnss_local_enu_direct,16.517818110079702,13.558929437765178,110.4351836,-7.0507828,221.75,6.676,9.357,3,1,10,0,0.249,16.325,0.239,0.07,0.601,2.6101,180.0,99.0,5.01,114.61083411033307,neo3_calibrated_direct,1,27.5146,-8.1665,-32.7148,43.52014561613966,7,149.52076740187556,yahboom_calibrated_direct,0,3157,2916,2704,0.012562958469555621,0.5422820912591106,0.542427593717228,127.45599523861452,neo3_calibrated_direct:gyro_integral,1,127.45599523861452,nan,117.333984375,0.0,-214,-66,2038,-1.024718310546875,-0.316034619140625,9.758765966796874,9.817506745155734,0,0,0,0.0,0.0,0.0,0.0,0.0,0.0,0.0,-332,1080,21360,-1.82373046875,5.9326171875,117.333984375,98778.688,304.75,1,1,0,0,3500,182,913,1802,1802,1802,1802,10710,F4line=3500;YAH=7208
DIRECT_SERIAL,622,1789354985734867332,2026-09-14T03:03:05.734868+00:00,-1,23965937057614,1789354985600000000,1789354985,600000000,38717521,1789354985607059,1789354985600000,2,4,16.517818110079702,13.558929437765178,gnss_local_enu_direct,16.517818110079702,13.558929437765178,110.4351836,-7.0507828,221.75,6.676,9.357,3,1,10,0,0.249,16.325,0.239,0.07,0.601,2.6101,180.0,99.0,5.01,114.86726419007351,neo3_calibrated_direct,1,27.4902,-8.09937,-32.666,43.455476598892574,7,149.47221315016725,yahboom_calibrated_direct,0,3160,2919,2698,0.013026075714082513,0.5427432696001723,0.5428995628519093,127.45599523861452,neo3_calibrated_direct:gyro_integral,1,127.45599523861452,nan,117.333984375,0.0,-206,-65,2038,-0.9864110839843749,-0.3112462158203125,9.758765966796874,9.813429279725952,0,0,0,0.0,0.0,0.0,0.0,0.0,0.0,0.0,-332,1080,21360,-1.82373046875,5.9326171875,117.333984375,98778.688,304.75,1,1,0,0,3505,182,915,1804,1804,1804,1804,10723,F4line=3505;YAH=7216
DIRECT_SERIAL,623,1789354985798631476,2026-09-14T03:03:05.798631+00:00,-1,23966000821916,1789354985600000000,1789354985,600000000,38717521,1789354985607059,1789354985600000,2,4,16.517818110079702,13.558929437765178,gnss_local_enu_direct,16.517818110079702,13.558929437765178,110.4351836,-7.0507828,221.75,6.676,9.357,3,1,10,0,0.249,16.325,0.239,0.07,0.601,2.6101,180.0,99.0,5.01,114.69017850589728,neo3_calibrated_direct,1,27.4902,-8.14819,-32.5928,43.409615388253556,7,149.55333579981377,yahboom_calibrated_direct,0,3155,2920,2732,0.012273222508013285,0.5428779868457173,0.5430167037876368,127.45599523861452,neo3_calibrated_direct:gyro_integral,1,127.45599523861452,nan,117.333984375,0.0,-213,-63,2038,-1.0199299072265624,-0.3016694091796875,9.758765966796874,9.816556149831921,0,0,0,0.0,0.0,0.0,0.0,0.0,0.0,0.0,-332,1080,21360,-1.82373046875,5.9326171875,117.333984375,98778.992,304.75,1,1,0,0,3512,182,916,1807,1807,1807,1807,10742,F4line=3512;YAH=7228
DIRECT_SERIAL,624,1789354985858490935,2026-09-14T03:03:05.858491+00:00,-1,23966060682124,1789354985800000000,1789354985,800000000,38717722,1789354985807317,1789354985800000,2,4,16.52886775995221,13.669525067262905,gnss_local_enu_direct,16.52886775995221,13.669525067262905,110.4351837,-7.0507818,222.1,6.72,9.371,3,1,10,0,0.1155,343.918,0.111,-0.032,-0.425,2.1442,180.0,99.0,5.01,114.44995574917661,neo3_calibrated_direct,1,27.5146,-8.20923,-32.666,43.4915190163887,7,149.65063009689376,yahboom_calibrated_direct,0,3149,2925,2734,0.011381837610553643,0.5436117678225592,0.5437309080258,127.45599523861452,neo3_calibrated_direct:gyro_integral,1,127.45599523861452,nan,117.333984375,0.0,-215,-64,2032,-1.0295067138671874,-0.3064578125,9.730035546875,9.78914665372784,0,0,0,0.0,0.0,0.0,0.0,0.0,0.0,0.0,-332,1080,21360,-1.82373046875,5.9326171875,117.333984375,98781.734,304.75,1,1,0,0,3522,183,918,1810,1810,1810,1810,10764,F4line=3522;YAH=7240
DIRECT_SERIAL,625,1789354985918223554,2026-09-14T03:03:05.918224+00:00,-1,23966120413869,1789354985800000000,1789354985,800000000,38717722,1789354985807317,1789354985800000,2,4,16.52886775995221,13.669525067262905,gnss_local_enu_direct,16.52886775995221,13.669525067262905,110.4351837,-7.0507818,222.1,6.72,9.371,3,1,10,0,0.1155,343.918,0.111,-0.032,-0.425,2.1442,180.0,99.0,5.01,114.86604753577043,neo3_calibrated_direct,1,27.5146,-8.11157,-32.666,43.47319101497956,7,149.7315174727148,yahboom_calibrated_direct,0,3144,2929,2724,0.010638488838555544,0.5441981589750947,0.5443021345508857,127.45599523861452,neo3_calibrated_direct:gyro_integral,1,127.45599523861452,nan,117.333984375,0.0,-212,-65,2037,-1.01514150390625,-0.3112462158203125,9.753977563476562,9.811598482847721,0,0,0,0.0,0.0,0.0,0.0,0.0,0.0,0.0,-332,1080,21360,-1.82373046875,5.9326171875,117.333984375,98781.734,304.75,1,1,0,0,3524,183,919,1813,1813,1813,1813,10778,F4line=3524;YAH=7252
DIRECT_SERIAL,626,1789354985978048240,2026-09-14T03:03:05.978048+00:00,-1,23966180238548,1789354985800000000,1789354985,800000000,38717722,1789354985807317,1789354985800000,2,4,16.52886775995221,13.669525067262905,gnss_local_enu_direct,16.52886775995221,13.669525067262905,110.4351837,-7.0507818,222.1,6.72,9.371,3,1,10,0,0.1155,343.918,0.111,-0.032,-0.425,2.1442,180.0,99.0,5.01,114.78899623587358,neo3_calibrated_direct,1,27.4902,-8.11768,-32.666,43.4588929981241,7,149.4574991122649,yahboom_calibrated_direct,0,3161,2948,2710,0.013269156180255346,0.5471126188457711,0.5472735040233667,127.45599523861452,neo3_calibrated_direct:gyro_integral,1,127.45599523861452,nan,117.333984375,0.0,-209,-65,2034,-1.0007762939453124,-0.3112462158203125,9.739612353515625,9.79583973910045,0,0,0,0.0,0.0,0.0,0.0,0.0,0.0,0.0,-332,1080,21360,-1.82373046875,5.9326171875,117.333984375,98779.297,304.75,1,1,0,0,3529,183,921,1816,1816,1816,1816,10795,F4line=3529;YAH=7264
DIRECT_SERIAL,627,1789354986037666705,2026-09-14T03:03:06.037667+00:00,-1,23966239857011,1789354985800000000,1789354985,800000000,38717722,1789354985807317,1789354985800000,2,4,16.52886775995221,13.669525067262905,gnss_local_enu_direct,16.52886775995221,13.669525067262905,110.4351837,-7.0507818,222.1,6.72,9.371,3,1,10,0,0.1155,343.918,0.111,-0.032,-0.425,2.1442,180.0,99.0,5.01,114.78899623587358,neo3_calibrated_direct,1,27.4902,-8.11768,-32.666,43.4588929981241,7,149.4727847170262,yahboom_calibrated_direct,0,3160,2931,2751,0.013064093450367027,0.5445499652281345,0.5447066505630737,127.45599523861452,neo3_calibrated_direct:gyro_integral,1,127.45599523861452,nan,117.333984375,0.0,-210,-65,2032,-1.005564697265625,-0.3112462158203125,9.730035546875,9.786808790954304,0,0,0,0.0,0.0,0.0,0.0,0.0,0.0,0.0,-332,1080,21360,-1.82373046875,5.9326171875,117.333984375,98779.297,304.75,1,1,0,0,3531,183,922,1819,1819,1819,1819,10809,F4line=3531;YAH=7276
DIRECT_SERIAL,628,1789354986097814539,2026-09-14T03:03:06.097815+00:00,-1,23966300004796,1789354986000000000,1789354986,0,38717929,1789354986015157,1789354986000000,2,4,16.51781944605747,13.769060770672732,gnss_local_enu_direct,16.51781944605747,13.769060770672732,110.4351836,-7.0507809,222.24,6.762,9.384,3,1,10,0,0.4727,14.33,0.458,0.117,0.195,2.0682,180.0,99.0,4.98,114.8060362644086,neo3_calibrated_direct,1,27.4658,-8.11157,-32.5684,43.36897988268689,7,149.455837893987,yahboom_calibrated_direct,0,3161,2916,2750,0.013167775550163303,0.5422947638378721,0.5424546075008608,127.45599523861452,neo3_calibrated_direct:gyro_integral,1,127.45599523861452,nan,117.333984375,0.0,-210,-66,2036,-1.005564697265625,-0.316034619140625,9.749189160156249,9.80600466660048,0,0,0,0.0,0.0,0.0,0.0,0.0,0.0,0.0,-332,1080,21360,-1.82373046875,5.9326171875,117.333984375,98780.82,304.75,1,1,0,0,3542,184,924,1822,1822,1822,1822,10832,F4line=3542;YAH=7288
DIRECT_SERIAL,629,1789354986157679223,2026-09-14T03:03:06.157679+00:00,-1,23966359869665,1789354986000000000,1789354986,0,38717929,1789354986015157,1789354986000000,2,4,16.51781944605747,13.769060770672732,gnss_local_enu_direct,16.51781944605747,13.769060770672732,110.4351836,-7.0507809,222.24,6.762,9.384,3,1,10,0,0.4727,14.33,0.458,0.117,0.195,2.0682,180.0,99.0,4.98,115.31390844627626,neo3_calibrated_direct,1,27.4658,-7.99561,-32.5439,43.32903617808848,7,149.56944789620846,yahboom_calibrated_direct,0,3154,2915,2733,0.012106177514409483,0.5421220288560427,0.5422571840971794,127.45599523861452,neo3_calibrated_direct:gyro_integral,1,127.45599523861452,nan,117.333984375,0.0,-215,-64,2039,-1.0295067138671874,-0.3064578125,9.763554370117188,9.822463764401187,0,0,0,0.0,0.0,0.0,0.0,0.0,0.0,0.0,-332,1080,21360,-1.82373046875,5.9326171875,117.333984375,98778.688,304.75,1,1,0,0,3545,184,925,1825,1825,1825,1825,10847,F4line=3545;YAH=7300
DIRECT_SERIAL,630,1789354986217477585,2026-09-14T03:03:06.217478+00:00,-1,23966419667879,1789354986000000000,1789354986,0,38717929,1789354986015157,1789354986000000,2,4,16.51781944605747,13.769060770672732,gnss_local_enu_direct,16.51781944605747,13.769060770672732,110.4351836,-7.0507809,222.24,6.762,9.384,3,1,10,0,0.4727,14.33,0.458,0.117,0.195,2.0682,180.0,99.0,4.98,114.97708063206856,neo3_calibrated_direct,1,27.4902,-8.08105,-32.5928,43.39706299949917,7,149.60204433373642,yahboom_calibrated_direct,0,3152,2925,2763,0.011835450421009404,0.5436212722566304,0.5437500947462773,127.45599523861452,neo3_calibrated_direct:gyro_integral,1,127.45599523861452,nan,117.333984375,0.0,-215,-63,2037,-1.0295067138671874,-0.3016694091796875,9.753977563476562,9.812796075285403,0,0,0,0.0,0.0,0.0,0.0,0.0,0.0,0.0,-332,1080,21360,-1.82373046875,5.9326171875,117.333984375,98778.688,304.75,1,1,0,0,3549,184,927,1828,1828,1828,1828,10863,F4line=3549;YAH=7312
DIRECT_SERIAL,631,1789354986277419339,2026-09-14T03:03:06.277419+00:00,-1,23966479610019,1789354986200000000,1789354986,200000000,38718122,1789354986207680,1789354986200000,2,4,16.539917439991935,13.946013022624111,gnss_local_enu_direct,16.539917439991935,13.946013022624111,110.4351838,-7.0507793,222.44,6.803,9.397,3,1,10,0,0.5869,8.82,0.58,0.09,0.145,1.7179,167.697,99.0,5.01,114.73688263980027,neo3_calibrated_direct,1,27.4902,-8.12988,-32.666,43.46117348685375,7,149.52107578925225,yahboom_calibrated_direct,0,3157,2925,2785,0.012591471771769008,0.5436371129800822,0.5437829123562986,127.45599523861452,neo3_calibrated_direct:gyro_integral,1,127.45599523861452,nan,117.333984375,0.0,-209,-65,2032,-1.0007762939453124,-0.3112462158203125,9.730035546875,9.78631795625078,0,0,0,0.0,0.0,0.0,0.0,0.0,0.0,0.0,-332,1080,21360,-1.82373046875,5.9326171875,117.333984375,98777.773,304.75,1,1,0,0,3557,185,928,1831,1831,1831,1831,10883,F4line=3557;YAH=7324
DIRECT_SERIAL,632,1789354986337169084,2026-09-14T03:03:06.337169+00:00,-1,23966539359385,1789354986200000000,1789354986,200000000,38718122,1789354986207680,1789354986200000,2,4,16.539917439991935,13.946013022624111,gnss_local_enu_direct,16.539917439991935,13.946013022624111,110.4351838,-7.0507793,222.44,6.803,9.397,3,1,10,0,0.5869,8.82,0.58,0.09,0.145,1.7179,167.697,99.0,5.01,115.18448216219238,neo3_calibrated_direct,1,27.4414,-8.01392,-32.5439,43.31695712923982,7,149.63443724855992,yahboom_calibrated_direct,0,3150,2926,2744,0.01153621002539594,0.5437654939362464,0.5438878529048797,127.45599523861452,neo3_calibrated_direct:gyro_integral,1,127.45599523861452,nan,117.333984375,0.0,-210,-65,2035,-1.005564697265625,-0.3112462158203125,9.744400756835937,9.801090790165865,0,0,0,0.0,0.0,0.0,0.0,0.0,0.0,0.0,-332,1080,21360,-1.82373046875,5.9326171875,117.333984375,98777.773,304.75,1,1,0,0,3561,185,930,1834,1834,1834,1834,10899,F4line=3561;YAH=7336
DIRECT_SERIAL,633,1789354986397044420,2026-09-14T03:03:06.397044+00:00,-1,23966599234709,1789354986200000000,1789354986,200000000,38718122,1789354986207680,1789354986200000,2,4,16.539917439991935,13.946013022624111,gnss_local_enu_direct,16.539917439991935,13.946013022624111,110.4351838,-7.0507793,222.44,6.803,9.397,3,1,10,0,0.5869,8.82,0.58,0.09,0.145,1.7179,167.697,99.0,5.01,115.12346139230756,neo3_calibrated_direct,1,27.4902,-8.04443,-32.6172,43.40859000134535,7,149.45682778331724,yahboom_calibrated_direct,0,3161,2935,2764,0.013227970299280455,0.5451553652488121,0.5453158272577502,127.45599523861452,neo3_calibrated_direct:gyro_integral,1,127.45599523861452,nan,117.333984375,0.0,-210,-64,2034,-1.005564697265625,-0.3064578125,9.739612353515625,9.796179130047763,0,0,0,0.0,0.0,0.0,0.0,0.0,0.0,0.0,-332,1080,21360,-1.82373046875,5.9326171875,117.333984375,98778.992,304.75,1,1,0,0,3567,185,931,1837,1837,1837,1837,10917,F4line=3567;YAH=7348
DIRECT_SERIAL,634,1789354986456869283,2026-09-14T03:03:06.456869+00:00,-1,23966659059571,1789354986400000000,1789354986,400000000,38718321,1789354986406773,1789354986400000,2,4,16.47362629834381,13.95707347990476,gnss_local_enu_direct,16.47362629834381,13.95707347990476,110.4351832,-7.0507792,222.87,6.842,9.417,3,1,10,0,0.2849,203.146,-0.262,-0.112,-1.359,2.72,180.0,99.0,5.01,114.67328906754966,neo3_calibrated_direct,1,27.5146,-8.1543,-32.6904,43.49951808710069,7,149.35861467430726,yahboom_calibrated_direct,0,3167,2918,2768,0.01408133746045558,0.5426148886440081,0.5427975694886856,127.45599523861452,neo3_calibrated_direct:gyro_integral,1,127.45599523861452,nan,117.333984375,0.0,-215,-63,2034,-1.0295067138671874,-0.3016694091796875,9.739612353515625,9.798517097147231,0,0,0,0.0,0.0,0.0,0.0,0.0,0.0,0.0,-332,1080,21360,-1.82373046875,5.9326171875,117.333984375,98781.125,304.75,1,1,0,0,3577,186,933,1840,1840,1840,1840,10939,F4line=3577;YAH=7360
DIRECT_SERIAL,635,1789354986516804219,2026-09-14T03:03:06.516804+00:00,-1,23966718994549,1789354986400000000,1789354986,400000000,38718321,1789354986406773,1789354986400000,2,4,16.47362629834381,13.95707347990476,gnss_local_enu_direct,16.47362629834381,13.95707347990476,110.4351832,-7.0507792,222.87,6.842,9.417,3,1,10,0,0.2849,203.146,-0.262,-0.112,-1.359,2.72,180.0,99.0,5.01,115.14603513478822,neo3_calibrated_direct,1,27.4658,-8.03223,-32.5684,43.35421048725141,7,149.50503774519197,yahboom_calibrated_direct,0,3158,2929,2748,0.012755348620682434,0.54424251300076,0.5443919652932229,127.45599523861452,neo3_calibrated_direct:gyro_integral,1,127.45599523861452,nan,117.333984375,0.0,-214,-65,2040,-1.024718310546875,-0.3112462158203125,9.7683427734375,9.826873478487506,0,0,0,0.0,0.0,0.0,0.0,0.0,0.0,0.0,-332,1080,21360,-1.82373046875,5.9326171875,117.333984375,98781.125,304.75,1,1,0,0,3579,186,934,1843,1843,1843,1843,10953,F4line=3579;YAH=7372
DIRECT_SERIAL,636,1789354986576610108,2026-09-14T03:03:06.576610+00:00,-1,23966778800407,1789354986400000000,1789354986,400000000,38718321,1789354986406773,1789354986400000,2,4,16.47362629834381,13.95707347990476,gnss_local_enu_direct,16.47362629834381,13.95707347990476,110.4351832,-7.0507792,222.87,6.842,9.417,3,1,10,0,0.2849,203.146,-0.262,-0.112,-1.359,2.72,180.0,99.0,5.01,115.0046516372167,neo3_calibrated_direct,1,27.4658,-8.06274,-32.5928,43.37820371785351,7,149.5698624445124,yahboom_calibrated_direct,0,3154,2935,2769,0.01216954040821701,0.5451331882359796,0.5452690075825611,127.45599523861452,neo3_calibrated_direct:gyro_integral,1,127.45599523861452,nan,117.333984375,0.0,-212,-65,2037,-1.01514150390625,-0.3112462158203125,9.753977563476562,9.811598482847721,0,0,0,0.0,0.0,0.0,0.0,0.0,0.0,0.0,-332,1080,21360,-1.82373046875,5.9326171875,117.333984375,98781.125,305.0,1,1,0,0,3585,186,936,1846,1846,1846,1846,10971,F4line=3585;YAH=7384
DIRECT_SERIAL,637,1789354986630655667,2026-09-14T03:03:06.630656+00:00,-1,23966832846027,1789354986400000000,1789354986,400000000,38718321,1789354986406773,1789354986400000,2,4,16.47362629834381,13.95707347990476,gnss_local_enu_direct,16.47362629834381,13.95707347990476,110.4351832,-7.0507792,222.87,6.842,9.417,3,1,10,0,0.2849,203.146,-0.262,-0.112,-1.359,2.72,180.0,99.0,5.01,114.94045599405526,neo3_calibrated_direct,1,27.4902,-8.08716,-32.6172,43.416528980857045,7,149.58601182300814,yahboom_calibrated_direct,0,3153,2935,2752,0.01201833613806509,0.5451300200912892,0.5452624865220941,127.45599523861452,neo3_calibrated_direct:gyro_integral,1,127.45599523861452,nan,117.333984375,0.0,-211,-66,2032,-1.0103531005859374,-0.316034619140625,9.730035546875,9.78745539002912,0,0,0,0.0,0.0,0.0,0.0,0.0,0.0,0.0,-332,1080,21360,-1.82373046875,5.9326171875,117.333984375,98781.125,305.0,1,1,0,0,3587,186,937,1849,1849,1849,1849,10985,F4line=3587;YAH=7396
DIRECT_SERIAL,638,1789354986686644318,2026-09-14T03:03:06.686644+00:00,-1,23966888834585,1789354986600000000,1789354986,600000000,38718522,1789354986608141,1789354986600000,2,4,16.38523765256489,13.89071746824248,gnss_local_enu_direct,16.38523765256489,13.89071746824248,110.4351824,-7.0507798,223.28,6.883,9.437,3,1,10,0,0.3258,217.644,-0.258,-0.199,-1.34,2.7747,180.0,99.0,5.01,114.53908129161543,neo3_calibrated_direct,1,27.4902,-8.17871,-32.6416,43.4520016094092,7,149.763515484816,yahboom_calibrated_direct,0,3142,2940,2740,0.010370929889845844,0.5458479603446793,0.5459464735660692,127.45599523861452,neo3_calibrated_direct:gyro_integral,1,127.45599523861452,nan,117.333984375,0.0,-208,-67,2032,-0.9959878906249999,-0.32082302246093747,9.730035546875,9.786138719304141,0,0,0,0.0,0.0,0.0,0.0,0.0,0.0,0.0,-332,1080,21360,-1.82373046875,5.9326171875,117.333984375,98782.961,305.0,1,1,0,0,3595,187,938,1852,1852,1852,1852,11005,F4line=3595;YAH=7408
DIRECT_SERIAL,639,1789354986737697440,2026-09-14T03:03:06.737698+00:00,-1,23966939887589,1789354986600000000,1789354986,600000000,38718522,1789354986608141,1789354986600000,2,4,16.38523765256489,13.89071746824248,gnss_local_enu_direct,16.38523765256489,13.89071746824248,110.4351824,-7.0507798,223.28,6.883,9.437,3,1,10,0,0.3258,217.644,-0.258,-0.199,-1.34,2.7747,180.0,99.0,5.01,115.35066923639542,neo3_calibrated_direct,1,27.4658,-7.9895,-32.5195,43.30958508390493,7,149.71535750675739,yahboom_calibrated_direct,0,3145,2928,2776,0.01078652496401709,0.5440507691507882,0.5441576871958749,127.45599523861452,neo3_calibrated_direct:gyro_integral,1,127.45599523861452,nan,117.333984375,0.0,-213,-66,2034,-1.0199299072265624,-0.316034619140625,9.739612353515625,9.797968345167519,0,0,0,0.0,0.0,0.0,0.0,0.0,0.0,0.0,-332,1080,21360,-1.82373046875,5.9326171875,117.333984375,98782.961,305.0,1,1,0,0,3604,187,940,1855,1855,1855,1855,11026,F4line=3604;YAH=7420
DIRECT_SERIAL,640,1789354986796063596,2026-09-14T03:03:06.796063+00:00,-1,23966998253969,1789354986600000000,1789354986,600000000,38718522,1789354986608141,1789354986600000,2,4,16.38523765256489,13.89071746824248,gnss_local_enu_direct,16.38523765256489,13.89071746824248,110.4351824,-7.0507798,223.28,6.883,9.437,3,1,10,0,0.3258,217.644,-0.258,-0.199,-1.34,2.7747,180.0,99.0,5.01,115.09006752612964,neo3_calibrated_direct,1,27.4414,-8.03833,-32.5195,43.30315304223123,7,149.6667705931646,yahboom_calibrated_direct,0,3148,2934,2769,0.011259146642615108,0.5449636213988405,0.5450799180223563,127.45599523861452,neo3_calibrated_direct:gyro_integral,1,127.45599523861452,nan,117.333984375,0.0,-211,-64,2033,-1.0103531005859374,-0.3064578125,9.734823950195311,9.791911310872978,0,0,0,0.0,0.0,0.0,0.0,0.0,0.0,0.0,-332,1080,21360,-1.82373046875,5.9326171875,117.333984375,98780.516,305.0,1,1,0,0,3607,187,941,1857,1857,1857,1857,11037,F4line=3607;YAH=7428
DIRECT_SERIAL,641,1789354986846767372,2026-09-14T03:03:06.846767+00:00,-1,23967048957573,1789354986800000000,1789354986,800000000,38718721,1789354986807063,1789354986800000,2,4,16.24160557505078,13.769064139662783,gnss_local_enu_direct,16.24160557505078,13.769064139662783,110.4351811,-7.0507809,223.75,6.926,9.454,3,1,10,0,0.6665,207.719,-0.59,-0.31,-1.746,2.5503,180.0,99.0,5.01,114.75891158439354,neo3_calibrated_direct,1,27.4658,-8.11768,-32.6172,43.406780968673544,7,149.58597949911484,yahboom_calibrated_direct,0,3153,2933,2766,0.012011999848684337,0.5448289041532955,0.5449613040769461,127.45599523861452,neo3_calibrated_direct:gyro_integral,1,127.45599523861452,nan,117.333984375,0.0,-213,-64,2031,-1.0199299072265624,-0.3064578125,9.725247143554688,9.783384149143695,0,0,0,0.0,0.0,0.0,0.0,0.0,0.0,0.0,-332,1080,21360,-1.82373046875,5.9326171875,117.333984375,98778.078,305.0,1,1,0,0,3615,188,942,1860,1860,1860,1860,11057,F4line=3615;YAH=7440
DIRECT_SERIAL,642,1789354986915799739,2026-09-14T03:03:06.915800+00:00,-1,23967117989994,1789354986800000000,1789354986,800000000,38718721,1789354986807063,1789354986800000,2,4,16.24160557505078,13.769064139662783,gnss_local_enu_direct,16.24160557505078,13.769064139662783,110.4351811,-7.0507809,223.75,6.926,9.454,3,1,10,0,0.6665,207.719,-0.59,-0.31,-1.746,2.5503,180.0,99.0,5.01,114.76182800205804,neo3_calibrated_direct,1,27.5146,-8.13599,-32.666,43.47775410989049,7,149.56998591746657,yahboom_calibrated_direct,0,3154,2941,2737,0.012188549276359267,0.5460365360499607,0.5461725546335172,127.45599523861452,neo3_calibrated_direct:gyro_integral,1,127.45599523861452,nan,117.333984375,0.0,-215,-66,2037,-1.0295067138671874,-0.316034619140625,9.753977563476562,9.813248201446713,0,0,0,0.0,0.0,0.0,0.0,0.0,0.0,0.0,-332,1080,21360,-1.82373046875,5.9326171875,117.333984375,98778.078,305.0,1,1,0,0,3619,188,944,1863,1863,1863,1863,11073,F4line=3619;YAH=7452
DIRECT_SERIAL,643,1789354986966759223,2026-09-14T03:03:06.966759+00:00,-1,23967168949476,1789354986800000000,1789354986,800000000,38718721,1789354986807063,1789354986800000,2,4,16.24160557505078,13.769064139662783,gnss_local_enu_direct,16.24160557505078,13.769064139662783,110.4351811,-7.0507809,223.75,6.926,9.454,3,1,10,0,0.6665,207.719,-0.59,-0.31,-1.746,2.5503,180.0,99.0,5.01,114.77851059458362,neo3_calibrated_direct,1,27.4902,-8.11768,-32.6904,43.4772363057083,7,149.48899257973798,yahboom_calibrated_direct,0,3159,2932,2763,0.012916057324905483,0.5446973550524409,0.544850468603951,127.45599523861452,neo3_calibrated_direct:gyro_integral,1,127.45599523861452,nan,117.333984375,0.0,-214,-63,2039,-1.024718310546875,-0.3016694091796875,9.763554370117188,9.821814801076188,0,0,0,0.0,0.0,0.0,0.0,0.0,0.0,0.0,-332,1080,21360,-1.82373046875,5.9326171875,117.333984375,98781.125,305.0,1,1,0,0,3622,188,945,1866,1866,1866,1866,11088,F4line=3622;YAH=7464
DIRECT_SERIAL,644,1789354987035467349,2026-09-14T03:03:07.035467+00:00,-1,23967237657709,1789354986800000000,1789354986,800000000,38718721,1789354986807063,1789354986800000,2,4,16.24160557505078,13.769064139662783,gnss_local_enu_direct,16.24160557505078,13.769064139662783,110.4351811,-7.0507809,223.75,6.926,9.454,3,1,10,0,0.6665,207.719,-0.59,-0.31,-1.746,2.5503,180.0,99.0,5.01,114.88822830473738,neo3_calibrated_direct,1,27.4902,-8.09937,-32.6172,43.41880498444078,7,149.66673373566405,yahboom_calibrated_direct,0,3148,2940,2844,0.011278155510757367,0.5458669692128215,0.545983465747193,127.45599523861452,neo3_calibrated_direct:gyro_integral,1,127.45599523861452,nan,117.333984375,0.0,-210,-64,2035,-1.005564697265625,-0.3064578125,9.744400756835937,9.800939896818772,0,0,0,0.0,0.0,0.0,0.0,0.0,0.0,0.0,-332,1080,21360,-1.82373046875,5.9326171875,117.333984375,98781.125,305.0,1,1,0,0,3626,188,947,1869,1869,1869,1869,11104,F4line=3626;YAH=7476
DIRECT_SERIAL,645,1789354987086770432,2026-09-14T03:03:07.086771+00:00,-1,23967288960740,1789354987000000000,1789354987,0,38718930,1789354987015994,1789354987000000,2,4,16.13111977086885,13.669529896020245,gnss_local_enu_direct,16.13111977086885,13.669529896020245,110.4351801,-7.0507818,224.28,6.964,9.467,3,1,10,0,0.6708,217.246,-0.534,-0.406,-1.805,2.521,180.0,99.0,4.98,114.36220244186408,neo3_calibrated_direct,1,27.4902,-8.21533,-32.6904,43.49557443245117,7,149.81214242846,yahboom_calibrated_direct,0,3139,2935,2845,0.0099014763559382,0.5450856660656239,0.5451755887640533,127.45599523861452,neo3_calibrated_direct:gyro_integral,1,127.45599523861452,nan,117.333984375,0.0,-209,-65,2032,-1.0007762939453124,-0.3112462158203125,9.730035546875,9.78631795625078,0,0,0,0.0,0.0,0.0,0.0,0.0,0.0,0.0,-332,1080,21360,-1.82373046875,5.9326171875,117.333984375,98779.602,304.75,1,1,0,0,3635,189,948,1872,1872,1872,1872,11125,F4line=3635;YAH=7488
DIRECT_SERIAL,646,1789354987145831561,2026-09-14T03:03:07.145832+00:00,-1,23967348021718,1789354987000000000,1789354987,0,38718930,1789354987015994,1789354987000000,2,4,16.13111977086885,13.669529896020245,gnss_local_enu_direct,16.13111977086885,13.669529896020245,110.4351801,-7.0507818,224.28,6.964,9.467,3,1,10,0,0.6708,217.246,-0.534,-0.406,-1.805,2.521,180.0,99.0,4.98,114.72232970841111,neo3_calibrated_direct,1,27.4658,-8.12378,-32.6416,43.42625958666484,7,149.63444559916974,yahboom_calibrated_direct,0,3150,2929,2803,0.011545714459467069,0.5442171678432369,0.544339626793506,127.45599523861452,neo3_calibrated_direct:gyro_integral,1,127.45599523861452,nan,117.333984375,0.0,-212,-65,2034,-1.01514150390625,-0.3112462158203125,9.739612353515625,9.797317759293596,0,0,0,0.0,0.0,0.0,0.0,0.0,0.0,0.0,-332,1080,21360,-1.82373046875,5.9326171875,117.333984375,98778.992,304.75,1,1,0,0,3640,189,950,1875,1875,1875,1875,11142,F4line=3640;YAH=7500
DIRECT_SERIAL,647,1789354987196683200,2026-09-14T03:03:07.196683+00:00,-1,23967398873367,1789354987000000000,1789354987,0,38718930,1789354987015994,1789354987000000,2,4,16.13111977086885,13.669529896020245,gnss_local_enu_direct,16.13111977086885,13.669529896020245,110.4351801,-7.0507818,224.28,6.964,9.467,3,1,10,0,0.6708,217.246,-0.534,-0.406,-1.805,2.521,180.0,99.0,4.98,114.75135702086364,neo3_calibrated_direct,1,27.5146,-8.13599,-32.6904,43.496089463308074,7,149.50530727000645,yahboom_calibrated_direct,0,3158,2936,2781,0.012777525633515068,0.5452964187837379,0.5454461013699564,127.45599523861452,neo3_calibrated_direct:gyro_integral,1,127.45599523861452,nan,117.333984375,0.0,-214,-64,2033,-1.024718310546875,-0.3064578125,9.734823950195311,9.793403971454898,0,0,0,0.0,0.0,0.0,0.0,0.0,0.0,0.0,-332,1080,21360,-1.82373046875,5.9326171875,117.333984375,98778.992,304.75,1,1,0,0,3642,189,951,1878,1878,1878,1878,11156,F4line=3642;YAH=7512
DIRECT_SERIAL,648,1789354987246848492,2026-09-14T03:03:07.246849+00:00,-1,23967449038678,1789354987200000000,1789354987,200000000,38719121,1789354987207085,1789354987200000,2,4,16.031682442894777,13.592114425323867,gnss_local_enu_direct,16.031682442894777,13.592114425323867,110.4351792,-7.0507825,224.72,7.0,9.477,3,1,10,0,0.4651,208.935,-0.407,-0.225,-1.381,2.4654,180.0,99.0,5.01,114.9181583344919,neo3_calibrated_direct,1,27.5146,-8.09937,-32.666,43.4709162953451,7,149.6667153526225,yahboom_calibrated_direct,0,3148,2943,2791,0.011287659944828495,0.546318643119812,0.546435239609693,127.45599523861452,neo3_calibrated_direct:gyro_integral,1,127.45599523861452,nan,117.333984375,0.0,-212,-64,2036,-1.01514150390625,-0.3064578125,9.749189160156249,9.806687409329585,0,0,0,0.0,0.0,0.0,0.0,0.0,0.0,0.0,-332,1080,21360,-1.82373046875,5.9326171875,117.333984375,98774.109,304.75,1,1,0,0,3650,190,952,1880,1880,1880,1880,11172,F4line=3650;YAH=7520
DIRECT_SERIAL,649,1789354987314860310,2026-09-14T03:03:07.314860+00:00,-1,23967517050603,1789354987200000000,1789354987,200000000,38719121,1789354987207085,1789354987200000,2,4,16.031682442894777,13.592114425323867,gnss_local_enu_direct,16.031682442894777,13.592114425323867,110.4351792,-7.0507825,224.72,7.0,9.477,3,1,10,0,0.4651,208.935,-0.407,-0.225,-1.381,2.4654,180.0,99.0,5.01,114.74841302229264,neo3_calibrated_direct,1,27.4658,-8.11768,-32.6416,43.42511886894957,7,149.61836946559413,yahboom_calibrated_direct,0,3151,2943,2802,0.011741272755284258,0.5463281475538833,0.5464543002809765,127.45599523861452,neo3_calibrated_direct:gyro_integral,1,127.45599523861452,nan,117.333984375,0.0,-213,-64,2033,-1.0199299072265624,-0.3064578125,9.734823950195311,9.792904101837907,0,0,0,0.0,0.0,0.0,0.0,0.0,0.0,0.0,-332,1080,21360,-1.82373046875,5.9326171875,117.333984375,98774.109,304.75,1,1,0,0,3654,190,954,1883,1883,1883,1883,11188,F4line=3654;YAH=7532
DIRECT_SERIAL,650,1789354987366890014,2026-09-14T03:03:07.366890+00:00,-1,23967569080216,1789354987200000000,1789354987,200000000,38719121,1789354987207085,1789354987200000,2,4,16.031682442894777,13.592114425323867,gnss_local_enu_direct,16.031682442894777,13.592114425323867,110.4351792,-7.0507825,224.72,7.0,9.477,3,1,10,0,0.4651,208.935,-0.407,-0.225,-1.381,2.4654,180.0,99.0,5.01,114.53009282984534,neo3_calibrated_direct,1,27.4414,-8.1543,-32.666,43.43490069575387,7,149.58636504327345,yahboom_calibrated_direct,0,3153,2957,2758,0.012088035321253368,0.5484422954092198,0.548575493429721,127.45599523861452,neo3_calibrated_direct:gyro_integral,1,127.45599523861452,nan,117.333984375,0.0,-212,-65,2035,-1.01514150390625,-0.3112462158203125,9.744400756835937,9.802077973044302,0,0,0,0.0,0.0,0.0,0.0,0.0,0.0,0.0,-332,1080,21360,-1.82373046875,5.9326171875,117.333984375,98782.656,304.75,1,1,0,0,3660,190,955,1886,1886,1886,1886,11206,F4line=3660;YAH=7544
DIRECT_SERIAL,651,1789354987430983402,2026-09-14T03:03:07.430983+00:00,-1,23967633173591,1789354987200000000,1789354987,200000000,38719121,1789354987207085,1789354987200000,2,4,16.031682442894777,13.592114425323867,gnss_local_enu_direct,16.031682442894777,13.592114425323867,110.4351792,-7.0507825,224.72,7.0,9.477,3,1,10,0,0.4651,208.935,-0.407,-0.225,-1.381,2.4654,180.0,99.0,5.01,114.72534128252518,neo3_calibrated_direct,1,27.5146,-8.14209,-32.6904,43.49723088758754,7,149.45687959508697,yahboom_calibrated_direct,0,3161,2936,2744,0.01323113844397083,0.545305923217809,0.5454664177756047,127.45599523861452,neo3_calibrated_direct:gyro_integral,1,127.45599523861452,nan,117.333984375,0.0,-212,-67,2038,-1.01514150390625,-0.32082302246093747,9.758765966796874,9.816667096291232,0,0,0,0.0,0.0,0.0,0.0,0.0,0.0,0.0,-332,1080,21360,-1.82373046875,5.9326171875,117.333984375,98782.656,304.75,1,1,0,0,3664,190,957,1889,1889,1889,1889,11222,F4line=3664;YAH=7556
DIRECT_SERIAL,652,1789354987487033952,2026-09-14T03:03:07.487034+00:00,-1,23967689224174,1789354987400000000,1789354987,400000000,38719322,1789354987408542,1789354987400000,2,4,16.00958600386387,13.61423425621739,gnss_local_enu_direct,16.00958600386387,13.61423425621739,110.435179,-7.0507823,225.11,7.04,9.49,3,1,10,0,0.0469,123.69,-0.026,0.039,-0.93,2.2921,180.0,99.0,5.01,114.42900253706213,neo3_calibrated_direct,1,27.5146,-8.20923,-32.7148,43.52818408103995,7,149.6022316278636,yahboom_calibrated_direct,0,3152,2941,2727,0.011886140736055425,0.54603019976058,0.5461595548849953,127.45599523861452,neo3_calibrated_direct:gyro_integral,1,127.45599523861452,nan,117.333984375,0.0,-211,-67,2035,-1.0103531005859374,-0.32082302246093747,9.744400756835937,9.801892006619404,0,0,0,0.0,0.0,0.0,0.0,0.0,0.0,0.0,-332,1080,21360,-1.82373046875,5.9326171875,117.333984375,98777.773,304.75,1,1,0,0,3672,191,958,1892,1892,1892,1892,11242,F4line=3672;YAH=7568
DIRECT_SERIAL,653,1789354987545833931,2026-09-14T03:03:07.545834+00:00,-1,23967748024168,1789354987400000000,1789354987,400000000,38719322,1789354987408542,1789354987400000,2,4,16.00958600386387,13.61423425621739,gnss_local_enu_direct,16.00958600386387,13.61423425621739,110.435179,-7.0507823,225.11,7.04,9.49,3,1,10,0,0.0469,123.69,-0.026,0.039,-0.93,2.2921,180.0,99.0,5.01,114.62940144566134,neo3_calibrated_direct,1,27.4414,-8.13599,-32.6172,43.394775066591826,7,149.5052303692788,yahboom_calibrated_direct,0,3158,2934,2737,0.012771189344134315,0.5449953028457443,0.5451449196325581,127.45599523861452,neo3_calibrated_direct:gyro_integral,1,127.45599523861452,nan,117.333984375,0.0,-209,-67,2033,-1.0007762939453124,-0.32082302246093747,9.734823950195311,9.79138794776104,0,0,0,0.0,0.0,0.0,0.0,0.0,0.0,0.0,-332,1080,21360,-1.82373046875,5.9326171875,117.333984375,98782.047,304.75,1,1,0,0,3677,191,960,1895,1895,1895,1895,11259,F4line=3677;YAH=7580
DIRECT_SERIAL,654,1789354987607205654,2026-09-14T03:03:07.607206+00:00,-1,23967809395960,1789354987400000000,1789354987,400000000,38719322,1789354987408542,1789354987400000,2,4,16.00958600386387,13.61423425621739,gnss_local_enu_direct,16.00958600386387,13.61423425621739,110.435179,-7.0507823,225.11,7.04,9.49,3,1,10,0,0.0469,123.69,-0.026,0.039,-0.93,2.2921,180.0,99.0,5.01,114.74332615056711,neo3_calibrated_direct,1,27.4658,-8.12378,-32.5928,43.38959072137464,7,149.50542246199464,yahboom_calibrated_direct,0,3158,2939,2730,0.012787030067586197,0.5457480926907284,0.5458978739778323,127.45599523861452,neo3_calibrated_direct:gyro_integral,1,127.45599523861452,nan,117.333984375,0.0,-212,-64,2035,-1.01514150390625,-0.3064578125,9.744400756835937,9.801927094894152,0,0,0,0.0,0.0,0.0,0.0,0.0,0.0,0.0,-332,1080,21360,-1.82373046875,5.9326171875,117.333984375,98782.047,305.0,1,1,0,0,3680,191,961,1898,1898,1898,1898,11274,F4line=3680;YAH=7592
DIRECT_SERIAL,655,1789354987673931909,2026-09-14T03:03:07.673932+00:00,-1,23967876122219,1789354987600000000,1789354987,600000000,38719522,1789354987607652,1789354987600000,2,4,15.854904395218597,13.481520741691336,gnss_local_enu_direct,15.854904395218597,13.481520741691336,110.4351776,-7.0507835,225.28,7.075,9.5,3,1,10,0,0.1618,232.28,-0.099,-0.128,-0.823,2.3914,180.0,99.0,5.01,114.47040284674516,neo3_calibrated_direct,1,27.5146,-8.19702,-32.7393,43.54430059755697,7,149.50534568853206,yahboom_calibrated_direct,0,3158,2937,2786,0.012780693778205445,0.5454469767527348,0.5455966922390115,127.45599523861452,neo3_calibrated_direct:gyro_integral,1,127.45599523861452,nan,117.333984375,0.0,-213,-63,2034,-1.0199299072265624,-0.3016694091796875,9.739612353515625,9.797515513886374,0,0,0,0.0,0.0,0.0,0.0,0.0,0.0,0.0,-332,1080,21360,-1.82373046875,5.9326171875,117.333984375,98779.297,305.0,1,1,0,0,3690,192,963,1901,1901,1901,1901,11296,F4line=3690;YAH=7604
DIRECT_SERIAL,656,1789354987726882969,2026-09-14T03:03:07.726883+00:00,-1,23967929073247,1789354987600000000,1789354987,600000000,38719522,1789354987607652,1789354987600000,2,4,15.854904395218597,13.481520741691336,gnss_local_enu_direct,15.854904395218597,13.481520741691336,110.4351776,-7.0507835,225.28,7.075,9.5,3,1,10,0,0.1618,232.28,-0.099,-0.128,-0.823,2.3914,180.0,99.0,5.01,114.79948035158306,neo3_calibrated_direct,1,27.4902,-8.11768,-32.6416,43.44055565001903,7,149.44073784255806,yahboom_calibrated_direct,0,3162,2936,2762,0.01338234271412275,0.5453090913624994,0.5454732736066112,127.45599523861452,neo3_calibrated_direct:gyro_integral,1,127.45599523861452,nan,117.333984375,0.0,-214,-66,2034,-1.024718310546875,-0.316034619140625,9.739612353515625,9.798467956431738,0,0,0,0.0,0.0,0.0,0.0,0.0,0.0,0.0,-332,1080,21360,-1.82373046875,5.9326171875,117.333984375,98779.297,305.0,1,1,0,0,3692,192,964,1904,1904,1904,1904,11310,F4line=3692;YAH=7616
DIRECT_SERIAL,657,1789354987793731242,2026-09-14T03:03:07.793731+00:00,-1,23967995921577,1789354987600000000,1789354987,600000000,38719522,1789354987607652,1789354987600000,2,4,15.854904395218597,13.481520741691336,gnss_local_enu_direct,15.854904395218597,13.481520741691336,110.4351776,-7.0507835,225.28,7.075,9.5,3,1,10,0,0.1618,232.28,-0.099,-0.128,-0.823,2.3914,180.0,99.0,5.01,115.14770670152393,neo3_calibrated_direct,1,27.4414,-8.02002,-32.5684,43.33649539730226,7,149.1991534631689,yahboom_calibrated_direct,0,3177,2940,2747,0.015663079345163068,0.5459588454088424,0.5461834791850896,127.45599523861452,neo3_calibrated_direct:gyro_integral,1,127.45599523861452,nan,117.333984375,0.0,-210,-65,2035,-1.005564697265625,-0.3112462158203125,9.744400756835937,9.801090790165865,0,0,0,0.0,0.0,0.0,0.0,0.0,0.0,0.0,-332,1080,21360,-1.82373046875,5.9326171875,117.333984375,98779.906,305.0,1,1,0,0,3702,192,966,1907,1907,1907,1907,11332,F4line=3702;YAH=7628
DIRECT_SERIAL,658,1789354987845789659,2026-09-14T03:03:07.845790+00:00,-1,23968047979792,1789354987800000000,1789354987,800000000,38719721,1789354987806867,1789354987800000,2,4,15.72232051624754,13.393045443406182,gnss_local_enu_direct,15.72232051624754,13.393045443406182,110.4351764,-7.0507843,225.57,7.109,9.493,3,1,11,0,0.1168,151.899,-0.103,0.055,-0.479,2.0454,180.0,99.0,5.01,114.82674973327495,neo3_calibrated_direct,1,27.4658,-8.09937,-32.6416,43.42169981238528,7,149.42429253477374,yahboom_calibrated_direct,0,3163,2931,2769,0.01351770626082279,0.5445594696622056,0.5447272201582518,127.45599523861452,neo3_calibrated_direct:gyro_integral,1,127.45599523861452,nan,117.333984375,0.0,-211,-64,2037,-1.0103531005859374,-0.3064578125,9.753977563476562,9.81095347494371,0,0,0,0.0,0.0,0.0,0.0,0.0,0.0,0.0,-332,1080,21360,-1.82373046875,5.9326171875,117.333984375,98779.906,305.0,1,1,0,0,3709,193,967,1910,1910,1910,1910,11351,F4line=3709;YAH=7640
DIRECT_SERIAL,659,1789354987913424078,2026-09-14T03:03:07.913424+00:00,-1,23968115615240,1789354987800000000,1789354987,800000000,38719721,1789354987806867,1789354987800000,2,4,15.72232051624754,13.393045443406182,gnss_local_enu_direct,15.72232051624754,13.393045443406182,110.4351764,-7.0507843,225.57,7.109,9.493,3,1,11,0,0.1168,151.899,-0.103,0.055,-0.479,2.0454,180.0,99.0,5.01,114.92483920942854,neo3_calibrated_direct,1,27.4902,-8.09326,-32.5928,43.39933830495115,7,149.21550762471756,yahboom_calibrated_direct,0,3176,2942,2805,0.015518211364391899,0.5462567932021457,0.5464771715300116,127.45599523861452,neo3_calibrated_direct:gyro_integral,1,127.45599523861452,nan,117.333984375,0.0,-213,-67,2037,-1.0199299072265624,-0.32082302246093747,9.753977563476562,9.812403514746034,0,0,0,0.0,0.0,0.0,0.0,0.0,0.0,0.0,-332,1080,21360,-1.82373046875,5.9326171875,117.333984375,98778.992,305.0,1,1,0,0,3714,193,969,1913,1913,1913,1913,11368,F4line=3714;YAH=7652
DIRECT_SERIAL,660,1789354987966977356,2026-09-14T03:03:07.966977+00:00,-1,23968169167642,1789354987800000000,1789354987,800000000,38719721,1789354987806867,1789354987800000,2,4,15.72232051624754,13.393045443406182,gnss_local_enu_direct,15.72232051624754,13.393045443406182,110.4351764,-7.0507843,225.57,7.109,9.493,3,1,11,0,0.1168,151.899,-0.103,0.055,-0.479,2.0454,180.0,99.0,5.01,115.40845200607554,neo3_calibrated_direct,1,27.4658,-7.97119,-32.5684,43.34294311899112,7,149.45667217617014,yahboom_calibrated_direct,0,3161,2932,2739,0.013218465865209325,0.5447036913418216,0.5448640557067755,127.45599523861452,neo3_calibrated_direct:gyro_integral,1,127.45599523861452,nan,117.333984375,0.0,-214,-64,2036,-1.024718310546875,-0.3064578125,9.749189160156249,9.807683380254504,0,0,0,0.0,0.0,0.0,0.0,0.0,0.0,0.0,-332,1080,21360,-1.82373046875,5.9326171875,117.333984375,98780.211,305.0,1,1,0,0,3717,193,970,1916,1916,1916,1916,11383,F4line=3717;YAH=7664
DIRECT_SERIAL,661,1789354988033033781,2026-09-14T03:03:08.033034+00:00,-1,23968235224097,1789354987800000000,1789354987,800000000,38719721,1789354987806867,1789354987800000,2,4,15.72232051624754,13.393045443406182,gnss_local_enu_direct,15.72232051624754,13.393045443406182,110.4351764,-7.0507843,225.57,7.109,9.493,3,1,11,0,0.1168,151.899,-0.103,0.055,-0.479,2.0454,180.0,99.0,5.01,114.90001642195759,neo3_calibrated_direct,1,27.4658,-8.08716,-32.5928,43.382749317506374,7,149.74758332466013,yahboom_calibrated_direct,0,3143,2933,2775,0.01049995714716513,0.5447972227063917,0.5448983969224814,127.45599523861452,neo3_calibrated_direct:gyro_integral,1,127.45599523861452,nan,117.333984375,0.0,-213,-64,2036,-1.0199299072265624,-0.3064578125,9.749189160156249,9.807184238455275,0,0,0,0.0,0.0,0.0,0.0,0.0,0.0,0.0,-332,1080,21360,-1.82373046875,5.9326171875,117.333984375,98780.211,305.0,1,1,0,0,3721,193,972,1919,1919,1919,1919,11399,F4line=3721;YAH=7676
DIRECT_SERIAL,662,1789354988086951019,2026-09-14T03:03:08.086951+00:00,-1,23968289141302,1789354988000000000,1789354988,0,38719929,1789354988014747,1789354988000000,2,4,15.689175126293454,13.359867623716521,gnss_local_enu_direct,15.689175126293454,13.359867623716521,110.4351761,-7.0507846,225.88,7.141,9.487,3,1,11,0,0.2441,133.174,-0.167,0.178,-0.243,1.5731,180.0,99.0,4.98,114.54409823402523,neo3_calibrated_direct,1,27.4902,-8.17261,-32.6904,43.487525825368586,7,149.34281330838354,yahboom_calibrated_direct,0,3168,2923,2764,0.014248382454059383,0.5433708466336827,0.5435576265438306,127.45599523861452,neo3_calibrated_direct:gyro_integral,1,127.45599523861452,nan,117.333984375,0.0,-208,-65,2030,-0.9959878906249999,-0.3112462158203125,9.720458740234374,9.776307288835234,0,0,0,0.0,0.0,0.0,0.0,0.0,0.0,0.0,-332,1080,21360,-1.82373046875,5.9326171875,117.333984375,98777.469,305.0,1,1,0,0,3730,194,973,1922,1922,1922,1922,11420,F4line=3730;YAH=7688
DIRECT_SERIAL,663,1789354988145800645,2026-09-14T03:03:08.145801+00:00,-1,23968347990844,1789354988000000000,1789354988,0,38719929,1789354988014747,1789354988000000,2,4,15.689175126293454,13.359867623716521,gnss_local_enu_direct,15.689175126293454,13.359867623716521,110.4351761,-7.0507846,225.88,7.141,9.487,3,1,11,0,0.2441,133.174,-0.167,0.178,-0.243,1.5731,180.0,99.0,4.98,115.09367361991782,neo3_calibrated_direct,1,27.4658,-8.04443,-32.5684,43.35647243751387,7,149.2297882856048,yahboom_calibrated_direct,0,3175,2926,2748,0.015316316779193956,0.5438446975535058,0.5440603317801666,127.45599523861452,neo3_calibrated_direct:gyro_integral,1,127.45599523861452,nan,117.333984375,0.0,-210,-66,2036,-1.005564697265625,-0.316034619140625,9.749189160156249,9.80600466660048,0,0,0,0.0,0.0,0.0,0.0,0.0,0.0,0.0,-332,1080,21360,-1.82373046875,5.9326171875,117.333984375,98776.859,305.0,1,1,0,0,3735,194,975,1925,1925,1925,1925,11437,F4line=3735;YAH=7700
DIRECT_SERIAL,664,1789354988206953834,2026-09-14T03:03:08.206954+00:00,-1,23968409144030,1789354988000000000,1789354988,0,38719929,1789354988014747,1789354988000000,2,4,15.689175126293454,13.359867623716521,gnss_local_enu_direct,15.689175126293454,13.359867623716521,110.4351761,-7.0507846,225.88,7.141,9.487,3,1,11,0,0.2441,133.174,-0.167,0.178,-0.243,1.5731,180.0,99.0,4.98,115.3612232468227,neo3_calibrated_direct,1,27.4658,-7.97729,-32.6172,43.38074528202691,7,149.50542246199464,yahboom_calibrated_direct,0,3158,2939,2678,0.012787030067586197,0.5457480926907284,0.5458978739778323,127.45599523861452,neo3_calibrated_direct:gyro_integral,1,127.45599523861452,nan,117.333984375,0.0,-213,-63,2037,-1.0199299072265624,-0.3016694091796875,9.753977563476562,9.811795949615655,0,0,0,0.0,0.0,0.0,0.0,0.0,0.0,0.0,-332,1080,21360,-1.82373046875,5.9326171875,117.333984375,98776.859,305.0,1,1,0,0,3737,194,976,1928,1928,1928,1928,11451,F4line=3737;YAH=7712
DIRECT_SERIAL,665,1789354988272507639,2026-09-14T03:03:08.272508+00:00,-1,23968474697922,1789354988200000000,1789354988,200000000,38720121,1789354988207104,1789354988200000,2,4,15.545542397978867,13.216094753232257,gnss_local_enu_direct,15.545542397978867,13.216094753232257,110.4351748,-7.0507859,226.13,7.172,9.474,3,1,11,0,0.3487,215.194,-0.285,-0.201,-0.513,2.2827,180.0,99.0,5.01,114.64729522587707,neo3_calibrated_direct,1,27.5146,-8.1604,-32.6904,43.50066198898587,7,149.50542246199464,yahboom_calibrated_direct,0,3158,2939,2723,0.012787030067586197,0.5457480926907284,0.5458978739778323,127.45599523861452,neo3_calibrated_direct:gyro_integral,1,127.45599523861452,nan,117.333984375,0.0,-215,-64,2038,-1.0295067138671874,-0.3064578125,9.758765966796874,9.817704093088812,0,0,0,0.0,0.0,0.0,0.0,0.0,0.0,0.0,-332,1080,21360,-1.82373046875,5.9326171875,117.333984375,98777.164,305.0,1,1,0,0,3747,195,978,1931,1931,1931,1931,11473,F4line=3747;YAH=7724
DIRECT_SERIAL,666,1789354988327027509,2026-09-14T03:03:08.327028+00:00,-1,23968529217823,1789354988200000000,1789354988,200000000,38720121,1789354988207104,1789354988200000,2,4,15.545542397978867,13.216094753232257,gnss_local_enu_direct,15.545542397978867,13.216094753232257,110.4351748,-7.0507859,226.13,7.172,9.474,3,1,11,0,0.3487,215.194,-0.285,-0.201,-0.513,2.2827,180.0,99.0,5.01,115.13554586442278,neo3_calibrated_direct,1,27.4658,-8.03223,-32.5928,43.37254316100106,7,149.4078676267058,yahboom_calibrated_direct,0,3164,2927,2802,0.013656237952213206,0.5439604059309086,0.5441318002612292,127.45599523861452,neo3_calibrated_direct:gyro_integral,1,127.45599523861452,nan,117.333984375,0.0,-213,-63,2036,-1.0199299072265624,-0.3016694091796875,9.749189160156249,9.80703577685929,0,0,0,0.0,0.0,0.0,0.0,0.0,0.0,0.0,-332,1080,21360,-1.82373046875,5.9326171875,117.333984375,98777.164,305.0,1,1,0,0,3749,195,979,1934,1934,1934,1934,11487,F4line=3749;YAH=7736
DIRECT_SERIAL,667,1789354988392089129,2026-09-14T03:03:08.392089+00:00,-1,23968594279480,1789354988200000000,1789354988,200000000,38720121,1789354988207104,1789354988200000,2,4,15.545542397978867,13.216094753232257,gnss_local_enu_direct,15.545542397978867,13.216094753232257,110.4351748,-7.0507859,226.13,7.172,9.474,3,1,11,0,0.3487,215.194,-0.285,-0.201,-0.513,2.2827,180.0,99.0,5.01,115.43993909239663,neo3_calibrated_direct,1,27.4658,-7.97119,-32.4951,43.28789165189384,7,149.48886353169,yahboom_calibrated_direct,0,3159,2929,2781,0.012906552890834354,0.5442456811454504,0.5443986963182398,127.45599523861452,neo3_calibrated_direct:gyro_integral,1,127.45599523861452,nan,117.333984375,0.0,-210,-67,2035,-1.005564697265625,-0.32082302246093747,9.744400756835937,9.801399587913588,0,0,0,0.0,0.0,0.0,0.0,0.0,0.0,0.0,-332,1080,21360,-1.82373046875,5.9326171875,117.333984375,98778.688,305.0,1,1,0,0,3757,195,981,1937,1937,1937,1937,11507,F4line=3757;YAH=7748
DIRECT_SERIAL,668,1789354988445702395,2026-09-14T03:03:08.445702+00:00,-1,23968647892541,1789354988400000000,1789354988,400000000,38720321,1789354988407142,1789354988400000,2,4,15.446104666377622,13.149738432979943,gnss_local_enu_direct,15.446104666377622,13.149738432979943,110.4351739,-7.0507865,226.43,7.205,9.46,3,1,11,0,0.3154,214.799,-0.259,-0.18,-0.315,2.2159,180.0,99.0,5.01,115.08679368582965,neo3_calibrated_direct,1,27.4902,-8.05054,-32.6416,43.42805937284787,7,149.61826100665013,yahboom_calibrated_direct,0,3151,2928,2784,0.011693750584928614,0.5440697780189305,0.5441954310321898,127.45599523861452,neo3_calibrated_direct:gyro_integral,1,127.45599523861452,nan,117.333984375,0.0,-207,-65,2031,-0.9911994873046874,-0.3112462158203125,9.725247143554688,9.78058191692673,0,0,0,0.0,0.0,0.0,0.0,0.0,0.0,0.0,-332,1080,21360,-1.82373046875,5.9326171875,117.333984375,98778.688,305.0,1,1,0,0,3764,196,982,1940,1940,1940,1940,11526,F4line=3764;YAH=7760
DIRECT_SERIAL,669,1789354988511883371,2026-09-14T03:03:08.511883+00:00,-1,23968714073659,1789354988400000000,1789354988,400000000,38720321,1789354988407142,1789354988400000,2,4,15.446104666377622,13.149738432979943,gnss_local_enu_direct,15.446104666377622,13.149738432979943,110.4351739,-7.0507865,226.43,7.205,9.46,3,1,11,0,0.3154,214.799,-0.259,-0.18,-0.315,2.2159,180.0,99.0,5.01,114.93909055407633,neo3_calibrated_direct,1,27.5146,-8.09937,-32.6172,43.4342577166561,7,149.60211476322763,yahboom_calibrated_direct,0,3152,2931,2844,0.011854459289151662,0.5445246200706115,0.5446536422976367,127.45599523861452,neo3_calibrated_direct:gyro_integral,1,127.45599523861452,nan,117.333984375,0.0,-213,-65,2033,-1.0199299072265624,-0.3112462158203125,9.734823950195311,9.793055119002133,0,0,0,0.0,0.0,0.0,0.0,0.0,0.0,0.0,-332,1080,21360,-1.82373046875,5.9326171875,117.333984375,98777.164,305.0,1,1,0,0,3769,196,984,1943,1943,1943,1943,11543,F4line=3769;YAH=7772
DIRECT_SERIAL,670,1789354988567054236,2026-09-14T03:03:08.567054+00:00,-1,23968769244543,1789354988400000000,1789354988,400000000,38720321,1789354988407142,1789354988400000,2,4,15.446104666377622,13.149738432979943,gnss_local_enu_direct,15.446104666377622,13.149738432979943,110.4351739,-7.0507865,226.43,7.205,9.46,3,1,11,0,0.3154,214.799,-0.259,-0.18,-0.315,2.2159,180.0,99.0,5.01,114.90519526099719,neo3_calibrated_direct,1,27.4658,-8.08105,-32.6416,43.41828634691263,7,149.31106642748827,yahboom_calibrated_direct,0,3170,2930,2853,0.014572968007195859,0.5444310887060414,0.5446260935230558,127.45599523861452,neo3_calibrated_direct:gyro_integral,1,127.45599523861452,nan,117.333984375,0.0,-214,-62,2041,-1.024718310546875,-0.296881005859375,9.773131176757811,9.831189091138754,0,0,0,0.0,0.0,0.0,0.0,0.0,0.0,0.0,-332,1080,21360,-1.82373046875,5.9326171875,117.333984375,98778.688,304.75,1,1,0,0,3773,196,985,1946,1946,1946,1946,11559,F4line=3773;YAH=7784
DIRECT_SERIAL,671,1789354988629864329,2026-09-14T03:03:08.629864+00:00,-1,23968832054592,1789354988400000000,1789354988,400000000,38720321,1789354988407142,1789354988400000,2,4,15.446104666377622,13.149738432979943,gnss_local_enu_direct,15.446104666377622,13.149738432979943,110.4351739,-7.0507865,226.43,7.205,9.46,3,1,11,0,0.3154,214.799,-0.259,-0.18,-0.315,2.2159,180.0,99.0,5.01,115.08837690754966,neo3_calibrated_direct,1,27.4658,-8.03833,-32.6416,43.41035555473947,7,149.6183261897951,yahboom_calibrated_direct,0,3151,2937,2836,0.011722263887142,0.5454247997399022,0.5455507525812353,127.45599523861452,neo3_calibrated_direct:gyro_integral,1,127.45599523861452,nan,117.333984375,0.0,-215,-65,2041,-1.0295067138671874,-0.3112462158203125,9.773131176757811,9.832133607659916,0,0,0,0.0,0.0,0.0,0.0,0.0,0.0,0.0,-332,1080,21360,-1.82373046875,5.9326171875,117.333984375,98778.688,304.75,1,1,0,0,3777,196,987,1949,1949,1949,1949,11575,F4line=3777;YAH=7796
DIRECT_SERIAL,672,1789354988686906421,2026-09-14T03:03:08.686906+00:00,-1,23968889096781,1789354988600000000,1789354988,600000000,38720521,1789354988607372,1789354988600000,2,4,15.346666660370063,13.072322383026728,gnss_local_enu_direct,15.346666660370063,13.072322383026728,110.435173,-7.0507872,226.62,7.228,9.447,3,1,11,0,0.1435,157.902,-0.133,0.054,0.114,1.1529,180.0,99.0,5.01,114.59702121807518,neo3_calibrated_direct,1,27.4658,-8.14819,-32.6904,43.46752146230677,7,149.61829001697615,yahboom_calibrated_direct,0,3151,2932,2828,0.011706423163690118,0.5446720098949179,0.5447977961650148,127.45599523861452,neo3_calibrated_direct:gyro_integral,1,127.45599523861452,nan,117.333984375,0.0,-212,-65,2034,-1.01514150390625,-0.3112462158203125,9.739612353515625,9.797317759293596,0,0,0,0.0,0.0,0.0,0.0,0.0,0.0,0.0,-332,1080,21360,-1.82373046875,5.9326171875,117.333984375,98780.516,304.75,1,1,0,0,3788,197,988,1952,1952,1952,1952,11598,F4line=3788;YAH=7808
DIRECT_SERIAL,673,1789354988745872294,2026-09-14T03:03:08.745872+00:00,-1,23968948062460,1789354988600000000,1789354988,600000000,38720521,1789354988607372,1789354988600000,2,4,15.346666660370063,13.072322383026728,gnss_local_enu_direct,15.346666660370063,13.072322383026728,110.435173,-7.0507872,226.62,7.228,9.447,3,1,11,0,0.1435,157.902,-0.133,0.054,0.114,1.1529,180.0,99.0,5.01,114.84118181136492,neo3_calibrated_direct,1,27.4902,-8.10547,-32.666,43.456613949557784,7,149.45724147799498,yahboom_calibrated_direct,0,3161,2943,2780,0.013253315456803465,0.546359829000787,0.5465205514126315,127.45599523861452,neo3_calibrated_direct:gyro_integral,1,127.45599523861452,nan,117.333984375,0.0,-208,-64,2034,-0.9959878906249999,-0.3064578125,9.739612353515625,9.795200715956161,0,0,0,0.0,0.0,0.0,0.0,0.0,0.0,0.0,-332,1080,21360,-1.82373046875,5.9326171875,117.333984375,98779.906,304.75,1,1,0,0,3798,197,990,1955,1955,1955,1955,11620,F4line=3798;YAH=7820
DIRECT_SERIAL,674,1789354988806932483,2026-09-14T03:03:08.806932+00:00,-1,23969009122743,1789354988600000000,1789354988,600000000,38720521,1789354988607372,1789354988600000,2,4,15.346666660370063,13.072322383026728,gnss_local_enu_direct,15.346666660370063,13.072322383026728,110.435173,-7.0507872,226.62,7.228,9.447,3,1,11,0,0.1435,157.902,-0.133,0.054,0.114,1.1529,180.0,99.0,5.01,114.96796687811712,neo3_calibrated_direct,1,27.4658,-8.06885,-32.6172,43.39767558064026,7,149.634484386114,yahboom_calibrated_direct,0,3150,2943,2812,0.011590068485132337,0.5463249794091928,0.5464479049405762,127.45599523861452,neo3_calibrated_direct:gyro_integral,1,127.45599523861452,nan,117.333984375,0.0,-210,-66,2032,-1.005564697265625,-0.316034619140625,9.730035546875,9.786962244963108,0,0,0,0.0,0.0,0.0,0.0,0.0,0.0,0.0,-332,1080,21360,-1.82373046875,5.9326171875,117.333984375,98779.906,304.75,1,1,0,0,3800,197,991,1958,1958,1958,1958,11634,F4line=3800;YAH=7832
DIRECT_SERIAL,675,1789354988862835773,2026-09-14T03:03:08.862836+00:00,-1,23969065025923,1789354988800000000,1789354988,800000000,38720721,1789354988806797,1789354988800000,2,4,15.357715946339846,13.127620337671981,gnss_local_enu_direct,15.357715946339846,13.127620337671981,110.4351731,-7.0507867,226.85,7.254,9.431,3,1,11,0,0.5034,24.783,0.457,0.211,0.235,1.819,180.0,99.0,5.01,114.67014234768831,neo3_calibrated_direct,1,27.4658,-8.13599,-32.6416,43.42854537605537,7,149.45672407388255,yahboom_calibrated_direct,0,3161,2933,2766,0.013221634009899702,0.5448542493108185,0.5450146462233353,127.45599523861452,neo3_calibrated_direct:gyro_integral,1,127.45599523861452,nan,117.333984375,0.0,-212,-65,2032,-1.01514150390625,-0.3112462158203125,9.730035546875,9.787797414294321,0,0,0,0.0,0.0,0.0,0.0,0.0,0.0,0.0,-332,1080,21360,-1.82373046875,5.9326171875,117.333984375,98777.773,304.75,1,1,0,0,3811,198,993,1961,1961,1961,1961,11657,F4line=3811;YAH=7844
DIRECT_SERIAL,676,1789354988926949414,2026-09-14T03:03:08.926949+00:00,-1,23969129139718,1789354988800000000,1789354988,800000000,38720721,1789354988806797,1789354988800000,2,4,15.357715946339846,13.127620337671981,gnss_local_enu_direct,15.357715946339846,13.127620337671981,110.4351731,-7.0507867,226.85,7.254,9.431,3,1,11,0,0.5034,24.783,0.457,0.211,0.235,1.819,180.0,99.0,5.01,114.81114213377346,neo3_calibrated_direct,1,27.4658,-8.10547,-32.6172,43.404499183850746,7,149.37476011213593,yahboom_calibrated_direct,0,3166,2917,2733,0.013926965045613283,0.542461162530321,0.5426399111834007,127.45599523861452,neo3_calibrated_direct:gyro_integral,1,127.45599523861452,nan,117.333984375,0.0,-217,-64,2039,-1.0390835205078124,-0.3064578125,9.763554370117188,9.823472140321243,0,0,0,0.0,0.0,0.0,0.0,0.0,0.0,0.0,-332,1080,21360,-1.82373046875,5.9326171875,117.333984375,98777.773,304.75,1,1,0,0,3813,198,994,1964,1964,1964,1964,11671,F4line=3813;YAH=7856
DIRECT_SERIAL,677,1789354988990564468,2026-09-14T03:03:08.990564+00:00,-1,23969192754882,1789354988800000000,1789354988,800000000,38720721,1789354988806797,1789354988800000,2,4,15.357715946339846,13.127620337671981,gnss_local_enu_direct,15.357715946339846,13.127620337671981,110.4351731,-7.0507867,226.85,7.254,9.431,3,1,11,0,0.5034,24.783,0.457,0.211,0.235,1.819,180.0,99.0,5.01,114.87242728805221,neo3_calibrated_direct,1,27.4902,-8.09326,-32.7148,43.49103462217931,7,149.55323456092563,yahboom_calibrated_direct,0,3155,2916,2782,0.012260549929251779,0.5422757549697299,0.5424143393316204,127.45599523861452,neo3_calibrated_direct:gyro_integral,1,127.45599523861452,nan,117.333984375,0.0,-212,-63,2037,-1.01514150390625,-0.3016694091796875,9.753977563476562,9.811299354019937,0,0,0,0.0,0.0,0.0,0.0,0.0,0.0,0.0,-332,1080,21360,-1.82373046875,5.9326171875,117.333984375,98782.352,304.75,1,1,0,0,3818,198,996,1967,1967,1967,1967,11688,F4line=3818;YAH=7868
DIRECT_SERIAL,678,1789354989041950398,2026-09-14T03:03:09.041950+00:00,-1,23969244140708,1789354988800000000,1789354988,800000000,38720721,1789354988806797,1789354988800000,2,4,15.357715946339846,13.127620337671981,gnss_local_enu_direct,15.357715946339846,13.127620337671981,110.4351731,-7.0507867,226.85,7.254,9.431,3,1,11,0,0.5034,24.783,0.457,0.211,0.235,1.819,180.0,99.0,5.01,114.68163454878132,neo3_calibrated_direct,1,27.4414,-8.12378,-32.6172,43.39248749828016,7,149.58584984546277,yahboom_calibrated_direct,0,3153,2925,2780,0.011986654691161325,0.5436244404013207,0.5437565742980348,127.45599523861452,neo3_calibrated_direct:gyro_integral,1,127.45599523861452,nan,117.333984375,0.0,-211,-65,2035,-1.0103531005859374,-0.3112462158203125,9.744400756835937,9.801583224385276,0,0,0,0.0,0.0,0.0,0.0,0.0,0.0,0.0,-332,1080,21360,-1.82373046875,5.9326171875,117.333984375,98782.352,304.75,1,1,0,0,3821,198,997,1970,1970,1970,1970,11703,F4line=3821;YAH=7880
DIRECT_SERIAL,679,1789354989110334871,2026-09-14T03:03:09.110335+00:00,-1,23969312525249,1789354989000000000,1789354989,0,38720929,1789354989015102,1789354989000000,2,4,15.368765269090925,13.227156305792661,gnss_local_enu_direct,15.368765269090925,13.227156305792661,110.4351732,-7.0507858,227.09,7.28,9.417,3,1,11,0,0.3681,22.524,0.34,0.141,0.206,1.8551,180.0,99.0,4.98,114.94182539732549,neo3_calibrated_direct,1,27.4658,-8.07495,-32.6172,43.39881015629921,7,149.3124436389848,yahboom_calibrated_direct,0,3170,2945,2774,0.014620490177551503,0.546689458240994,0.5468849261817914,127.45599523861452,neo3_calibrated_direct:gyro_integral,1,127.45599523861452,nan,117.333984375,0.0,-210,-66,2034,-1.005564697265625,-0.316034619140625,9.739612353515625,9.796483401590411,0,0,0,0.0,0.0,0.0,0.0,0.0,0.0,0.0,-332,1080,21360,-1.82373046875,5.9326171875,117.333984375,98775.023,304.75,1,1,0,0,3831,199,999,1973,1973,1973,1973,11725,F4line=3831;YAH=7892
DIRECT_SERIAL,680,1789354989166959600,2026-09-14T03:03:09.166960+00:00,-1,23969369149972,1789354989000000000,1789354989,0,38720929,1789354989015102,1789354989000000,2,4,15.368765269090925,13.227156305792661,gnss_local_enu_direct,15.368765269090925,13.227156305792661,110.4351732,-7.0507858,227.09,7.28,9.417,3,1,11,0,0.3681,22.524,0.34,0.141,0.206,1.8551,180.0,99.0,4.98,114.86726419007351,neo3_calibrated_direct,1,27.4902,-8.09937,-32.666,43.455476598892574,7,149.4250810950383,yahboom_calibrated_direct,0,3163,2944,2741,0.013558892141797682,0.5465167232591646,0.5466848931130686,127.45599523861452,neo3_calibrated_direct:gyro_integral,1,127.45599523861452,nan,117.333984375,0.0,-212,-65,2035,-1.01514150390625,-0.3112462158203125,9.744400756835937,9.802077973044302,0,0,0,0.0,0.0,0.0,0.0,0.0,0.0,0.0,-332,1080,21360,-1.82373046875,5.9326171875,117.333984375,98781.125,304.75,1,1,0,0,3834,199,1000,1976,1976,1976,1976,11740,F4line=3834;YAH=7904
DIRECT_SERIAL,681,1789354989229946171,2026-09-14T03:03:09.229946+00:00,-1,23969432136479,1789354989000000000,1789354989,0,38720929,1789354989015102,1789354989000000,2,4,15.368765269090925,13.227156305792661,gnss_local_enu_direct,15.368765269090925,13.227156305792661,110.4351732,-7.0507858,227.09,7.28,9.417,3,1,11,0,0.3681,22.524,0.34,0.141,0.206,1.8551,180.0,99.0,4.98,114.72127950038467,neo3_calibrated_direct,1,27.4902,-8.13599,-32.6416,43.443980939597374,7,149.35987809157405,yahboom_calibrated_direct,0,3167,2934,2726,0.0141320277755016,0.5450238161479577,0.545207001401789,127.45599523861452,neo3_calibrated_direct:gyro_integral,1,127.45599523861452,nan,117.333984375,0.0,-213,-64,2033,-1.0199299072265624,-0.3064578125,9.734823950195311,9.792904101837907,0,0,0,0.0,0.0,0.0,0.0,0.0,0.0,0.0,-332,1080,21360,-1.82373046875,5.9326171875,117.333984375,98781.125,304.75,1,1,0,0,3838,199,1002,1979,1979,1979,1979,11756,F4line=3838;YAH=7916
DIRECT_SERIAL,682,1789354989287155667,2026-09-14T03:03:09.287156+00:00,-1,23969489345945,1789354989200000000,1789354989,200000000,38721123,1789354989208570,1789354989200000,2,4,15.39086353313708,13.337751965070249,gnss_local_enu_direct,15.39086353313708,13.337751965070249,110.4351734,-7.0507848,227.42,7.304,9.401,3,1,11,0,0.2004,3.434,0.2,0.012,0.017,1.3448,180.0,99.0,5.0,114.3831851564284,neo3_calibrated_direct,1,27.4902,-8.21533,-32.6416,43.458909254707486,7,149.39182676257082,yahboom_calibrated_direct,0,3165,2929,2750,0.013813778511745879,0.5442646900135926,0.5444399629641119,127.45599523861452,neo3_calibrated_direct:gyro_integral,1,127.45599523861452,nan,117.333984375,0.0,-214,-65,2038,-1.024718310546875,-0.3112462158203125,9.758765966796874,9.817353768584763,0,0,0,0.0,0.0,0.0,0.0,0.0,0.0,0.0,-332,1080,21360,-1.82373046875,5.9326171875,117.333984375,98780.82,304.75,1,1,0,0,3846,200,1003,1982,1982,1982,1982,11776,F4line=3846;YAH=7928
DIRECT_SERIAL,683,1789354989345742197,2026-09-14T03:03:09.345742+00:00,-1,23969547932379,1789354989200000000,1789354989,200000000,38721123,1789354989208570,1789354989200000,2,4,15.39086353313708,13.337751965070249,gnss_local_enu_direct,15.39086353313708,13.337751965070249,110.4351734,-7.0507848,227.42,7.304,9.401,3,1,11,0,0.2004,3.434,0.2,0.012,0.017,1.3448,180.0,99.0,5.0,115.26850124885844,neo3_calibrated_direct,1,27.4414,-8.00171,-32.4707,43.25972902566659,7,149.32784452030043,yahboom_calibrated_direct,0,3169,2937,2768,0.014443940749876573,0.545481826344329,0.5456730250766759,127.45599523861452,neo3_calibrated_direct:gyro_integral,1,127.45599523861452,nan,117.333984375,0.0,-211,-65,2037,-1.0103531005859374,-0.3112462158203125,9.753977563476562,9.81110421428344,0,0,0,0.0,0.0,0.0,0.0,0.0,0.0,0.0,-332,1080,21360,-1.82373046875,5.9326171875,117.333984375,98777.469,304.75,1,1,0,0,3851,200,1005,1985,1985,1985,1985,11793,F4line=3851;YAH=7940
DIRECT_SERIAL,684,1789354989407198626,2026-09-14T03:03:09.407199+00:00,-1,23969609388924,1789354989200000000,1789354989,200000000,38721123,1789354989208570,1789354989200000,2,4,15.39086353313708,13.337751965070249,gnss_local_enu_direct,15.39086353313708,13.337751965070249,110.4351734,-7.0507848,227.42,7.304,9.401,3,1,11,0,0.2004,3.434,0.2,0.012,0.017,1.3448,180.0,99.0,5.0,115.10420525685598,neo3_calibrated_direct,1,27.4658,-8.04443,-32.5439,43.33807161001629,7,149.52182319264926,yahboom_calibrated_direct,0,3157,2947,2752,0.012661170954957288,0.5469493882980129,0.5470959135375817,127.45599523861452,neo3_calibrated_direct:gyro_integral,1,127.45599523861452,nan,117.333984375,0.0,-209,-66,2034,-1.0007762939453124,-0.316034619140625,9.739612353515625,9.795993051639657,0,0,0,0.0,0.0,0.0,0.0,0.0,0.0,0.0,-332,1080,21360,-1.82373046875,5.9326171875,117.333984375,98777.469,304.75,1,1,0,0,3856,200,1006,1988,1988,1988,1988,11810,F4line=3856;YAH=7952
DIRECT_SERIAL,685,1789354989469588516,2026-09-14T03:03:09.469589+00:00,-1,23969671778683,1789354989400000000,1789354989,400000000,38721322,1789354989407590,1789354989400000,2,4,15.302474461620948,13.326693082566994,gnss_local_enu_direct,15.302474461620948,13.326693082566994,110.4351726,-7.0507849,227.7,7.327,9.387,3,1,11,0,0.1795,302.716,0.097,-0.151,-0.534,1.8232,180.0,99.0,5.01,114.45992324276338,neo3_calibrated_direct,1,27.5146,-8.19702,-32.7637,43.56264899808551,7,149.29730165061397,yahboom_calibrated_direct,0,3171,2955,2730,0.014803375894607188,0.5481982060756528,0.5483980425589072,127.45599523861452,neo3_calibrated_direct:gyro_integral,1,127.45599523861452,nan,117.333984375,0.0,-213,-64,2034,-1.0199299072265624,-0.3064578125,9.739612353515625,9.797664119740563,0,0,0,0.0,0.0,0.0,0.0,0.0,0.0,0.0,-332,1080,21360,-1.82373046875,5.9326171875,117.333984375,98779.906,304.75,1,1,0,0,3866,201,1008,1992,1991,1991,1991,11833,F4line=3866;YAH=7965
DIRECT_SERIAL,686,1789354989528578521,2026-09-14T03:03:09.528579+00:00,-1,23969730768814,1789354989400000000,1789354989,400000000,38721322,1789354989407590,1789354989400000,2,4,15.302474461620948,13.326693082566994,gnss_local_enu_direct,15.302474461620948,13.326693082566994,110.4351726,-7.0507849,227.7,7.327,9.387,3,1,11,0,0.1795,302.716,0.097,-0.151,-0.534,1.8232,180.0,99.0,5.01,114.6847556078675,neo3_calibrated_direct,1,27.4902,-8.14209,-32.666,43.463459153731655,7,149.5215863662501,yahboom_calibrated_direct,0,3157,2940,2753,0.012638993942124654,0.545895482515035,0.5460417767883625,127.45599523861452,neo3_calibrated_direct:gyro_integral,1,127.45599523861452,nan,117.333984375,0.0,-215,-64,2034,-1.0295067138671874,-0.3064578125,9.739612353515625,9.798665687811482,0,0,0,0.0,0.0,0.0,0.0,0.0,0.0,0.0,-332,1080,21360,-1.82373046875,5.9326171875,117.333984375,98779.906,304.75,1,1,0,0,3868,201,1009,1994,1994,1994,1994,11846,F4line=3868;YAH=7976
DIRECT_SERIAL,687,1789354989589091645,2026-09-14T03:03:09.589092+00:00,-1,23969791282135,1789354989400000000,1789354989,400000000,38721322,1789354989407590,1789354989400000,2,4,15.302474461620948,13.326693082566994,gnss_local_enu_direct,15.302474461620948,13.326693082566994,110.4351726,-7.0507849,227.7,7.327,9.387,3,1,11,0,0.1795,302.716,0.097,-0.151,-0.534,1.8232,180.0,99.0,5.01,115.39991056389789,neo3_calibrated_direct,1,27.4414,-7.97119,-32.4707,43.25409416998696,7,149.47306908066258,yahboom_calibrated_direct,0,3160,2937,2746,0.013083102318509288,0.5454533130421155,0.5456101944382057,127.45599523861452,neo3_calibrated_direct:gyro_integral,1,127.45599523861452,nan,117.333984375,0.0,-214,-63,2031,-1.024718310546875,-0.3016694091796875,9.725247143554688,9.783735689992012,0,0,0,0.0,0.0,0.0,0.0,0.0,0.0,0.0,-332,1080,21360,-1.82373046875,5.9326171875,117.333984375,98778.078,304.75,1,1,0,0,3874,201,1011,1997,1997,1997,1997,11864,F4line=3874;YAH=7988
DIRECT_SERIAL,688,1789354989645783354,2026-09-14T03:03:09.645783+00:00,-1,23969847973499,1789354989600000000,1789354989,600000000,38721523,1789354989608976,1789354989600000,2,4,15.247231666978564,13.34881279052667,gnss_local_enu_direct,15.247231666978564,13.34881279052667,110.4351721,-7.0507847,228.03,7.348,9.371,3,1,11,0,0.2261,346.701,0.22,-0.052,-0.435,1.4717,180.0,99.0,5.0,115.2194647912515,neo3_calibrated_direct,1,27.4658,-8.00781,-32.6416,43.404714504257484,7,149.50542246199464,yahboom_calibrated_direct,0,3158,2939,2810,0.012787030067586197,0.5457480926907284,0.5458978739778323,127.45599523861452,neo3_calibrated_direct:gyro_integral,1,127.45599523861452,nan,117.333984375,0.0,-211,-64,2037,-1.0103531005859374,-0.3064578125,9.753977563476562,9.81095347494371,0,0,0,0.0,0.0,0.0,0.0,0.0,0.0,0.0,-332,1080,21360,-1.82373046875,5.9326171875,117.333984375,98778.078,304.75,1,1,0,0,3881,202,1012,2000,2000,2000,2000,11883,F4line=3881;YAH=8000
DIRECT_SERIAL,689,1789354989708894880,2026-09-14T03:03:09.708895+00:00,-1,23969911085208,1789354989600000000,1789354989,600000000,38721523,1789354989608976,1789354989600000,2,4,15.247231666978564,13.34881279052667,gnss_local_enu_direct,15.247231666978564,13.34881279052667,110.4351721,-7.0507847,228.03,7.348,9.371,3,1,11,0,0.2261,346.701,0.22,-0.052,-0.435,1.4717,180.0,99.0,5.0,114.99271289409144,neo3_calibrated_direct,1,27.4902,-8.07495,-32.6172,43.414256291942856,7,149.4569313782565,yahboom_calibrated_direct,0,3161,2937,2831,0.013234306588661208,0.5454564811868059,0.5456170082938901,127.45599523861452,neo3_calibrated_direct:gyro_integral,1,127.45599523861452,nan,117.333984375,0.0,-209,-65,2041,-1.0007762939453124,-0.3112462158203125,9.773131176757811,9.829166821023076,0,0,0,0.0,0.0,0.0,0.0,0.0,0.0,0.0,-332,1080,21360,-1.82373046875,5.9326171875,117.333984375,98778.383,304.75,1,1,0,0,3886,202,1014,2003,2003,2003,2003,11900,F4line=3886;YAH=8012
DIRECT_SERIAL,690,1789354989768641330,2026-09-14T03:03:09.768641+00:00,-1,23969970831649,1789354989600000000,1789354989,600000000,38721523,1789354989608976,1789354989600000,2,4,15.247231666978564,13.34881279052667,gnss_local_enu_direct,15.247231666978564,13.34881279052667,110.4351721,-7.0507847,228.03,7.348,9.371,3,1,11,0,0.2261,346.701,0.22,-0.052,-0.435,1.4717,180.0,99.0,5.0,115.33823634341023,neo3_calibrated_direct,1,27.4902,-8.00171,-32.5439,43.34563283854673,7,149.5375943764416,yahboom_calibrated_direct,0,3156,2936,2895,0.012475117093211228,0.5452900824943572,0.5454327663545638,127.45599523861452,neo3_calibrated_direct:gyro_integral,1,127.45599523861452,nan,117.333984375,0.0,-210,-67,2033,-1.005564697265625,-0.32082302246093747,9.734823950195311,9.791878528322545,0,0,0,0.0,0.0,0.0,0.0,0.0,0.0,0.0,-332,1080,21360,-1.82373046875,5.9326171875,117.333984375,98778.383,304.75,1,1,0,0,3894,202,1015,2006,2006,2006,2006,11920,F4line=3894;YAH=8024
DIRECT_SERIAL,691,1789354989828457076,2026-09-14T03:03:09.828457+00:00,-1,23970030647614,1789354989600000000,1789354989,600000000,38721523,1789354989608976,1789354989600000,2,4,15.247231666978564,13.34881279052667,gnss_local_enu_direct,15.247231666978564,13.34881279052667,110.4351721,-7.0507847,228.03,7.348,9.371,3,1,11,0,0.2261,346.701,0.22,-0.052,-0.435,1.4717,180.0,99.0,5.0,114.90001642195759,neo3_calibrated_direct,1,27.4658,-8.08716,-32.5928,43.382749317506374,7,149.6668075730612,yahboom_calibrated_direct,0,3148,2928,2853,0.011240137774472851,0.5440602735848593,0.5441763702977382,127.45599523861452,neo3_calibrated_direct:gyro_integral,1,127.45599523861452,nan,117.333984375,0.0,-215,-64,2035,-1.0295067138671874,-0.3064578125,9.744400756835937,9.803425247053434,0,0,0,0.0,0.0,0.0,0.0,0.0,0.0,0.0,-332,1080,21360,-1.82373046875,5.9326171875,117.333984375,98778.383,304.75,1,1,0,0,3898,202,1017,2009,2009,2009,2009,11936,F4line=3898;YAH=8036
DIRECT_SERIAL,692,1789354989888312016,2026-09-14T03:03:09.888312+00:00,-1,23970090502393,1789354989800000000,1789354989,800000000,38721721,1789354989806871,1789354989800000,2,4,15.180939693796738,13.370932103025169,gnss_local_enu_direct,15.180939693796738,13.370932103025169,110.4351715,-7.0507845,228.17,7.37,9.357,3,1,11,0,0.4221,24.197,0.385,0.173,0.348,2.0252,180.0,99.0,5.01,114.60752491212256,neo3_calibrated_direct,1,27.4658,-8.14819,-32.666,43.44917405332465,7,149.5697385616733,yahboom_calibrated_direct,0,3154,2929,2806,0.012150531540074751,0.5442298404219985,0.544365460534061,127.45599523861452,neo3_calibrated_direct:gyro_integral,1,127.45599523861452,nan,117.333984375,0.0,-213,-65,2036,-1.0199299072265624,-0.3112462158203125,9.749189160156249,9.807335035728398,0,0,0,0.0,0.0,0.0,0.0,0.0,0.0,0.0,-332,1080,21360,-1.82373046875,5.9326171875,117.333984375,98775.328,304.75,1,1,0,0,3906,203,1018,2012,2012,2012,2012,11956,F4line=3906;YAH=8048
DIRECT_SERIAL,693,1789354989945745304,2026-09-14T03:03:09.945745+00:00,-1,23970147935463,1789354989800000000,1789354989,800000000,38721721,1789354989806871,1789354989800000,2,4,15.180939693796738,13.370932103025169,gnss_local_enu_direct,15.180939693796738,13.370932103025169,110.4351715,-7.0507845,228.17,7.37,9.357,3,1,11,0,0.4221,24.197,0.385,0.173,0.348,2.0252,180.0,99.0,5.01,115.27529428426556,neo3_calibrated_direct,1,27.4902,-8.01392,-32.5684,43.36628515755528,7,149.63447056803875,yahboom_calibrated_direct,0,3150,2938,2803,0.011574227761680456,0.5455721895642085,0.545694948459452,127.45599523861452,neo3_calibrated_direct:gyro_integral,1,127.45599523861452,nan,117.333984375,0.0,-210,-64,2033,-1.005564697265625,-0.3064578125,9.734823950195311,9.79141839022955,0,0,0,0.0,0.0,0.0,0.0,0.0,0.0,0.0,-332,1080,21360,-1.82373046875,5.9326171875,117.333984375,98779.297,304.75,1,1,0,0,3911,203,1020,2015,2015,2015,2015,11973,F4line=3911;YAH=8060
DIRECT_SERIAL,694,1789354990007956711,2026-09-14T03:03:10.007957+00:00,-1,23970210147030,1789354989800000000,1789354989,800000000,38721721,1789354989806871,1789354989800000,2,4,15.180939693796738,13.370932103025169,gnss_local_enu_direct,15.180939693796738,13.370932103025169,110.4351715,-7.0507845,228.17,7.37,9.357,3,1,11,0,0.4221,24.197,0.385,0.173,0.348,2.0252,180.0,99.0,5.01,115.3086855803313,neo3_calibrated_direct,1,27.4658,-7.9895,-32.6172,43.38299224039301,7,149.76341707935308,yahboom_calibrated_direct,0,3142,2943,2789,0.010380434323916972,0.5462996342516698,0.5463982465201196,127.45599523861452,neo3_calibrated_direct:gyro_integral,1,127.45599523861452,nan,117.333984375,0.0,-211,-67,2035,-1.0103531005859374,-0.32082302246093747,9.744400756835937,9.801892006619404,0,0,0,0.0,0.0,0.0,0.0,0.0,0.0,0.0,-332,1080,21360,-1.82373046875,5.9326171875,117.333984375,98779.297,304.75,1,1,0,0,3913,203,1021,2018,2018,2018,2018,11987,F4line=3913;YAH=8072
DIRECT_SERIAL,695,1789354990067856303,2026-09-14T03:03:10.067856+00:00,-1,23970270046574,1789354990000000000,1789354990,0,38721928,1789354990013737,1789354990000000,2,4,15.125696235891306,13.348813247532556,gnss_local_enu_direct,15.125696235891306,13.348813247532556,110.435171,-7.0507847,228.23,7.391,9.347,3,1,11,0,0.3679,54.625,0.213,0.3,0.418,2.0972,180.0,99.0,4.98,114.21143752077073,neo3_calibrated_direct,1,27.4902,-8.24585,-32.7393,43.53810862626557,7,149.73111010841868,yahboom_calibrated_direct,0,3144,2946,2801,0.010692347298291943,0.5467576444480411,0.5468621837841028,127.45599523861452,neo3_calibrated_direct:gyro_integral,1,127.45599523861452,nan,117.333984375,0.0,-211,-66,2039,-1.0103531005859374,-0.316034619140625,9.763554370117188,9.820778238336992,0,0,0,0.0,0.0,0.0,0.0,0.0,0.0,0.0,-332,1080,21360,-1.82373046875,5.9326171875,117.333984375,98779.297,304.75,1,1,0,0,3924,204,1023,2021,2021,2021,2021,12010,F4line=3924;YAH=8084
DIRECT_SERIAL,696,1789354990127816642,2026-09-14T03:03:10.127817+00:00,-1,23970330007222,1789354990000000000,1789354990,0,38721928,1789354990013737,1789354990000000,2,4,15.125696235891306,13.348813247532556,gnss_local_enu_direct,15.125696235891306,13.348813247532556,110.435171,-7.0507847,228.23,7.391,9.347,3,1,11,0,0.3679,54.625,0.213,0.3,0.418,2.0972,180.0,99.0,4.98,114.79554118635902,neo3_calibrated_direct,1,27.4658,-8.11157,-32.5928,43.38730631584427,7,149.68308662098673,yahboom_calibrated_direct,0,3147,2919,2827,0.011060420202107544,0.5427020837191974,0.5428147792462967,127.45599523861452,neo3_calibrated_direct:gyro_integral,1,127.45599523861452,nan,117.333984375,0.0,-215,-65,2036,-1.0295067138671874,-0.3112462158203125,9.749189160156249,9.80833561626376,0,0,0,0.0,0.0,0.0,0.0,0.0,0.0,0.0,-332,1080,21360,-1.82373046875,5.9326171875,117.333984375,98779.297,304.75,1,1,0,0,3926,204,1024,2024,2024,2024,2024,12024,F4line=3926;YAH=8096
DIRECT_SERIAL,697,1789354990187584311,2026-09-14T03:03:10.187584+00:00,-1,23970389774497,1789354990000000000,1789354990,0,38721928,1789354990013737,1789354990000000,2,4,15.125696235891306,13.348813247532556,gnss_local_enu_direct,15.125696235891306,13.348813247532556,110.435171,-7.0507847,228.23,7.391,9.347,3,1,11,0,0.3679,54.625,0.213,0.3,0.418,2.0972,180.0,99.0,4.98,114.87651528178695,neo3_calibrated_direct,1,27.5146,-8.11157,-32.6416,43.45485970043972,7,149.52145062588355,yahboom_calibrated_direct,0,3157,2936,2827,0.012626321363363148,0.5452932506390475,0.5454394129357266,127.45599523861452,neo3_calibrated_direct:gyro_integral,1,127.45599523861452,nan,117.333984375,0.0,-212,-63,2035,-1.01514150390625,-0.3016694091796875,9.744400756835937,9.801778553671403,0,0,0,0.0,0.0,0.0,0.0,0.0,0.0,0.0,-332,1080,21360,-1.82373046875,5.9326171875,117.333984375,98778.992,304.75,1,1,0,0,3931,204,1026,2027,2027,2027,2027,12041,F4line=3931;YAH=8108
DIRECT_SERIAL,698,1789354990245757802,2026-09-14T03:03:10.245758+00:00,-1,23970447947966,1789354990200000000,1789354990,200000000,38722121,1789354990207122,1789354990200000,2,4,15.015209243129783,13.216099498908452,gnss_local_enu_direct,15.015209243129783,13.216099498908452,110.43517,-7.0507859,228.33,7.412,9.337,3,1,11,0,0.1245,133.048,-0.085,0.091,-0.337,1.907,180.0,99.0,5.01,114.88291273141317,neo3_calibrated_direct,1,27.4902,-8.09326,-32.6904,43.47268344176145,7,149.48882046806474,yahboom_calibrated_direct,0,3159,2928,2840,0.012903384746143979,0.5440951231764535,0.5442481055569299,127.45599523861452,neo3_calibrated_direct:gyro_integral,1,127.45599523861452,nan,117.333984375,0.0,-212,-66,2036,-1.01514150390625,-0.316034619140625,9.749189160156249,9.80699135484255,0,0,0,0.0,0.0,0.0,0.0,0.0,0.0,0.0,-332,1080,21360,-1.82373046875,5.9326171875,117.333984375,98778.992,304.75,1,1,0,0,3938,205,1027,2030,2030,2030,2030,12060,F4line=3938;YAH=8120
DIRECT_SERIAL,699,1789354990307249555,2026-09-14T03:03:10.307250+00:00,-1,23970509439801,1789354990200000000,1789354990,200000000,38722121,1789354990207122,1789354990200000,2,4,15.015209243129783,13.216099498908452,gnss_local_enu_direct,15.015209243129783,13.216099498908452,110.43517,-7.0507859,228.33,7.412,9.337,3,1,11,0,0.1245,133.048,-0.085,0.091,-0.337,1.907,180.0,99.0,5.01,114.6911404667812,neo3_calibrated_direct,1,27.4658,-8.13599,-32.5928,43.391878442400944,7,149.3438129553579,yahboom_calibrated_direct,0,3168,2935,2823,0.0142864001903439,0.5451775422616448,0.5453646979928626,127.45599523861452,neo3_calibrated_direct:gyro_integral,1,127.45599523861452,nan,117.333984375,0.0,-209,-65,2032,-1.0007762939453124,-0.3112462158203125,9.730035546875,9.78631795625078,0,0,0,0.0,0.0,0.0,0.0,0.0,0.0,0.0,-332,1080,21360,-1.82373046875,5.9326171875,117.333984375,98784.18,304.75,1,1,0,0,3943,205,1029,2033,2033,2033,2033,12077,F4line=3943;YAH=8132
DIRECT_SERIAL,700,1789354990363605141,2026-09-14T03:03:10.363605+00:00,-1,23970565795809,1789354990200000000,1789354990,200000000,38722121,1789354990207122,1789354990200000,2,4,15.015209243129783,13.216099498908452,gnss_local_enu_direct,15.015209243129783,13.216099498908452,110.43517,-7.0507859,228.33,7.412,9.337,3,1,11,0,0.1245,133.048,-0.085,0.091,-0.337,1.907,180.0,99.0,5.01,114.83724701068044,neo3_calibrated_direct,1,27.4658,-8.09937,-32.6172,43.403360467559416,7,149.52097316440677,yahboom_calibrated_direct,0,3157,2922,2768,0.01258196733769788,0.5431854390730917,0.5433311394749194,127.45599523861452,neo3_calibrated_direct:gyro_integral,1,127.45599523861452,nan,117.333984375,0.0,-209,-65,2033,-1.0007762939453124,-0.3112462158203125,9.734823950195311,9.791078834259359,0,0,0,0.0,0.0,0.0,0.0,0.0,0.0,0.0,-332,1080,21360,-1.82373046875,5.9326171875,117.333984375,98780.516,304.75,1,1,0,0,3946,205,1030,2036,2036,2036,2036,12092,F4line=3946;YAH=8144
DIRECT_SERIAL,701,1789354990426921566,2026-09-14T03:03:10.426921+00:00,-1,23970629111818,1789354990200000000,1789354990,200000000,38722121,1789354990207122,1789354990200000,2,4,15.015209243129783,13.216099498908452,gnss_local_enu_direct,15.015209243129783,13.216099498908452,110.43517,-7.0507859,228.33,7.412,9.337,3,1,11,0,0.1245,133.048,-0.085,0.091,-0.337,1.907,180.0,99.0,5.01,114.84629396120212,neo3_calibrated_direct,1,27.4902,-8.09937,-32.7148,43.492172048276686,7,149.66679523279186,yahboom_calibrated_direct,0,3148,2930,2753,0.011246474063853604,0.5443613895228531,0.5444775528725866,127.45599523861452,neo3_calibrated_direct:gyro_integral,1,127.45599523861452,nan,117.333984375,0.0,-214,-64,2039,-1.024718310546875,-0.3064578125,9.763554370117188,9.821963039283276,0,0,0,0.0,0.0,0.0,0.0,0.0,0.0,0.0,-332,1080,21360,-1.82373046875,5.9326171875,117.333984375,98780.516,304.75,1,1,0,0,3953,205,1032,2039,2039,2039,2039,12111,F4line=3953;YAH=8156
DIRECT_SERIAL,702,1789354990486918682,2026-09-14T03:03:10.486919+00:00,-1,23970689108943,1789354990400000000,1789354990,400000000,38722323,1789354990408561,1789354990400000,2,4,15.015209438198816,13.238218664771091,gnss_local_enu_direct,15.015209438198816,13.238218664771091,110.43517,-7.0507857,228.41,7.431,9.327,3,1,11,0,0.6877,37.853,0.543,0.422,0.52,1.9932,166.059,99.0,5.0,114.61257119306467,neo3_calibrated_direct,1,27.4658,-8.14209,-32.7148,43.484732243031,7,149.5698624445124,yahboom_calibrated_direct,0,3154,2935,2760,0.01216954040821701,0.5451331882359796,0.5452690075825611,127.45599523861452,neo3_calibrated_direct:gyro_integral,1,127.45599523861452,nan,117.333984375,0.0,-214,-64,2039,-1.024718310546875,-0.3064578125,9.763554370117188,9.821963039283276,0,0,0,0.0,0.0,0.0,0.0,0.0,0.0,0.0,-332,1080,21360,-1.82373046875,5.9326171875,117.333984375,98781.125,304.75,1,1,0,0,3961,206,1033,2042,2042,2042,2042,12131,F4line=3961;YAH=8168
DIRECT_SERIAL,703,1789354990545820596,2026-09-14T03:03:10.545821+00:00,-1,23970748010785,1789354990400000000,1789354990,400000000,38722323,1789354990408561,1789354990400000,2,4,15.015209438198816,13.238218664771091,gnss_local_enu_direct,15.015209438198816,13.238218664771091,110.43517,-7.0507857,228.41,7.431,9.327,3,1,11,0,0.6877,37.853,0.543,0.422,0.52,1.9932,166.059,99.0,5.0,114.91698354214627,neo3_calibrated_direct,1,27.4414,-8.06885,-32.6172,43.382237265066216,7,149.36027062255488,yahboom_calibrated_direct,0,3167,2939,2791,0.014147868498953482,0.5457766059929419,0.5459599489268774,127.45599523861452,neo3_calibrated_direct:gyro_integral,1,127.45599523861452,nan,117.333984375,0.0,-213,-65,2037,-1.0199299072265624,-0.3112462158203125,9.753977563476562,9.812095063304362,0,0,0,0.0,0.0,0.0,0.0,0.0,0.0,0.0,-332,1080,21360,-1.82373046875,5.9326171875,117.333984375,98776.547,304.75,1,1,0,0,3966,206,1035,2045,2045,2045,2045,12148,F4line=3966;YAH=8180
DIRECT_SERIAL,704,1789354990606548308,2026-09-14T03:03:10.606548+00:00,-1,23970808738606,1789354990400000000,1789354990,400000000,38722323,1789354990408561,1789354990400000,2,4,15.015209438198816,13.238218664771091,gnss_local_enu_direct,15.015209438198816,13.238218664771091,110.43517,-7.0507857,228.41,7.431,9.327,3,1,11,0,0.6877,37.853,0.543,0.422,0.52,1.9932,166.059,99.0,5.0,114.9642155229602,neo3_calibrated_direct,1,27.4414,-8.06274,-32.5684,43.34442165755127,7,149.36019220299855,yahboom_calibrated_direct,0,3167,2938,2784,0.014144700354263106,0.545626048023945,0.5458093594198804,127.45599523861452,neo3_calibrated_direct:gyro_integral,1,127.45599523861452,nan,117.333984375,0.0,-211,-67,2032,-1.0103531005859374,-0.32082302246093747,9.730035546875,9.787611176536165,0,0,0,0.0,0.0,0.0,0.0,0.0,0.0,0.0,-332,1080,21360,-1.82373046875,5.9326171875,117.333984375,98776.547,304.75,1,1,0,0,3969,206,1036,2048,2048,2048,2048,12163,F4line=3969;YAH=8192
DIRECT_SERIAL,705,1789354990666445355,2026-09-14T03:03:10.666445+00:00,-1,23970868635632,1789354990600000000,1789354990,600000000,38722524,1789354990609485,1789354990600000,2,4,15.048355934191267,13.348813923236065,gnss_local_enu_direct,15.048355934191267,13.348813923236065,110.4351703,-7.0507847,228.54,7.45,9.317,3,1,11,0,0.6361,29.79,0.552,0.316,0.482,1.9269,173.575,99.0,5.0,114.79948035158306,neo3_calibrated_direct,1,27.4902,-8.11768,-32.6416,43.44055565001903,7,149.3284550553044,yahboom_calibrated_direct,0,3169,2944,2779,0.014466117762709207,0.5465357321273069,0.5467271486354559,127.45599523861452,neo3_calibrated_direct:gyro_integral,1,127.45599523861452,nan,117.333984375,0.0,-209,-66,2030,-1.0007762939453124,-0.316034619140625,9.720458740234374,9.776949892047984,0,0,0,0.0,0.0,0.0,0.0,0.0,0.0,0.0,-332,1080,21360,-1.82373046875,5.9326171875,117.333984375,98778.383,304.75,1,1,0,0,3979,207,1038,2051,2051,2051,2051,12185,F4line=3979;YAH=8204
DIRECT_SERIAL,706,1789354990726317977,2026-09-14T03:03:10.726318+00:00,-1,23970928508241,1789354990600000000,1789354990,600000000,38722524,1789354990609485,1789354990600000,2,4,15.048355934191267,13.348813923236065,gnss_local_enu_direct,15.048355934191267,13.348813923236065,110.4351703,-7.0507847,228.54,7.45,9.317,3,1,11,0,0.6361,29.79,0.552,0.316,0.482,1.9269,173.575,99.0,5.0,114.85166506684644,neo3_calibrated_direct,1,27.4902,-8.10547,-32.6416,43.43827563935866,7,149.58610858078842,yahboom_calibrated_direct,0,3153,2941,2811,0.012037345006207347,0.5460333679052704,0.5461660338585427,127.45599523861452,neo3_calibrated_direct:gyro_integral,1,127.45599523861452,nan,117.333984375,0.0,-211,-65,2030,-1.0103531005859374,-0.3112462158203125,9.720458740234374,9.777781226603759,0,0,0,0.0,0.0,0.0,0.0,0.0,0.0,0.0,-332,1080,21360,-1.82373046875,5.9326171875,117.333984375,98778.383,304.75,1,1,0,0,3981,207,1039,2054,2054,2054,2054,12199,F4line=3981;YAH=8216
DIRECT_SERIAL,707,1789354990786075592,2026-09-14T03:03:10.786076+00:00,-1,23970988265888,1789354990600000000,1789354990,600000000,38722524,1789354990609485,1789354990600000,2,4,15.048355934191267,13.348813923236065,gnss_local_enu_direct,15.048355934191267,13.348813923236065,110.4351703,-7.0507847,228.54,7.45,9.317,3,1,11,0,0.6361,29.79,0.552,0.316,0.482,1.9269,173.575,99.0,5.0,114.76404677790833,neo3_calibrated_direct,1,27.4658,-8.11157,-32.666,43.44232145621249,7,149.5216879751518,yahboom_calibrated_direct,0,3157,2943,2833,0.012648498376195782,0.5463471564220255,0.5464935496797797,127.45599523861452,neo3_calibrated_direct:gyro_integral,1,127.45599523861452,nan,117.333984375,0.0,-214,-64,2034,-1.024718310546875,-0.3064578125,9.739612353515625,9.798163746517329,0,0,0,0.0,0.0,0.0,0.0,0.0,0.0,0.0,-332,1080,21360,-1.82373046875,5.9326171875,117.333984375,98780.82,304.75,1,1,0,0,3991,207,1041,2057,2057,2057,2057,12221,F4line=3991;YAH=8228
DIRECT_SERIAL,708,1789354990836473097,2026-09-14T03:03:10.836473+00:00,-1,23971038663280,1789354990800000000,1789354990,800000000,38722722,1789354990807468,1789354990800000,2,4,15.048355934191267,13.348813923236065,gnss_local_enu_direct,15.048355934191267,13.348813923236065,110.4351703,-7.0507847,228.54,7.45,9.317,3,1,11,0,0.6361,29.79,0.552,0.316,0.482,1.9269,173.575,99.0,5.0,114.71825379064514,neo3_calibrated_direct,1,27.4414,-8.11768,-32.5928,43.37300743990898,7,149.4563601864643,yahboom_calibrated_direct,0,3161,2926,2777,0.013199456997067068,0.5438003435278406,0.5439605126165086,127.45599523861452,neo3_calibrated_direct:gyro_integral,1,127.45599523861452,nan,117.333984375,0.0,-214,-65,2040,-1.024718310546875,-0.3112462158203125,9.7683427734375,9.826873478487506,0,0,0,0.0,0.0,0.0,0.0,0.0,0.0,0.0,-332,1080,21360,-1.82373046875,5.9326171875,117.333984375,98780.82,304.75,1,1,0,0,3995,207,1042,2060,2060,2060,2060,12237,F4line=3995;YAH=8240
DIRECT_SERIAL,709,1789354990886820927,2026-09-14T03:03:10.886821+00:00,-1,23971089011099,1789354990800000000,1789354990,800000000,38722722,1789354990807468,1789354990800000,2,4,14.882625221227551,13.216100079596877,gnss_local_enu_direct,14.882625221227551,13.216100079596877,110.4351688,-7.0507859,228.59,7.469,9.304,3,1,11,0,0.1482,254.745,-0.039,-0.143,-0.477,1.9809,180.0,99.0,5.01,114.3887197217011,neo3_calibrated_direct,1,27.4658,-8.19702,-32.6904,43.476701331637386,7,149.52134862369286,yahboom_calibrated_direct,0,3157,2933,2770,0.01261681692929202,0.544841576732057,0.5449876400481952,127.45599523861452,neo3_calibrated_direct:gyro_integral,1,127.45599523861452,nan,117.333984375,0.0,-210,-66,2038,-1.005564697265625,-0.316034619140625,9.758765966796874,9.815526039677914,0,0,0,0.0,0.0,0.0,0.0,0.0,0.0,0.0,-332,1080,21360,-1.82373046875,5.9326171875,117.333984375,98782.047,304.75,1,1,0,0,4001,208,1043,2063,2063,2063,2063,12255,F4line=4001;YAH=8252
DIRECT_SERIAL,710,1789354990945912722,2026-09-14T03:03:10.945913+00:00,-1,23971148102900,1789354990800000000,1789354990,800000000,38722722,1789354990807468,1789354990800000,2,4,14.882625221227551,13.216100079596877,gnss_local_enu_direct,14.882625221227551,13.216100079596877,110.4351688,-7.0507859,228.59,7.469,9.304,3,1,11,0,0.1482,254.745,-0.039,-0.143,-0.477,1.9809,180.0,99.0,5.01,115.24911173151341,neo3_calibrated_direct,1,27.4902,-8.02002,-32.5684,43.36741282807172,7,149.7797589696093,yahboom_calibrated_direct,0,3141,2937,2774,0.010210221185622793,0.5453931182929984,0.5454886819156012,127.45599523861452,neo3_calibrated_direct:gyro_integral,1,127.45599523861452,nan,117.333984375,0.0,-214,-65,2039,-1.024718310546875,-0.3112462158203125,9.763554370117188,9.822113609659937,0,0,0,0.0,0.0,0.0,0.0,0.0,0.0,0.0,-332,1080,21360,-1.82373046875,5.9326171875,117.333984375,98778.383,304.75,1,1,0,0,4006,208,1045,2065,2065,2065,2065,12268,F4line=4006;YAH=8260
DIRECT_SERIAL,711,1789354991005619576,2026-09-14T03:03:11.005620+00:00,-1,23971207809868,1789354990800000000,1789354990,800000000,38722722,1789354990807468,1789354990800000,2,4,14.882625221227551,13.216100079596877,gnss_local_enu_direct,14.882625221227551,13.216100079596877,110.4351688,-7.0507859,228.59,7.469,9.304,3,1,11,0,0.1482,254.745,-0.039,-0.143,-0.477,1.9809,180.0,99.0,5.01,115.434716534104,neo3_calibrated_direct,1,27.4658,-7.96509,-32.5684,43.34182168423588,7,149.5535124284543,yahboom_calibrated_direct,0,3155,2927,2794,0.012295399520845919,0.5439318926286952,0.5440708415895964,127.45599523861452,neo3_calibrated_direct:gyro_integral,1,127.45599523861452,nan,117.333984375,0.0,-211,-66,2034,-1.0103531005859374,-0.316034619140625,9.739612353515625,9.796976067395141,0,0,0,0.0,0.0,0.0,0.0,0.0,0.0,0.0,-332,1080,21360,-1.82373046875,5.9326171875,117.333984375,98778.383,304.75,1,1,0,0,4008,208,1046,2068,2068,2068,2068,12282,F4line=4008;YAH=8272
DIRECT_SERIAL,712,1789354991065435605,2026-09-14T03:03:11.065436+00:00,-1,23971267625869,1789354991000000000,1789354991,0,38722927,1789354991013176,1789354991000000,2,4,14.827382346591394,13.227160242309916,gnss_local_enu_direct,14.827382346591394,13.227160242309916,110.4351683,-7.0507858,228.9,7.485,9.29,3,1,11,0,0.2358,280.261,0.042,-0.232,-0.411,1.835,180.0,99.0,4.99,114.45061075937458,neo3_calibrated_direct,1,27.4902,-8.19702,-32.666,43.473782776754085,7,149.39203625426924,yahboom_calibrated_direct,0,3165,2932,2770,0.013823282945817007,0.5447163639205831,0.5448917326169128,127.45599523861452,neo3_calibrated_direct:gyro_integral,1,127.45599523861452,nan,117.333984375,0.0,-209,-67,2037,-1.0007762939453124,-0.32082302246093747,9.753977563476562,9.81043112768588,0,0,0,0.0,0.0,0.0,0.0,0.0,0.0,0.0,-332,1080,21360,-1.82373046875,5.9326171875,117.333984375,98779.297,304.75,1,1,0,0,4019,209,1048,2071,2071,2071,2071,12305,F4line=4019;YAH=8284
DIRECT_SERIAL,713,1789354991125279720,2026-09-14T03:03:11.125280+00:00,-1,23971327469977,1789354991000000000,1789354991,0,38722927,1789354991013176,1789354991000000,2,4,14.827382346591394,13.227160242309916,gnss_local_enu_direct,14.827382346591394,13.227160242309916,110.4351683,-7.0507858,228.9,7.485,9.29,3,1,11,0,0.2358,280.261,0.042,-0.232,-0.411,1.835,180.0,99.0,4.99,114.77990412443074,neo3_calibrated_direct,1,27.4658,-8.11768,-32.5684,43.370123089315754,7,149.71543603193706,yahboom_calibrated_direct,0,3145,2924,2803,0.010773852385255585,0.5434485372748009,0.5435553224478075,127.45599523861452,neo3_calibrated_direct:gyro_integral,1,127.45599523861452,nan,117.333984375,0.0,-209,-62,2034,-1.0007762939453124,-0.296881005859375,9.739612353515625,9.795393831741384,0,0,0,0.0,0.0,0.0,0.0,0.0,0.0,0.0,-332,1080,21360,-1.82373046875,5.9326171875,117.333984375,98779.297,304.75,1,1,0,0,4021,209,1049,2074,2074,2074,2074,12319,F4line=4021;YAH=8296
DIRECT_SERIAL,714,1789354991185194720,2026-09-14T03:03:11.185195+00:00,-1,23971387385009,1789354991000000000,1789354991,0,38722927,1789354991013176,1789354991000000,2,4,14.827382346591394,13.227160242309916,gnss_local_enu_direct,14.827382346591394,13.227160242309916,110.4351683,-7.0507858,228.9,7.485,9.29,3,1,11,0,0.2358,280.261,0.042,-0.232,-0.411,1.835,180.0,99.0,4.99,115.40845200607554,neo3_calibrated_direct,1,27.4658,-7.97119,-32.5684,43.34294311899112,7,149.78013341122966,yahboom_calibrated_direct,0,3141,2927,2788,0.01017853973871903,0.54388753860303,0.5439827729982587,127.45599523861452,neo3_calibrated_direct:gyro_integral,1,127.45599523861452,nan,117.333984375,0.0,-213,-65,2028,-1.0199299072265624,-0.3112462158203125,9.710881933593749,9.76925581355689,0,0,0,0.0,0.0,0.0,0.0,0.0,0.0,0.0,-332,1080,21360,-1.82373046875,5.9326171875,117.333984375,98778.992,304.75,1,1,0,0,4026,209,1051,2077,2077,2077,2077,12336,F4line=4026;YAH=8308
DIRECT_SERIAL,715,1789354991235242452,2026-09-14T03:03:11.235243+00:00,-1,23971437432676,1789354991000000000,1789354991,0,38722927,1789354991013176,1789354991000000,2,4,14.827382346591394,13.227160242309916,gnss_local_enu_direct,14.827382346591394,13.227160242309916,110.4351683,-7.0507858,228.9,7.485,9.29,3,1,11,0,0.2358,280.261,0.042,-0.232,-0.411,1.835,180.0,99.0,4.99,115.28240618275368,neo3_calibrated_direct,1,27.4658,-7.99561,-32.6172,43.38411788606632,7,149.73134927129377,yahboom_calibrated_direct,0,3144,2936,2791,0.010660665851388178,0.5452520647580726,0.5453562724672161,127.45599523861452,neo3_calibrated_direct:gyro_integral,1,127.45599523861452,nan,117.333984375,0.0,-213,-66,2037,-1.0199299072265624,-0.316034619140625,9.753977563476562,9.81224812186049,0,0,0,0.0,0.0,0.0,0.0,0.0,0.0,0.0,-332,1080,21360,-1.82373046875,5.9326171875,117.333984375,98778.992,304.75,1,1,0,0,4029,209,1052,2080,2080,2080,2080,12351,F4line=4029;YAH=8320
DIRECT_SERIAL,716,1789354991285764683,2026-09-14T03:03:11.285765+00:00,-1,23971487954819,1789354991200000000,1789354991,200000000,38723122,1789354991207605,1789354991200000,2,4,14.761090766773282,13.227160929281606,gnss_local_enu_direct,14.761090766773282,13.227160929281606,110.4351677,-7.0507858,229.22,7.502,9.274,3,1,11,0,0.2452,239.357,-0.125,-0.211,-0.65,2.0281,180.0,99.0,5.01,114.5848118791931,neo3_calibrated_direct,1,27.5146,-8.17261,-32.7148,43.521292563664744,7,149.45662024976258,yahboom_calibrated_direct,0,3161,2931,2793,0.01321529772051895,0.5445531333728248,0.5447134651906482,127.45599523861452,neo3_calibrated_direct:gyro_integral,1,127.45599523861452,nan,117.333984375,0.0,-213,-64,2039,-1.0199299072265624,-0.3064578125,9.763554370117188,9.821464623198105,0,0,0,0.0,0.0,0.0,0.0,0.0,0.0,0.0,-332,1080,21360,-1.82373046875,5.9326171875,117.333984375,98784.789,304.75,1,1,0,0,4036,210,1053,2083,2083,2083,2083,12370,F4line=4036;YAH=8332
DIRECT_SERIAL,717,1789354991344681718,2026-09-14T03:03:11.344682+00:00,-1,23971546871963,1789354991200000000,1789354991,200000000,38723122,1789354991207605,1789354991200000,2,4,14.761090766773282,13.227160929281606,gnss_local_enu_direct,14.761090766773282,13.227160929281606,110.4351677,-7.0507858,229.22,7.502,9.274,3,1,11,0,0.2452,239.357,-0.125,-0.211,-0.65,2.0281,180.0,99.0,5.01,115.04281677407056,neo3_calibrated_direct,1,27.4414,-8.04443,-32.5684,43.34101944515034,7,149.39203625426924,yahboom_calibrated_direct,0,3165,2932,2840,0.013823282945817007,0.5447163639205831,0.5448917326169128,127.45599523861452,neo3_calibrated_direct:gyro_integral,1,127.45599523861452,nan,117.333984375,0.0,-215,-63,2037,-1.0295067138671874,-0.3016694091796875,9.753977563476562,9.812796075285403,0,0,0,0.0,0.0,0.0,0.0,0.0,0.0,0.0,-332,1080,21360,-1.82373046875,5.9326171875,117.333984375,98784.789,304.75,1,1,0,0,4040,210,1055,2085,2085,2085,2085,12382,F4line=4040;YAH=8340
DIRECT_SERIAL,718,1789354991404599349,2026-09-14T03:03:11.404599+00:00,-1,23971606789579,1789354991200000000,1789354991,200000000,38723122,1789354991207605,1789354991200000,2,4,14.761090766773282,13.227160929281606,gnss_local_enu_direct,14.761090766773282,13.227160929281606,110.4351677,-7.0507858,229.22,7.502,9.274,3,1,11,0,0.2452,239.357,-0.125,-0.211,-0.65,2.0281,180.0,99.0,5.01,115.15135365405328,neo3_calibrated_direct,1,27.4658,-8.03833,-32.4951,43.30030534348343,7,149.537829982294,yahboom_calibrated_direct,0,3156,2944,2839,0.01250046225073424,0.546494546246332,0.5466374947197332,127.45599523861452,neo3_calibrated_direct:gyro_integral,1,127.45599523861452,nan,117.333984375,0.0,-215,-65,2037,-1.0295067138671874,-0.3112462158203125,9.753977563476562,9.813095158489205,0,0,0,0.0,0.0,0.0,0.0,0.0,0.0,0.0,-332,1080,21360,-1.82373046875,5.9326171875,117.333984375,98780.211,304.75,1,1,0,0,4046,210,1056,2088,2088,2088,2088,12400,F4line=4046;YAH=8352
DIRECT_SERIAL,719,1789354991464388867,2026-09-14T03:03:11.464389+00:00,-1,23971666579093,1789354991400000000,1789354991,400000000,38723322,1789354991407802,1789354991400000,2,4,14.639555681853608,13.116566742231138,gnss_local_enu_direct,14.639555681853608,13.116566742231138,110.4351666,-7.0507868,229.6,7.519,9.264,3,1,11,0,0.7159,223.189,-0.522,-0.49,-1.325,2.2682,180.0,99.0,5.01,114.82949066248418,neo3_calibrated_direct,1,27.5146,-8.11768,-32.6904,43.49266827756605,7,149.52182319264926,yahboom_calibrated_direct,0,3157,2947,2857,0.012661170954957288,0.5469493882980129,0.5470959135375817,127.45599523861452,neo3_calibrated_direct:gyro_integral,1,127.45599523861452,nan,117.333984375,0.0,-210,-66,2036,-1.005564697265625,-0.316034619140625,9.749189160156249,9.80600466660048,0,0,0,0.0,0.0,0.0,0.0,0.0,0.0,0.0,-332,1080,21360,-1.82373046875,5.9326171875,117.333984375,98778.688,304.75,1,1,0,0,4056,211,1058,2091,2091,2091,2091,12422,F4line=4056;YAH=8364
DIRECT_SERIAL,720,1789354991524265037,2026-09-14T03:03:11.524265+00:00,-1,23971726455282,1789354991400000000,1789354991,400000000,38723322,1789354991407802,1789354991400000,2,4,14.639555681853608,13.116566742231138,gnss_local_enu_direct,14.639555681853608,13.116566742231138,110.4351666,-7.0507868,229.6,7.519,9.264,3,1,11,0,0.7159,223.189,-0.522,-0.49,-1.325,2.2682,180.0,99.0,5.01,114.79836230982345,neo3_calibrated_direct,1,27.5146,-8.12988,-32.6416,43.45828128831604,7,149.39321684297266,yahboom_calibrated_direct,0,3165,2949,2891,0.013877141405553406,0.5472758493935295,0.5474517607817139,127.45599523861452,neo3_calibrated_direct:gyro_integral,1,127.45599523861452,nan,117.333984375,0.0,-209,-66,2040,-1.0007762939453124,-0.316034619140625,9.7683427734375,9.824558596211174,0,0,0,0.0,0.0,0.0,0.0,0.0,0.0,0.0,-332,1080,21360,-1.82373046875,5.9326171875,117.333984375,98778.688,304.75,1,1,0,0,4058,211,1059,2094,2094,2094,2094,12436,F4line=4058;YAH=8376
DIRECT_SERIAL,721,1789354991584222088,2026-09-14T03:03:11.584222+00:00,-1,23971786412307,1789354991400000000,1789354991,400000000,38723322,1789354991407802,1789354991400000,2,4,14.639555681853608,13.116566742231138,gnss_local_enu_direct,14.639555681853608,13.116566742231138,110.4351666,-7.0507868,229.6,7.519,9.264,3,1,11,0,0.7159,223.189,-0.522,-0.49,-1.325,2.2682,180.0,99.0,5.01,114.9994858954719,neo3_calibrated_direct,1,27.4658,-8.06885,-32.5439,43.34261110238399,7,149.31125071537338,yahboom_calibrated_direct,0,3170,2932,2853,0.01457930429657661,0.544732204644035,0.5449272711932511,127.45599523861452,neo3_calibrated_direct:gyro_integral,1,127.45599523861452,nan,117.333984375,0.0,-211,-64,2031,-1.0103531005859374,-0.3064578125,9.725247143554688,9.782390392022009,0,0,0,0.0,0.0,0.0,0.0,0.0,0.0,0.0,-332,1080,21360,-1.82373046875,5.9326171875,117.333984375,98777.469,304.75,1,1,0,0,4064,211,1061,2097,2097,2097,2097,12454,F4line=4064;YAH=8388
DIRECT_SERIAL,722,1789354991636060690,2026-09-14T03:03:11.636061+00:00,-1,23971838250937,1789354991400000000,1789354991,400000000,38723322,1789354991407802,1789354991400000,2,4,14.639555681853608,13.116566742231138,gnss_local_enu_direct,14.639555681853608,13.116566742231138,110.4351666,-7.0507868,229.6,7.519,9.264,3,1,11,0,0.7159,223.189,-0.522,-0.49,-1.325,2.2682,180.0,99.0,5.01,115.32105169035017,neo3_calibrated_direct,1,27.4414,-7.9895,-32.4707,43.257472218103544,7,149.29605778323412,yahboom_calibrated_direct,0,3171,2942,2851,0.014762190013632295,0.5462409524786939,0.5464403905448693,127.45599523861452,neo3_calibrated_direct:gyro_integral,1,127.45599523861452,nan,117.333984375,0.0,-212,-63,2032,-1.01514150390625,-0.3016694091796875,9.730035546875,9.787497558050216,0,0,0,0.0,0.0,0.0,0.0,0.0,0.0,0.0,-332,1080,21360,-1.82373046875,5.9326171875,117.333984375,98777.469,304.75,1,1,0,0,4067,211,1062,2100,2100,2100,2100,12469,F4line=4067;YAH=8400
DIRECT_SERIAL,723,1789354991689973338,2026-09-14T03:03:11.689973+00:00,-1,23971892163538,1789354991600000000,1789354991,600000000,38723523,1789354991609022,1789354991600000,2,4,14.506971833634276,12.99491302194605,gnss_local_enu_direct,14.506971833634276,12.99491302194605,110.4351654,-7.0507879,229.97,7.535,9.253,3,1,11,0,0.5919,224.11,-0.425,-0.412,-1.277,2.2604,180.0,99.0,5.0,114.36658792285233,neo3_calibrated_direct,1,27.5146,-8.22144,-32.7393,43.548904157551426,7,149.47306908066258,yahboom_calibrated_direct,0,3160,2937,2816,0.013083102318509288,0.5454533130421155,0.5456101944382057,127.45599523861452,neo3_calibrated_direct:gyro_integral,1,127.45599523861452,nan,117.333984375,0.0,-212,-64,2037,-1.01514150390625,-0.3064578125,9.753977563476562,9.811447751101745,0,0,0,0.0,0.0,0.0,0.0,0.0,0.0,0.0,-332,1080,21360,-1.82373046875,5.9326171875,117.333984375,98779.297,304.75,1,1,0,0,4074,212,1063,2103,2103,2103,2103,12488,F4line=4074;YAH=8412
DIRECT_SERIAL,724,1789354991743741396,2026-09-14T03:03:11.743742+00:00,-1,23971945931698,1789354991600000000,1789354991,600000000,38723523,1789354991609022,1789354991600000,2,4,14.506971833634276,12.99491302194605,gnss_local_enu_direct,14.506971833634276,12.99491302194605,110.4351654,-7.0507879,229.97,7.535,9.253,3,1,11,0,0.5919,224.11,-0.425,-0.412,-1.277,2.2604,180.0,99.0,5.0,114.94564072039654,neo3_calibrated_direct,1,27.4902,-8.08105,-32.666,43.45206578682422,7,149.45656829463613,yahboom_calibrated_direct,0,3161,2930,2829,0.013212129575828574,0.544402575403828,0.5445628746749535,127.45599523861452,neo3_calibrated_direct:gyro_integral,1,127.45599523861452,nan,117.333984375,0.0,-213,-65,2036,-1.0199299072265624,-0.3112462158203125,9.749189160156249,9.807335035728398,0,0,0,0.0,0.0,0.0,0.0,0.0,0.0,0.0,-332,1080,21360,-1.82373046875,5.9326171875,117.333984375,98779.297,304.75,1,1,0,0,4083,212,1065,2105,2105,2105,2105,12505,F4line=4083;YAH=8420
DIRECT_SERIAL,725,1789354991803631110,2026-09-14T03:03:11.803631+00:00,-1,23972005821340,1789354991600000000,1789354991,600000000,38723523,1789354991609022,1789354991600000,2,4,14.506971833634276,12.99491302194605,gnss_local_enu_direct,14.506971833634276,12.99491302194605,110.4351654,-7.0507879,229.97,7.535,9.253,3,1,11,0,0.5919,224.11,-0.425,-0.412,-1.277,2.2604,180.0,99.0,5.0,115.05017367796664,neo3_calibrated_direct,1,27.4902,-8.05664,-32.666,43.44753272775797,7,149.47306908066258,yahboom_calibrated_direct,0,3160,2937,2812,0.013083102318509288,0.5454533130421155,0.5456101944382057,127.45599523861452,neo3_calibrated_direct:gyro_integral,1,127.45599523861452,nan,117.333984375,0.0,-214,-63,2035,-1.024718310546875,-0.3016694091796875,9.744400756835937,9.802775023340565,0,0,0,0.0,0.0,0.0,0.0,0.0,0.0,0.0,-332,1080,21360,-1.82373046875,5.9326171875,117.333984375,98777.773,304.75,1,1,0,0,4086,212,1066,2108,2108,2108,2108,12520,F4line=4086;YAH=8432
DIRECT_SERIAL,726,1789354991863462358,2026-09-14T03:03:11.863462+00:00,-1,23972065652920,1789354991800000000,1789354991,800000000,38723720,1789354991805826,1789354991800000,2,4,14.363339019411974,12.86219958440164,gnss_local_enu_direct,14.363339019411974,12.86219958440164,110.4351641,-7.0507891,230.24,7.554,9.243,3,1,11,0,0.3354,220.768,-0.254,-0.219,-0.943,2.3167,180.0,99.0,5.01,114.60160549356463,neo3_calibrated_direct,1,27.4902,-8.1665,-32.6172,43.43137752973074,7,149.53747618278683,yahboom_calibrated_direct,0,3156,2932,2928,0.012462444514449722,0.5446878506183698,0.5448304021753332,127.45599523861452,neo3_calibrated_direct:gyro_integral,1,127.45599523861452,nan,117.333984375,0.0,-211,-65,2034,-1.0103531005859374,-0.3112462158203125,9.739612353515625,9.796822770239352,0,0,0,0.0,0.0,0.0,0.0,0.0,0.0,0.0,-332,1080,21360,-1.82373046875,5.9326171875,117.333984375,98777.164,304.75,1,1,0,0,4096,213,1068,2111,2111,2111,2111,12542,F4line=4096;YAH=8444
DIRECT_SERIAL,727,1789354991923260398,2026-09-14T03:03:11.923260+00:00,-1,23972125450792,1789354991800000000,1789354991,800000000,38723720,1789354991805826,1789354991800000,2,4,14.363339019411974,12.86219958440164,gnss_local_enu_direct,14.363339019411974,12.86219958440164,110.4351641,-7.0507891,230.24,7.554,9.243,3,1,11,0,0.3354,220.768,-0.254,-0.219,-0.943,2.3167,180.0,99.0,5.01,114.94045599405526,neo3_calibrated_direct,1,27.4902,-8.08716,-32.6172,43.416528980857045,7,149.52138264320806,yahboom_calibrated_direct,0,3157,2934,2817,0.012619985073982395,0.5449921347010539,0.5451382310105202,127.45599523861452,neo3_calibrated_direct:gyro_integral,1,127.45599523861452,nan,117.333984375,0.0,-208,-65,2037,-0.9959878906249999,-0.3112462158203125,9.753977563476562,9.809635283431199,0,0,0,0.0,0.0,0.0,0.0,0.0,0.0,0.0,-332,1080,21360,-1.82373046875,5.9326171875,117.333984375,98777.164,304.75,1,1,0,0,4098,213,1069,2114,2114,2114,2114,12556,F4line=4098;YAH=8456
DIRECT_SERIAL,728,1789354991983089867,2026-09-14T03:03:11.983090+00:00,-1,23972185280284,1789354991800000000,1789354991,800000000,38723720,1789354991805826,1789354991800000,2,4,14.363339019411974,12.86219958440164,gnss_local_enu_direct,14.363339019411974,12.86219958440164,110.4351641,-7.0507891,230.24,7.554,9.243,3,1,11,0,0.3354,220.768,-0.254,-0.219,-0.943,2.3167,180.0,99.0,5.01,115.05911282305739,neo3_calibrated_direct,1,27.5146,-8.06885,-32.6416,43.44690557499464,7,149.48877738060187,yahboom_calibrated_direct,0,3159,2927,2825,0.012900216601453601,0.5439445652074567,0.5440975147959174,127.45599523861452,neo3_calibrated_direct:gyro_integral,1,127.45599523861452,nan,117.333984375,0.0,-212,-64,2037,-1.01514150390625,-0.3064578125,9.753977563476562,9.811447751101745,0,0,0,0.0,0.0,0.0,0.0,0.0,0.0,0.0,-332,1080,21360,-1.82373046875,5.9326171875,117.333984375,98778.078,304.75,1,1,0,0,4103,213,1071,2117,2117,2117,2117,12573,F4line=4103;YAH=8468
DIRECT_SERIAL,729,1789354992035218525,2026-09-14T03:03:12.035218+00:00,-1,23972237408769,1789354991800000000,1789354991,800000000,38723720,1789354991805826,1789354991800000,2,4,14.363339019411974,12.86219958440164,gnss_local_enu_direct,14.363339019411974,12.86219958440164,110.4351641,-7.0507891,230.24,7.554,9.243,3,1,11,0,0.3354,220.768,-0.254,-0.219,-0.943,2.3167,180.0,99.0,5.01,114.94564072039654,neo3_calibrated_direct,1,27.4902,-8.08105,-32.666,43.45206578682422,7,149.45744764214007,yahboom_calibrated_direct,0,3161,2947,2855,0.01326598803556497,0.5469620608767743,0.5471229135003651,127.45599523861452,neo3_calibrated_direct:gyro_integral,1,127.45599523861452,nan,117.333984375,0.0,-213,-65,2033,-1.0199299072265624,-0.3112462158203125,9.734823950195311,9.793055119002133,0,0,0,0.0,0.0,0.0,0.0,0.0,0.0,0.0,-332,1080,21360,-1.82373046875,5.9326171875,117.333984375,98778.078,304.75,1,1,0,0,4105,213,1072,2120,2120,2120,2120,12587,F4line=4105;YAH=8480
DIRECT_SERIAL,730,1789354992089960860,2026-09-14T03:03:12.089961+00:00,-1,23972292151042,1789354992000000000,1789354992,0,38723927,1789354992012676,1789354992000000,2,4,14.838435336296506,13.514711085676048,gnss_local_enu_direct,14.838435336296506,13.514711085676048,110.4351684,-7.0507832,230.7,7.554,9.23,3,1,12,0,0.5832,36.143,0.471,0.344,0.184,1.5989,157.074,99.0,4.99,114.52936318382147,neo3_calibrated_direct,1,27.4658,-8.1665,-32.666,43.452611519792455,7,149.29557699629322,yahboom_calibrated_direct,0,3171,2937,2891,0.014746349290180413,0.5454881626337097,0.5456874475291589,127.45599523861452,neo3_calibrated_direct:gyro_integral,1,127.45599523861452,nan,117.333984375,0.0,-213,-65,2036,-1.0199299072265624,-0.3112462158203125,9.749189160156249,9.807335035728398,0,0,0,0.0,0.0,0.0,0.0,0.0,0.0,0.0,-332,1080,21360,-1.82373046875,5.9326171875,117.333984375,98780.516,304.75,1,1,0,0,4114,214,1073,2123,2123,2123,2123,12608,F4line=4114;YAH=8492
DIRECT_SERIAL,731,1789354992142725499,2026-09-14T03:03:12.142725+00:00,-1,23972344915852,1789354992000000000,1789354992,0,38723927,1789354992012676,1789354992000000,2,4,14.838435336296506,13.514711085676048,gnss_local_enu_direct,14.838435336296506,13.514711085676048,110.4351684,-7.0507832,230.7,7.554,9.23,3,1,12,0,0.5832,36.143,0.471,0.344,0.184,1.5989,157.074,99.0,4.99,114.6857527955689,neo3_calibrated_direct,1,27.4658,-8.12988,-32.666,43.445744031543526,7,149.40929965991606,yahboom_calibrated_direct,0,3164,2949,2838,0.013725937135401486,0.5472726812488391,0.5474447816826263,127.45599523861452,neo3_calibrated_direct:gyro_integral,1,127.45599523861452,nan,117.333984375,0.0,-212,-66,2033,-1.01514150390625,-0.316034619140625,9.734823950195311,9.792710936954315,0,0,0,0.0,0.0,0.0,0.0,0.0,0.0,0.0,-332,1080,21360,-1.82373046875,5.9326171875,117.333984375,98780.516,304.75,1,1,0,0,4118,214,1075,2125,2125,2125,2125,12620,F4line=4118;YAH=8500
DIRECT_SERIAL,732,1789354992202738108,2026-09-14T03:03:12.202738+00:00,-1,23972404929119,1789354992000000000,1789354992,0,38723927,1789354992012676,1789354992000000,2,4,14.838435336296506,13.514711085676048,gnss_local_enu_direct,14.838435336296506,13.514711085676048,110.4351684,-7.0507832,230.7,7.554,9.23,3,1,12,0,0.5832,36.143,0.471,0.344,0.184,1.5989,157.074,99.0,4.99,115.01883088155749,neo3_calibrated_direct,1,27.4902,-8.06885,-32.6172,43.413122119959304,7,149.76387770246083,yahboom_calibrated_direct,0,3142,2929,2865,0.010336080298251704,0.544191822685714,0.54428997274792,127.45599523861452,neo3_calibrated_direct:gyro_integral,1,127.45599523861452,nan,117.333984375,0.0,-214,-65,2035,-1.024718310546875,-0.3112462158203125,9.744400756835937,9.80307441227788,0,0,0,0.0,0.0,0.0,0.0,0.0,0.0,0.0,-332,1080,21360,-1.82373046875,5.9326171875,117.333984375,98777.773,304.75,1,1,0,0,4121,214,1076,2128,2128,2128,2128,12635,F4line=4121;YAH=8512
DIRECT_SERIAL,733,1789354992262484619,2026-09-14T03:03:12.262485+00:00,-1,23972464674937,1789354992200000000,1789354992,200000000,38724122,1789354992208246,1789354992200000,2,4,15.247238582262636,14.100864937107545,gnss_local_enu_direct,15.247238582262636,14.100864937107545,110.4351721,-7.0507779,230.83,7.552,9.22,3,1,12,0,0.8257,39.841,0.634,0.529,0.8,2.0606,142.985,99.0,5.01,114.77851059458362,neo3_calibrated_direct,1,27.4902,-8.11768,-32.6904,43.4772363057083,7,149.55383864373132,yahboom_calibrated_direct,0,3155,2940,2867,0.012336585401820812,0.5458891462256542,0.5460285260921357,127.45599523861452,neo3_calibrated_direct:gyro_integral,1,127.45599523861452,nan,117.333984375,0.0,-211,-63,2036,-1.0103531005859374,-0.3016694091796875,9.749189160156249,9.806044416624195,0,0,0,0.0,0.0,0.0,0.0,0.0,0.0,0.0,-332,1080,21360,-1.82373046875,5.9326171875,117.333984375,98778.992,304.75,1,1,0,0,4131,215,1078,2131,2131,2131,2131,12657,F4line=4131;YAH=8524
DIRECT_SERIAL,734,1789354992322236240,2026-09-14T03:03:12.322236+00:00,-1,23972524426540,1789354992200000000,1789354992,200000000,38724122,1789354992208246,1789354992200000,2,4,15.247238582262636,14.100864937107545,gnss_local_enu_direct,15.247238582262636,14.100864937107545,110.4351721,-7.0507779,230.83,7.552,9.22,3,1,12,0,0.8257,39.841,0.634,0.529,0.8,2.0606,142.985,99.0,5.01,114.88822830473738,neo3_calibrated_direct,1,27.4902,-8.09937,-32.6172,43.41880498444078,7,149.2631006889046,yahboom_calibrated_direct,0,3173,2935,2849,0.015042421541103503,0.5451933829850967,0.5454008611072727,127.45599523861452,neo3_calibrated_direct:gyro_integral,1,127.45599523861452,nan,117.333984375,0.0,-210,-65,2032,-1.005564697265625,-0.3112462158203125,9.730035546875,9.786808790954304,0,0,0,0.0,0.0,0.0,0.0,0.0,0.0,0.0,-332,1080,21360,-1.82373046875,5.9326171875,117.333984375,98778.992,304.75,1,1,0,0,4133,215,1079,2134,2134,2134,2134,12671,F4line=4133;YAH=8536
DIRECT_SERIAL,735,1789354992382065116,2026-09-14T03:03:12.382065+00:00,-1,23972584255387,1789354992200000000,1789354992,200000000,38724122,1789354992208246,1789354992200000,2,4,15.247238582262636,14.100864937107545,gnss_local_enu_direct,15.247238582262636,14.100864937107545,110.4351721,-7.0507779,230.83,7.552,9.22,3,1,12,0,0.8257,39.841,0.634,0.529,0.8,2.0606,142.985,99.0,5.01,114.88822830473738,neo3_calibrated_direct,1,27.4902,-8.09937,-32.6172,43.41880498444078,7,149.40858581645182,yahboom_calibrated_direct,0,3164,2938,2828,0.013691087543807344,0.5456165435898738,0.5457882909307352,127.45599523861452,neo3_calibrated_direct:gyro_integral,1,127.45599523861452,nan,117.333984375,0.0,-211,-66,2035,-1.0103531005859374,-0.316034619140625,9.744400756835937,9.801736447088533,0,0,0,0.0,0.0,0.0,0.0,0.0,0.0,0.0,-332,1080,21360,-1.82373046875,5.9326171875,117.333984375,98779.906,304.75,1,1,0,0,4141,215,1081,2137,2137,2137,2137,12691,F4line=4141;YAH=8548
DIRECT_SERIAL,736,1789354992435590082,2026-09-14T03:03:12.435590+00:00,-1,23972637780302,1789354992200000000,1789354992,200000000,38724122,1789354992208246,1789354992200000,2,4,15.247238582262636,14.100864937107545,gnss_local_enu_direct,15.247238582262636,14.100864937107545,110.4351721,-7.0507779,230.83,7.552,9.22,3,1,12,0,0.8257,39.841,0.634,0.529,0.8,2.0606,142.985,99.0,5.01,115.00835180544355,neo3_calibrated_direct,1,27.4902,-8.06885,-32.6416,43.43145734283504,7,149.4574991122649,yahboom_calibrated_direct,0,3161,2948,2814,0.013269156180255346,0.5471126188457711,0.5472735040233667,127.45599523861452,neo3_calibrated_direct:gyro_integral,1,127.45599523861452,nan,117.333984375,0.0,-215,-64,2040,-1.0295067138671874,-0.3064578125,9.7683427734375,9.827223463629416,0,0,0,0.0,0.0,0.0,0.0,0.0,0.0,0.0,-332,1080,21360,-1.82373046875,5.9326171875,117.333984375,98779.906,304.75,1,1,0,0,4144,215,1082,2140,2140,2140,2140,12706,F4line=4144;YAH=8560
DIRECT_SERIAL,737,1789354992490523939,2026-09-14T03:03:12.490524+00:00,-1,23972692714237,1789354992400000000,1789354992,400000000,38724323,1789354992408541,1789354992400000,2,4,15.865968158357418,14.941387782211418,gnss_local_enu_direct,15.865968158357418,14.941387782211418,110.4351777,-7.0507703,231.15,7.542,9.209,3,1,12,0,0.5062,42.198,0.375,0.34,0.465,1.974,180.0,99.0,5.0,114.4958853048526,neo3_calibrated_direct,1,27.5391,-8.20312,-32.7393,43.560934000941714,7,149.4409626068204,yahboom_calibrated_direct,0,3162,2940,2831,0.013395015292884256,0.5459113232384868,0.5460756351227293,127.45599523861452,neo3_calibrated_direct:gyro_integral,1,127.45599523861452,nan,117.333984375,0.0,-214,-65,2036,-1.024718310546875,-0.3112462158203125,9.749189160156249,9.807834169853232,0,0,0,0.0,0.0,0.0,0.0,0.0,0.0,0.0,-332,1080,21360,-1.82373046875,5.9326171875,117.333984375,98782.047,304.75,1,1,0,0,4151,216,1083,2143,2143,2143,2143,12725,F4line=4151;YAH=8572
DIRECT_SERIAL,738,1789354992541777307,2026-09-14T03:03:12.541777+00:00,-1,23972743967580,1789354992400000000,1789354992,400000000,38724323,1789354992408541,1789354992400000,2,4,15.865968158357418,14.941387782211418,gnss_local_enu_direct,15.865968158357418,14.941387782211418,110.4351777,-7.0507703,231.15,7.542,9.209,3,1,12,0,0.5062,42.198,0.375,0.34,0.465,1.974,180.0,99.0,5.0,115.03080729581892,neo3_calibrated_direct,1,27.4658,-8.05664,-32.5928,43.37707032026944,7,149.3123521789263,yahboom_calibrated_direct,0,3170,2944,2830,0.014617322032861127,0.5465389002719973,0.5467343373284108,127.45599523861452,neo3_calibrated_direct:gyro_integral,1,127.45599523861452,nan,117.333984375,0.0,-213,-65,2037,-1.0199299072265624,-0.3112462158203125,9.753977563476562,9.812095063304362,0,0,0,0.0,0.0,0.0,0.0,0.0,0.0,0.0,-332,1080,21360,-1.82373046875,5.9326171875,117.333984375,98782.047,304.75,1,1,0,0,4155,216,1085,2145,2145,2145,2145,12737,F4line=4155;YAH=8580
DIRECT_SERIAL,739,1789354992601643897,2026-09-14T03:03:12.601644+00:00,-1,23972803834307,1789354992400000000,1789354992,400000000,38724323,1789354992408541,1789354992400000,2,4,15.865968158357418,14.941387782211418,gnss_local_enu_direct,15.865968158357418,14.941387782211418,110.4351777,-7.0507703,231.15,7.542,9.209,3,1,12,0,0.5062,42.198,0.375,0.34,0.465,1.974,180.0,99.0,5.0,115.19672828742083,neo3_calibrated_direct,1,27.417,-8.00171,-32.5195,43.28090955807306,7,149.5053840858556,yahboom_calibrated_direct,0,3158,2938,2878,0.012783861922895821,0.5455975347217316,0.5457472831083034,127.45599523861452,neo3_calibrated_direct:gyro_integral,1,127.45599523861452,nan,117.333984375,0.0,-215,-63,2036,-1.0295067138671874,-0.3016694091796875,9.749189160156249,9.808036387923963,0,0,0,0.0,0.0,0.0,0.0,0.0,0.0,0.0,-332,1080,21360,-1.82373046875,5.9326171875,117.333984375,98777.469,305.0,1,1,0,0,4159,216,1086,2148,2148,2148,2148,12753,F4line=4159;YAH=8592
DIRECT_SERIAL,740,1789354992661473318,2026-09-14T03:03:12.661473+00:00,-1,23972863663570,1789354992600000000,1789354992,600000000,38724524,1789354992609903,1789354992600000,2,4,16.50679558895996,15.815089511318519,gnss_local_enu_direct,16.50679558895996,15.815089511318519,110.4351835,-7.0507624,231.59,7.531,9.203,3,1,12,0,0.3808,53.973,0.224,0.308,-0.028,1.1772,177.101,99.0,5.0,114.78899623587358,neo3_calibrated_direct,1,27.4902,-8.11768,-32.666,43.4588929981241,7,149.34372990453926,yahboom_calibrated_direct,0,3168,2934,2899,0.014283232045653523,0.5450269842926481,0.5452141086993333,127.45599523861452,neo3_calibrated_direct:gyro_integral,1,127.45599523861452,nan,117.333984375,0.0,-210,-65,2038,-1.005564697265625,-0.3112462158203125,9.758765966796874,9.815373032236844,0,0,0,0.0,0.0,0.0,0.0,0.0,0.0,0.0,-332,1080,21360,-1.82373046875,5.9326171875,117.333984375,98779.297,305.0,1,1,0,0,4169,217,1088,2151,2151,2151,2151,12775,F4line=4169;YAH=8604
DIRECT_SERIAL,741,1789354992721172396,2026-09-14T03:03:12.721173+00:00,-1,23972923362736,1789354992600000000,1789354992,600000000,38724524,1789354992609903,1789354992600000,2,4,16.50679558895996,15.815089511318519,gnss_local_enu_direct,16.50679558895996,15.815089511318519,110.4351835,-7.0507624,231.59,7.531,9.203,3,1,12,0,0.3808,53.973,0.224,0.308,-0.028,1.1772,177.101,99.0,5.0,114.86726419007351,neo3_calibrated_direct,1,27.4902,-8.09937,-32.666,43.455476598892574,7,149.45667217617014,yahboom_calibrated_direct,0,3161,2932,2862,0.013218465865209325,0.5447036913418216,0.5448640557067755,127.45599523861452,neo3_calibrated_direct:gyro_integral,1,127.45599523861452,nan,117.333984375,0.0,-209,-66,2032,-1.0007762939453124,-0.316034619140625,9.730035546875,9.78647141795598,0,0,0,0.0,0.0,0.0,0.0,0.0,0.0,0.0,-332,1080,21360,-1.82373046875,5.9326171875,117.333984375,98779.297,305.0,1,1,0,0,4171,217,1089,2154,2154,2154,2154,12789,F4line=4171;YAH=8616
DIRECT_SERIAL,742,1789354992771172602,2026-09-14T03:03:12.771173+00:00,-1,23972973362744,1789354992600000000,1789354992,600000000,38724524,1789354992609903,1789354992600000,2,4,16.50679558895996,15.815089511318519,gnss_local_enu_direct,16.50679558895996,15.815089511318519,110.4351835,-7.0507624,231.59,7.531,9.203,3,1,12,0,0.3808,53.973,0.224,0.308,-0.028,1.1772,177.101,99.0,5.0,115.31582564994717,neo3_calibrated_direct,1,27.4414,-7.9834,-32.5439,43.31132111503874,7,149.34306384273822,yahboom_calibrated_direct,0,3168,2926,2860,0.014257886888130513,0.5438225205406733,0.544009394391058,127.45599523861452,neo3_calibrated_direct:gyro_integral,1,127.45599523861452,nan,117.333984375,0.0,-209,-64,2028,-1.0007762939453124,-0.3064578125,9.710881933593749,9.767123297550956,0,0,0,0.0,0.0,0.0,0.0,0.0,0.0,0.0,-332,1080,21360,-1.82373046875,5.9326171875,117.333984375,98780.516,305.0,1,1,0,0,4181,217,1091,2157,2157,2157,2157,12811,F4line=4181;YAH=8628
DIRECT_SERIAL,743,1789354992821628329,2026-09-14T03:03:12.821628+00:00,-1,23973023818502,1789354992600000000,1789354992,600000000,38724524,1789354992609903,1789354992600000,2,4,16.50679558895996,15.815089511318519,gnss_local_enu_direct,16.50679558895996,15.815089511318519,110.4351835,-7.0507624,231.59,7.531,9.203,3,1,12,0,0.3808,53.973,0.224,0.308,-0.028,1.1772,177.101,99.0,5.0,115.23176122609912,neo3_calibrated_direct,1,27.4414,-8.00781,-32.4951,43.27917488776906,7,149.31207749620697,yahboom_calibrated_direct,0,3170,2941,2826,0.014607817598789997,0.5460872263650067,0.5462825707763571,127.45599523861452,neo3_calibrated_direct:gyro_integral,1,127.45599523861452,nan,117.333984375,0.0,-213,-64,2036,-1.0199299072265624,-0.3064578125,9.749189160156249,9.807184238455275,0,0,0,0.0,0.0,0.0,0.0,0.0,0.0,0.0,-332,1080,21360,-1.82373046875,5.9326171875,117.333984375,98780.516,305.0,1,1,0,0,4183,217,1092,2160,2160,2160,2160,12825,F4line=4183;YAH=8640
DIRECT_SERIAL,744,1789354992880750205,2026-09-14T03:03:12.880750+00:00,-1,23973082940657,1789354992800000000,1789354992,800000000,38724722,1789354992807849,1789354992800000,2,4,17.213915894230453,16.777267747764817,gnss_local_enu_direct,17.213915894230453,16.777267747764817,110.4351899,-7.0507537,232.17,7.523,9.192,3,1,12,0,0.5351,28.337,0.471,0.254,-0.119,1.0969,117.442,99.0,5.01,114.74332615056711,neo3_calibrated_direct,1,27.4658,-8.12378,-32.5928,43.38959072137464,7,149.45698313284964,yahboom_calibrated_direct,0,3161,2938,2850,0.013237474733351583,0.5456070391558027,0.5457675988126061,127.45599523861452,neo3_calibrated_direct:gyro_integral,1,127.45599523861452,nan,117.333984375,0.0,-209,-64,2032,-1.0007762939453124,-0.3064578125,9.730035546875,9.786166835120698,0,0,0,0.0,0.0,0.0,0.0,0.0,0.0,0.0,-332,1080,21360,-1.82373046875,5.9326171875,117.333984375,98783.875,305.0,1,1,0,0,4191,218,1093,2162,2162,2162,2162,12841,F4line=4191;YAH=8648
DIRECT_SERIAL,745,1789354992931159748,2026-09-14T03:03:12.931160+00:00,-1,23973133349959,1789354992800000000,1789354992,800000000,38724722,1789354992807849,1789354992800000,2,4,17.213915894230453,16.777267747764817,gnss_local_enu_direct,17.213915894230453,16.777267747764817,110.4351899,-7.0507537,232.17,7.523,9.192,3,1,12,0,0.5351,28.337,0.471,0.254,-0.119,1.0969,117.442,99.0,5.01,114.82674973327495,neo3_calibrated_direct,1,27.4658,-8.09937,-32.6416,43.42169981238528,7,149.55363817330544,yahboom_calibrated_direct,0,3155,2932,2858,0.0123112402442978,0.5446846824736794,0.5448237971654742,127.45599523861452,neo3_calibrated_direct:gyro_integral,1,127.45599523861452,nan,117.333984375,0.0,-212,-64,2033,-1.01514150390625,-0.3064578125,9.734823950195311,9.79240654819292,0,0,0,0.0,0.0,0.0,0.0,0.0,0.0,0.0,-332,1080,21360,-1.82373046875,5.9326171875,117.333984375,98783.875,305.0,1,1,0,0,4193,218,1094,2165,2165,2165,2165,12855,F4line=4193;YAH=8660
DIRECT_SERIAL,746,1789354992981658072,2026-09-14T03:03:12.981658+00:00,-1,23973183848237,1789354992800000000,1789354992,800000000,38724722,1789354992807849,1789354992800000,2,4,17.213915894230453,16.777267747764817,gnss_local_enu_direct,17.213915894230453,16.777267747764817,110.4351899,-7.0507537,232.17,7.523,9.192,3,1,12,0,0.5351,28.337,0.471,0.254,-0.119,1.0969,117.442,99.0,5.01,115.49565417061585,neo3_calibrated_direct,1,27.4902,-7.96509,-32.5439,43.338887640987046,7,149.52148458907496,yahboom_calibrated_direct,0,3157,2937,2927,0.012629489508053525,0.5454438086080444,0.5455900038986079,127.45599523861452,neo3_calibrated_direct:gyro_integral,1,127.45599523861452,nan,117.333984375,0.0,-214,-64,2036,-1.024718310546875,-0.3064578125,9.749189160156249,9.807683380254504,0,0,0,0.0,0.0,0.0,0.0,0.0,0.0,0.0,-332,1080,21360,-1.82373046875,5.9326171875,117.333984375,98780.211,305.0,1,1,0,0,4198,218,1096,2168,2168,2168,2168,12872,F4line=4198;YAH=8672
DIRECT_SERIAL,747,1789354993037516526,2026-09-14T03:03:13.037517+00:00,-1,23973239706808,1789354992800000000,1789354992,800000000,38724722,1789354992807849,1789354992800000,2,4,17.213915894230453,16.777267747764817,gnss_local_enu_direct,17.213915894230453,16.777267747764817,110.4351899,-7.0507537,232.17,7.523,9.192,3,1,12,0,0.5351,28.337,0.471,0.254,-0.119,1.0969,117.442,99.0,5.01,115.31774844320607,neo3_calibrated_direct,1,27.417,-7.97119,-32.5439,43.29361599850606,7,149.5375943764416,yahboom_calibrated_direct,0,3156,2936,2948,0.012475117093211228,0.5452900824943572,0.5454327663545638,127.45599523861452,neo3_calibrated_direct:gyro_integral,1,127.45599523861452,nan,117.333984375,0.0,-208,-65,2032,-0.9959878906249999,-0.3112462158203125,9.730035546875,9.78582943999052,0,0,0,0.0,0.0,0.0,0.0,0.0,0.0,0.0,-332,1080,21360,-1.82373046875,5.9326171875,117.333984375,98780.211,305.0,1,1,0,0,4200,218,1097,2170,2170,2170,2170,12882,F4line=4200;YAH=8680
DIRECT_SERIAL,748,1789354993091282684,2026-09-14T03:03:13.091283+00:00,-1,23973293472892,1789354993000000000,1789354993,0,38724929,1789354993014991,1789354993000000,2,4,17.810548807376527,17.606731882643686,gnss_local_enu_direct,17.810548807376527,17.606731882643686,110.4351953,-7.0507462,232.67,7.512,9.182,3,1,12,0,0.2761,47.936,0.185,0.205,-0.384,1.2171,180.0,99.0,4.98,114.69625372600026,neo3_calibrated_direct,1,27.4658,-8.12988,-32.6416,43.42740113124892,7,149.44011717342312,yahboom_calibrated_direct,0,3162,2925,2887,0.01334749312252861,0.5436529537035341,0.5438167794792956,127.45599523861452,neo3_calibrated_direct:gyro_integral,1,127.45599523861452,nan,117.333984375,0.0,-212,-66,2033,-1.01514150390625,-0.316034619140625,9.734823950195311,9.792710936954315,0,0,0,0.0,0.0,0.0,0.0,0.0,0.0,0.0,-332,1080,21360,-1.82373046875,5.9326171875,117.333984375,98782.656,304.75,1,1,0,0,4209,219,1098,2173,2173,2173,2173,12903,F4line=4209;YAH=8692
DIRECT_SERIAL,749,1789354993141568203,2026-09-14T03:03:13.141568+00:00,-1,23973343758363,1789354993000000000,1789354993,0,38724929,1789354993014991,1789354993000000,2,4,17.810548807376527,17.606731882643686,gnss_local_enu_direct,17.810548807376527,17.606731882643686,110.4351953,-7.0507462,232.67,7.512,9.182,3,1,12,0,0.2761,47.936,0.185,0.205,-0.384,1.2171,180.0,99.0,4.98,114.63357928609611,neo3_calibrated_direct,1,27.4658,-8.14209,-32.666,43.44803051011748,7,149.7474979284249,yahboom_calibrated_direct,0,3143,2936,2835,0.010509461581236258,0.5452488966133823,0.54535017011168,127.45599523861452,neo3_calibrated_direct:gyro_integral,1,127.45599523861452,nan,117.333984375,0.0,-213,-65,2041,-1.0199299072265624,-0.3112462158203125,9.773131176757811,9.831135449205913,0,0,0,0.0,0.0,0.0,0.0,0.0,0.0,0.0,-332,1080,21360,-1.82373046875,5.9326171875,117.333984375,98782.656,304.75,1,1,0,0,4213,219,1100,2176,2176,2176,2176,12919,F4line=4213;YAH=8704
DIRECT_SERIAL,750,1789354993199908832,2026-09-14T03:03:13.199909+00:00,-1,23973402099072,1789354993000000000,1789354993,0,38724929,1789354993014991,1789354993000000,2,4,17.810548807376527,17.606731882643686,gnss_local_enu_direct,17.810548807376527,17.606731882643686,110.4351953,-7.0507462,232.67,7.512,9.182,3,1,12,0,0.2761,47.936,0.185,0.205,-0.384,1.2171,180.0,99.0,4.98,115.35392845074405,neo3_calibrated_direct,1,27.4902,-7.99561,-32.5684,43.36290527480948,7,149.40871592829083,yahboom_calibrated_direct,0,3164,2940,2831,0.013697423833188099,0.5459176595278675,0.5460894710613369,127.45599523861452,neo3_calibrated_direct:gyro_integral,1,127.45599523861452,nan,117.333984375,0.0,-212,-64,2034,-1.01514150390625,-0.3064578125,9.739612353515625,9.79716680783529,0,0,0,0.0,0.0,0.0,0.0,0.0,0.0,0.0,-332,1080,21360,-1.82373046875,5.9326171875,117.333984375,98781.43,304.75,1,1,0,0,4216,219,1101,2178,2178,2178,2178,12930,F4line=4216;YAH=8712
DIRECT_SERIAL,751,1789354993250892384,2026-09-14T03:03:13.250892+00:00,-1,23973453082585,1789354993200000000,1789354993,200000000,38725123,1789354993208508,1789354993200000,2,4,18.528718111760952,18.60208891867696,gnss_local_enu_direct,18.528718111760952,18.60208891867696,110.4352018,-7.0507372,233.24,7.5,9.172,3,1,12,0,0.6084,35.231,0.497,0.351,-0.051,1.1949,112.518,99.0,5.01,115.34345806677202,neo3_calibrated_direct,1,27.4902,-7.99561,-32.5928,43.38123427418934,7,149.79649168917024,yahboom_calibrated_direct,0,3140,2923,2796,0.010014662889805603,0.5432821385823522,0.543374434046552,127.45599523861452,neo3_calibrated_direct:gyro_integral,1,127.45599523861452,nan,117.333984375,0.0,-215,-64,2042,-1.0295067138671874,-0.3064578125,9.777919580078125,9.83674294567135,0,0,0,0.0,0.0,0.0,0.0,0.0,0.0,0.0,-332,1080,21360,-1.82373046875,5.9326171875,117.333984375,98777.773,304.75,1,1,0,0,4224,220,1102,2181,2181,2181,2181,12950,F4line=4224;YAH=8724
DIRECT_SERIAL,752,1789354993319763513,2026-09-14T03:03:13.319763+00:00,-1,23973521953806,1789354993200000000,1789354993,200000000,38725123,1789354993208508,1789354993200000,2,4,18.528718111760952,18.60208891867696,gnss_local_enu_direct,18.528718111760952,18.60208891867696,110.4352018,-7.0507372,233.24,7.5,9.172,3,1,12,0,0.6084,35.231,0.497,0.351,-0.051,1.1949,112.518,99.0,5.01,114.69017850589728,neo3_calibrated_direct,1,27.4902,-8.14819,-32.5928,43.409615388253556,7,149.74772596682848,yahboom_calibrated_direct,0,3143,2928,2857,0.010484116423713248,0.5440444328614075,0.5441454416097561,127.45599523861452,neo3_calibrated_direct:gyro_integral,1,127.45599523861452,nan,117.333984375,0.0,-213,-66,2033,-1.0199299072265624,-0.316034619140625,9.734823950195311,9.793208475134529,0,0,0,0.0,0.0,0.0,0.0,0.0,0.0,0.0,-332,1080,21360,-1.82373046875,5.9326171875,117.333984375,98777.773,304.75,1,1,0,0,4228,220,1104,2184,2184,2184,2184,12966,F4line=4228;YAH=8736
DIRECT_SERIAL,753,1789354993370807915,2026-09-14T03:03:13.370808+00:00,-1,23973572998203,1789354993200000000,1789354993,200000000,38725123,1789354993208508,1789354993200000,2,4,18.528718111760952,18.60208891867696,gnss_local_enu_direct,18.528718111760952,18.60208891867696,110.4352018,-7.0507372,233.24,7.5,9.172,3,1,12,0,0.6084,35.231,0.497,0.351,-0.051,1.1949,112.518,99.0,5.01,114.79948035158306,neo3_calibrated_direct,1,27.4902,-8.11768,-32.6416,43.44055565001903,7,149.79598788398062,yahboom_calibrated_direct,0,3140,2935,2852,0.01005268062609012,0.5450888342103143,0.5451815235025208,127.45599523861452,neo3_calibrated_direct:gyro_integral,1,127.45599523861452,nan,117.333984375,0.0,-209,-65,2035,-1.0007762939453124,-0.3112462158203125,9.744400756835937,9.80060067073494,0,0,0,0.0,0.0,0.0,0.0,0.0,0.0,0.0,-332,1080,21360,-1.82373046875,5.9326171875,117.333984375,98780.211,304.75,1,1,0,0,4234,220,1105,2187,2187,2187,2187,12984,F4line=4234;YAH=8748
DIRECT_SERIAL,754,1789354993431489530,2026-09-14T03:03:13.431489+00:00,-1,23973633679740,1789354993200000000,1789354993,200000000,38725123,1789354993208508,1789354993200000,2,4,18.528718111760952,18.60208891867696,gnss_local_enu_direct,18.528718111760952,18.60208891867696,110.4352018,-7.0507372,233.24,7.5,9.172,3,1,12,0,0.6084,35.231,0.497,0.351,-0.051,1.1949,112.518,99.0,5.01,114.91949363475746,neo3_calibrated_direct,1,27.4902,-8.08716,-32.666,43.45320251610461,7,149.8446184038859,yahboom_calibrated_direct,0,3137,2932,2841,0.009589563381563228,0.5446276558692527,0.5447120737265571,127.45599523861452,neo3_calibrated_direct:gyro_integral,1,127.45599523861452,nan,117.333984375,0.0,-209,-64,2035,-1.0007762939453124,-0.3064578125,9.744400756835937,9.800449769841688,0,0,0,0.0,0.0,0.0,0.0,0.0,0.0,0.0,-332,1080,21360,-1.82373046875,5.9326171875,117.333984375,98780.211,304.75,1,1,0,0,4238,220,1107,2190,2190,2190,2190,13000,F4line=4238;YAH=8760
DIRECT_SERIAL,755,1789354993490794728,2026-09-14T03:03:13.490795+00:00,-1,23973692984959,1789354993400000000,1789354993,400000000,38725323,1789354993408848,1789354993400000,2,4,19.12535128693594,19.475791356531193,gnss_local_enu_direct,19.12535128693594,19.475791356531193,110.4352072,-7.0507293,233.74,7.49,9.162,3,1,12,0,0.5286,15.246,0.51,0.139,-0.483,1.0982,119.036,99.0,5.01,114.61083411033307,neo3_calibrated_direct,1,27.5146,-8.1665,-32.7148,43.52014561613966,7,149.69926476065012,yahboom_calibrated_direct,0,3146,2922,2856,0.010918720366026752,0.5431505894814975,0.5432603255424877,127.45599523861452,neo3_calibrated_direct:gyro_integral,1,127.45599523861452,nan,117.333984375,0.0,-210,-64,2029,-1.005564697265625,-0.3064578125,9.715670336914062,9.77237570127249,0,0,0,0.0,0.0,0.0,0.0,0.0,0.0,0.0,-332,1080,21360,-1.82373046875,5.9326171875,117.333984375,98778.992,304.75,1,1,0,0,4246,221,1108,2193,2193,2193,2193,13020,F4line=4246;YAH=8772
DIRECT_SERIAL,756,1789354993545620209,2026-09-14T03:03:13.545620+00:00,-1,23973747810382,1789354993400000000,1789354993,400000000,38725323,1789354993408848,1789354993400000,2,4,19.12535128693594,19.475791356531193,gnss_local_enu_direct,19.12535128693594,19.475791356531193,110.4352072,-7.0507293,233.74,7.49,9.162,3,1,12,0,0.5286,15.246,0.51,0.139,-0.483,1.0982,119.036,99.0,5.01,114.80996294170772,neo3_calibrated_direct,1,27.4902,-8.11768,-32.6172,43.4222242689432,7,149.58599566552635,yahboom_calibrated_direct,0,3153,2934,2902,0.012015167993374713,0.5449794621222924,0.5451118952994992,127.45599523861452,neo3_calibrated_direct:gyro_integral,1,127.45599523861452,nan,117.333984375,0.0,-214,-65,2035,-1.024718310546875,-0.3112462158203125,9.744400756835937,9.80307441227788,0,0,0,0.0,0.0,0.0,0.0,0.0,0.0,0.0,-332,1080,21360,-1.82373046875,5.9326171875,117.333984375,98782.656,304.75,1,1,0,0,4251,221,1110,2196,2196,2196,2196,13037,F4line=4251;YAH=8784
DIRECT_SERIAL,757,1789354993598969472,2026-09-14T03:03:13.598969+00:00,-1,23973801159732,1789354993400000000,1789354993,400000000,38725323,1789354993408848,1789354993400000,2,4,19.12535128693594,19.475791356531193,gnss_local_enu_direct,19.12535128693594,19.475791356531193,110.4352072,-7.0507293,233.74,7.49,9.162,3,1,12,0,0.5286,15.246,0.51,0.139,-0.483,1.0982,119.036,99.0,5.01,114.59784940445914,neo3_calibrated_direct,1,27.4414,-8.13599,-32.6904,43.44982185694321,7,149.7152400444155,yahboom_calibrated_direct,0,3145,2934,2892,0.010805533832159347,0.5449541169647694,0.5450612343198235,127.45599523861452,neo3_calibrated_direct:gyro_integral,1,127.45599523861452,nan,117.333984375,0.0,-212,-64,2033,-1.01514150390625,-0.3064578125,9.734823950195311,9.79240654819292,0,0,0,0.0,0.0,0.0,0.0,0.0,0.0,0.0,-332,1080,21360,-1.82373046875,5.9326171875,117.333984375,98782.656,304.75,1,1,0,0,4254,221,1111,2198,2198,2198,2198,13048,F4line=4254;YAH=8792
DIRECT_SERIAL,758,1789354993651372762,2026-09-14T03:03:13.651373+00:00,-1,23973853562952,1789354993600000000,1789354993,600000000,38725524,1789354993610070,1789354993600000,2,4,19.69988685519557,20.31631514853216,gnss_local_enu_direct,19.69988685519557,20.31631514853216,110.4352124,-7.0507217,234.16,7.479,9.155,3,1,12,0,0.6766,35.616,0.55,0.394,-0.39,0.9599,81.29,99.0,5.0,114.69524141048664,neo3_calibrated_direct,1,27.4902,-8.14209,-32.6416,43.44512373291276,7,149.5215524592427,yahboom_calibrated_direct,0,3157,2939,2922,0.012635825797434276,0.5457449245460381,0.545891185824926,127.45599523861452,neo3_calibrated_direct:gyro_integral,1,127.45599523861452,nan,117.333984375,0.0,-214,-63,2036,-1.024718310546875,-0.3016694091796875,9.749189160156249,9.80753492621428,0,0,0,0.0,0.0,0.0,0.0,0.0,0.0,0.0,-332,1080,21360,-1.82373046875,5.9326171875,117.333984375,98778.078,304.75,1,1,0,0,4265,222,1112,2201,2201,2201,2201,13071,F4line=4265;YAH=8804
DIRECT_SERIAL,759,1789354993718735534,2026-09-14T03:03:13.718736+00:00,-1,23973920925813,1789354993600000000,1789354993,600000000,38725524,1789354993610070,1789354993600000,2,4,19.69988685519557,20.31631514853216,gnss_local_enu_direct,19.69988685519557,20.31631514853216,110.4352124,-7.0507217,234.16,7.479,9.155,3,1,12,0,0.6766,35.616,0.55,0.394,-0.39,0.9599,81.29,99.0,5.0,114.73688263980027,neo3_calibrated_direct,1,27.4902,-8.12988,-32.666,43.46117348685375,7,149.45724147799498,yahboom_calibrated_direct,0,3161,2943,2927,0.013253315456803465,0.546359829000787,0.5465205514126315,127.45599523861452,neo3_calibrated_direct:gyro_integral,1,127.45599523861452,nan,117.333984375,0.0,-213,-64,2035,-1.0199299072265624,-0.3064578125,9.744400756835937,9.802424165293106,0,0,0,0.0,0.0,0.0,0.0,0.0,0.0,0.0,-332,1080,21360,-1.82373046875,5.9326171875,117.333984375,98778.078,304.75,1,1,0,0,4269,222,1114,2204,2204,2204,2204,13087,F4line=4269;YAH=8816
DIRECT_SERIAL,760,1789354993771328380,2026-09-14T03:03:13.771328+00:00,-1,23973973519067,1789354993600000000,1789354993,600000000,38725524,1789354993610070,1789354993600000,2,4,19.69988685519557,20.31631514853216,gnss_local_enu_direct,19.69988685519557,20.31631514853216,110.4352124,-7.0507217,234.16,7.479,9.155,3,1,12,0,0.6766,35.616,0.55,0.394,-0.39,0.9599,81.29,99.0,5.0,114.72534128252518,neo3_calibrated_direct,1,27.5146,-8.14209,-32.6904,43.49723088758754,7,149.61830449809565,yahboom_calibrated_direct,0,3151,2934,2846,0.01171275945307087,0.5449731258329117,0.5450989787314778,127.45599523861452,neo3_calibrated_direct:gyro_integral,1,127.45599523861452,nan,117.333984375,0.0,-210,-65,2033,-1.005564697265625,-0.3112462158203125,9.734823950195311,9.791569430308178,0,0,0,0.0,0.0,0.0,0.0,0.0,0.0,0.0,-332,1080,21360,-1.82373046875,5.9326171875,117.333984375,98781.734,304.75,1,1,0,0,4277,222,1115,2207,2207,2207,2207,13107,F4line=4277;YAH=8828
DIRECT_SERIAL,761,1789354993830969720,2026-09-14T03:03:13.830970+00:00,-1,23974033159954,1789354993600000000,1789354993,600000000,38725524,1789354993610070,1789354993600000,2,4,19.69988685519557,20.31631514853216,gnss_local_enu_direct,19.69988685519557,20.31631514853216,110.4352124,-7.0507217,234.16,7.479,9.155,3,1,12,0,0.6766,35.616,0.55,0.394,-0.39,0.9599,81.29,99.0,5.0,114.72127950038467,neo3_calibrated_direct,1,27.4902,-8.13599,-32.6416,43.443980939597374,7,149.31171054508732,yahboom_calibrated_direct,0,3170,2937,2784,0.014595145020028493,0.5454849944890193,0.5456802153925329,127.45599523861452,neo3_calibrated_direct:gyro_integral,1,127.45599523861452,nan,117.333984375,0.0,-209,-66,2035,-1.0007762939453124,-0.316034619140625,9.744400756835937,9.800753908799212,0,0,0,0.0,0.0,0.0,0.0,0.0,0.0,0.0,-332,1080,21360,-1.82373046875,5.9326171875,117.333984375,98781.734,304.75,1,1,0,0,4281,222,1117,2210,2210,2210,2210,13123,F4line=4281;YAH=8840
DIRECT_SERIAL,762,1789354993891367816,2026-09-14T03:03:13.891368+00:00,-1,23974093558124,1789354993800000000,1789354993,800000000,38725722,1789354993807172,1789354993800000,2,4,20.263372964730006,21.090481156011545,gnss_local_enu_direct,20.263372964730006,21.090481156011545,110.4352175,-7.0507147,234.33,7.471,9.148,3,1,12,0,1.1853,43.975,0.853,0.823,0.565,1.8028,87.144,99.0,5.01,114.60664134146687,neo3_calibrated_direct,1,27.4902,-8.1604,-32.666,43.46689292093466,7,149.3928707587546,yahboom_calibrated_direct,0,3165,2944,2733,0.013861300682101525,0.5465230595485453,0.5466988112982343,127.45599523861452,neo3_calibrated_direct:gyro_integral,1,127.45599523861452,nan,117.333984375,0.0,-212,-65,2035,-1.01514150390625,-0.3112462158203125,9.744400756835937,9.802077973044302,0,0,0,0.0,0.0,0.0,0.0,0.0,0.0,0.0,-332,1080,21360,-1.82373046875,5.9326171875,117.333984375,98779.297,304.75,1,1,0,0,4290,223,1118,2213,2213,2213,2213,13144,F4line=4290;YAH=8852
DIRECT_SERIAL,763,1789354993945731200,2026-09-14T03:03:13.945731+00:00,-1,23974147921396,1789354993800000000,1789354993,800000000,38725722,1789354993807172,1789354993800000,2,4,20.263372964730006,21.090481156011545,gnss_local_enu_direct,20.263372964730006,21.090481156011545,110.4352175,-7.0507147,234.33,7.471,9.148,3,1,12,0,1.1853,43.975,0.853,0.823,0.565,1.8028,87.144,99.0,5.01,114.79836230982345,neo3_calibrated_direct,1,27.5146,-8.12988,-32.6416,43.45828128831604,7,149.4411868757661,yahboom_calibrated_direct,0,3162,2944,2753,0.013407687871645762,0.5465135551144742,0.546677996646952,127.45599523861452,neo3_calibrated_direct:gyro_integral,1,127.45599523861452,nan,117.333984375,0.0,-213,-66,2032,-1.0199299072265624,-0.316034619140625,9.730035546875,9.78844863293472,0,0,0,0.0,0.0,0.0,0.0,0.0,0.0,0.0,-332,1080,21360,-1.82373046875,5.9326171875,117.333984375,98778.688,304.75,1,1,0,0,4295,223,1120,2216,2216,2216,2216,13161,F4line=4295;YAH=8864
DIRECT_SERIAL,764,1789354993997960153,2026-09-14T03:03:13.997960+00:00,-1,23974200150380,1789354993800000000,1789354993,800000000,38725722,1789354993807172,1789354993800000,2,4,20.263372964730006,21.090481156011545,gnss_local_enu_direct,20.263372964730006,21.090481156011545,110.4352175,-7.0507147,234.33,7.471,9.148,3,1,12,0,1.1853,43.975,0.853,0.823,0.565,1.8028,87.144,99.0,5.01,114.87902514109162,neo3_calibrated_direct,1,27.4658,-8.08716,-32.6416,43.419423960545586,7,149.16626032797276,yahboom_calibrated_direct,0,3179,2935,2774,0.015949647162015027,0.5452123918532389,0.5454456375065461,127.45599523861452,neo3_calibrated_direct:gyro_integral,1,127.45599523861452,nan,117.333984375,0.0,-212,-66,2035,-1.01514150390625,-0.316034619140625,9.744400756835937,9.80223118801394,0,0,0,0.0,0.0,0.0,0.0,0.0,0.0,0.0,-332,1080,21360,-1.82373046875,5.9326171875,117.333984375,98778.688,304.75,1,1,0,0,4297,223,1121,2218,2218,2218,2218,13171,F4line=4297;YAH=8872
DIRECT_SERIAL,765,1789354994052515770,2026-09-14T03:03:14.052516+00:00,-1,23974254705996,1789354994000000000,1789354994,0,38725929,1789354994014955,1789354994000000,2,4,20.837907895468398,21.886766249225758,gnss_local_enu_direct,20.837907895468398,21.886766249225758,110.4352227,-7.0507075,234.51,7.462,9.145,3,1,12,0,1.0117,35.952,0.819,0.594,0.238,1.5799,89.472,99.0,4.98,114.81510673527602,neo3_calibrated_direct,1,27.4902,-8.11157,-32.666,43.457752126690814,7,149.5216879751518,yahboom_calibrated_direct,0,3157,2943,2740,0.012648498376195782,0.5463471564220255,0.5464935496797797,127.45599523861452,neo3_calibrated_direct:gyro_integral,1,127.45599523861452,nan,117.333984375,0.0,-214,-64,2035,-1.024718310546875,-0.3064578125,9.744400756835937,9.802923549464063,0,0,0,0.0,0.0,0.0,0.0,0.0,0.0,0.0,-332,1080,21360,-1.82373046875,5.9326171875,117.333984375,98775.938,304.75,1,1,0,0,4306,224,1122,2221,2221,2221,2221,13192,F4line=4306;YAH=8884
DIRECT_SERIAL,766,1789354994117668888,2026-09-14T03:03:14.117669+00:00,-1,23974319859153,1789354994000000000,1789354994,0,38725929,1789354994014955,1789354994000000,2,4,20.837907895468398,21.886766249225758,gnss_local_enu_direct,20.837907895468398,21.886766249225758,110.4352227,-7.0507075,234.51,7.462,9.145,3,1,12,0,1.0117,35.952,0.819,0.594,0.238,1.5799,89.472,99.0,4.98,114.73688263980027,neo3_calibrated_direct,1,27.4902,-8.12988,-32.666,43.46117348685375,7,149.56957274341997,yahboom_calibrated_direct,0,3154,2921,2742,0.012125186382551742,0.5430253766700237,0.5431607311399018,127.45599523861452,neo3_calibrated_direct:gyro_integral,1,127.45599523861452,nan,117.333984375,0.0,-213,-64,2035,-1.0199299072265624,-0.3064578125,9.744400756835937,9.802424165293106,0,0,0,0.0,0.0,0.0,0.0,0.0,0.0,0.0,-332,1080,21360,-1.82373046875,5.9326171875,117.333984375,98775.938,304.75,1,1,0,0,4310,224,1124,2224,2224,2224,2224,13208,F4line=4310;YAH=8896
DIRECT_SERIAL,767,1789354994172520836,2026-09-14T03:03:14.172521+00:00,-1,23974374711322,1789354994000000000,1789354994,0,38725929,1789354994014955,1789354994000000,2,4,20.837907895468398,21.886766249225758,gnss_local_enu_direct,20.837907895468398,21.886766249225758,110.4352227,-7.0507075,234.51,7.462,9.145,3,1,12,0,1.0117,35.952,0.819,0.594,0.238,1.5799,89.472,99.0,4.98,114.6213086832508,neo3_calibrated_direct,1,27.5146,-8.1665,-32.6904,43.50180671615835,7,149.60204433373642,yahboom_calibrated_direct,0,3152,2925,2694,0.011835450421009404,0.5436212722566304,0.5437500947462773,127.45599523861452,neo3_calibrated_direct:gyro_integral,1,127.45599523861452,nan,117.333984375,0.0,-211,-64,2032,-1.0103531005859374,-0.3064578125,9.730035546875,9.787150837815721,0,0,0,0.0,0.0,0.0,0.0,0.0,0.0,0.0,-332,1080,21360,-1.82373046875,5.9326171875,117.333984375,98778.992,304.75,1,1,0,0,4313,224,1125,2227,2227,2227,2227,13223,F4line=4313;YAH=8908
DIRECT_SERIAL,768,1789354994231099095,2026-09-14T03:03:14.231099+00:00,-1,23974433289378,1789354994000000000,1789354994,0,38725929,1789354994014955,1789354994000000,2,4,20.837907895468398,21.886766249225758,gnss_local_enu_direct,20.837907895468398,21.886766249225758,110.4352227,-7.0507075,234.51,7.462,9.145,3,1,12,0,1.0117,35.952,0.819,0.594,0.238,1.5799,89.472,99.0,4.98,115.34541626732222,neo3_calibrated_direct,1,27.4658,-7.9834,-32.5928,43.36352680583073,7,149.5698624445124,yahboom_calibrated_direct,0,3154,2935,2677,0.01216954040821701,0.5451331882359796,0.5452690075825611,127.45599523861452,neo3_calibrated_direct:gyro_integral,1,127.45599523861452,nan,117.333984375,0.0,-208,-66,2036,-0.9959878906249999,-0.316034619140625,9.749189160156249,9.80502723296958,0,0,0,0.0,0.0,0.0,0.0,0.0,0.0,0.0,-332,1080,21360,-1.82373046875,5.9326171875,117.333984375,98778.992,304.75,1,1,0,0,4317,224,1127,2230,2230,2230,2230,13239,F4line=4317;YAH=8920
DIRECT_SERIAL,769,1789354994292778828,2026-09-14T03:03:14.292779+00:00,-1,23974494969136,1789354994200000000,1789354994,200000000,38726123,1789354994208520,1789354994200000,2,4,21.37929750991507,22.66093326800402,gnss_local_enu_direct,21.37929750991507,22.66093326800402,110.4352276,-7.0507005,234.94,7.454,9.134,3,1,12,0,0.4661,32.292,0.394,0.249,-0.669,1.2839,157.831,99.0,5.01,114.85823697237969,neo3_calibrated_direct,1,27.4658,-8.09937,-32.5684,43.3666996968515,7,149.65062161810465,yahboom_calibrated_direct,0,3149,2930,2729,0.011397678334005526,0.5443645576675434,0.5444838645138951,127.45599523861452,neo3_calibrated_direct:gyro_integral,1,127.45599523861452,nan,117.333984375,0.0,-213,-65,2035,-1.0199299072265624,-0.3112462158203125,9.744400756835937,9.802575035792506,0,0,0,0.0,0.0,0.0,0.0,0.0,0.0,0.0,-332,1080,21360,-1.82373046875,5.9326171875,117.333984375,98785.094,304.75,1,1,0,0,4325,225,1128,2233,2233,2233,2233,13259,F4line=4325;YAH=8932
DIRECT_SERIAL,770,1789354994345640803,2026-09-14T03:03:14.345641+00:00,-1,23974547830973,1789354994200000000,1789354994,200000000,38726123,1789354994208520,1789354994200000,2,4,21.37929750991507,22.66093326800402,gnss_local_enu_direct,21.37929750991507,22.66093326800402,110.4352276,-7.0507005,234.94,7.454,9.134,3,1,12,0,0.4661,32.292,0.394,0.249,-0.669,1.2839,157.831,99.0,5.01,114.86726419007351,neo3_calibrated_direct,1,27.4902,-8.09937,-32.666,43.455476598892574,7,149.52090465297806,yahboom_calibrated_direct,0,3157,2920,2706,0.012575631048317127,0.542884323135098,0.5430299575549372,127.45599523861452,neo3_calibrated_direct:gyro_integral,1,127.45599523861452,nan,117.333984375,0.0,-215,-64,2034,-1.0295067138671874,-0.3064578125,9.739612353515625,9.798665687811482,0,0,0,0.0,0.0,0.0,0.0,0.0,0.0,0.0,-332,1080,21360,-1.82373046875,5.9326171875,117.333984375,98778.078,304.75,1,1,0,0,4330,225,1130,2236,2236,2236,2236,13276,F4line=4330;YAH=8944
DIRECT_SERIAL,771,1789354994397007629,2026-09-14T03:03:14.397008+00:00,-1,23974599197863,1789354994200000000,1789354994,200000000,38726123,1789354994208520,1789354994200000,2,4,21.37929750991507,22.66093326800402,gnss_local_enu_direct,21.37929750991507,22.66093326800402,110.4352276,-7.0507005,234.94,7.454,9.134,3,1,12,0,0.4661,32.292,0.394,0.249,-0.669,1.2839,157.831,99.0,5.01,115.24911173151341,neo3_calibrated_direct,1,27.4902,-8.02002,-32.5684,43.36741282807172,7,149.11828199950358,yahboom_calibrated_direct,0,3182,2938,2729,0.016412764406541918,0.5456735701943006,0.5459203458784615,127.45599523861452,neo3_calibrated_direct:gyro_integral,1,127.45599523861452,nan,117.333984375,0.0,-212,-64,2036,-1.01514150390625,-0.3064578125,9.749189160156249,9.806687409329585,0,0,0,0.0,0.0,0.0,0.0,0.0,0.0,0.0,-332,1080,21360,-1.82373046875,5.9326171875,117.333984375,98778.078,304.75,1,1,0,0,4335,225,1131,2238,2238,2238,2238,13289,F4line=4335;YAH=8952
DIRECT_SERIAL,772,1789354994452895719,2026-09-14T03:03:14.452896+00:00,-1,23974655085932,1789354994400000000,1789354994,400000000,38726323,1789354994408852,1789354994400000,2,4,21.78810135449938,23.28026621510446,gnss_local_enu_direct,21.78810135449938,23.28026621510446,110.4352313,-7.0506949,235.08,7.363,9.117,3,1,13,0,0.8545,39.11,0.663,0.539,0.057,1.3129,88.035,99.0,5.01,115.41691261970536,neo3_calibrated_direct,1,27.4902,-7.9834,-32.5439,43.342256503440154,7,149.44062527417012,yahboom_calibrated_direct,0,3162,2934,2766,0.013376006424741998,0.5450079754245057,0.5451720928515998,127.45599523861452,neo3_calibrated_direct:gyro_integral,1,127.45599523861452,nan,117.333984375,0.0,-215,-65,2034,-1.0295067138671874,-0.3112462158203125,9.739612353515625,9.798816616179437,0,0,0,0.0,0.0,0.0,0.0,0.0,0.0,0.0,-332,1080,21360,-1.82373046875,5.9326171875,117.333984375,98778.992,304.75,1,1,0,0,4343,226,1132,2241,2241,2241,2241,13309,F4line=4343;YAH=8964
DIRECT_SERIAL,773,1789354994516731551,2026-09-14T03:03:14.516732+00:00,-1,23974718921968,1789354994400000000,1789354994,400000000,38726323,1789354994408852,1789354994400000,2,4,21.78810135449938,23.28026621510446,gnss_local_enu_direct,21.78810135449938,23.28026621510446,110.4352313,-7.0506949,235.08,7.363,9.117,3,1,13,0,0.8545,39.11,0.663,0.539,0.057,1.3129,88.035,99.0,5.01,114.80064442562123,neo3_calibrated_direct,1,27.4658,-8.10547,-32.6416,43.42283804774741,7,149.50476717456095,yahboom_calibrated_direct,0,3158,2922,2776,0.0127331716078498,0.5431886072177821,0.5433378292281782,127.45599523861452,neo3_calibrated_direct:gyro_integral,1,127.45599523861452,nan,117.333984375,0.0,-212,-65,2036,-1.01514150390625,-0.3112462158203125,9.749189160156249,9.806838214242326,0,0,0,0.0,0.0,0.0,0.0,0.0,0.0,0.0,-332,1080,21360,-1.82373046875,5.9326171875,117.333984375,98778.992,304.75,1,1,0,0,4347,226,1134,2244,2244,2244,2244,13325,F4line=4347;YAH=8976
DIRECT_SERIAL,774,1789354994572885981,2026-09-14T03:03:14.572886+00:00,-1,23974775076360,1789354994400000000,1789354994,400000000,38726323,1789354994408852,1789354994400000,2,4,21.78810135449938,23.28026621510446,gnss_local_enu_direct,21.78810135449938,23.28026621510446,110.4352313,-7.0506949,235.08,7.363,9.117,3,1,13,0,0.8545,39.11,0.663,0.539,0.057,1.3129,88.035,99.0,5.01,114.93132987187208,neo3_calibrated_direct,1,27.4658,-8.07495,-32.6416,43.41715142317031,7,149.53768285050313,yahboom_calibrated_direct,0,3156,2939,2735,0.012484621527282354,0.5457417564013477,0.5458845394904562,127.45599523861452,neo3_calibrated_direct:gyro_integral,1,127.45599523861452,nan,117.333984375,0.0,-214,-65,2038,-1.024718310546875,-0.3112462158203125,9.758765966796874,9.817353768584763,0,0,0,0.0,0.0,0.0,0.0,0.0,0.0,0.0,-332,1080,21360,-1.82373046875,5.9326171875,117.333984375,98779.602,304.75,1,1,0,0,4351,226,1135,2247,2247,2247,2247,13341,F4line=4351;YAH=8988
DIRECT_SERIAL,775,1789354994631509276,2026-09-14T03:03:14.631509+00:00,-1,23974833699568,1789354994400000000,1789354994,400000000,38726323,1789354994408852,1789354994400000,2,4,21.78810135449938,23.28026621510446,gnss_local_enu_direct,21.78810135449938,23.28026621510446,110.4352313,-7.0506949,235.08,7.363,9.117,3,1,13,0,0.8545,39.11,0.663,0.539,0.057,1.3129,88.035,99.0,5.01,115.35264007796337,neo3_calibrated_direct,1,27.4414,-7.97729,-32.5195,43.29186378471248,7,149.457293061625,yahboom_calibrated_direct,0,3161,2944,2751,0.013256483601493842,0.5465103869697838,0.5466711419339232,127.45599523861452,neo3_calibrated_direct:gyro_integral,1,127.45599523861452,nan,117.333984375,0.0,-209,-65,2032,-1.0007762939453124,-0.3112462158203125,9.730035546875,9.78631795625078,0,0,0,0.0,0.0,0.0,0.0,0.0,0.0,0.0,-332,1080,21360,-1.82373046875,5.9326171875,117.333984375,98779.602,304.75,1,1,0,0,4355,226,1137,2250,2250,2250,2250,13357,F4line=4355;YAH=9000
DIRECT_SERIAL,776,1789354994693388245,2026-09-14T03:03:14.693388+00:00,-1,23974895578439,1789354994600000000,1789354994,600000000,38726523,1789354994608933,1789354994600000,2,4,22.163758977782077,23.78900408784255,gnss_local_enu_direct,22.163758977782077,23.78900408784255,110.4352347,-7.0506903,235.22,7.274,9.093,3,1,13,0,0.5577,62.792,0.255,0.496,-0.486,1.001,102.834,99.0,5.01,114.85042854404453,neo3_calibrated_direct,1,27.5146,-8.11768,-32.6416,43.45600064780927,7,149.5538636403522,yahboom_calibrated_direct,0,3155,2941,2776,0.012339753546511187,0.5460397041946511,0.5461791172084216,127.45599523861452,neo3_calibrated_direct:gyro_integral,1,127.45599523861452,nan,117.333984375,0.0,-211,-66,2033,-1.0103531005859374,-0.316034619140625,9.734823950195311,9.792215715028709,0,0,0,0.0,0.0,0.0,0.0,0.0,0.0,0.0,-332,1080,21360,-1.82373046875,5.9326171875,117.333984375,98777.469,304.75,1,1,0,0,4363,227,1138,2253,2253,2253,2253,13377,F4line=4363;YAH=9012
DIRECT_SERIAL,777,1789354994745664877,2026-09-14T03:03:14.745665+00:00,-1,23974947855077,1789354994600000000,1789354994,600000000,38726523,1789354994608933,1789354994600000,2,4,22.163758977782077,23.78900408784255,gnss_local_enu_direct,22.163758977782077,23.78900408784255,110.4352347,-7.0506903,235.22,7.274,9.093,3,1,13,0,0.5577,62.792,0.255,0.496,-0.486,1.001,102.834,99.0,5.01,113.30492996787459,neo3_calibrated_direct,1,27.5391,-8.47778,-32.8125,43.6684661831441,7,149.53732807268682,yahboom_calibrated_direct,0,3156,2927,2781,0.01244660379099784,0.5439350607733856,0.544077446954454,127.45599523861452,neo3_calibrated_direct:gyro_integral,1,127.45599523861452,nan,117.333984375,0.0,-213,-65,2040,-1.0199299072265624,-0.3112462158203125,9.7683427734375,9.826375311470974,0,0,0,0.0,0.0,0.0,0.0,0.0,0.0,0.0,-332,1080,21360,-1.82373046875,5.9326171875,117.333984375,98780.82,304.75,1,1,0,0,4373,227,1140,2256,2256,2256,2256,13399,F4line=4373;YAH=9024
DIRECT_SERIAL,778,1789354994795942511,2026-09-14T03:03:14.795942+00:00,-1,23974998132783,1789354994600000000,1789354994,600000000,38726523,1789354994608933,1789354994600000,2,4,22.163758977782077,23.78900408784255,gnss_local_enu_direct,22.163758977782077,23.78900408784255,110.4352347,-7.0506903,235.22,7.274,9.093,3,1,13,0,0.5577,62.792,0.255,0.496,-0.486,1.001,102.834,99.0,5.01,114.7162084508535,neo3_calibrated_direct,1,27.4902,-8.14209,-32.5928,43.408470802921634,7,149.53723900969084,yahboom_calibrated_direct,0,3156,2924,2733,0.01243709935692671,0.5434833868663951,0.5436256738236172,127.45599523861452,neo3_calibrated_direct:gyro_integral,1,127.45599523861452,nan,117.333984375,0.0,-211,-67,2037,-1.0103531005859374,-0.32082302246093747,9.753977563476562,9.811412696875449,0,0,0,0.0,0.0,0.0,0.0,0.0,0.0,0.0,-332,1080,21360,-1.82373046875,5.9326171875,117.333984375,98780.82,304.75,1,1,0,0,4375,227,1141,2258,2258,2258,2258,13409,F4line=4375;YAH=9032
DIRECT_SERIAL,779,1789354994852808745,2026-09-14T03:03:14.852809+00:00,-1,23975054999257,1789354994800000000,1789354994,800000000,38726723,1789354994808232,1789354994800000,2,4,22.52836761148586,24.29774167832748,gnss_local_enu_direct,22.52836761148586,24.29774167832748,110.435238,-7.0506857,235.28,7.181,9.069,3,1,13,0,0.8692,42.482,0.641,0.587,-0.003,1.1772,77.6,99.0,5.0,114.83213295994612,neo3_calibrated_direct,1,27.4658,-8.10547,-32.5684,43.36783937575055,7,149.47240409476484,yahboom_calibrated_direct,0,3160,2923,2750,0.013038748292844016,0.5433455014761597,0.5435019254164823,127.45599523861452,neo3_calibrated_direct:gyro_integral,1,127.45599523861452,nan,117.333984375,0.0,-214,-64,2036,-1.024718310546875,-0.3064578125,9.749189160156249,9.807683380254504,0,0,0,0.0,0.0,0.0,0.0,0.0,0.0,0.0,-332,1080,21360,-1.82373046875,5.9326171875,117.333984375,98782.656,304.75,1,1,0,0,4383,228,1142,2261,2261,2261,2261,13429,F4line=4383;YAH=9044
DIRECT_SERIAL,780,1789354994915642384,2026-09-14T03:03:14.915642+00:00,-1,23975117832577,1789354994800000000,1789354994,800000000,38726723,1789354994808232,1789354994800000,2,4,22.52836761148586,24.29774167832748,gnss_local_enu_direct,22.52836761148586,24.29774167832748,110.435238,-7.0506857,235.28,7.181,9.069,3,1,13,0,0.8692,42.482,0.641,0.587,-0.003,1.1772,77.6,99.0,5.0,114.3925519038193,neo3_calibrated_direct,1,27.5146,-8.21533,-32.7393,43.54775108612269,7,149.47297439748894,yahboom_calibrated_direct,0,3160,2935,2720,0.013076766029128533,0.5451521971041218,0.5453090131450532,127.45599523861452,neo3_calibrated_direct:gyro_integral,1,127.45599523861452,nan,117.333984375,0.0,-213,-64,2038,-1.0199299072265624,-0.3064578125,9.758765966796874,9.81670446744784,0,0,0,0.0,0.0,0.0,0.0,0.0,0.0,0.0,-332,1080,21360,-1.82373046875,5.9326171875,117.333984375,98782.656,304.75,1,1,0,0,4387,228,1144,2264,2264,2264,2264,13445,F4line=4387;YAH=9056
DIRECT_SERIAL,781,1789354994972779901,2026-09-14T03:03:14.972780+00:00,-1,23975174970238,1789354994800000000,1789354994,800000000,38726723,1789354994808232,1789354994800000,2,4,22.52836761148586,24.29774167832748,gnss_local_enu_direct,22.52836761148586,24.29774167832748,110.435238,-7.0506857,235.28,7.181,9.069,3,1,13,0,0.8692,42.482,0.641,0.587,-0.003,1.1772,77.6,99.0,5.0,114.2787494212425,neo3_calibrated_direct,1,27.4902,-8.22754,-32.7637,43.552997005735435,7,149.50503774519197,yahboom_calibrated_direct,0,3158,2929,2770,0.012755348620682434,0.54424251300076,0.5443919652932229,127.45599523861452,neo3_calibrated_direct:gyro_integral,1,127.45599523861452,nan,117.333984375,0.0,-212,-65,2038,-1.01514150390625,-0.3112462158203125,9.758765966796874,9.816358778820609,0,0,0,0.0,0.0,0.0,0.0,0.0,0.0,0.0,-332,1080,21360,-1.82373046875,5.9326171875,117.333984375,98780.211,304.75,1,1,0,0,4390,228,1145,2267,2267,2267,2267,13460,F4line=4390;YAH=9068
DIRECT_SERIAL,782,1789354995035464944,2026-09-14T03:03:15.035465+00:00,-1,23975237655273,1789354994800000000,1789354994,800000000,38726723,1789354994808232,1789354994800000,2,4,22.52836761148586,24.29774167832748,gnss_local_enu_direct,22.52836761148586,24.29774167832748,110.435238,-7.0506857,235.28,7.181,9.069,3,1,13,0,0.8692,42.482,0.641,0.587,-0.003,1.1772,77.6,99.0,5.0,114.37821133246793,neo3_calibrated_direct,1,27.4658,-8.19702,-32.7148,43.495050816850416,7,149.45677594292368,yahboom_calibrated_direct,0,3161,2934,2800,0.013224802154590078,0.5450048072798154,0.545165236740327,127.45599523861452,neo3_calibrated_direct:gyro_integral,1,127.45599523861452,nan,117.333984375,0.0,-210,-64,2036,-1.005564697265625,-0.3064578125,9.749189160156249,9.80570069050332,0,0,0,0.0,0.0,0.0,0.0,0.0,0.0,0.0,-332,1080,21360,-1.82373046875,5.9326171875,117.333984375,98780.211,304.75,1,1,0,0,4394,228,1147,2270,2270,2270,2270,13476,F4line=4394;YAH=9080
DIRECT_SERIAL,783,1789354995093751344,2026-09-14T03:03:15.093751+00:00,-1,23975295941595,1789354995000000000,1789354995,0,38726930,1789354995016168,1789354995000000,2,4,22.8929758377189,24.82859782844827,gnss_local_enu_direct,22.8929758377189,24.82859782844827,110.4352413,-7.0506809,235.22,7.091,9.045,3,1,13,0,1.1165,38.892,0.869,0.701,0.643,1.6852,86.479,99.0,4.98,114.24789208365344,neo3_calibrated_direct,1,27.4902,-8.23975,-32.7148,43.51853300770259,7,149.63448714516068,yahboom_calibrated_direct,0,3150,2944,2845,0.011593236629822715,0.5464755373781897,0.5465984962368047,127.45599523861452,neo3_calibrated_direct:gyro_integral,1,127.45599523861452,nan,117.333984375,0.0,-208,-66,2030,-0.9959878906249999,-0.316034619140625,9.720458740234374,9.776460907678496,0,0,0,0.0,0.0,0.0,0.0,0.0,0.0,0.0,-332,1080,21360,-1.82373046875,5.9326171875,117.333984375,98778.992,304.75,1,1,0,0,4403,229,1148,2273,2273,2273,2273,13497,F4line=4403;YAH=9092
DIRECT_SERIAL,784,1789354995145627803,2026-09-14T03:03:15.145628+00:00,-1,23975347817987,1789354995000000000,1789354995,0,38726930,1789354995016168,1789354995000000,2,4,22.8929758377189,24.82859782844827,gnss_local_enu_direct,22.8929758377189,24.82859782844827,110.4352413,-7.0506809,235.22,7.091,9.045,3,1,13,0,1.1165,38.892,0.869,0.701,0.643,1.6852,86.479,99.0,4.98,114.35610677178855,neo3_calibrated_direct,1,27.5146,-8.22144,-32.7637,43.567250619285126,7,149.58604411121212,yahboom_calibrated_direct,0,3153,2937,2817,0.012024672427445843,0.545431136029283,0.5455636689674098,127.45599523861452,neo3_calibrated_direct:gyro_integral,1,127.45599523861452,nan,117.333984375,0.0,-212,-65,2034,-1.01514150390625,-0.3112462158203125,9.739612353515625,9.797317759293596,0,0,0,0.0,0.0,0.0,0.0,0.0,0.0,0.0,-332,1080,21360,-1.82373046875,5.9326171875,117.333984375,98778.078,304.75,1,1,0,0,4408,229,1150,2276,2276,2276,2276,13514,F4line=4408;YAH=9104
DIRECT_SERIAL,785,1789354995195652692,2026-09-14T03:03:15.195653+00:00,-1,23975397842855,1789354995000000000,1789354995,0,38726930,1789354995016168,1789354995000000,2,4,22.8929758377189,24.82859782844827,gnss_local_enu_direct,22.8929758377189,24.82859782844827,110.4352413,-7.0506809,235.22,7.091,9.045,3,1,13,0,1.1165,38.892,0.869,0.701,0.643,1.6852,86.479,99.0,4.98,114.2783427021804,neo3_calibrated_direct,1,27.5146,-8.23975,-32.7637,43.57070955254803,7,149.32635192564237,yahboom_calibrated_direct,0,3169,2920,2838,0.014390082290140174,0.5429223408713826,0.5431130109706255,127.45599523861452,neo3_calibrated_direct:gyro_integral,1,127.45599523861452,nan,117.333984375,0.0,-213,-64,2038,-1.0199299072265624,-0.3064578125,9.758765966796874,9.81670446744784,0,0,0,0.0,0.0,0.0,0.0,0.0,0.0,0.0,-332,1080,21360,-1.82373046875,5.9326171875,117.333984375,98778.078,304.75,1,1,0,0,4410,229,1151,2279,2279,2279,2279,13528,F4line=4410;YAH=9116
DIRECT_SERIAL,786,1789354995245734972,2026-09-14T03:03:15.245735+00:00,-1,23975447925138,1789354995200000000,1789354995,200000000,38727123,1789354995208368,1789354995200000,2,4,23.224437883415913,25.32627548728805,gnss_local_enu_direct,23.224437883415913,25.32627548728805,110.4352443,-7.0506764,235.17,7.009,9.021,3,1,13,0,1.1466,40.721,0.869,0.748,0.22,1.37,68.461,99.0,5.01,114.24757247782246,neo3_calibrated_direct,1,27.5146,-8.25195,-32.7148,43.53626110499729,7,149.39182676257082,yahboom_calibrated_direct,0,3165,2929,2855,0.013813778511745879,0.5442646900135926,0.5444399629641119,127.45599523861452,neo3_calibrated_direct:gyro_integral,1,127.45599523861452,nan,117.333984375,0.0,-210,-65,2037,-1.005564697265625,-0.3112462158203125,9.753977563476562,9.810612257960946,0,0,0,0.0,0.0,0.0,0.0,0.0,0.0,0.0,-332,1080,21360,-1.82373046875,5.9326171875,117.333984375,98780.211,304.75,1,1,0,0,4418,230,1152,2281,2281,2281,2281,13544,F4line=4418;YAH=9124
DIRECT_SERIAL,787,1789354995314778243,2026-09-14T03:03:15.314778+00:00,-1,23975516968618,1789354995200000000,1789354995,200000000,38727123,1789354995208368,1789354995200000,2,4,23.224437883415913,25.32627548728805,gnss_local_enu_direct,23.224437883415913,25.32627548728805,110.4352443,-7.0506764,235.17,7.009,9.021,3,1,13,0,1.1466,40.721,0.869,0.748,0.22,1.37,68.461,99.0,5.01,114.18062431244466,neo3_calibrated_direct,1,27.4902,-8.25806,-32.6904,43.50366539917757,7,149.19816899200822,yahboom_calibrated_direct,0,3177,2932,2821,0.015637734187640057,0.5447543816568676,0.5449787840502412,127.45599523861452,neo3_calibrated_direct:gyro_integral,1,127.45599523861452,nan,117.333984375,0.0,-213,-64,2036,-1.0199299072265624,-0.3064578125,9.749189160156249,9.807184238455275,0,0,0,0.0,0.0,0.0,0.0,0.0,0.0,0.0,-332,1080,21360,-1.82373046875,5.9326171875,117.333984375,98780.211,304.75,1,1,0,0,4422,230,1154,2284,2284,2284,2284,13560,F4line=4422;YAH=9136
DIRECT_SERIAL,788,1789354995373644977,2026-09-14T03:03:15.373645+00:00,-1,23975575835238,1789354995200000000,1789354995,200000000,38727123,1789354995208368,1789354995200000,2,4,23.224437883415913,25.32627548728805,gnss_local_enu_direct,23.224437883415913,25.32627548728805,110.4352443,-7.0506764,235.17,7.009,9.021,3,1,13,0,1.1466,40.721,0.869,0.748,0.22,1.37,68.461,99.0,5.01,114.170128084478,neo3_calibrated_direct,1,27.4902,-8.25806,-32.7148,43.522003515964194,7,149.29528788674386,yahboom_calibrated_direct,0,3171,2934,2830,0.014736844856109283,0.5450364887267192,0.5452356817375987,127.45599523861452,neo3_calibrated_direct:gyro_integral,1,127.45599523861452,nan,117.333984375,0.0,-212,-65,2037,-1.01514150390625,-0.3112462158203125,9.753977563476562,9.811598482847721,0,0,0,0.0,0.0,0.0,0.0,0.0,0.0,0.0,-332,1080,21360,-1.82373046875,5.9326171875,117.333984375,98779.297,304.75,1,1,0,0,4428,230,1155,2287,2287,2287,2287,13578,F4line=4428;YAH=9148
DIRECT_SERIAL,789,1789354995430111564,2026-09-14T03:03:15.430111+00:00,-1,23975632301879,1789354995200000000,1789354995,200000000,38727123,1789354995208368,1789354995200000,2,4,23.224437883415913,25.32627548728805,gnss_local_enu_direct,23.224437883415913,25.32627548728805,110.4352443,-7.0506764,235.17,7.009,9.021,3,1,13,0,1.1466,40.721,0.869,0.748,0.22,1.37,68.461,99.0,5.01,114.38207113578702,neo3_calibrated_direct,1,27.5146,-8.21533,-32.7637,43.56609803343536,7,149.2479449446143,yahboom_calibrated_direct,0,3174,2944,2811,0.01522213911346881,0.5465515728507587,0.5467635094854337,127.45599523861452,neo3_calibrated_direct:gyro_integral,1,127.45599523861452,nan,117.333984375,0.0,-212,-67,2039,-1.01514150390625,-0.32082302246093747,9.763554370117188,9.821427270154194,0,0,0,0.0,0.0,0.0,0.0,0.0,0.0,0.0,-332,1080,21360,-1.82373046875,5.9326171875,117.333984375,98779.297,304.75,1,1,0,0,4432,230,1157,2290,2290,2290,2290,13594,F4line=4432;YAH=9160
DIRECT_SERIAL,790,1789354995494276384,2026-09-14T03:03:15.494276+00:00,-1,23975696466672,1789354995400000000,1789354995,400000000,38727322,1789354995407454,1789354995400000,2,4,23.51170529518122,25.74653694418214,gnss_local_enu_direct,23.51170529518122,25.74653694418214,110.4352469,-7.0506726,235.21,6.928,9.0,3,1,13,0,0.6897,48.056,0.461,0.513,-0.165,0.998,82.911,99.0,5.01,114.26293282706499,neo3_calibrated_direct,1,27.5146,-8.24585,-32.7393,43.55351902972365,7,149.24805413380258,yahboom_calibrated_direct,0,3174,2945,2820,0.015225307258159185,0.5467021308197555,0.5469140972986218,127.45599523861452,neo3_calibrated_direct:gyro_integral,1,127.45599523861452,nan,117.333984375,0.0,-210,-65,2034,-1.005564697265625,-0.3112462158203125,9.739612353515625,9.796330096725178,0,0,0,0.0,0.0,0.0,0.0,0.0,0.0,0.0,-332,1080,21360,-1.82373046875,5.9326171875,117.333984375,98780.211,304.75,1,1,0,0,4440,231,1158,2293,2293,2293,2293,13614,F4line=4440;YAH=9172
DIRECT_SERIAL,791,1789354995545656049,2026-09-14T03:03:15.545656+00:00,-1,23975747846227,1789354995400000000,1789354995,400000000,38727322,1789354995407454,1789354995400000,2,4,23.51170529518122,25.74653694418214,gnss_local_enu_direct,23.51170529518122,25.74653694418214,110.4352469,-7.0506726,235.21,6.928,9.0,3,1,13,0,0.6897,48.056,0.461,0.513,-0.165,0.998,82.911,99.0,5.01,114.18062431244466,neo3_calibrated_direct,1,27.4902,-8.25806,-32.6904,43.50366539917757,7,149.231844216042,yahboom_calibrated_direct,0,3175,2944,2842,0.01537334338362073,0.5465547409954491,0.5467709068626395,127.45599523861452,neo3_calibrated_direct:gyro_integral,1,127.45599523861452,nan,117.333984375,0.0,-209,-66,2033,-1.0007762939453124,-0.316034619140625,9.734823950195311,9.791232221345508,0,0,0,0.0,0.0,0.0,0.0,0.0,0.0,0.0,-332,1080,21360,-1.82373046875,5.9326171875,117.333984375,98779.602,304.75,1,1,0,0,4445,231,1160,2296,2296,2296,2296,13631,F4line=4445;YAH=9184
DIRECT_SERIAL,792,1789354995613940244,2026-09-14T03:03:15.613940+00:00,-1,23975816130514,1789354995400000000,1789354995,400000000,38727322,1789354995407454,1789354995400000,2,4,23.51170529518122,25.74653694418214,gnss_local_enu_direct,23.51170529518122,25.74653694418214,110.4352469,-7.0506726,235.21,6.928,9.0,3,1,13,0,0.6897,48.056,0.461,0.513,-0.165,0.998,82.911,99.0,5.01,114.27345693155364,neo3_calibrated_direct,1,27.5146,-8.24585,-32.7148,43.53510531080062,7,149.3122606684716,yahboom_calibrated_direct,0,3170,2943,2828,0.01461415388817075,0.5463883423030004,0.5465837484763775,127.45599523861452,neo3_calibrated_direct:gyro_integral,1,127.45599523861452,nan,117.333984375,0.0,-213,-64,2035,-1.0199299072265624,-0.3064578125,9.744400756835937,9.802424165293106,0,0,0,0.0,0.0,0.0,0.0,0.0,0.0,0.0,-332,1080,21360,-1.82373046875,5.9326171875,117.333984375,98779.602,304.75,1,1,0,0,4448,231,1161,2299,2299,2299,2299,13646,F4line=4448;YAH=9196
DIRECT_SERIAL,793,1789354995673780900,2026-09-14T03:03:15.673781+00:00,-1,23975875971150,1789354995600000000,1789354995,600000000,38727523,1789354995608234,1789354995600000,2,4,23.754778045249893,26.100441686940517,gnss_local_enu_direct,23.754778045249893,26.100441686940517,110.4352491,-7.0506694,235.33,6.835,8.969,3,1,13,0,0.4582,41.904,0.341,0.306,-0.602,1.1439,143.054,99.0,5.01,114.20626391349174,neo3_calibrated_direct,1,27.5146,-8.26416,-32.6904,43.52024593020586,7,149.42459649702056,yahboom_calibrated_direct,0,3163,2936,2833,0.013533546984274671,0.5453122595071898,0.5454801712828912,127.45599523861452,neo3_calibrated_direct:gyro_integral,1,127.45599523861452,nan,117.333984375,0.0,-214,-64,2035,-1.024718310546875,-0.3064578125,9.744400756835937,9.802923549464063,0,0,0,0.0,0.0,0.0,0.0,0.0,0.0,0.0,-332,1080,21360,-1.82373046875,5.9326171875,117.333984375,98779.602,304.75,1,1,0,0,4458,232,1163,2302,2302,2302,2302,13668,F4line=4458;YAH=9208
DIRECT_SERIAL,794,1789354995733714407,2026-09-14T03:03:15.733714+00:00,-1,23975935904790,1789354995600000000,1789354995,600000000,38727523,1789354995608234,1789354995600000,2,4,23.754778045249893,26.100441686940517,gnss_local_enu_direct,23.754778045249893,26.100441686940517,110.4352491,-7.0506694,235.33,6.835,8.969,3,1,13,0,0.4582,41.904,0.341,0.306,-0.602,1.1439,143.054,99.0,5.01,114.3406737668724,neo3_calibrated_direct,1,27.5146,-8.22754,-32.7393,43.550056166457466,7,149.585930946228,yahboom_calibrated_direct,0,3153,2930,2830,0.012002495414613209,0.544377230246305,0.5445095304095388,127.45599523861452,neo3_calibrated_direct:gyro_integral,1,127.45599523861452,nan,117.333984375,0.0,-212,-65,2033,-1.01514150390625,-0.3112462158203125,9.734823950195311,9.792557573030232,0,0,0,0.0,0.0,0.0,0.0,0.0,0.0,0.0,-332,1080,21360,-1.82373046875,5.9326171875,117.333984375,98779.602,304.75,1,1,0,0,4460,232,1164,2305,2305,2305,2305,13682,F4line=4460;YAH=9220
DIRECT_SERIAL,795,1789354995793560478,2026-09-14T03:03:15.793561+00:00,-1,23975995750688,1789354995600000000,1789354995,600000000,38727523,1789354995608234,1789354995600000,2,4,23.754778045249893,26.100441686940517,gnss_local_enu_direct,23.754778045249893,26.100441686940517,110.4352491,-7.0506694,235.33,6.835,8.969,3,1,13,0,0.4582,41.904,0.341,0.306,-0.602,1.1439,143.054,99.0,5.01,114.57639995994504,neo3_calibrated_direct,1,27.4658,-8.1604,-32.6172,43.41479049402404,7,149.65062331198595,yahboom_calibrated_direct,0,3149,2929,2875,0.011394510189315149,0.5442139996985466,0.5443332732162751,127.45599523861452,neo3_calibrated_direct:gyro_integral,1,127.45599523861452,nan,117.333984375,0.0,-210,-65,2039,-1.005564697265625,-0.3112462158203125,9.763554370117188,9.820133833379453,0,0,0,0.0,0.0,0.0,0.0,0.0,0.0,0.0,-332,1080,21360,-1.82373046875,5.9326171875,117.333984375,98779.297,304.75,1,1,0,0,4470,232,1166,2308,2308,2308,2308,13704,F4line=4470;YAH=9232
DIRECT_SERIAL,796,1789354995845647393,2026-09-14T03:03:15.845647+00:00,-1,23976047837553,1789354995800000000,1789354995,800000000,38727723,1789354995808518,1789354995800000,2,4,23.920509072650688,26.37692927169607,gnss_local_enu_direct,23.920509072650688,26.37692927169607,110.4352506,-7.0506669,235.3,6.748,8.948,3,1,13,0,0.4927,47.632,0.332,0.364,-0.28,0.9111,105.957,99.0,5.01,114.73176336293514,neo3_calibrated_direct,1,27.4902,-8.13599,-32.6172,43.425651004447815,7,149.47339965016994,yahboom_calibrated_direct,0,3160,2944,2847,0.01310527933134192,0.5465072188250935,0.5466643289755525,127.45599523861452,neo3_calibrated_direct:gyro_integral,1,127.45599523861452,nan,117.333984375,0.0,-212,-65,2038,-1.01514150390625,-0.3112462158203125,9.758765966796874,9.816358778820609,0,0,0,0.0,0.0,0.0,0.0,0.0,0.0,0.0,-332,1080,21360,-1.82373046875,5.9326171875,117.333984375,98779.297,304.75,1,1,0,0,4477,233,1167,2311,2311,2311,2311,13723,F4line=4477;YAH=9244
DIRECT_SERIAL,797,1789354995895938105,2026-09-14T03:03:15.895938+00:00,-1,23976098128417,1789354995800000000,1789354995,800000000,38727723,1789354995808518,1789354995800000,2,4,23.920509072650688,26.37692927169607,gnss_local_enu_direct,23.920509072650688,26.37692927169607,110.4352506,-7.0506669,235.3,6.748,8.948,3,1,13,0,0.4927,47.632,0.332,0.364,-0.28,0.9111,105.957,99.0,5.01,114.44011980754347,neo3_calibrated_direct,1,27.4902,-8.19702,-32.6904,43.49211980440135,7,149.5220927363434,yahboom_calibrated_direct,0,3157,2955,2836,0.012686516112480298,0.5481538520499876,0.5483006412619922,127.45599523861452,neo3_calibrated_direct:gyro_integral,1,127.45599523861452,nan,117.333984375,0.0,-212,-66,2033,-1.01514150390625,-0.316034619140625,9.734823950195311,9.792710936954315,0,0,0,0.0,0.0,0.0,0.0,0.0,0.0,0.0,-332,1080,21360,-1.82373046875,5.9326171875,117.333984375,98777.164,304.75,1,1,0,0,4480,233,1168,2314,2314,2314,2314,13738,F4line=4480;YAH=9256
DIRECT_SERIAL,798,1789354995953173268,2026-09-14T03:03:15.953173+00:00,-1,23976155363588,1789354995800000000,1789354995,800000000,38727723,1789354995808518,1789354995800000,2,4,23.920509072650688,26.37692927169607,gnss_local_enu_direct,23.920509072650688,26.37692927169607,110.4352506,-7.0506669,235.3,6.748,8.948,3,1,13,0,0.4927,47.632,0.332,0.364,-0.28,0.9111,105.957,99.0,5.01,114.21143752077073,neo3_calibrated_direct,1,27.4902,-8.24585,-32.7393,43.53810862626557,7,149.55396348914752,yahboom_calibrated_direct,0,3155,2945,2834,0.012352426125272693,0.5466419360706384,0.5467814816745683,127.45599523861452,neo3_calibrated_direct:gyro_integral,1,127.45599523861452,nan,117.333984375,0.0,-209,-65,2035,-1.0007762939453124,-0.3112462158203125,9.744400756835937,9.80060067073494,0,0,0,0.0,0.0,0.0,0.0,0.0,0.0,0.0,-332,1080,21360,-1.82373046875,5.9326171875,117.333984375,98777.773,304.75,1,1,0,0,4485,233,1170,2316,2316,2316,2316,13751,F4line=4485;YAH=9264
DIRECT_SERIAL,799,1789354996012994080,2026-09-14T03:03:16.012994+00:00,-1,23976215184393,1789354995800000000,1789354995,800000000,38727723,1789354995808518,1789354995800000,2,4,23.920509072650688,26.37692927169607,gnss_local_enu_direct,23.920509072650688,26.37692927169607,110.4352506,-7.0506669,235.3,6.748,8.948,3,1,13,0,0.4927,47.632,0.332,0.364,-0.28,0.9111,105.957,99.0,5.01,114.50260580689745,neo3_calibrated_direct,1,27.4902,-8.18481,-32.666,43.47148222428239,7,149.48894958750688,yahboom_calibrated_direct,0,3159,2931,2785,0.012912889180215107,0.5445467970834441,0.5446998778417508,127.45599523861452,neo3_calibrated_direct:gyro_integral,1,127.45599523861452,nan,117.333984375,0.0,-213,-64,2034,-1.0199299072265624,-0.3064578125,9.739612353515625,9.797664119740563,0,0,0,0.0,0.0,0.0,0.0,0.0,0.0,0.0,-332,1080,21360,-1.82373046875,5.9326171875,117.333984375,98777.773,304.75,1,1,0,0,4487,233,1171,2319,2319,2319,2319,13765,F4line=4487;YAH=9276
DIRECT_SERIAL,800,1789354996072910047,2026-09-14T03:03:16.072910+00:00,-1,23976275100342,1789354996000000000,1789354996,0,38727931,1789354996016142,1789354996000000,2,4,24.29616757757038,26.918846598890035,gnss_local_enu_direct,24.29616757757038,26.918846598890035,110.435254,-7.050662,235.64,6.666,8.93,3,1,13,0,0.8792,22.54,0.812,0.337,-0.439,0.9341,60.877,99.0,4.98,114.60243882354644,neo3_calibrated_direct,1,27.4658,-8.1543,-32.6172,43.41364432951926,7,149.61826826525083,yahboom_calibrated_direct,0,3151,2929,2804,0.011696918729618989,0.5442203359879274,0.5443460223153834,127.45599523861452,neo3_calibrated_direct:gyro_integral,1,127.45599523861452,nan,117.333984375,0.0,-213,-65,2038,-1.0199299072265624,-0.3112462158203125,9.758765966796874,9.816855118480184,0,0,0,0.0,0.0,0.0,0.0,0.0,0.0,0.0,-332,1080,21360,-1.82373046875,5.9326171875,117.333984375,98776.242,304.75,1,1,0,0,4498,234,1173,2322,2322,2322,2322,13788,F4line=4498;YAH=9288
DIRECT_SERIAL,801,1789354996132732793,2026-09-14T03:03:16.132733+00:00,-1,23976334923199,1789354996000000000,1789354996,0,38727931,1789354996016142,1789354996000000,2,4,24.29616757757038,26.918846598890035,gnss_local_enu_direct,24.29616757757038,26.918846598890035,110.435254,-7.050662,235.64,6.666,8.93,3,1,13,0,0.8792,22.54,0.812,0.337,-0.439,0.9341,60.877,99.0,4.98,114.32529029048642,neo3_calibrated_direct,1,27.5146,-8.23364,-32.7148,43.53279430325602,7,149.7152009767947,yahboom_calibrated_direct,0,3145,2936,2878,0.010811870121540099,0.545255232902763,0.5453624166949639,127.45599523861452,neo3_calibrated_direct:gyro_integral,1,127.45599523861452,nan,117.333984375,0.0,-213,-64,2032,-1.0199299072265624,-0.3064578125,9.730035546875,9.78814411162548,0,0,0,0.0,0.0,0.0,0.0,0.0,0.0,0.0,-332,1080,21360,-1.82373046875,5.9326171875,117.333984375,98776.242,304.75,1,1,0,0,4500,234,1174,2325,2325,2325,2325,13802,F4line=4500;YAH=9300
DIRECT_SERIAL,802,1789354996192606135,2026-09-14T03:03:16.192606+00:00,-1,23976394796452,1789354996000000000,1789354996,0,38727931,1789354996016142,1789354996000000,2,4,24.29616757757038,26.918846598890035,gnss_local_enu_direct,24.29616757757038,26.918846598890035,110.435254,-7.050662,235.64,6.666,8.93,3,1,13,0,0.8792,22.54,0.812,0.337,-0.439,0.9341,60.877,99.0,4.98,114.58063211951412,neo3_calibrated_direct,1,27.4902,-8.1665,-32.666,43.468038537412745,7,149.13285374506964,yahboom_calibrated_direct,0,3181,2927,2815,0.016226710544795856,0.544014264390645,0.5442562135571805,127.45599523861452,neo3_calibrated_direct:gyro_integral,1,127.45599523861452,nan,117.333984375,0.0,-209,-66,2032,-1.0007762939453124,-0.316034619140625,9.730035546875,9.78647141795598,0,0,0,0.0,0.0,0.0,0.0,0.0,0.0,0.0,-332,1080,21360,-1.82373046875,5.9326171875,117.333984375,98778.688,304.75,1,1,0,0,4505,234,1176,2328,2328,2328,2328,13819,F4line=4505;YAH=9312
DIRECT_SERIAL,803,1789354996245650875,2026-09-14T03:03:16.245651+00:00,-1,23976447841055,1789354996200000000,1789354996,200000000,38728123,1789354996208529,1789354996200000,2,4,24.50609456016092,27.294870855005932,gnss_local_enu_direct,24.50609456016092,27.294870855005932,110.4352559,-7.0506586,235.86,6.579,8.909,3,1,13,0,0.4976,33.69,0.414,0.276,-0.778,1.2071,138.997,99.0,5.01,114.79044110731972,neo3_calibrated_direct,1,27.4658,-8.11768,-32.5439,43.35172805589646,7,149.13057861330762,yahboom_calibrated_direct,0,3181,2911,2793,0.016176020229749836,0.5416053368866954,0.5418468460502692,127.45599523861452,neo3_calibrated_direct:gyro_integral,1,127.45599523861452,nan,117.333984375,0.0,-210,-66,2036,-1.005564697265625,-0.316034619140625,9.749189160156249,9.80600466660048,0,0,0,0.0,0.0,0.0,0.0,0.0,0.0,0.0,-332,1080,21360,-1.82373046875,5.9326171875,117.333984375,98778.688,304.75,1,1,0,0,4512,235,1177,2331,2331,2331,2331,13838,F4line=4512;YAH=9324
DIRECT_SERIAL,804,1789354996296075823,2026-09-14T03:03:16.296076+00:00,-1,23976498266151,1789354996200000000,1789354996,200000000,38728123,1789354996208529,1789354996200000,2,4,24.50609456016092,27.294870855005932,gnss_local_enu_direct,24.50609456016092,27.294870855005932,110.4352559,-7.0506586,235.86,6.579,8.909,3,1,13,0,0.4976,33.69,0.414,0.276,-0.778,1.2071,138.997,99.0,5.01,114.75272652017672,neo3_calibrated_direct,1,27.4902,-8.13599,-32.5684,43.38900906773626,7,149.2791414034563,yahboom_calibrated_direct,0,3172,2934,2760,0.014888049126261205,0.5450396568714095,0.5452429564600444,127.45599523861452,neo3_calibrated_direct:gyro_integral,1,127.45599523861452,nan,117.333984375,0.0,-211,-64,2035,-1.0103531005859374,-0.3064578125,9.744400756835937,9.801432338619223,0,0,0,0.0,0.0,0.0,0.0,0.0,0.0,0.0,-332,1080,21360,-1.82373046875,5.9326171875,117.333984375,98778.383,304.75,1,1,0,0,4515,235,1178,2334,2334,2334,2334,13853,F4line=4515;YAH=9336
DIRECT_SERIAL,805,1789354996352313763,2026-09-14T03:03:16.352314+00:00,-1,23976554504085,1789354996200000000,1789354996,200000000,38728123,1789354996208529,1789354996200000,2,4,24.50609456016092,27.294870855005932,gnss_local_enu_direct,24.50609456016092,27.294870855005932,110.4352559,-7.0506586,235.86,6.579,8.909,3,1,13,0,0.4976,33.69,0.414,0.276,-0.778,1.2071,138.997,99.0,5.01,114.5911195653668,neo3_calibrated_direct,1,27.4902,-8.1665,-32.6416,43.44970504905643,7,149.31207749620697,yahboom_calibrated_direct,0,3170,2941,2771,0.014607817598789997,0.5460872263650067,0.5462825707763571,127.45599523861452,neo3_calibrated_direct:gyro_integral,1,127.45599523861452,nan,117.333984375,0.0,-208,-65,2034,-0.9959878906249999,-0.3112462158203125,9.739612353515625,9.795351697712965,0,0,0,0.0,0.0,0.0,0.0,0.0,0.0,0.0,-332,1080,21360,-1.82373046875,5.9326171875,117.333984375,98779.602,304.75,1,1,0,0,4520,235,1180,2336,2336,2336,2336,13866,F4line=4520;YAH=9344
DIRECT_SERIAL,806,1789354996412101057,2026-09-14T03:03:16.412101+00:00,-1,23976614291373,1789354996200000000,1789354996,200000000,38728123,1789354996208529,1789354996200000,2,4,24.50609456016092,27.294870855005932,gnss_local_enu_direct,24.50609456016092,27.294870855005932,110.4352559,-7.0506586,235.86,6.579,8.909,3,1,13,0,0.4976,33.69,0.414,0.276,-0.778,1.2071,138.997,99.0,5.01,114.6847556078675,neo3_calibrated_direct,1,27.4902,-8.14209,-32.666,43.463459153731655,7,149.6182319320304,yahboom_calibrated_direct,0,3151,2924,2806,0.011681078006167108,0.5434675461429432,0.5435930658995002,127.45599523861452,neo3_calibrated_direct:gyro_integral,1,127.45599523861452,nan,117.333984375,0.0,-210,-64,2031,-1.005564697265625,-0.3064578125,9.725247143554688,9.781896991608928,0,0,0,0.0,0.0,0.0,0.0,0.0,0.0,0.0,-332,1080,21360,-1.82373046875,5.9326171875,117.333984375,98779.602,304.75,1,1,0,0,4525,235,1181,2339,2339,2339,2339,13883,F4line=4525;YAH=9356
DIRECT_SERIAL,807,1789354996472001725,2026-09-14T03:03:16.472002+00:00,-1,23976674192046,1789354996400000000,1789354996,400000000,38728323,1789354996408710,1789354996400000,2,4,24.61658247008959,27.493942545606615,gnss_local_enu_direct,24.61658247008959,27.493942545606615,110.4352569,-7.0506568,235.98,6.495,8.892,3,1,13,0,0.3667,56.57,0.202,0.306,-1.084,1.3771,180.0,99.0,5.01,115.077993007054,neo3_calibrated_direct,1,27.4658,-8.05054,-32.5439,43.33920616649087,7,149.68281027708426,yahboom_calibrated_direct,0,3147,2945,2815,0.011142791964057328,0.5466165909131153,0.5467301521539034,127.45599523861452,neo3_calibrated_direct:gyro_integral,1,127.45599523861452,nan,117.333984375,0.0,-216,-65,2039,-1.0342951171875,-0.3112462158203125,9.763554370117188,9.823117353189607,0,0,0,0.0,0.0,0.0,0.0,0.0,0.0,0.0,-332,1080,21360,-1.82373046875,5.9326171875,117.333984375,98777.164,304.75,1,1,0,0,4535,236,1183,2342,2342,2342,2342,13905,F4line=4535;YAH=9368
DIRECT_SERIAL,808,1789354996531869970,2026-09-14T03:03:16.531870+00:00,-1,23976734060351,1789354996400000000,1789354996,400000000,38728323,1789354996408710,1789354996400000,2,4,24.61658247008959,27.493942545606615,gnss_local_enu_direct,24.61658247008959,27.493942545606615,110.4352569,-7.0506568,235.98,6.495,8.892,3,1,13,0,0.3667,56.57,0.202,0.306,-1.084,1.3771,180.0,99.0,5.01,114.9261856614151,neo3_calibrated_direct,1,27.4658,-8.08105,-32.5928,43.381610742139344,7,149.18265430071003,yahboom_calibrated_direct,0,3178,2937,2800,0.015804779181243858,0.5455103396465423,0.5457392433262004,127.45599523861452,neo3_calibrated_direct:gyro_integral,1,127.45599523861452,nan,117.333984375,0.0,-212,-65,2038,-1.01514150390625,-0.3112462158203125,9.758765966796874,9.816358778820609,0,0,0,0.0,0.0,0.0,0.0,0.0,0.0,0.0,-332,1080,21360,-1.82373046875,5.9326171875,117.333984375,98777.164,304.75,1,1,0,0,4537,236,1184,2345,2345,2345,2345,13919,F4line=4537;YAH=9380
DIRECT_SERIAL,809,1789354996591642815,2026-09-14T03:03:16.591643+00:00,-1,23976793833110,1789354996400000000,1789354996,400000000,38728323,1789354996408710,1789354996400000,2,4,24.61658247008959,27.493942545606615,gnss_local_enu_direct,24.61658247008959,27.493942545606615,110.4352569,-7.0506568,235.98,6.495,8.892,3,1,13,0,0.3667,56.57,0.202,0.306,-1.084,1.3771,180.0,99.0,5.01,114.81510673527602,neo3_calibrated_direct,1,27.4902,-8.11157,-32.666,43.457752126690814,7,149.37647089362073,yahboom_calibrated_direct,0,3166,2940,2781,0.013999832373491939,0.5459239958172484,0.5461034741837456,127.45599523861452,neo3_calibrated_direct:gyro_integral,1,127.45599523861452,nan,117.333984375,0.0,-211,-65,2033,-1.0103531005859374,-0.3112462158203125,9.734823950195311,9.792062343348428,0,0,0,0.0,0.0,0.0,0.0,0.0,0.0,0.0,-332,1080,21360,-1.82373046875,5.9326171875,117.333984375,98781.125,304.75,1,1,0,0,4543,236,1186,2348,2348,2348,2348,13937,F4line=4543;YAH=9392
DIRECT_SERIAL,810,1789354996645504350,2026-09-14T03:03:16.645504+00:00,-1,23976847694538,1789354996600000000,1789354996,600000000,38728524,1789354996609939,1789354996600000,2,4,24.71602074280605,27.659834706638478,gnss_local_enu_direct,24.71602074280605,27.659834706638478,110.4352578,-7.0506553,235.87,6.425,8.867,3,1,13,0,0.7517,44.192,0.539,0.524,0.039,1.0671,81.332,99.0,5.0,114.89852515333149,neo3_calibrated_direct,1,27.4902,-8.08716,-32.7148,43.489899884290374,7,149.32688032780814,yahboom_calibrated_direct,0,3169,2926,2838,0.014409091158282433,0.5438256886853636,0.5440165453201932,127.45599523861452,neo3_calibrated_direct:gyro_integral,1,127.45599523861452,nan,117.333984375,0.0,-209,-66,2033,-1.0007762939453124,-0.316034619140625,9.734823950195311,9.791232221345508,0,0,0,0.0,0.0,0.0,0.0,0.0,0.0,0.0,-332,1080,21360,-1.82373046875,5.9326171875,117.333984375,98781.125,304.75,1,1,0,0,4550,237,1187,2351,2351,2351,2351,13956,F4line=4550;YAH=9404
DIRECT_SERIAL,811,1789354996696436607,2026-09-14T03:03:16.696436+00:00,-1,23976898626912,1789354996600000000,1789354996,600000000,38728524,1789354996609939,1789354996600000,2,4,24.71602074280605,27.659834706638478,gnss_local_enu_direct,24.71602074280605,27.659834706638478,110.4352578,-7.0506553,235.87,6.425,8.867,3,1,13,0,0.7517,44.192,0.539,0.524,0.039,1.0671,81.332,99.0,5.0,114.47593323678852,neo3_calibrated_direct,1,27.5146,-8.20312,-32.666,43.490366138886436,7,149.4403997638505,yahboom_calibrated_direct,0,3162,2930,2859,0.013363333845980494,0.5444057435485183,0.544569731347689,127.45599523861452,neo3_calibrated_direct:gyro_integral,1,127.45599523861452,nan,117.333984375,0.0,-211,-65,2035,-1.0103531005859374,-0.3112462158203125,9.744400756835937,9.801583224385276,0,0,0,0.0,0.0,0.0,0.0,0.0,0.0,0.0,-332,1080,21360,-1.82373046875,5.9326171875,117.333984375,98777.164,304.75,1,1,0,0,4553,237,1188,2354,2354,2354,2354,13971,F4line=4553;YAH=9416
DIRECT_SERIAL,812,1789354996751288670,2026-09-14T03:03:16.751289+00:00,-1,23976953478977,1789354996600000000,1789354996,600000000,38728524,1789354996609939,1789354996600000,2,4,24.71602074280605,27.659834706638478,gnss_local_enu_direct,24.71602074280605,27.659834706638478,110.4352578,-7.0506553,235.87,6.425,8.867,3,1,13,0,0.7517,44.192,0.539,0.524,0.039,1.0671,81.332,99.0,5.0,114.58689990233948,neo3_calibrated_direct,1,27.4658,-8.1604,-32.5928,43.39646194841234,7,149.45656829463613,yahboom_calibrated_direct,0,3161,2930,2872,0.013212129575828574,0.544402575403828,0.5445628746749535,127.45599523861452,neo3_calibrated_direct:gyro_integral,1,127.45599523861452,nan,117.333984375,0.0,-207,-67,2034,-0.9911994873046874,-0.32082302246093747,9.739612353515625,9.795174966897132,0,0,0,0.0,0.0,0.0,0.0,0.0,0.0,0.0,-332,1080,21360,-1.82373046875,5.9326171875,117.333984375,98777.469,304.75,1,1,0,0,4563,237,1190,2356,2356,2356,2356,13989,F4line=4563;YAH=9424
DIRECT_SERIAL,813,1789354996811006875,2026-09-14T03:03:16.811007+00:00,-1,23977013197186,1789354996600000000,1789354996,600000000,38728524,1789354996609939,1789354996600000,2,4,24.71602074280605,27.659834706638478,gnss_local_enu_direct,24.71602074280605,27.659834706638478,110.4352578,-7.0506553,235.87,6.425,8.867,3,1,13,0,0.7517,44.192,0.539,0.524,0.039,1.0671,81.332,99.0,5.0,114.74950430401903,neo3_calibrated_direct,1,27.4414,-8.10547,-32.6416,43.40740868147856,7,149.4563601864643,yahboom_calibrated_direct,0,3161,2926,2892,0.013199456997067068,0.5438003435278406,0.5439605126165086,127.45599523861452,neo3_calibrated_direct:gyro_integral,1,127.45599523861452,nan,117.333984375,0.0,-213,-66,2031,-1.0199299072265624,-0.316034619140625,9.725247143554688,9.783688818608713,0,0,0,0.0,0.0,0.0,0.0,0.0,0.0,0.0,-332,1080,21360,-1.82373046875,5.9326171875,117.333984375,98777.469,304.75,1,1,0,0,4565,237,1191,2359,2359,2359,2359,14003,F4line=4565;YAH=9436
DIRECT_SERIAL,814,1789354996870930818,2026-09-14T03:03:16.870931+00:00,-1,23977073121381,1789354996800000000,1789354996,800000000,38728722,1789354996807810,1789354996800000,2,4,24.826507473627128,27.8257265487577,gnss_local_enu_direct,24.826507473627128,27.8257265487577,110.4352588,-7.0506538,235.69,6.357,8.846,3,1,13,0,0.4652,73.902,0.129,0.447,-0.168,0.842,103.696,99.0,5.01,114.5596526748771,neo3_calibrated_direct,1,27.4902,-8.1665,-32.7148,43.50472339102962,7,149.5058050620843,yahboom_calibrated_direct,0,3158,2949,2845,0.012818711514489961,0.5472536723806969,0.5474037826860999,127.45599523861452,neo3_calibrated_direct:gyro_integral,1,127.45599523861452,nan,117.333984375,0.0,-212,-65,2035,-1.01514150390625,-0.3112462158203125,9.744400756835937,9.802077973044302,0,0,0,0.0,0.0,0.0,0.0,0.0,0.0,0.0,-332,1080,21360,-1.82373046875,5.9326171875,117.333984375,98779.297,304.75,1,1,0,0,4575,238,1193,2362,2362,2362,2362,14025,F4line=4575;YAH=9448
DIRECT_SERIAL,815,1789354996930778480,2026-09-14T03:03:16.930778+00:00,-1,23977132969002,1789354996800000000,1789354996,800000000,38728722,1789354996807810,1789354996800000,2,4,24.826507473627128,27.8257265487577,gnss_local_enu_direct,24.826507473627128,27.8257265487577,110.4352588,-7.0506538,235.69,6.357,8.846,3,1,13,0,0.4652,73.902,0.129,0.447,-0.168,0.842,103.696,99.0,5.01,115.12563576288454,neo3_calibrated_direct,1,27.5391,-8.06274,-32.666,43.47962006638972,7,149.40812929199134,yahboom_calibrated_direct,0,3164,2931,2882,0.013668910530974712,0.544562637806896,0.5447341604951064,127.45599523861452,neo3_calibrated_direct:gyro_integral,1,127.45599523861452,nan,117.333984375,0.0,-216,-64,2042,-1.0342951171875,-0.3064578125,9.777919580078125,9.837245249293897,0,0,0,0.0,0.0,0.0,0.0,0.0,0.0,0.0,-332,1080,21360,-1.82373046875,5.9326171875,117.333984375,98779.297,304.75,1,1,0,0,4577,238,1194,2365,2365,2365,2365,14039,F4line=4577;YAH=9460
DIRECT_SERIAL,816,1789354996990695890,2026-09-14T03:03:16.990696+00:00,-1,23977192886130,1789354996800000000,1789354996,800000000,38728722,1789354996807810,1789354996800000,2,4,24.826507473627128,27.8257265487577,gnss_local_enu_direct,24.826507473627128,27.8257265487577,110.4352588,-7.0506538,235.69,6.357,8.846,3,1,13,0,0.4652,73.902,0.129,0.447,-0.168,0.842,103.696,99.0,5.01,114.74841302229264,neo3_calibrated_direct,1,27.4658,-8.11768,-32.6416,43.42511886894957,7,149.60226656168933,yahboom_calibrated_direct,0,3152,2944,2916,0.011895645170126555,0.5464818736675705,0.5466113286616296,127.45599523861452,neo3_calibrated_direct:gyro_integral,1,127.45599523861452,nan,117.333984375,0.0,-212,-64,2035,-1.01514150390625,-0.3064578125,9.744400756835937,9.801927094894152,0,0,0,0.0,0.0,0.0,0.0,0.0,0.0,0.0,-332,1080,21360,-1.82373046875,5.9326171875,117.333984375,98777.469,304.75,1,1,0,0,4582,238,1196,2368,2368,2368,2368,14056,F4line=4582;YAH=9472
DIRECT_SERIAL,817,1789354997044080928,2026-09-14T03:03:17.044081+00:00,-1,23977246271133,1789354996800000000,1789354996,800000000,38728722,1789354996807810,1789354996800000,2,4,24.826507473627128,27.8257265487577,gnss_local_enu_direct,24.826507473627128,27.8257265487577,110.4352588,-7.0506538,235.69,6.357,8.846,3,1,13,0,0.4652,73.902,0.129,0.447,-0.168,0.842,103.696,99.0,5.01,114.87389733190616,neo3_calibrated_direct,1,27.4658,-8.09326,-32.5928,43.38388685799833,7,149.65062500680472,yahboom_calibrated_direct,0,3149,2928,2857,0.011391342044624773,0.5440634417295497,0.5441826819186556,127.45599523861452,neo3_calibrated_direct:gyro_integral,1,127.45599523861452,nan,117.333984375,0.0,-210,-64,2033,-1.005564697265625,-0.3064578125,9.734823950195311,9.79141839022955,0,0,0,0.0,0.0,0.0,0.0,0.0,0.0,0.0,-332,1080,21360,-1.82373046875,5.9326171875,117.333984375,98777.469,304.75,1,1,0,0,4585,238,1197,2371,2371,2371,2371,14071,F4line=4585;YAH=9484
DIRECT_SERIAL,818,1789354997097806029,2026-09-14T03:03:17.097806+00:00,-1,23977299996287,1789354997000000000,1789354997,0,38728931,1789354997016834,1789354997000000,2,4,25.036434162383987,28.102214914312416,gnss_local_enu_direct,25.036434162383987,28.102214914312416,110.4352607,-7.0506513,235.84,6.295,8.832,3,1,13,0,0.3712,37.117,0.296,0.224,-0.385,1.0748,165.903,99.0,4.98,114.38815336646593,neo3_calibrated_direct,1,27.4902,-8.20923,-32.6904,43.4944226929488,7,149.44079408014926,yahboom_calibrated_direct,0,3162,2937,2917,0.013385510858813128,0.5454596493314963,0.5456238639848795,127.45599523861452,neo3_calibrated_direct:gyro_integral,1,127.45599523861452,nan,117.333984375,0.0,-208,-64,2036,-0.9959878906249999,-0.3064578125,9.749189160156249,9.80472322656902,0,0,0,0.0,0.0,0.0,0.0,0.0,0.0,0.0,-332,1080,21360,-1.82373046875,5.9326171875,117.333984375,98775.938,304.75,1,1,0,0,4593,239,1198,2374,2374,2374,2374,14091,F4line=4593;YAH=9496
DIRECT_SERIAL,819,1789354997150121134,2026-09-14T03:03:17.150121+00:00,-1,23977352311414,1789354997000000000,1789354997,0,38728931,1789354997016834,1789354997000000,2,4,25.036434162383987,28.102214914312416,gnss_local_enu_direct,25.036434162383987,28.102214914312416,110.4352607,-7.0506513,235.84,6.295,8.832,3,1,13,0,0.3712,37.117,0.296,0.224,-0.385,1.0748,165.903,99.0,4.98,114.90901015930952,neo3_calibrated_direct,1,27.4902,-8.08716,-32.6904,43.47154822485162,7,149.52172180746373,yahboom_calibrated_direct,0,3157,2944,2889,0.01265166652088616,0.5464977143910223,0.5466441406439542,127.45599523861452,neo3_calibrated_direct:gyro_integral,1,127.45599523861452,nan,117.333984375,0.0,-209,-65,2031,-1.0007762939453124,-0.3112462158203125,9.725247143554688,9.781557105113889,0,0,0,0.0,0.0,0.0,0.0,0.0,0.0,0.0,-332,1080,21360,-1.82373046875,5.9326171875,117.333984375,98778.992,304.75,1,1,0,0,4598,239,1200,2376,2376,2376,2376,14104,F4line=4598;YAH=9504
DIRECT_SERIAL,820,1789354997209925824,2026-09-14T03:03:17.209926+00:00,-1,23977412116133,1789354997000000000,1789354997,0,38728931,1789354997016834,1789354997000000,2,4,25.036434162383987,28.102214914312416,gnss_local_enu_direct,25.036434162383987,28.102214914312416,110.4352607,-7.0506513,235.84,6.295,8.832,3,1,13,0,0.3712,37.117,0.296,0.224,-0.385,1.0748,165.903,99.0,4.98,114.77964441920523,neo3_calibrated_direct,1,27.4658,-8.10547,-32.6904,43.4595336574255,7,149.42380444346887,yahboom_calibrated_direct,0,3163,2923,2895,0.013492361103299778,0.5433550059102308,0.543522498389762,127.45599523861452,neo3_calibrated_direct:gyro_integral,1,127.45599523861452,nan,117.333984375,0.0,-210,-65,2034,-1.005564697265625,-0.3112462158203125,9.739612353515625,9.796330096725178,0,0,0,0.0,0.0,0.0,0.0,0.0,0.0,0.0,-332,1080,21360,-1.82373046875,5.9326171875,117.333984375,98778.992,304.75,1,1,0,0,4600,239,1201,2379,2379,2379,2379,14118,F4line=4600;YAH=9516
DIRECT_SERIAL,821,1789354997269819588,2026-09-14T03:03:17.269820+00:00,-1,23977472009873,1789354997200000000,1789354997,200000000,38729124,1789354997209362,1789354997200000,2,4,25.2795076543286,28.445060980129504,gnss_local_enu_direct,25.2795076543286,28.445060980129504,110.4352629,-7.0506482,236.13,6.237,8.818,3,1,13,0,0.3448,32.446,0.291,0.185,-0.305,0.9971,165.67,99.0,5.01,114.24332288880441,neo3_calibrated_direct,1,27.4658,-8.23364,-32.666,43.46527985978693,7,149.11813680530747,yahboom_calibrated_direct,0,3182,2937,2897,0.016409596261851542,0.5455230122253039,0.5457697607204397,127.45599523861452,neo3_calibrated_direct:gyro_integral,1,127.45599523861452,nan,117.333984375,0.0,-212,-65,2033,-1.01514150390625,-0.3112462158203125,9.734823950195311,9.792557573030232,0,0,0,0.0,0.0,0.0,0.0,0.0,0.0,0.0,-332,1080,21360,-1.82373046875,5.9326171875,117.333984375,98778.992,304.75,1,1,0,0,4610,240,1203,2382,2382,2382,2382,14140,F4line=4610;YAH=9528
DIRECT_SERIAL,822,1789354997329722198,2026-09-14T03:03:17.329722+00:00,-1,23977531912572,1789354997200000000,1789354997,200000000,38729124,1789354997209362,1789354997200000,2,4,25.2795076543286,28.445060980129504,gnss_local_enu_direct,25.2795076543286,28.445060980129504,110.4352629,-7.0506482,236.13,6.237,8.818,3,1,13,0,0.3448,32.446,0.291,0.185,-0.305,0.9971,165.67,99.0,5.01,114.77851059458362,neo3_calibrated_direct,1,27.4902,-8.11768,-32.6904,43.4772363057083,7,149.19705624648356,yahboom_calibrated_direct,0,3177,2923,2897,0.015609220885426668,0.543399359935896,0.5436235022102995,127.45599523861452,neo3_calibrated_direct:gyro_integral,1,127.45599523861452,nan,117.333984375,0.0,-214,-66,2033,-1.024718310546875,-0.316034619140625,9.734823950195311,9.793708329216347,0,0,0,0.0,0.0,0.0,0.0,0.0,0.0,0.0,-332,1080,21360,-1.82373046875,5.9326171875,117.333984375,98778.992,304.75,1,1,0,0,4612,240,1204,2385,2385,2385,2385,14154,F4line=4612;YAH=9540
DIRECT_SERIAL,823,1789354997389528968,2026-09-14T03:03:17.389529+00:00,-1,23977591719188,1789354997200000000,1789354997,200000000,38729124,1789354997209362,1789354997200000,2,4,25.2795076543286,28.445060980129504,gnss_local_enu_direct,25.2795076543286,28.445060980129504,110.4352629,-7.0506482,236.13,6.237,8.818,3,1,13,0,0.3448,32.446,0.291,0.185,-0.305,0.9971,165.67,99.0,5.01,114.92467312166704,neo3_calibrated_direct,1,27.4902,-8.08105,-32.7148,43.488764114222654,7,149.27741787787352,yahboom_calibrated_direct,0,3172,2917,2901,0.014834190666524808,0.5424801713984632,0.5426829549315482,127.45599523861452,neo3_calibrated_direct:gyro_integral,1,127.45599523861452,nan,117.333984375,0.0,-215,-65,2038,-1.0295067138671874,-0.3112462158203125,9.758765966796874,9.8178547287823,0,0,0,0.0,0.0,0.0,0.0,0.0,0.0,0.0,-332,1080,21360,-1.82373046875,5.9326171875,117.333984375,98778.992,304.75,1,1,0,0,4620,240,1206,2388,2388,2388,2388,14174,F4line=4620;YAH=9552
DIRECT_SERIAL,824,1789354997445524984,2026-09-14T03:03:17.445525+00:00,-1,23977647715195,1789354997400000000,1789354997,400000000,38729323,1789354997408285,1789354997400000,2,4,25.478386087607245,28.74366890790466,gnss_local_enu_direct,25.478386087607245,28.74366890790466,110.4352647,-7.0506455,236.39,6.187,8.8,3,1,13,0,0.1516,27.072,0.135,0.069,-0.657,1.4348,180.0,99.0,5.01,115.31203974714217,neo3_calibrated_direct,1,27.4902,-8.00781,-32.5439,43.34675932807549,7,149.47221315016725,yahboom_calibrated_direct,0,3160,2919,2861,0.013026075714082513,0.5427432696001723,0.5428995628519093,127.45599523861452,neo3_calibrated_direct:gyro_integral,1,127.45599523861452,nan,117.333984375,0.0,-209,-65,2035,-1.0007762939453124,-0.3112462158203125,9.744400756835937,9.80060067073494,0,0,0,0.0,0.0,0.0,0.0,0.0,0.0,0.0,-332,1080,21360,-1.82373046875,5.9326171875,117.333984375,98778.992,304.75,1,1,0,0,4627,241,1207,2391,2391,2391,2391,14193,F4line=4627;YAH=9564
DIRECT_SERIAL,825,1789354997497944524,2026-09-14T03:03:17.497945+00:00,-1,23977700134759,1789354997400000000,1789354997,400000000,38729323,1789354997408285,1789354997400000,2,4,25.478386087607245,28.74366890790466,gnss_local_enu_direct,25.478386087607245,28.74366890790466,110.4352647,-7.0506455,236.39,6.187,8.8,3,1,13,0,0.1516,27.072,0.135,0.069,-0.657,1.4348,180.0,99.0,5.01,115.08694105564511,neo3_calibrated_direct,1,27.4902,-8.06274,-32.5195,43.338628873068885,7,149.31125071537338,yahboom_calibrated_direct,0,3170,2932,2887,0.01457930429657661,0.544732204644035,0.5449272711932511,127.45599523861452,neo3_calibrated_direct:gyro_integral,1,127.45599523861452,nan,117.333984375,0.0,-210,-67,2029,-1.005564697265625,-0.32082302246093747,9.715670336914062,9.772836735959507,0,0,0,0.0,0.0,0.0,0.0,0.0,0.0,0.0,-332,1080,21360,-1.82373046875,5.9326171875,117.333984375,98780.82,304.75,1,1,0,0,4630,241,1208,2394,2394,2394,2394,14208,F4line=4630;YAH=9576
DIRECT_SERIAL,826,1789354997549139259,2026-09-14T03:03:17.549139+00:00,-1,23977751329545,1789354997400000000,1789354997,400000000,38729323,1789354997408285,1789354997400000,2,4,25.478386087607245,28.74366890790466,gnss_local_enu_direct,25.478386087607245,28.74366890790466,110.4352647,-7.0506455,236.39,6.187,8.8,3,1,13,0,0.1516,27.072,0.135,0.069,-0.657,1.4348,180.0,99.0,5.01,114.76721777465465,neo3_calibrated_direct,1,27.5146,-8.14209,-32.5928,43.423927212633586,7,149.71518145916147,yahboom_calibrated_direct,0,3145,2937,2859,0.010815038266230478,0.5454057908717599,0.5455130078826259,127.45599523861452,neo3_calibrated_direct:gyro_integral,1,127.45599523861452,nan,117.333984375,0.0,-211,-65,2036,-1.0103531005859374,-0.3112462158203125,9.749189160156249,9.80634370574651,0,0,0,0.0,0.0,0.0,0.0,0.0,0.0,0.0,-332,1080,21360,-1.82373046875,5.9326171875,117.333984375,98777.164,304.75,1,1,0,0,4636,241,1210,2396,2396,2396,2396,14222,F4line=4636;YAH=9584
DIRECT_SERIAL,827,1789354997608956043,2026-09-14T03:03:17.608956+00:00,-1,23977811146326,1789354997400000000,1789354997,400000000,38729323,1789354997408285,1789354997400000,2,4,25.478386087607245,28.74366890790466,gnss_local_enu_direct,25.478386087607245,28.74366890790466,110.4352647,-7.0506455,236.39,6.187,8.8,3,1,13,0,0.1516,27.072,0.135,0.069,-0.657,1.4348,180.0,99.0,5.01,114.84118181136492,neo3_calibrated_direct,1,27.4902,-8.10547,-32.666,43.456613949557784,7,149.66676444176457,yahboom_calibrated_direct,0,3148,2935,2853,0.011262314787305485,0.5451141793678372,0.5452305093098139,127.45599523861452,neo3_calibrated_direct:gyro_integral,1,127.45599523861452,nan,117.333984375,0.0,-209,-65,2036,-1.0007762939453124,-0.3112462158203125,9.749189160156249,9.805361629123807,0,0,0,0.0,0.0,0.0,0.0,0.0,0.0,0.0,-332,1080,21360,-1.82373046875,5.9326171875,117.333984375,98777.164,304.75,1,1,0,0,4638,241,1211,2399,2399,2399,2399,14236,F4line=4638;YAH=9596
DIRECT_SERIAL,828,1789354997668935073,2026-09-14T03:03:17.668935+00:00,-1,23977871125381,1789354997600000000,1789354997,600000000,38729523,1789354997608358,1789354997600000,2,4,25.389996709593806,28.655193478444932,gnss_local_enu_direct,25.389996709593806,28.655193478444932,110.4352639,-7.0506463,236.53,6.147,8.786,3,1,13,0,0.3597,21.358,0.335,0.131,-0.523,1.201,180.0,99.0,5.01,114.93667856059474,neo3_calibrated_direct,1,27.4658,-8.08105,-32.5684,43.36328190188676,7,149.3763229919511,yahboom_calibrated_direct,0,3166,2938,2826,0.013993496084111186,0.5456228798792546,0.545802294773838,127.45599523861452,neo3_calibrated_direct:gyro_integral,1,127.45599523861452,nan,117.333984375,0.0,-212,-64,2035,-1.01514150390625,-0.3064578125,9.744400756835937,9.801927094894152,0,0,0,0.0,0.0,0.0,0.0,0.0,0.0,0.0,-332,1080,21360,-1.82373046875,5.9326171875,117.333984375,98777.469,304.75,1,1,0,0,4648,242,1213,2402,2402,2402,2402,14258,F4line=4648;YAH=9608
DIRECT_SERIAL,829,1789354997728744499,2026-09-14T03:03:17.728745+00:00,-1,23977930934775,1789354997600000000,1789354997,600000000,38729523,1789354997608358,1789354997600000,2,4,25.389996709593806,28.655193478444932,gnss_local_enu_direct,25.389996709593806,28.655193478444932,110.4352639,-7.0506463,236.53,6.147,8.786,3,1,13,0,0.3597,21.358,0.335,0.131,-0.523,1.201,180.0,99.0,5.01,114.88952154803658,neo3_calibrated_direct,1,27.4658,-8.08716,-32.6172,43.40108365404716,7,149.24640995630293,yahboom_calibrated_direct,0,3174,2930,2855,0.015177785087803541,0.5444437612848029,0.5446552803031611,127.45599523861452,neo3_calibrated_direct:gyro_integral,1,127.45599523861452,nan,117.333984375,0.0,-212,-63,2030,-1.01514150390625,-0.3016694091796875,9.720458740234374,9.777977031369357,0,0,0,0.0,0.0,0.0,0.0,0.0,0.0,0.0,-332,1080,21360,-1.82373046875,5.9326171875,117.333984375,98777.469,304.75,1,1,0,0,4650,242,1214,2405,2405,2405,2405,14272,F4line=4650;YAH=9620
DIRECT_SERIAL,830,1789354997788639506,2026-09-14T03:03:17.788640+00:00,-1,23977990829711,1789354997600000000,1789354997,600000000,38729523,1789354997608358,1789354997600000,2,4,25.389996709593806,28.655193478444932,gnss_local_enu_direct,25.389996709593806,28.655193478444932,110.4352639,-7.0506463,236.53,6.147,8.786,3,1,13,0,0.3597,21.358,0.335,0.131,-0.523,1.201,180.0,99.0,5.01,115.08318342612746,neo3_calibrated_direct,1,27.4658,-8.04443,-32.5928,43.374804155233946,7,149.359010695421,yahboom_calibrated_direct,0,3167,2923,2906,0.01409717818390746,0.5433676784889924,0.5435505169340434,127.45599523861452,neo3_calibrated_direct:gyro_integral,1,127.45599523861452,nan,117.333984375,0.0,-215,-65,2034,-1.0295067138671874,-0.3112462158203125,9.739612353515625,9.798816616179437,0,0,0,0.0,0.0,0.0,0.0,0.0,0.0,0.0,-332,1080,21360,-1.82373046875,5.9326171875,117.333984375,98776.859,304.75,1,1,0,0,4660,242,1216,2408,2408,2408,2408,14294,F4line=4660;YAH=9632
DIRECT_SERIAL,831,1789354997845609685,2026-09-14T03:03:17.845610+00:00,-1,23978047799873,1789354997800000000,1789354997,800000000,38729723,1789354997808867,1789354997800000,2,4,25.30160713767893,28.50036078227315,gnss_local_enu_direct,25.30160713767893,28.50036078227315,110.4352631,-7.0506477,236.63,6.106,8.775,3,1,13,0,0.2821,108.178,-0.088,0.268,-0.66,1.4463,180.0,99.0,5.01,115.36444019129199,neo3_calibrated_direct,1,27.4902,-7.99561,-32.5439,43.344507178212325,7,149.4083251615033,yahboom_calibrated_direct,0,3164,2934,2913,0.013678414965045838,0.5450143117138865,0.5451859306777068,127.45599523861452,neo3_calibrated_direct:gyro_integral,1,127.45599523861452,nan,117.333984375,0.0,-212,-65,2037,-1.01514150390625,-0.3112462158203125,9.753977563476562,9.811598482847721,0,0,0,0.0,0.0,0.0,0.0,0.0,0.0,0.0,-332,1080,21360,-1.82373046875,5.9326171875,117.333984375,98776.859,304.75,1,1,0,0,4667,243,1217,2411,2411,2411,2411,14313,F4line=4667;YAH=9644
DIRECT_SERIAL,832,1789354997898533428,2026-09-14T03:03:17.898533+00:00,-1,23978100723697,1789354997800000000,1789354997,800000000,38729723,1789354997808867,1789354997800000,2,4,25.30160713767893,28.50036078227315,gnss_local_enu_direct,25.30160713767893,28.50036078227315,110.4352631,-7.0506477,236.63,6.106,8.775,3,1,13,0,0.2821,108.178,-0.088,0.268,-0.66,1.4463,180.0,99.0,5.01,114.96660219303588,neo3_calibrated_direct,1,27.4902,-8.08105,-32.6172,43.41539129136693,7,149.58606024194907,yahboom_calibrated_direct,0,3153,2938,2897,0.012027840572136218,0.5455816939982797,0.5457142601901304,127.45599523861452,neo3_calibrated_direct:gyro_integral,1,127.45599523861452,nan,117.333984375,0.0,-211,-66,2033,-1.0103531005859374,-0.316034619140625,9.734823950195311,9.792215715028709,0,0,0,0.0,0.0,0.0,0.0,0.0,0.0,0.0,-332,1080,21360,-1.82373046875,5.9326171875,117.333984375,98779.602,304.75,1,1,0,0,4670,243,1218,2414,2414,2414,2414,14328,F4line=4670;YAH=9656
DIRECT_SERIAL,833,1789354997948740302,2026-09-14T03:03:17.948740+00:00,-1,23978150930476,1789354997800000000,1789354997,800000000,38729723,1789354997808867,1789354997800000,2,4,25.30160713767893,28.50036078227315,gnss_local_enu_direct,25.30160713767893,28.50036078227315,110.4352631,-7.0506477,236.63,6.106,8.775,3,1,13,0,0.2821,108.178,-0.088,0.268,-0.66,1.4463,180.0,99.0,5.01,114.78899623587358,neo3_calibrated_direct,1,27.4902,-8.11768,-32.666,43.4588929981241,7,149.69894780341156,yahboom_calibrated_direct,0,3146,2943,2867,0.010985251404524655,0.5463123068304313,0.5464227414217018,127.45599523861452,neo3_calibrated_direct:gyro_integral,1,127.45599523861452,nan,117.333984375,0.0,-210,-68,2034,-1.005564697265625,-0.32561142578124996,9.739612353515625,9.79679702544359,0,0,0,0.0,0.0,0.0,0.0,0.0,0.0,0.0,-332,1080,21360,-1.82373046875,5.9326171875,117.333984375,98778.383,304.75,1,1,0,0,4675,243,1220,2417,2417,2417,2416,14344,F4line=4675;YAH=9667
DIRECT_SERIAL,834,1789354998008081830,2026-09-14T03:03:18.008082+00:00,-1,23978210272041,1789354997800000000,1789354997,800000000,38729723,1789354997808867,1789354997800000,2,4,25.30160713767893,28.50036078227315,gnss_local_enu_direct,25.30160713767893,28.50036078227315,110.4352631,-7.0506477,236.63,6.106,8.775,3,1,13,0,0.2821,108.178,-0.088,0.268,-0.66,1.4463,180.0,99.0,5.01,114.95093487790167,neo3_calibrated_direct,1,27.4902,-8.08716,-32.5928,43.39820116946784,7,149.40917019169297,yahboom_calibrated_direct,0,3164,2947,2875,0.013719600846020731,0.5469715653108455,0.5471436015398249,127.45599523861452,neo3_calibrated_direct:gyro_integral,1,127.45599523861452,nan,117.333984375,0.0,-211,-66,2033,-1.0103531005859374,-0.316034619140625,9.734823950195311,9.792215715028709,0,0,0,0.0,0.0,0.0,0.0,0.0,0.0,0.0,-332,1080,21360,-1.82373046875,5.9326171875,117.333984375,98778.383,304.75,1,1,0,0,4677,243,1221,2419,2419,2419,2419,14355,F4line=4677;YAH=9676
DIRECT_SERIAL,835,1789354998058588248,2026-09-14T03:03:18.058588+00:00,-1,23978260778550,1789354998000000000,1789354998,0,38729930,1789354998015445,1789354998000000,2,4,25.157973210321835,28.268110796717167,gnss_local_enu_direct,25.157973210321835,28.268110796717167,110.4352618,-7.0506498,236.57,6.067,8.761,3,1,13,0,0.0849,44.045,0.061,0.059,-0.168,1.296,180.0,99.0,4.98,114.91590624150695,neo3_calibrated_direct,1,27.4658,-8.09326,-32.4951,43.31053625940921,7,149.48946393053276,yahboom_calibrated_direct,0,3159,2943,2812,0.012950906916499623,0.5463534927114062,0.5465069670076608,127.45599523861452,neo3_calibrated_direct:gyro_integral,1,127.45599523861452,nan,117.333984375,0.0,-211,-64,2040,-1.0103531005859374,-0.3064578125,9.7683427734375,9.825235382324157,0,0,0,0.0,0.0,0.0,0.0,0.0,0.0,0.0,-332,1080,21360,-1.82373046875,5.9326171875,117.333984375,98781.43,305.0,1,1,0,0,4686,244,1222,2422,2422,2422,2422,14376,F4line=4686;YAH=9688
DIRECT_SERIAL,836,1789354998108897061,2026-09-14T03:03:18.108897+00:00,-1,23978311087233,1789354998000000000,1789354998,0,38729930,1789354998015445,1789354998000000,2,4,25.157973210321835,28.268110796717167,gnss_local_enu_direct,25.157973210321835,28.268110796717167,110.4352618,-7.0506498,236.57,6.067,8.761,3,1,13,0,0.0849,44.045,0.061,0.059,-0.168,1.296,180.0,99.0,4.98,115.00693015618769,neo3_calibrated_direct,1,27.5146,-8.08105,-32.6416,43.44917298203154,7,149.5049219147638,yahboom_calibrated_direct,0,3158,2926,2827,0.012745844186611305,0.5437908390937695,0.5439401926924827,127.45599523861452,neo3_calibrated_direct:gyro_integral,1,127.45599523861452,nan,117.333984375,0.0,-214,-64,2038,-1.024718310546875,-0.3064578125,9.758765966796874,9.817203125204513,0,0,0,0.0,0.0,0.0,0.0,0.0,0.0,0.0,-332,1080,21360,-1.82373046875,5.9326171875,117.333984375,98781.43,305.0,1,1,0,0,4690,244,1224,2425,2425,2425,2425,14392,F4line=4690;YAH=9700
DIRECT_SERIAL,837,1789354998167686341,2026-09-14T03:03:18.167686+00:00,-1,23978369876603,1789354998000000000,1789354998,0,38729930,1789354998015445,1789354998000000,2,4,25.157973210321835,28.268110796717167,gnss_local_enu_direct,25.157973210321835,28.268110796717167,110.4352618,-7.0506498,236.57,6.067,8.761,3,1,13,0,0.0849,44.045,0.061,0.059,-0.168,1.296,180.0,99.0,4.98,114.75244971740165,neo3_calibrated_direct,1,27.4902,-8.12378,-32.6904,43.47837565604768,7,149.5215863662501,yahboom_calibrated_direct,0,3157,2940,2806,0.012638993942124654,0.545895482515035,0.5460417767883625,127.45599523861452,neo3_calibrated_direct:gyro_integral,1,127.45599523861452,nan,117.333984375,0.0,-211,-67,2036,-1.0103531005859374,-0.32082302246093747,9.749189160156249,9.806652338087279,0,0,0,0.0,0.0,0.0,0.0,0.0,0.0,0.0,-332,1080,21360,-1.82373046875,5.9326171875,117.333984375,98778.992,305.0,1,1,0,0,4693,244,1225,2427,2427,2427,2427,14403,F4line=4693;YAH=9708
DIRECT_SERIAL,838,1789354998218580619,2026-09-14T03:03:18.218581+00:00,-1,23978420770940,1789354998000000000,1789354998,0,38729930,1789354998015445,1789354998000000,2,4,25.157973210321835,28.268110796717167,gnss_local_enu_direct,25.157973210321835,28.268110796717167,110.4352618,-7.0506498,236.57,6.067,8.761,3,1,13,0,0.0849,44.045,0.061,0.059,-0.168,1.296,180.0,99.0,4.98,114.7901451874304,neo3_calibrated_direct,1,27.4658,-8.10547,-32.666,43.44118287478945,7,149.53753531226488,yahboom_calibrated_direct,0,3156,2934,2873,0.012468780803830473,0.5449889665563635,0.5451315842646682,127.45599523861452,neo3_calibrated_direct:gyro_integral,1,127.45599523861452,nan,117.333984375,0.0,-213,-65,2034,-1.0199299072265624,-0.3112462158203125,9.739612353515625,9.797815063536962,0,0,0,0.0,0.0,0.0,0.0,0.0,0.0,0.0,-332,1080,21360,-1.82373046875,5.9326171875,117.333984375,98778.992,305.0,1,1,0,0,4695,244,1226,2430,2430,2430,2430,14417,F4line=4695;YAH=9720
DIRECT_SERIAL,839,1789354998268705998,2026-09-14T03:03:18.268706+00:00,-1,23978470896150,1789354998200000000,1789354998,200000000,38730122,1789354998207775,1789354998200000,2,4,25.047485542332144,28.13539642093389,gnss_local_enu_direct,25.047485542332144,28.13539642093389,110.4352608,-7.050651,236.51,6.031,8.75,3,1,13,0,0.2948,9.175,0.291,0.047,-0.276,1.078,180.0,99.0,5.02,114.75891158439354,neo3_calibrated_direct,1,27.4658,-8.11768,-32.6172,43.406780968673544,7,149.60217327621382,yahboom_calibrated_direct,0,3152,2936,2846,0.011870300012603544,0.5452774099155957,0.5454065985910418,127.45599523861452,neo3_calibrated_direct:gyro_integral,1,127.45599523861452,nan,117.333984375,0.0,-216,-65,2039,-1.0342951171875,-0.3112462158203125,9.763554370117188,9.823117353189607,0,0,0,0.0,0.0,0.0,0.0,0.0,0.0,0.0,-332,1080,21360,-1.82373046875,5.9326171875,117.333984375,98782.047,305.0,1,1,0,0,4705,245,1228,2433,2433,2433,2433,14439,F4line=4705;YAH=9732
DIRECT_SERIAL,840,1789354998327247161,2026-09-14T03:03:18.327247+00:00,-1,23978529437395,1789354998200000000,1789354998,200000000,38730122,1789354998207775,1789354998200000,2,4,25.047485542332144,28.13539642093389,gnss_local_enu_direct,25.047485542332144,28.13539642093389,110.4352608,-7.050651,236.51,6.031,8.75,3,1,13,0,0.2948,9.175,0.291,0.047,-0.276,1.078,180.0,99.0,5.02,115.03598433569431,neo3_calibrated_direct,1,27.4658,-8.05054,-32.6416,43.4126181483172,7,149.58604411121212,yahboom_calibrated_direct,0,3153,2937,2876,0.012024672427445843,0.545431136029283,0.5455636689674098,127.45599523861452,neo3_calibrated_direct:gyro_integral,1,127.45599523861452,nan,117.333984375,0.0,-215,-65,2034,-1.0295067138671874,-0.3112462158203125,9.739612353515625,9.798816616179437,0,0,0,0.0,0.0,0.0,0.0,0.0,0.0,0.0,-332,1080,21360,-1.82373046875,5.9326171875,117.333984375,98782.047,305.0,1,1,0,0,4707,245,1229,2435,2435,2435,2435,14449,F4line=4707;YAH=9740
DIRECT_SERIAL,841,1789354998378774743,2026-09-14T03:03:18.378775+00:00,-1,23978580964992,1789354998200000000,1789354998,200000000,38730122,1789354998207775,1789354998200000,2,4,25.047485542332144,28.13539642093389,gnss_local_enu_direct,25.047485542332144,28.13539642093389,110.4352608,-7.050651,236.51,6.031,8.75,3,1,13,0,0.2948,9.175,0.291,0.047,-0.276,1.078,180.0,99.0,5.02,115.10774757548431,neo3_calibrated_direct,1,27.4902,-8.05054,-32.5928,43.39139202850722,7,149.50534568853206,yahboom_calibrated_direct,0,3158,2937,2830,0.012780693778205445,0.5454469767527348,0.5455966922390115,127.45599523861452,neo3_calibrated_direct:gyro_integral,1,127.45599523861452,nan,117.333984375,0.0,-216,-64,2040,-1.0342951171875,-0.3064578125,9.7683427734375,9.827726253800968,0,0,0,0.0,0.0,0.0,0.0,0.0,0.0,0.0,-332,1080,21360,-1.82373046875,5.9326171875,117.333984375,98776.242,305.0,1,1,0,0,4713,245,1230,2438,2438,2438,2438,14467,F4line=4713;YAH=9752
DIRECT_SERIAL,842,1789354998431802232,2026-09-14T03:03:18.431802+00:00,-1,23978633992531,1789354998200000000,1789354998,200000000,38730122,1789354998207775,1789354998200000,2,4,25.047485542332144,28.13539642093389,gnss_local_enu_direct,25.047485542332144,28.13539642093389,110.4352608,-7.050651,236.51,6.031,8.75,3,1,13,0,0.2948,9.175,0.291,0.047,-0.276,1.078,180.0,99.0,5.02,115.0464780657522,neo3_calibrated_direct,1,27.4658,-8.05054,-32.6172,43.39427496538685,7,149.6183117326561,yahboom_calibrated_direct,0,3151,2935,2865,0.011715927597761248,0.5451236838019085,0.5452495700147219,127.45599523861452,neo3_calibrated_direct:gyro_integral,1,127.45599523861452,nan,117.333984375,0.0,-212,-64,2036,-1.01514150390625,-0.3064578125,9.749189160156249,9.806687409329585,0,0,0,0.0,0.0,0.0,0.0,0.0,0.0,0.0,-332,1080,21360,-1.82373046875,5.9326171875,117.333984375,98776.242,305.0,1,1,0,0,4717,245,1232,2441,2441,2441,2441,14483,F4line=4717;YAH=9764
DIRECT_SERIAL,843,1789354998486937241,2026-09-14T03:03:18.486937+00:00,-1,23978689127540,1789354998400000000,1789354998,400000000,38730323,1789354998408068,1789354998400000,2,4,24.992242611874214,28.069040252540322,gnss_local_enu_direct,24.992242611874214,28.069040252540322,110.4352603,-7.0506516,236.71,5.995,8.743,3,1,13,0,0.0646,8.005,0.064,0.009,-0.456,1.6063,180.0,99.0,5.01,114.80996294170772,neo3_calibrated_direct,1,27.4902,-8.11768,-32.6172,43.4222242689432,7,149.50542246199464,yahboom_calibrated_direct,0,3158,2939,2908,0.012787030067586197,0.5457480926907284,0.5458978739778323,127.45599523861452,neo3_calibrated_direct:gyro_integral,1,127.45599523861452,nan,117.333984375,0.0,-215,-64,2039,-1.0295067138671874,-0.3064578125,9.763554370117188,9.822463764401187,0,0,0,0.0,0.0,0.0,0.0,0.0,0.0,0.0,-332,1080,21360,-1.82373046875,5.9326171875,117.333984375,98777.773,305.0,1,1,0,0,4725,246,1233,2443,2443,2443,2443,14499,F4line=4725;YAH=9772
DIRECT_SERIAL,844,1789354998538938394,2026-09-14T03:03:18.538938+00:00,-1,23978741128691,1789354998400000000,1789354998,400000000,38730323,1789354998408068,1789354998400000,2,4,24.992242611874214,28.069040252540322,gnss_local_enu_direct,24.992242611874214,28.069040252540322,110.4352603,-7.0506516,236.71,5.995,8.743,3,1,13,0,0.0646,8.005,0.064,0.009,-0.456,1.6063,180.0,99.0,5.01,114.9261856614151,neo3_calibrated_direct,1,27.4658,-8.08105,-32.5928,43.381610742139344,7,149.57010898256658,yahboom_calibrated_direct,0,3154,2947,2938,0.012207558144501526,0.5469398838639418,0.5470761016869166,127.45599523861452,neo3_calibrated_direct:gyro_integral,1,127.45599523861452,nan,117.333984375,0.0,-212,-66,2034,-1.01514150390625,-0.316034619140625,9.739612353515625,9.797471048704486,0,0,0,0.0,0.0,0.0,0.0,0.0,0.0,0.0,-332,1080,21360,-1.82373046875,5.9326171875,117.333984375,98777.773,305.0,1,1,0,0,4727,246,1234,2446,2446,2446,2446,14513,F4line=4727;YAH=9784
DIRECT_SERIAL,845,1789354998606534385,2026-09-14T03:03:18.606534+00:00,-1,23978808725145,1789354998400000000,1789354998,400000000,38730323,1789354998408068,1789354998400000,2,4,24.992242611874214,28.069040252540322,gnss_local_enu_direct,24.992242611874214,28.069040252540322,110.4352603,-7.0506516,236.71,5.995,8.743,3,1,13,0,0.0646,8.005,0.064,0.009,-0.456,1.6063,180.0,99.0,5.01,115.14653060369427,neo3_calibrated_direct,1,27.5391,-8.06274,-32.6172,43.44296883222416,7,149.42471784708806,yahboom_calibrated_direct,0,3163,2938,2909,0.013539883273655424,0.5456133754451834,0.5457813517368937,127.45599523861452,neo3_calibrated_direct:gyro_integral,1,127.45599523861452,nan,117.333984375,0.0,-208,-66,2037,-0.9959878906249999,-0.316034619140625,9.753977563476562,9.809788380366376,0,0,0,0.0,0.0,0.0,0.0,0.0,0.0,0.0,-332,1080,21360,-1.82373046875,5.9326171875,117.333984375,98780.82,304.75,1,1,0,0,4733,246,1236,2449,2449,2449,2449,14531,F4line=4733;YAH=9796
DIRECT_SERIAL,846,1789354998658614089,2026-09-14T03:03:18.658614+00:00,-1,23978860804313,1789354998600000000,1789354998,600000000,38730522,1789354998606986,1789354998600000,2,4,24.981194448147935,28.03586238007816,gnss_local_enu_direct,24.981194448147935,28.03586238007816,110.4352602,-7.0506519,236.86,5.971,8.739,3,1,12,0,0.576,25.942,0.518,0.252,0.255,1.5959,158.734,99.0,5.01,115.01355851202213,neo3_calibrated_direct,1,27.4902,-8.06274,-32.6904,43.467011911420826,7,149.19976655534313,yahboom_calibrated_direct,0,3177,2945,2902,0.015678920068614946,0.5467116352538266,0.5469364137232327,127.45599523861452,neo3_calibrated_direct:gyro_integral,1,127.45599523861452,nan,117.333984375,0.0,-211,-64,2031,-1.0103531005859374,-0.3064578125,9.725247143554688,9.782390392022009,0,0,0,0.0,0.0,0.0,0.0,0.0,0.0,0.0,-332,1080,21360,-1.82373046875,5.9326171875,117.333984375,98778.992,304.75,1,1,0,0,4744,247,1237,2452,2452,2452,2452,14554,F4line=4744;YAH=9808
DIRECT_SERIAL,847,1789354998726440359,2026-09-14T03:03:18.726440+00:00,-1,23978928630613,1789354998600000000,1789354998,600000000,38730522,1789354998606986,1789354998600000,2,4,24.981194448147935,28.03586238007816,gnss_local_enu_direct,24.981194448147935,28.03586238007816,110.4352602,-7.0506519,236.86,5.971,8.739,3,1,12,0,0.576,25.942,0.518,0.252,0.255,1.5959,158.734,99.0,5.01,114.95093487790167,neo3_calibrated_direct,1,27.4902,-8.08716,-32.5928,43.39820116946784,7,149.4409064622548,yahboom_calibrated_direct,0,3162,2939,2836,0.01339184714819388,0.5457607652694899,0.5459250447429389,127.45599523861452,neo3_calibrated_direct:gyro_integral,1,127.45599523861452,nan,117.333984375,0.0,-211,-64,2030,-1.0103531005859374,-0.3064578125,9.720458740234374,9.77762997353166,0,0,0,0.0,0.0,0.0,0.0,0.0,0.0,0.0,-332,1080,21360,-1.82373046875,5.9326171875,117.333984375,98778.992,304.75,1,1,0,0,4748,247,1239,2455,2455,2455,2455,14570,F4line=4748;YAH=9820
DIRECT_SERIAL,848,1789354998779624249,2026-09-14T03:03:18.779624+00:00,-1,23978981814518,1789354998600000000,1789354998,600000000,38730522,1789354998606986,1789354998600000,2,4,24.981194448147935,28.03586238007816,gnss_local_enu_direct,24.981194448147935,28.03586238007816,110.4352602,-7.0506519,236.86,5.971,8.739,3,1,12,0,0.576,25.942,0.518,0.252,0.255,1.5959,158.734,99.0,5.01,114.9889524319706,neo3_calibrated_direct,1,27.4658,-8.06885,-32.5684,43.361010003487,7,149.14957526838472,yahboom_calibrated_direct,0,3180,2931,2834,0.01608817885340544,0.5446133281219421,0.5448509031532179,127.45599523861452,neo3_calibrated_direct:gyro_integral,1,127.45599523861452,nan,117.333984375,0.0,-215,-65,2039,-1.0295067138671874,-0.3112462158203125,9.763554370117188,9.822614327102256,0,0,0,0.0,0.0,0.0,0.0,0.0,0.0,0.0,-332,1080,21360,-1.82373046875,5.9326171875,117.333984375,98778.992,304.75,1,1,0,0,4756,247,1240,2458,2458,2458,2458,14590,F4line=4756;YAH=9832
DIRECT_SERIAL,849,1789354998831561959,2026-09-14T03:03:18.831562+00:00,-1,23979033752155,1789354998600000000,1789354998,600000000,38730522,1789354998606986,1789354998600000,2,4,24.981194448147935,28.03586238007816,gnss_local_enu_direct,24.981194448147935,28.03586238007816,110.4352602,-7.0506519,236.86,5.971,8.739,3,1,12,0,0.576,25.942,0.518,0.252,0.255,1.5959,158.734,99.0,5.01,115.08837690754966,neo3_calibrated_direct,1,27.4658,-8.03833,-32.6416,43.41035555473947,7,149.15175427655822,yahboom_calibrated_direct,0,3180,2947,2903,0.01613886916845146,0.5470222556258916,0.5472602774257188,127.45599523861452,neo3_calibrated_direct:gyro_integral,1,127.45599523861452,nan,117.333984375,0.0,-212,-64,2039,-1.01514150390625,-0.3064578125,9.763554370117188,9.820968516497228,0,0,0,0.0,0.0,0.0,0.0,0.0,0.0,0.0,-332,1080,21360,-1.82373046875,5.9326171875,117.333984375,98778.992,304.75,1,1,0,0,4760,247,1242,2461,2461,2461,2461,14606,F4line=4760;YAH=9844
DIRECT_SERIAL,850,1789354998885849175,2026-09-14T03:03:18.885849+00:00,-1,23979088039519,1789354998800000000,1789354998,800000000,38730722,1789354998807699,1789354998800000,2,4,24.892804381599944,27.92526714952707,gnss_local_enu_direct,24.892804381599944,27.92526714952707,110.4352594,-7.0506529,236.83,5.953,8.739,3,1,12,0,0.2022,49.614,0.131,0.154,-0.248,1.1709,180.0,99.0,5.01,114.81901943702849,neo3_calibrated_direct,1,27.5146,-8.11768,-32.7148,43.511011029191216,7,149.3450532365446,yahboom_calibrated_direct,0,3168,2950,2907,0.014333922360699544,0.5474359117965976,0.5476235375281222,127.45599523861452,neo3_calibrated_direct:gyro_integral,1,127.45599523861452,nan,117.333984375,0.0,-215,-64,2036,-1.0295067138671874,-0.3064578125,9.749189160156249,9.808184834374197,0,0,0,0.0,0.0,0.0,0.0,0.0,0.0,0.0,-332,1080,21360,-1.82373046875,5.9326171875,117.333984375,98778.078,304.75,1,1,0,0,4769,248,1243,2463,2463,2463,2463,14623,F4line=4769;YAH=9852
DIRECT_SERIAL,851,1789354998939649808,2026-09-14T03:03:18.939650+00:00,-1,23979141840139,1789354998800000000,1789354998,800000000,38730722,1789354998807699,1789354998800000,2,4,24.892804381599944,27.92526714952707,gnss_local_enu_direct,24.892804381599944,27.92526714952707,110.4352594,-7.0506529,236.83,5.953,8.739,3,1,12,0,0.2022,49.614,0.131,0.154,-0.248,1.1709,180.0,99.0,5.01,115.12346139230756,neo3_calibrated_direct,1,27.4902,-8.04443,-32.6172,43.40859000134535,7,149.50557575505619,yahboom_calibrated_direct,0,3158,2943,2903,0.012799702646347702,0.5463503245667158,0.5465002374583113,127.45599523861452,neo3_calibrated_direct:gyro_integral,1,127.45599523861452,nan,117.333984375,0.0,-213,-63,2037,-1.0199299072265624,-0.3016694091796875,9.753977563476562,9.811795949615655,0,0,0,0.0,0.0,0.0,0.0,0.0,0.0,0.0,-332,1080,21360,-1.82373046875,5.9326171875,117.333984375,98778.078,304.75,1,1,0,0,4771,248,1244,2466,2466,2466,2466,14637,F4line=4771;YAH=9864
DIRECT_SERIAL,852,1789354999005564528,2026-09-14T03:03:19.005564+00:00,-1,23979207754830,1789354998800000000,1789354998,800000000,38730722,1789354998807699,1789354998800000,2,4,24.892804381599944,27.92526714952707,gnss_local_enu_direct,24.892804381599944,27.92526714952707,110.4352594,-7.0506529,236.83,5.953,8.739,3,1,12,0,0.2022,49.614,0.131,0.154,-0.248,1.1709,180.0,99.0,5.01,115.0293084241714,neo3_calibrated_direct,1,27.4902,-8.06885,-32.5928,43.394792869680806,7,149.45641225670497,yahboom_calibrated_direct,0,3161,2927,2919,0.013202625141757443,0.5439509014968374,0.5441111031304691,127.45599523861452,neo3_calibrated_direct:gyro_integral,1,127.45599523861452,nan,117.333984375,0.0,-211,-66,2034,-1.0103531005859374,-0.316034619140625,9.739612353515625,9.796976067395141,0,0,0,0.0,0.0,0.0,0.0,0.0,0.0,0.0,-332,1080,21360,-1.82373046875,5.9326171875,117.333984375,98780.516,304.75,1,1,0,0,4776,248,1246,2469,2469,2469,2469,14654,F4line=4776;YAH=9876
DIRECT_SERIAL,853,1789354999059714472,2026-09-14T03:03:19.059715+00:00,-1,23979261904744,1789354999000000000,1789354999,0,38730930,1789354999015581,1789354999000000,2,4,24.815463076056474,27.781493416280227,gnss_local_enu_direct,24.815463076056474,27.781493416280227,110.4352587,-7.0506542,236.81,5.932,8.736,3,1,12,0,0.1935,71.003,0.063,0.183,-0.125,0.9119,180.0,99.0,4.98,115.23176122609912,neo3_calibrated_direct,1,27.4414,-8.00781,-32.4951,43.27917488776906,7,149.731541554688,yahboom_calibrated_direct,0,3144,2928,2975,0.010635320693865169,0.5440476010060978,0.5441515434203523,127.45599523861452,neo3_calibrated_direct:gyro_integral,1,127.45599523861452,nan,117.333984375,0.0,-210,-65,2032,-1.005564697265625,-0.3112462158203125,9.730035546875,9.786808790954304,0,0,0,0.0,0.0,0.0,0.0,0.0,0.0,0.0,-332,1080,21360,-1.82373046875,5.9326171875,117.333984375,98779.906,304.75,1,1,0,0,4785,249,1247,2472,2472,2472,2472,14675,F4line=4785;YAH=9888
DIRECT_SERIAL,854,1789354999125218962,2026-09-14T03:03:19.125219+00:00,-1,23979327409254,1789354999000000000,1789354999,0,38730930,1789354999015581,1789354999000000,2,4,24.815463076056474,27.781493416280227,gnss_local_enu_direct,24.815463076056474,27.781493416280227,110.4352587,-7.0506542,236.81,5.932,8.736,3,1,12,0,0.1935,71.003,0.063,0.183,-0.125,0.9119,180.0,99.0,4.98,115.3801830132336,neo3_calibrated_direct,1,27.4902,-7.9895,-32.5684,43.36177907846955,7,149.45609940220646,yahboom_calibrated_direct,0,3161,2921,2965,0.013183616273615186,0.5430475536828563,0.543207560053231,127.45599523861452,neo3_calibrated_direct:gyro_integral,1,127.45599523861452,nan,117.333984375,0.0,-209,-63,2035,-1.0007762939453124,-0.3016694091796875,9.744400756835937,9.800301206227415,0,0,0,0.0,0.0,0.0,0.0,0.0,0.0,0.0,-332,1080,21360,-1.82373046875,5.9326171875,117.333984375,98779.906,304.75,1,1,0,0,4789,249,1249,2475,2475,2475,2475,14691,F4line=4789;YAH=9900
DIRECT_SERIAL,855,1789354999179710562,2026-09-14T03:03:19.179710+00:00,-1,23979381900849,1789354999000000000,1789354999,0,38730930,1789354999015581,1789354999000000,2,4,24.815463076056474,27.781493416280227,gnss_local_enu_direct,24.815463076056474,27.781493416280227,110.4352587,-7.0506542,236.81,5.932,8.736,3,1,12,0,0.1935,71.003,0.063,0.183,-0.125,0.9119,180.0,99.0,4.98,114.98366390838333,neo3_calibrated_direct,1,27.4658,-8.06274,-32.6416,43.41488220077995,7,149.61818819908171,yahboom_calibrated_direct,0,3151,2918,2896,0.011662069138024849,0.5425641983289621,0.5426895182007198,127.45599523861452,neo3_calibrated_direct:gyro_integral,1,127.45599523861452,nan,117.333984375,0.0,-212,-64,2033,-1.01514150390625,-0.3064578125,9.734823950195311,9.79240654819292,0,0,0,0.0,0.0,0.0,0.0,0.0,0.0,0.0,-332,1080,21360,-1.82373046875,5.9326171875,117.333984375,98778.078,304.75,1,1,0,0,4792,249,1250,2478,2478,2478,2478,14706,F4line=4792;YAH=9912
DIRECT_SERIAL,856,1789354999234023224,2026-09-14T03:03:19.234023+00:00,-1,23979436213535,1789354999000000000,1789354999,0,38730930,1789354999015581,1789354999000000,2,4,24.815463076056474,27.781493416280227,gnss_local_enu_direct,24.815463076056474,27.781493416280227,110.4352587,-7.0506542,236.81,5.932,8.736,3,1,12,0,0.1935,71.003,0.063,0.183,-0.125,0.9119,180.0,99.0,4.98,115.077993007054,neo3_calibrated_direct,1,27.4658,-8.05054,-32.5439,43.33920616649087,7,149.61821008374415,yahboom_calibrated_direct,0,3151,2921,2849,0.01167157357209598,0.5430158722359526,0.5431412920500717,127.45599523861452,neo3_calibrated_direct:gyro_integral,1,127.45599523861452,nan,117.333984375,0.0,-214,-64,2036,-1.024718310546875,-0.3064578125,9.749189160156249,9.807683380254504,0,0,0,0.0,0.0,0.0,0.0,0.0,0.0,0.0,-332,1080,21360,-1.82373046875,5.9326171875,117.333984375,98778.078,304.75,1,1,0,0,4797,249,1252,2481,2481,2481,2481,14723,F4line=4797;YAH=9924
DIRECT_SERIAL,857,1789354999284874257,2026-09-14T03:03:19.284874+00:00,-1,23979487064470,1789354999200000000,1789354999,200000000,38731121,1789354999206740,1789354999200000,2,4,24.83756058148837,27.770433935462368,gnss_local_enu_direct,24.83756058148837,27.770433935462368,110.4352589,-7.0506543,236.82,5.908,8.729,3,1,12,0,0.7107,31.185,0.608,0.368,0.672,1.6471,132.787,99.0,5.02,115.14770670152393,neo3_calibrated_direct,1,27.4414,-8.02002,-32.5684,43.33649539730226,7,149.74784036510468,yahboom_calibrated_direct,0,3143,2924,2851,0.010471443844951743,0.5434422009854202,0.5435430773619289,127.45599523861452,neo3_calibrated_direct:gyro_integral,1,127.45599523861452,nan,117.333984375,0.0,-214,-65,2033,-1.024718310546875,-0.3112462158203125,9.734823950195311,9.793554980911107,0,0,0,0.0,0.0,0.0,0.0,0.0,0.0,0.0,-332,1080,21360,-1.82373046875,5.9326171875,117.333984375,98776.242,304.75,1,1,0,0,4804,250,1253,2483,2483,2483,2483,14738,F4line=4804;YAH=9932
DIRECT_SERIAL,858,1789354999339857265,2026-09-14T03:03:19.339857+00:00,-1,23979542047700,1789354999200000000,1789354999,200000000,38731121,1789354999206740,1789354999200000,2,4,24.83756058148837,27.770433935462368,gnss_local_enu_direct,24.83756058148837,27.770433935462368,110.4352589,-7.0506543,236.82,5.908,8.729,3,1,12,0,0.7107,31.185,0.608,0.368,0.672,1.6471,132.787,99.0,5.02,115.29105568732925,neo3_calibrated_direct,1,27.4902,-8.00781,-32.5928,43.383484517453184,7,149.48912141395834,yahboom_calibrated_direct,0,3159,2935,2829,0.012925561758976613,0.5451490289594314,0.5453022408923295,127.45599523861452,neo3_calibrated_direct:gyro_integral,1,127.45599523861452,nan,117.333984375,0.0,-214,-65,2037,-1.024718310546875,-0.3112462158203125,9.753977563476562,9.812593955302374,0,0,0,0.0,0.0,0.0,0.0,0.0,0.0,0.0,-332,1080,21360,-1.82373046875,5.9326171875,117.333984375,98776.242,304.75,1,1,0,0,4806,250,1254,2486,2486,2486,2486,14752,F4line=4806;YAH=9944
DIRECT_SERIAL,859,1789354999404537013,2026-09-14T03:03:19.404537+00:00,-1,23979606727313,1789354999200000000,1789354999,200000000,38731121,1789354999206740,1789354999200000,2,4,24.83756058148837,27.770433935462368,gnss_local_enu_direct,24.83756058148837,27.770433935462368,110.4352589,-7.0506543,236.82,5.908,8.729,3,1,12,0,0.7107,31.185,0.608,0.368,0.672,1.6471,132.787,99.0,5.02,115.19320682425354,neo3_calibrated_direct,1,27.4658,-8.01392,-32.6416,43.40584216400369,7,149.24519553224243,yahboom_calibrated_direct,0,3174,2919,2918,0.015142935496209401,0.5427876236258375,0.5429988147839977,127.45599523861452,neo3_calibrated_direct:gyro_integral,1,127.45599523861452,nan,117.333984375,0.0,-212,-63,2036,-1.01514150390625,-0.3016694091796875,9.749189160156249,9.806538940212086,0,0,0,0.0,0.0,0.0,0.0,0.0,0.0,0.0,-332,1080,21360,-1.82373046875,5.9326171875,117.333984375,98779.297,304.75,1,1,0,0,4814,250,1256,2489,2489,2489,2489,14772,F4line=4814;YAH=9956
DIRECT_SERIAL,860,1789354999460055578,2026-09-14T03:03:19.460056+00:00,-1,23979662245785,1789354999400000000,1789354999,400000000,38731324,1789354999409299,1789354999400000,2,4,24.8596576813002,27.80361202811388,gnss_local_enu_direct,24.8596576813002,27.80361202811388,110.4352591,-7.050654,236.72,5.884,8.718,3,1,12,0,0.8176,33.982,0.678,0.457,0.793,1.656,116.041,99.0,5.0,115.14770670152393,neo3_calibrated_direct,1,27.4414,-8.02002,-32.5684,43.33649539730226,7,149.16586389553098,yahboom_calibrated_direct,0,3179,2932,2912,0.015940142727943897,0.5447607179462484,0.5449938788348904,127.45599523861452,neo3_calibrated_direct:gyro_integral,1,127.45599523861452,nan,117.333984375,0.0,-209,-65,2031,-1.0007762939453124,-0.3112462158203125,9.725247143554688,9.781557105113889,0,0,0,0.0,0.0,0.0,0.0,0.0,0.0,0.0,-332,1080,21360,-1.82373046875,5.9326171875,117.333984375,98779.602,304.75,1,1,0,0,4822,251,1257,2492,2492,2492,2492,14792,F4line=4822;YAH=9968
DIRECT_SERIAL,861,1789354999524415797,2026-09-14T03:03:19.524416+00:00,-1,23979726606007,1789354999400000000,1789354999,400000000,38731324,1789354999409299,1789354999400000,2,4,24.8596576813002,27.80361202811388,gnss_local_enu_direct,24.8596576813002,27.80361202811388,110.4352591,-7.050654,236.72,5.884,8.718,3,1,12,0,0.8176,33.982,0.678,0.457,0.793,1.656,116.041,99.0,5.0,115.47987938974767,neo3_calibrated_direct,1,27.4902,-7.97119,-32.5195,43.321690252183146,7,149.37461031585912,yahboom_calibrated_direct,0,3166,2915,2950,0.01392062875623253,0.5421600465923272,0.5423387318143185,127.45599523861452,neo3_calibrated_direct:gyro_integral,1,127.45599523861452,nan,117.333984375,0.0,-211,-65,2036,-1.0103531005859374,-0.3112462158203125,9.749189160156249,9.80634370574651,0,0,0,0.0,0.0,0.0,0.0,0.0,0.0,0.0,-332,1080,21360,-1.82373046875,5.9326171875,117.333984375,98779.602,304.75,1,1,0,0,4826,251,1259,2495,2495,2495,2495,14808,F4line=4826;YAH=9980
DIRECT_SERIAL,862,1789354999579948991,2026-09-14T03:03:19.579949+00:00,-1,23979782139280,1789354999400000000,1789354999,400000000,38731324,1789354999409299,1789354999400000,2,4,24.8596576813002,27.80361202811388,gnss_local_enu_direct,24.8596576813002,27.80361202811388,110.4352591,-7.050654,236.72,5.884,8.718,3,1,12,0,0.8176,33.982,0.678,0.457,0.793,1.656,116.041,99.0,5.0,114.9808069720408,neo3_calibrated_direct,1,27.5146,-8.08716,-32.6416,43.450309786992314,7,149.47211751888642,yahboom_calibrated_direct,0,3160,2917,2913,0.013019739424701759,0.5424421536621786,0.5425983815718121,127.45599523861452,neo3_calibrated_direct:gyro_integral,1,127.45599523861452,nan,117.333984375,0.0,-215,-65,2034,-1.0295067138671874,-0.3112462158203125,9.739612353515625,9.798816616179437,0,0,0,0.0,0.0,0.0,0.0,0.0,0.0,0.0,-332,1080,21360,-1.82373046875,5.9326171875,117.333984375,98777.469,304.75,1,1,0,0,4830,251,1260,2498,2498,2498,2498,14824,F4line=4830;YAH=9992
DIRECT_SERIAL,863,1789354999630817307,2026-09-14T03:03:19.630817+00:00,-1,23979833007542,1789354999400000000,1789354999,400000000,38731324,1789354999409299,1789354999400000,2,4,24.8596576813002,27.80361202811388,gnss_local_enu_direct,24.8596576813002,27.80361202811388,110.4352591,-7.050654,236.72,5.884,8.718,3,1,12,0,0.8176,33.982,0.678,0.457,0.793,1.656,116.041,99.0,5.0,115.34541626732222,neo3_calibrated_direct,1,27.4658,-7.9834,-32.5928,43.36352680583073,7,149.69923441534937,yahboom_calibrated_direct,0,3146,2924,2870,0.010925056655407505,0.5434517054194913,0.5435615080064788,127.45599523861452,neo3_calibrated_direct:gyro_integral,1,127.45599523861452,nan,117.333984375,0.0,-213,-65,2034,-1.0199299072265624,-0.3112462158203125,9.739612353515625,9.797815063536962,0,0,0,0.0,0.0,0.0,0.0,0.0,0.0,0.0,-332,1080,21360,-1.82373046875,5.9326171875,117.333984375,98777.469,304.75,1,1,0,0,4834,251,1262,2501,2501,2501,2501,14840,F4line=4834;YAH=10004
DIRECT_SERIAL,864,1789354999683903865,2026-09-14T03:03:19.683904+00:00,-1,23979886094217,1789354999600000000,1789354999,600000000,38731523,1789354999608303,1789354999600000,2,4,24.870706635486066,27.847850297983637,gnss_local_enu_direct,24.870706635486066,27.847850297983637,110.4352592,-7.0506536,236.77,5.863,8.711,3,1,12,0,0.7001,11.117,0.687,0.135,-0.05,1.0029,82.074,99.0,5.01,115.18810659686363,neo3_calibrated_direct,1,27.4658,-8.02002,-32.5684,43.35195000228248,7,149.58581734223236,yahboom_calibrated_direct,0,3153,2923,2891,0.011980318401780573,0.5433233244633271,0.5434553918537287,127.45599523861452,neo3_calibrated_direct:gyro_integral,1,127.45599523861452,nan,117.333984375,0.0,-212,-65,2031,-1.01514150390625,-0.3112462158203125,9.725247143554688,9.78303728312604,0,0,0,0.0,0.0,0.0,0.0,0.0,0.0,0.0,-332,1081,21360,-1.82373046875,5.9381103515625,117.333984375,98780.516,304.75,1,1,0,0,4842,252,1263,2503,2503,2503,2503,14856,F4line=4842;YAH=10012
DIRECT_SERIAL,865,1789354999734436277,2026-09-14T03:03:19.734436+00:00,-1,23979936626401,1789354999600000000,1789354999,600000000,38731523,1789354999608303,1789354999600000,2,4,24.870706635486066,27.847850297983637,gnss_local_enu_direct,24.870706635486066,27.847850297983637,110.4352592,-7.0506536,236.77,5.863,8.711,3,1,12,0,0.7001,11.117,0.687,0.135,-0.05,1.0029,82.074,99.0,5.01,115.28970692545516,neo3_calibrated_direct,1,27.4414,-7.9895,-32.5195,43.294115356015766,7,149.52138264320806,yahboom_calibrated_direct,0,3157,2934,2904,0.012619985073982395,0.5449921347010539,0.5451382310105202,127.45599523861452,neo3_calibrated_direct:gyro_integral,1,127.45599523861452,nan,117.333984375,0.0,-214,-66,2035,-1.024718310546875,-0.316034619140625,9.744400756835937,9.803227611674135,0,0,0,0.0,0.0,0.0,0.0,0.0,0.0,0.0,-332,1081,21360,-1.82373046875,5.9381103515625,117.333984375,98780.516,304.75,1,1,0,0,4845,252,1264,2506,2506,2506,2506,14871,F4line=4845;YAH=10024
DIRECT_SERIAL,866,1789354999784688518,2026-09-14T03:03:19.784689+00:00,-1,23979986878666,1789354999600000000,1789354999,600000000,38731523,1789354999608303,1789354999600000,2,4,24.870706635486066,27.847850297983637,gnss_local_enu_direct,24.870706635486066,27.847850297983637,110.4352592,-7.0506536,236.77,5.863,8.711,3,1,12,0,0.7001,11.117,0.687,0.135,-0.05,1.0029,82.074,99.0,5.01,114.98090519189384,neo3_calibrated_direct,1,27.5146,-8.08716,-32.6172,43.4319825228552,7,149.47259461658365,yahboom_calibrated_direct,0,3160,2927,2885,0.013051420871605521,0.5439477333521471,0.5441042879868769,127.45599523861452,neo3_calibrated_direct:gyro_integral,1,127.45599523861452,nan,117.333984375,0.0,-213,-64,2038,-1.0199299072265624,-0.3064578125,9.758765966796874,9.81670446744784,0,0,0,0.0,0.0,0.0,0.0,0.0,0.0,0.0,-332,1081,21360,-1.82373046875,5.9381103515625,117.333984375,98776.859,304.75,1,1,0,0,4854,252,1266,2509,2509,2509,2509,14892,F4line=4854;YAH=10036
DIRECT_SERIAL,867,1789354999835027091,2026-09-14T03:03:19.835027+00:00,-1,23980037217247,1789354999800000000,1789354999,800000000,38731721,1789354999806270,1789354999800000,2,4,24.870706635486066,27.847850297983637,gnss_local_enu_direct,24.870706635486066,27.847850297983637,110.4352592,-7.0506536,236.77,5.863,8.711,3,1,12,0,0.7001,11.117,0.687,0.135,-0.05,1.0029,82.074,99.0,5.01,115.06592298442506,neo3_calibrated_direct,1,27.4902,-8.05054,-32.666,43.44640199523546,7,149.35940562088456,yahboom_calibrated_direct,0,3167,2928,2854,0.014113018907359344,0.5441204683339765,0.5443034644044308,127.45599523861452,neo3_calibrated_direct:gyro_integral,1,127.45599523861452,nan,117.333984375,0.0,-214,-63,2035,-1.024718310546875,-0.3016694091796875,9.744400756835937,9.802775023340565,0,0,0,0.0,0.0,0.0,0.0,0.0,0.0,0.0,-332,1081,21360,-1.82373046875,5.9381103515625,117.333984375,98776.859,304.75,1,1,0,0,4858,252,1267,2511,2511,2511,2511,14904,F4line=4858;YAH=10044
DIRECT_SERIAL,868,1789354999900635496,2026-09-14T03:03:19.900635+00:00,-1,23980102826401,1789354999800000000,1789354999,800000000,38731721,1789354999806270,1789354999800000,2,4,24.8154633147422,27.7925531934876,gnss_local_enu_direct,24.8154633147422,27.7925531934876,110.4352587,-7.0506541,236.87,5.847,8.703,3,1,12,0,0.0469,101.07,-0.009,0.046,-0.792,1.6967,180.0,99.0,5.01,114.87123041739936,neo3_calibrated_direct,1,27.5146,-8.10547,-32.6904,43.490390998942516,7,149.47259461658365,yahboom_calibrated_direct,0,3160,2927,2885,0.013051420871605521,0.5439477333521471,0.5441042879868769,127.45599523861452,neo3_calibrated_direct:gyro_integral,1,127.45599523861452,nan,117.333984375,0.0,-213,-64,2032,-1.0199299072265624,-0.3064578125,9.730035546875,9.78814411162548,0,0,0,0.0,0.0,0.0,0.0,0.0,0.0,0.0,-332,1081,21360,-1.82373046875,5.9381103515625,117.333984375,98780.516,304.75,1,1,0,0,4864,253,1268,2514,2514,2514,2514,14922,F4line=4864;YAH=10056
DIRECT_SERIAL,869,1789354999963258230,2026-09-14T03:03:19.963258+00:00,-1,23980165448554,1789354999800000000,1789354999,800000000,38731721,1789354999806270,1789354999800000,2,4,24.8154633147422,27.7925531934876,gnss_local_enu_direct,24.8154633147422,27.7925531934876,110.4352587,-7.0506541,236.87,5.847,8.703,3,1,12,0,0.0469,101.07,-0.009,0.046,-0.792,1.6967,180.0,99.0,5.01,115.0046516372167,neo3_calibrated_direct,1,27.4658,-8.06274,-32.5928,43.37820371785351,7,149.2962497272267,yahboom_calibrated_direct,0,3171,2944,2906,0.01476852630301305,0.5465420684166876,0.5467415677615468,127.45599523861452,neo3_calibrated_direct:gyro_integral,1,127.45599523861452,nan,117.333984375,0.0,-209,-65,2034,-1.0007762939453124,-0.3112462158203125,9.739612353515625,9.79583973910045,0,0,0,0.0,0.0,0.0,0.0,0.0,0.0,0.0,-332,1080,21360,-1.82373046875,5.9326171875,117.333984375,98778.383,304.75,1,1,0,0,4869,253,1270,2517,2517,2517,2517,14939,F4line=4869;YAH=10068
DIRECT_SERIAL,870,1789355000020537600,2026-09-14T03:03:20.020538+00:00,-1,23980222727972,1789354999800000000,1789354999,800000000,38731721,1789354999806270,1789354999800000,2,4,24.8154633147422,27.7925531934876,gnss_local_enu_direct,24.8154633147422,27.7925531934876,110.4352587,-7.0506541,236.87,5.847,8.703,3,1,12,0,0.0469,101.07,-0.009,0.046,-0.792,1.6967,180.0,99.0,5.01,114.99271289409144,neo3_calibrated_direct,1,27.4902,-8.07495,-32.6172,43.414256291942856,7,149.56998591746657,yahboom_calibrated_direct,0,3154,2941,2857,0.012188549276359267,0.5460365360499607,0.5461725546335172,127.45599523861452,neo3_calibrated_direct:gyro_integral,1,127.45599523861452,nan,117.333984375,0.0,-211,-65,2038,-1.0103531005859374,-0.3112462158203125,9.758765966796874,9.815864749956521,0,0,0,0.0,0.0,0.0,0.0,0.0,0.0,0.0,-332,1080,21360,-1.82373046875,5.9326171875,117.333984375,98778.383,304.75,1,1,0,0,4871,253,1271,2520,2520,2520,2520,14953,F4line=4871;YAH=10080
DIRECT_SERIAL,871,1789355000082945738,2026-09-14T03:03:20.082946+00:00,-1,23980285136045,1789355000000000000,1789355000,0,38731929,1789355000014249,1789355000000000,2,4,24.760220042359446,27.68195860292989,gnss_local_enu_direct,24.760220042359446,27.68195860292989,110.4352582,-7.0506551,236.99,5.828,8.7,3,1,12,0,0.0924,160.388,-0.087,0.031,-0.579,1.68,180.0,99.0,4.98,114.51134208432043,neo3_calibrated_direct,1,27.5391,-8.19702,-32.7637,43.57812758001886,7,149.50503774519197,yahboom_calibrated_direct,0,3158,2929,2930,0.012755348620682434,0.54424251300076,0.5443919652932229,127.45599523861452,neo3_calibrated_direct:gyro_integral,1,127.45599523861452,nan,117.333984375,0.0,-211,-65,2032,-1.0103531005859374,-0.3112462158203125,9.730035546875,9.78730194375228,0,0,0,0.0,0.0,0.0,0.0,0.0,0.0,0.0,-332,1080,21360,-1.82373046875,5.9326171875,117.333984375,98779.297,304.75,1,1,0,0,4882,254,1273,2523,2523,2523,2523,14976,F4line=4882;YAH=10092
DIRECT_SERIAL,872,1789355000140692329,2026-09-14T03:03:20.140692+00:00,-1,23980342882784,1789355000000000000,1789355000,0,38731929,1789355000014249,1789355000000000,2,4,24.760220042359446,27.68195860292989,gnss_local_enu_direct,24.760220042359446,27.68195860292989,110.4352582,-7.0506551,236.99,5.828,8.7,3,1,12,0,0.0924,160.388,-0.087,0.031,-0.579,1.68,180.0,99.0,4.98,114.9076899355842,neo3_calibrated_direct,1,27.5146,-8.09937,-32.6904,43.489254531629996,7,149.40917019169297,yahboom_calibrated_direct,0,3164,2947,2885,0.013719600846020731,0.5469715653108455,0.5471436015398249,127.45599523861452,neo3_calibrated_direct:gyro_integral,1,127.45599523861452,nan,117.333984375,0.0,-213,-66,2035,-1.0199299072265624,-0.316034619140625,9.744400756835937,9.802728242993137,0,0,0,0.0,0.0,0.0,0.0,0.0,0.0,0.0,-332,1080,21360,-1.82373046875,5.9326171875,117.333984375,98779.297,304.75,1,1,0,0,4884,254,1274,2526,2526,2526,2526,14990,F4line=4884;YAH=10104
DIRECT_SERIAL,873,1789355000202715345,2026-09-14T03:03:20.202715+00:00,-1,23980404905589,1789355000000000000,1789355000,0,38731929,1789355000014249,1789355000000000,2,4,24.760220042359446,27.68195860292989,gnss_local_enu_direct,24.760220042359446,27.68195860292989,110.4352582,-7.0506551,236.99,5.828,8.7,3,1,12,0,0.0924,160.388,-0.087,0.031,-0.579,1.68,180.0,99.0,4.98,114.64502029654369,neo3_calibrated_direct,1,27.4414,-8.12988,-32.6416,43.411973386778904,7,149.74690409354818,yahboom_calibrated_direct,0,3143,2957,2903,0.010575992619734161,0.548410613962316,0.5485125824686404,127.45599523861452,neo3_calibrated_direct:gyro_integral,1,127.45599523861452,nan,117.333984375,0.0,-214,-62,2035,-1.024718310546875,-0.296881005859375,9.744400756835937,9.802628834013603,0,0,0,0.0,0.0,0.0,0.0,0.0,0.0,0.0,-332,1080,21360,-1.82373046875,5.9326171875,117.333984375,98782.047,304.75,1,1,0,0,4889,254,1276,2529,2529,2529,2529,15007,F4line=4889;YAH=10116
DIRECT_SERIAL,874,1789355000260639760,2026-09-14T03:03:20.260640+00:00,-1,23980462830028,1789355000200000000,1789355000,200000000,38732123,1789355000208815,1789355000200000,2,4,24.727074871369485,27.593483723459993,gnss_local_enu_direct,24.727074871369485,27.593483723459993,110.4352579,-7.0506559,237.27,5.807,8.693,3,1,12,0,0.1724,216.272,-0.139,-0.102,-0.813,1.695,180.0,99.0,5.01,114.80996294170772,neo3_calibrated_direct,1,27.4902,-8.11768,-32.6172,43.4222242689432,7,149.61844843399174,yahboom_calibrated_direct,0,3151,2954,2969,0.011776122346878398,0.5479842852128486,0.5481108043979477,127.45599523861452,neo3_calibrated_direct:gyro_integral,1,127.45599523861452,nan,117.333984375,0.0,-212,-64,2031,-1.01514150390625,-0.3064578125,9.725247143554688,9.782886111317762,0,0,0,0.0,0.0,0.0,0.0,0.0,0.0,0.0,-332,1080,21360,-1.82373046875,5.9326171875,117.333984375,98780.516,304.75,1,1,0,0,4897,255,1277,2532,2532,2532,2532,15027,F4line=4897;YAH=10128
DIRECT_SERIAL,875,1789355000330723187,2026-09-14T03:03:20.330723+00:00,-1,23980532913355,1789355000200000000,1789355000,200000000,38732123,1789355000208815,1789355000200000,2,4,24.727074871369485,27.593483723459993,gnss_local_enu_direct,24.727074871369485,27.593483723459993,110.4352579,-7.0506559,237.27,5.807,8.693,3,1,12,0,0.1724,216.272,-0.139,-0.102,-0.813,1.695,180.0,99.0,5.01,114.97034098405798,neo3_calibrated_direct,1,27.5146,-8.08716,-32.666,43.46864302029222,7,149.55391359226473,yahboom_calibrated_direct,0,3155,2943,2951,0.01234608983589194,0.5463408201326447,0.5464802994412944,127.45599523861452,neo3_calibrated_direct:gyro_integral,1,127.45599523861452,nan,117.333984375,0.0,-208,-66,2032,-0.9959878906249999,-0.316034619140625,9.730035546875,9.785982909356528,0,0,0,0.0,0.0,0.0,0.0,0.0,0.0,0.0,-332,1080,21360,-1.82373046875,5.9326171875,117.333984375,98780.516,304.75,1,1,0,0,4901,255,1279,2535,2535,2534,2534,15041,F4line=4901;YAH=10138
DIRECT_SERIAL,876,1789355000380928578,2026-09-14T03:03:20.380929+00:00,-1,23980583118821,1789355000200000000,1789355000,200000000,38732123,1789355000208815,1789355000200000,2,4,24.727074871369485,27.593483723459993,gnss_local_enu_direct,24.727074871369485,27.593483723459993,110.4352579,-7.0506559,237.27,5.807,8.693,3,1,12,0,0.1724,216.272,-0.139,-0.102,-0.813,1.695,180.0,99.0,5.01,114.94045599405526,neo3_calibrated_direct,1,27.4902,-8.08716,-32.6172,43.416528980857045,7,149.65060641523232,yahboom_calibrated_direct,0,3149,2939,2891,0.011426191636218911,0.545719579388515,0.545839186192495,127.45599523861452,neo3_calibrated_direct:gyro_integral,1,127.45599523861452,nan,117.333984375,0.0,-208,-65,2037,-0.9959878906249999,-0.3112462158203125,9.753977563476562,9.809635283431199,0,0,0,0.0,0.0,0.0,0.0,0.0,0.0,0.0,-332,1080,21360,-1.82373046875,5.9326171875,117.333984375,98782.352,304.75,1,1,0,0,4908,255,1281,2538,2538,2538,2538,15062,F4line=4908;YAH=10152
DIRECT_SERIAL,877,1789355000431556721,2026-09-14T03:03:20.431557+00:00,-1,23980633747034,1789355000200000000,1789355000,200000000,38732123,1789355000208815,1789355000200000,2,4,24.727074871369485,27.593483723459993,gnss_local_enu_direct,24.727074871369485,27.593483723459993,110.4352579,-7.0506559,237.27,5.807,8.693,3,1,12,0,0.1724,216.272,-0.139,-0.102,-0.813,1.695,180.0,99.0,5.01,114.86852720112529,neo3_calibrated_direct,1,27.4658,-8.08716,-32.666,43.43777022943972,7,149.5535879170956,yahboom_calibrated_direct,0,3155,2930,2872,0.012304903954917049,0.5443835665356858,0.544522614934819,127.45599523861452,neo3_calibrated_direct:gyro_integral,1,127.45599523861452,nan,117.333984375,0.0,-215,-66,2037,-1.0295067138671874,-0.316034619140625,9.753977563476562,9.813248201446713,0,0,0,0.0,0.0,0.0,0.0,0.0,0.0,0.0,-332,1080,21360,-1.82373046875,5.9326171875,117.333984375,98782.352,304.75,1,1,0,0,4911,255,1282,2541,2541,2541,2541,15077,F4line=4911;YAH=10164
DIRECT_SERIAL,878,1789355000481837427,2026-09-14T03:03:20.481837+00:00,-1,23980684027810,1789355000400000000,1789355000,400000000,38732323,1789355000408802,1789355000400000,2,4,24.716027492043047,27.593485252737086,gnss_local_enu_direct,24.716027492043047,27.593485252737086,110.4352578,-7.0506559,237.62,5.788,8.682,3,1,12,0,0.2818,332.98,0.251,-0.128,-0.52,1.3821,180.0,99.0,5.01,114.87774701168281,neo3_calibrated_direct,1,27.4902,-8.09937,-32.6416,43.43713780852624,7,149.650616542078,yahboom_calibrated_direct,0,3149,2933,2834,0.011407182768076654,0.544816231574534,0.5449356384067576,127.45599523861452,neo3_calibrated_direct:gyro_integral,1,127.45599523861452,nan,117.333984375,0.0,-211,-65,2037,-1.0103531005859374,-0.3112462158203125,9.753977563476562,9.81110421428344,0,0,0,0.0,0.0,0.0,0.0,0.0,0.0,0.0,-332,1080,21360,-1.82373046875,5.9326171875,117.333984375,98779.297,304.75,1,1,0,0,4919,256,1283,2543,2543,2543,2543,15093,F4line=4919;YAH=10172
DIRECT_SERIAL,879,1789355000541716204,2026-09-14T03:03:20.541716+00:00,-1,23980743906451,1789355000400000000,1789355000,400000000,38732323,1789355000408802,1789355000400000,2,4,24.716027492043047,27.593485252737086,gnss_local_enu_direct,24.716027492043047,27.593485252737086,110.4352578,-7.0506559,237.62,5.788,8.682,3,1,12,0,0.2818,332.98,0.251,-0.128,-0.52,1.3821,180.0,99.0,5.01,114.4765833192954,neo3_calibrated_direct,1,27.4902,-8.19092,-32.666,43.47263302914145,7,149.56994480523232,yahboom_calibrated_direct,0,3154,2939,2846,0.012182212986978514,0.545735420111967,0.5458713722829264,127.45599523861452,neo3_calibrated_direct:gyro_integral,1,127.45599523861452,nan,117.333984375,0.0,-214,-64,2037,-1.024718310546875,-0.3064578125,9.753977563476562,9.812443238848136,0,0,0,0.0,0.0,0.0,0.0,0.0,0.0,0.0,-332,1080,21360,-1.82373046875,5.9326171875,117.333984375,98779.297,304.75,1,1,0,0,4921,256,1284,2546,2546,2546,2546,15107,F4line=4921;YAH=10184
DIRECT_SERIAL,880,1789355000601546277,2026-09-14T03:03:20.601546+00:00,-1,23980803736655,1789355000400000000,1789355000,400000000,38732323,1789355000408802,1789355000400000,2,4,24.716027492043047,27.593485252737086,gnss_local_enu_direct,24.716027492043047,27.593485252737086,110.4352578,-7.0506559,237.62,5.788,8.682,3,1,12,0,0.2818,332.98,0.251,-0.128,-0.52,1.3821,180.0,99.0,5.01,114.82949066248418,neo3_calibrated_direct,1,27.5146,-8.11768,-32.6904,43.49266827756605,7,149.47325813376037,yahboom_calibrated_direct,0,3160,2941,2797,0.01309577489727079,0.5460555449181029,0.546212557028824,127.45599523861452,neo3_calibrated_direct:gyro_integral,1,127.45599523861452,nan,117.333984375,0.0,-214,-65,2035,-1.024718310546875,-0.3112462158203125,9.744400756835937,9.80307441227788,0,0,0,0.0,0.0,0.0,0.0,0.0,0.0,0.0,-332,1080,21360,-1.82373046875,5.9326171875,117.333984375,98778.688,304.75,1,1,0,0,4927,256,1286,2549,2549,2549,2549,15125,F4line=4927;YAH=10196
DIRECT_SERIAL,881,1789355000661485076,2026-09-14T03:03:20.661485+00:00,-1,23980863675492,1789355000600000000,1789355000,600000000,38732523,1789355000608522,1789355000600000,2,4,24.771272550324316,27.693022351155143,gnss_local_enu_direct,24.771272550324316,27.693022351155143,110.4352583,-7.050655,237.96,5.772,8.671,3,1,12,0,0.541,21.015,0.505,0.194,0.024,1.149,121.697,99.0,5.01,115.36971311656202,neo3_calibrated_direct,1,27.4902,-7.9895,-32.5928,43.380108553690825,7,149.53771230932333,yahboom_calibrated_direct,0,3156,2940,2833,0.012487789671972734,0.5458923143703446,0.5460351305360329,127.45599523861452,neo3_calibrated_direct:gyro_integral,1,127.45599523861452,nan,117.333984375,0.0,-210,-64,2038,-1.005564697265625,-0.3064578125,9.758765966796874,9.815222358456385,0,0,0,0.0,0.0,0.0,0.0,0.0,0.0,0.0,-332,1080,21360,-1.82373046875,5.9326171875,117.333984375,98775.023,304.75,1,1,0,0,4935,257,1287,2552,2552,2552,2552,15145,F4line=4935;YAH=10208
DIRECT_SERIAL,882,1789355000721351859,2026-09-14T03:03:20.721352+00:00,-1,23980923542210,1789355000600000000,1789355000,600000000,38732523,1789355000608522,1789355000600000,2,4,24.771272550324316,27.693022351155143,gnss_local_enu_direct,24.771272550324316,27.693022351155143,110.4352583,-7.050655,237.96,5.772,8.671,3,1,12,0,0.541,21.015,0.505,0.194,0.024,1.149,121.697,99.0,5.01,115.45041736220189,neo3_calibrated_direct,1,27.4658,-7.97119,-32.4707,43.26957820624209,7,149.537947396212,yahboom_calibrated_direct,0,3156,2948,2846,0.012513134829495742,0.5470967781223193,0.547239858905657,127.45599523861452,neo3_calibrated_direct:gyro_integral,1,127.45599523861452,nan,117.333984375,0.0,-210,-65,2033,-1.005564697265625,-0.3112462158203125,9.734823950195311,9.791569430308178,0,0,0,0.0,0.0,0.0,0.0,0.0,0.0,0.0,-332,1080,21360,-1.82373046875,5.9326171875,117.333984375,98775.023,304.75,1,1,0,0,4939,257,1289,2555,2555,2555,2555,15161,F4line=4939;YAH=10220
DIRECT_SERIAL,883,1789355000781150268,2026-09-14T03:03:20.781150+00:00,-1,23980983340684,1789355000600000000,1789355000,600000000,38732523,1789355000608522,1789355000600000,2,4,24.771272550324316,27.693022351155143,gnss_local_enu_direct,24.771272550324316,27.693022351155143,110.4352583,-7.050655,237.96,5.772,8.671,3,1,12,0,0.541,21.015,0.505,0.194,0.024,1.149,121.697,99.0,5.01,114.86214679476241,neo3_calibrated_direct,1,27.4902,-8.10547,-32.6172,43.41994329568959,7,149.65060473068337,yahboom_calibrated_direct,0,3149,2940,2848,0.011429359780909289,0.5458701373575119,0.5459897774901197,127.45599523861452,neo3_calibrated_direct:gyro_integral,1,127.45599523861452,nan,117.333984375,0.0,-209,-65,2030,-1.0007762939453124,-0.3112462158203125,9.720458740234374,9.776796280887938,0,0,0,0.0,0.0,0.0,0.0,0.0,0.0,0.0,-332,1080,21360,-1.82373046875,5.9326171875,117.333984375,98779.602,304.75,1,1,0,0,4947,257,1290,2558,2558,2558,2558,15181,F4line=4947;YAH=10232
DIRECT_SERIAL,884,1789355000833582442,2026-09-14T03:03:20.833582+00:00,-1,23981035772659,1789355000600000000,1789355000,600000000,38732523,1789355000608522,1789355000600000,2,4,24.771272550324316,27.693022351155143,gnss_local_enu_direct,24.771272550324316,27.693022351155143,110.4352583,-7.050655,237.96,5.772,8.671,3,1,12,0,0.541,21.015,0.505,0.194,0.024,1.149,121.697,99.0,5.01,114.77342032472097,neo3_calibrated_direct,1,27.4902,-8.12378,-32.6416,43.441695962386184,7,149.65060473068337,yahboom_calibrated_direct,0,3149,2940,2850,0.011429359780909289,0.5458701373575119,0.5459897774901197,127.45599523861452,neo3_calibrated_direct:gyro_integral,1,127.45599523861452,nan,117.333984375,0.0,-213,-64,2035,-1.0199299072265624,-0.3064578125,9.744400756835937,9.802424165293106,0,0,0,0.0,0.0,0.0,0.0,0.0,0.0,0.0,-332,1080,21360,-1.82373046875,5.9326171875,117.333984375,98779.602,304.75,1,1,0,0,4952,257,1292,2561,2561,2561,2561,15198,F4line=4952;YAH=10244
DIRECT_SERIAL,885,1789355000900873362,2026-09-14T03:03:20.900873+00:00,-1,23981103063943,1789355000800000000,1789355000,800000000,38732721,1789355000806576,1789355000800000,2,4,24.71602870341552,27.615605634610237,gnss_local_enu_direct,24.71602870341552,27.615605634610237,110.4352578,-7.0506557,237.93,5.761,8.66,3,1,12,0,0.1852,49.6,0.12,0.141,-0.305,1.2351,180.0,99.0,5.01,115.18457195053662,neo3_calibrated_direct,1,27.5146,-8.04443,-32.5928,43.40572173141347,7,149.7151229708634,yahboom_calibrated_direct,0,3145,2940,2843,0.010824542700301604,0.5458574647787504,0.5459647814459788,127.45599523861452,neo3_calibrated_direct:gyro_integral,1,127.45599523861452,nan,117.333984375,0.0,-214,-64,2039,-1.024718310546875,-0.3064578125,9.763554370117188,9.821963039283276,0,0,0,0.0,0.0,0.0,0.0,0.0,0.0,0.0,-332,1080,21360,-1.82373046875,5.9326171875,117.333984375,98775.328,304.75,1,1,0,0,4959,258,1293,2564,2564,2564,2564,15217,F4line=4959;YAH=10256
DIRECT_SERIAL,886,1789355000960816193,2026-09-14T03:03:20.960816+00:00,-1,23981163006417,1789355000800000000,1789355000,800000000,38732721,1789355000806576,1789355000800000,2,4,24.71602870341552,27.615605634610237,gnss_local_enu_direct,24.71602870341552,27.615605634610237,110.4352578,-7.0506557,237.93,5.761,8.66,3,1,12,0,0.1852,49.6,0.12,0.141,-0.305,1.2351,180.0,99.0,5.01,114.88952154803658,neo3_calibrated_direct,1,27.4658,-8.08716,-32.6172,43.40108365404716,7,149.34397891947626,yahboom_calibrated_direct,0,3168,2937,2893,0.014292736479724653,0.5454786581996386,0.5456658765832412,127.45599523861452,neo3_calibrated_direct:gyro_integral,1,127.45599523861452,nan,117.333984375,0.0,-213,-65,2038,-1.0199299072265624,-0.3112462158203125,9.758765966796874,9.816855118480184,0,0,0,0.0,0.0,0.0,0.0,0.0,0.0,0.0,-332,1080,21360,-1.82373046875,5.9326171875,117.333984375,98776.859,304.75,1,1,0,0,4964,258,1295,2567,2567,2567,2567,15234,F4line=4964;YAH=10268
DIRECT_SERIAL,887,1789355001020548360,2026-09-14T03:03:21.020548+00:00,-1,23981222738604,1789355000800000000,1789355000,800000000,38732721,1789355000806576,1789355000800000,2,4,24.71602870341552,27.615605634610237,gnss_local_enu_direct,24.71602870341552,27.615605634610237,110.4352578,-7.0506557,237.93,5.761,8.66,3,1,12,0,0.1852,49.6,0.12,0.141,-0.305,1.2351,180.0,99.0,5.01,114.89595975550978,neo3_calibrated_direct,1,27.4414,-8.06885,-32.666,43.41893976460618,7,149.35972077543943,yahboom_calibrated_direct,0,3167,2932,2894,0.014125691486120848,0.5447227002099639,0.5449058223986925,127.45599523861452,neo3_calibrated_direct:gyro_integral,1,127.45599523861452,nan,117.333984375,0.0,-210,-65,2039,-1.005564697265625,-0.3112462158203125,9.763554370117188,9.820133833379453,0,0,0,0.0,0.0,0.0,0.0,0.0,0.0,0.0,-332,1080,21360,-1.82373046875,5.9326171875,117.333984375,98776.859,304.75,1,1,0,0,4966,258,1296,2570,2570,2570,2570,15248,F4line=4966;YAH=10280
DIRECT_SERIAL,888,1789355001080453591,2026-09-14T03:03:21.080454+00:00,-1,23981282643853,1789355001000000000,1789355001,0,38732930,1789355001015426,1789355001000000,2,4,24.704980866526512,27.560309103924517,gnss_local_enu_direct,24.704980866526512,27.560309103924517,110.4352577,-7.0506562,238.17,5.75,8.653,3,1,12,0,0.2454,43.844,0.177,0.17,-0.759,1.4777,180.0,99.0,4.98,114.78276540396237,neo3_calibrated_direct,1,27.5146,-8.13599,-32.6172,43.44110130141845,7,149.537829982294,yahboom_calibrated_direct,0,3156,2944,2852,0.01250046225073424,0.546494546246332,0.5466374947197332,127.45599523861452,neo3_calibrated_direct:gyro_integral,1,127.45599523861452,nan,117.333984375,0.0,-208,-65,2031,-0.9959878906249999,-0.3112462158203125,9.725247143554688,9.78106835107253,0,0,0,0.0,0.0,0.0,0.0,0.0,0.0,0.0,-332,1080,21360,-1.82373046875,5.9326171875,117.333984375,98777.469,304.75,1,1,0,0,4977,259,1298,2573,2573,2573,2573,15271,F4line=4977;YAH=10292
DIRECT_SERIAL,889,1789355001140328426,2026-09-14T03:03:21.140328+00:00,-1,23981342518685,1789355001000000000,1789355001,0,38732930,1789355001015426,1789355001000000,2,4,24.704980866526512,27.560309103924517,gnss_local_enu_direct,24.704980866526512,27.560309103924517,110.4352577,-7.0506562,238.17,5.75,8.653,3,1,12,0,0.2454,43.844,0.177,0.17,-0.759,1.4777,180.0,99.0,4.98,115.2962762139084,neo3_calibrated_direct,1,27.4902,-8.01392,-32.5195,43.32957292723297,7,149.47316365936211,yahboom_calibrated_direct,0,3160,2939,2834,0.013089438607890039,0.5457544289801092,0.5459113757327967,127.45599523861452,neo3_calibrated_direct:gyro_integral,1,127.45599523861452,nan,117.333984375,0.0,-214,-65,2030,-1.024718310546875,-0.3112462158203125,9.720458740234374,9.779276043932462,0,0,0,0.0,0.0,0.0,0.0,0.0,0.0,0.0,-332,1080,21360,-1.82373046875,5.9326171875,117.333984375,98777.469,304.75,1,1,0,0,4979,259,1299,2576,2576,2576,2576,15285,F4line=4979;YAH=10304
DIRECT_SERIAL,890,1789355001200169483,2026-09-14T03:03:21.200170+00:00,-1,23981402359959,1789355001000000000,1789355001,0,38732930,1789355001015426,1789355001000000,2,4,24.704980866526512,27.560309103924517,gnss_local_enu_direct,24.704980866526512,27.560309103924517,110.4352577,-7.0506562,238.17,5.75,8.653,3,1,12,0,0.2454,43.844,0.177,0.17,-0.759,1.4777,180.0,99.0,4.98,114.74736760408658,neo3_calibrated_direct,1,27.4902,-8.12988,-32.6416,43.44283710134963,7,149.48903554821044,yahboom_calibrated_direct,0,3159,2933,2829,0.01291922546959586,0.5448479130214378,0.5450010593664479,127.45599523861452,neo3_calibrated_direct:gyro_integral,1,127.45599523861452,nan,117.333984375,0.0,-214,-65,2037,-1.024718310546875,-0.3112462158203125,9.753977563476562,9.812593955302374,0,0,0,0.0,0.0,0.0,0.0,0.0,0.0,0.0,-332,1080,21360,-1.82373046875,5.9326171875,117.333984375,98779.297,304.75,1,1,0,0,4984,259,1301,2579,2579,2579,2579,15302,F4line=4984;YAH=10316
DIRECT_SERIAL,891,1789355001259985094,2026-09-14T03:03:21.259985+00:00,-1,23981462175360,1789355001200000000,1789355001,200000000,38733122,1789355001207596,1789355001200000,2,4,24.716030996884346,27.549251147257173,gnss_local_enu_direct,24.716030996884346,27.549251147257173,110.4352578,-7.0506563,238.53,5.734,8.642,3,1,12,0,0.1131,291.801,0.042,-0.105,-0.855,1.6093,180.0,99.0,5.01,114.9261856614151,neo3_calibrated_direct,1,27.4658,-8.08105,-32.5928,43.381610742139344,7,149.3605056218774,yahboom_calibrated_direct,0,3167,2942,2807,0.014157372933024612,0.5462282798999324,0.5464117174537929,127.45599523861452,neo3_calibrated_direct:gyro_integral,1,127.45599523861452,nan,117.333984375,0.0,-215,-65,2036,-1.0295067138671874,-0.3112462158203125,9.749189160156249,9.80833561626376,0,0,0,0.0,0.0,0.0,0.0,0.0,0.0,0.0,-332,1080,21360,-1.82373046875,5.9326171875,117.333984375,98776.242,304.75,1,1,0,0,4992,260,1302,2582,2582,2582,2582,15322,F4line=4992;YAH=10328
DIRECT_SERIAL,892,1789355001319887123,2026-09-14T03:03:21.319887+00:00,-1,23981522077380,1789355001200000000,1789355001,200000000,38733122,1789355001207596,1789355001200000,2,4,24.716030996884346,27.549251147257173,gnss_local_enu_direct,24.716030996884346,27.549251147257173,110.4352578,-7.0506563,238.53,5.734,8.642,3,1,12,0,0.1131,291.801,0.042,-0.105,-0.855,1.6093,180.0,99.0,5.01,115.40116106122439,neo3_calibrated_direct,1,27.4902,-7.9895,-32.5195,43.325063029844515,7,149.34497086954337,yahboom_calibrated_direct,0,3168,2949,2824,0.014330754216009168,0.5472853538276007,0.5474729482180848,127.45599523861452,neo3_calibrated_direct:gyro_integral,1,127.45599523861452,nan,117.333984375,0.0,-213,-65,2037,-1.0199299072265624,-0.3112462158203125,9.753977563476562,9.812095063304362,0,0,0,0.0,0.0,0.0,0.0,0.0,0.0,0.0,-332,1080,21360,-1.82373046875,5.9326171875,117.333984375,98776.242,304.75,1,1,0,0,4996,260,1304,2585,2585,2585,2585,15338,F4line=4996;YAH=10340
DIRECT_SERIAL,893,1789355001379644818,2026-09-14T03:03:21.379645+00:00,-1,23981581835108,1789355001200000000,1789355001,200000000,38733122,1789355001207596,1789355001200000,2,4,24.716030996884346,27.549251147257173,gnss_local_enu_direct,24.716030996884346,27.549251147257173,110.4352578,-7.0506563,238.53,5.734,8.642,3,1,12,0,0.1131,291.801,0.042,-0.105,-0.855,1.6093,180.0,99.0,5.01,114.90901015930952,neo3_calibrated_direct,1,27.4902,-8.08716,-32.6904,43.47154822485162,7,149.4093643406215,yahboom_calibrated_direct,0,3164,2950,2818,0.013729105280091861,0.547423239217836,0.5475953717550395,127.45599523861452,neo3_calibrated_direct:gyro_integral,1,127.45599523861452,nan,117.333984375,0.0,-210,-65,2038,-1.005564697265625,-0.3112462158203125,9.758765966796874,9.815373032236844,0,0,0,0.0,0.0,0.0,0.0,0.0,0.0,0.0,-332,1080,21360,-1.82373046875,5.9326171875,117.333984375,98776.242,304.75,1,1,0,0,5002,260,1305,2588,2588,2588,2588,15356,F4line=5002;YAH=10352
DIRECT_SERIAL,894,1789355001431325747,2026-09-14T03:03:21.431326+00:00,-1,23981633516049,1789355001200000000,1789355001,200000000,38733122,1789355001207596,1789355001200000,2,4,24.716030996884346,27.549251147257173,gnss_local_enu_direct,24.716030996884346,27.549251147257173,110.4352578,-7.0506563,238.53,5.734,8.642,3,1,12,0,0.1131,291.801,0.042,-0.105,-0.855,1.6093,180.0,99.0,5.01,114.94697518025228,neo3_calibrated_direct,1,27.4658,-8.06885,-32.666,43.43436503464164,7,149.52178941619707,yahboom_calibrated_direct,0,3157,2946,2816,0.012658002810266912,0.546798830329016,0.5469453225728553,127.45599523861452,neo3_calibrated_direct:gyro_integral,1,127.45599523861452,nan,117.333984375,0.0,-212,-65,2033,-1.01514150390625,-0.3112462158203125,9.734823950195311,9.792557573030232,0,0,0,0.0,0.0,0.0,0.0,0.0,0.0,0.0,-332,1080,21360,-1.82373046875,5.9326171875,117.333984375,98776.242,304.75,1,1,0,0,5006,260,1307,2591,2591,2591,2591,15372,F4line=5006;YAH=10364
DIRECT_SERIAL,895,1789355001499396232,2026-09-14T03:03:21.499396+00:00,-1,23981701586560,1789355001400000000,1789355001,400000000,38733323,1789355001408798,1789355001400000,2,4,24.693934672070263,27.538192944553934,gnss_local_enu_direct,24.693934672070263,27.538192944553934,110.4352576,-7.0506564,238.83,5.72,8.631,3,1,12,0,0.2417,10.008,0.238,0.042,-0.712,1.3951,180.0,99.0,5.01,114.6180270831073,neo3_calibrated_direct,1,27.4658,-8.14819,-32.6416,43.43083260169093,7,149.55418734655885,yahboom_calibrated_direct,0,3155,2954,2848,0.01238093942748608,0.5479969577916101,0.548136801729246,127.45599523861452,neo3_calibrated_direct:gyro_integral,1,127.45599523861452,nan,117.333984375,0.0,-212,-65,2033,-1.01514150390625,-0.3112462158203125,9.734823950195311,9.792557573030232,0,0,0,0.0,0.0,0.0,0.0,0.0,0.0,0.0,-332,1080,21360,-1.82373046875,5.9326171875,117.333984375,98775.328,304.75,1,1,0,0,5014,261,1308,2594,2594,2594,2594,15392,F4line=5014;YAH=10376
DIRECT_SERIAL,896,1789355001559197445,2026-09-14T03:03:21.559197+00:00,-1,23981761387653,1789355001400000000,1789355001,400000000,38733323,1789355001408798,1789355001400000,2,4,24.693934672070263,27.538192944553934,gnss_local_enu_direct,24.693934672070263,27.538192944553934,110.4352576,-7.0506564,238.83,5.72,8.631,3,1,12,0,0.2417,10.008,0.238,0.042,-0.712,1.3951,180.0,99.0,5.01,114.83069702832115,neo3_calibrated_direct,1,27.4902,-8.10547,-32.6904,43.474958218736674,7,149.69900789305348,yahboom_calibrated_direct,0,3146,2939,2860,0.010972578825763149,0.5457100749544439,0.5458203764910874,127.45599523861452,neo3_calibrated_direct:gyro_integral,1,127.45599523861452,nan,117.333984375,0.0,-213,-66,2035,-1.0199299072265624,-0.316034619140625,9.744400756835937,9.802728242993137,0,0,0,0.0,0.0,0.0,0.0,0.0,0.0,0.0,-332,1080,21360,-1.82373046875,5.9326171875,117.333984375,98778.383,304.75,1,1,0,0,5020,261,1310,2597,2597,2597,2597,15410,F4line=5020;YAH=10388
DIRECT_SERIAL,897,1789355001619170367,2026-09-14T03:03:21.619170+00:00,-1,23981821360718,1789355001400000000,1789355001,400000000,38733323,1789355001408798,1789355001400000,2,4,24.693934672070263,27.538192944553934,gnss_local_enu_direct,24.693934672070263,27.538192944553934,110.4352576,-7.0506564,238.83,5.72,8.631,3,1,12,0,0.2417,10.008,0.238,0.042,-0.712,1.3951,180.0,99.0,5.01,114.80345304628663,neo3_calibrated_direct,1,27.5146,-8.12378,-32.6904,43.493807223654265,7,149.66672147692464,yahboom_calibrated_direct,0,3148,2942,2875,0.01128449180013812,0.5461680851508152,0.5462846483221869,127.45599523861452,neo3_calibrated_direct:gyro_integral,1,127.45599523861452,nan,117.333984375,0.0,-213,-64,2036,-1.0199299072265624,-0.3064578125,9.749189160156249,9.807184238455275,0,0,0,0.0,0.0,0.0,0.0,0.0,0.0,0.0,-332,1080,21360,-1.82373046875,5.9326171875,117.333984375,98778.383,304.75,1,1,0,0,5022,261,1311,2600,2600,2600,2600,15424,F4line=5022;YAH=10400
DIRECT_SERIAL,898,1789355001678903161,2026-09-14T03:03:21.678903+00:00,-1,23981881093448,1789355001600000000,1789355001,600000000,38733522,1789355001607734,1789355001600000,2,4,24.594495917277246,27.42759777325268,gnss_local_enu_direct,24.594495917277246,27.42759777325268,110.4352567,-7.0506574,238.82,5.709,8.62,3,1,12,0,0.1725,4.322,0.172,0.013,-0.591,1.565,180.0,99.0,5.01,114.57014315601478,neo3_calibrated_direct,1,27.4902,-8.1665,-32.6904,43.486377987250215,7,149.69899285821245,yahboom_calibrated_direct,0,3146,2940,2874,0.010975746970453526,0.5458606329234408,0.5459709677236866,127.45599523861452,neo3_calibrated_direct:gyro_integral,1,127.45599523861452,nan,117.333984375,0.0,-209,-66,2036,-1.0007762939453124,-0.316034619140625,9.749189160156249,9.805514792785047,0,0,0,0.0,0.0,0.0,0.0,0.0,0.0,0.0,-332,1080,21360,-1.82373046875,5.9326171875,117.333984375,98779.906,304.75,1,1,0,0,5032,262,1313,2603,2603,2603,2603,15446,F4line=5032;YAH=10412
DIRECT_SERIAL,899,1789355001734352159,2026-09-14T03:03:21.734352+00:00,-1,23981936542299,1789355001600000000,1789355001,600000000,38733522,1789355001607734,1789355001600000,2,4,24.594495917277246,27.42759777325268,gnss_local_enu_direct,24.594495917277246,27.42759777325268,110.4352567,-7.0506574,238.82,5.709,8.62,3,1,12,0,0.1725,4.322,0.172,0.013,-0.591,1.565,180.0,99.0,5.01,114.83724701068044,neo3_calibrated_direct,1,27.4658,-8.09937,-32.6172,43.403360467559416,7,149.81214242846,yahboom_calibrated_direct,0,3139,2935,2876,0.0099014763559382,0.5450856660656239,0.5451755887640533,127.45599523861452,neo3_calibrated_direct:gyro_integral,1,127.45599523861452,nan,117.333984375,0.0,-210,-65,2036,-1.005564697265625,-0.3112462158203125,9.749189160156249,9.805851510590882,0,0,0,0.0,0.0,0.0,0.0,0.0,0.0,0.0,-332,1080,21360,-1.82373046875,5.9326171875,117.333984375,98779.906,304.75,1,1,0,0,5035,262,1314,2606,2606,2606,2606,15461,F4line=5035;YAH=10424
DIRECT_SERIAL,900,1789355001798739934,2026-09-14T03:03:21.798740+00:00,-1,23982000930351,1789355001600000000,1789355001,600000000,38733522,1789355001607734,1789355001600000,2,4,24.594495917277246,27.42759777325268,gnss_local_enu_direct,24.594495917277246,27.42759777325268,110.4352567,-7.0506574,238.82,5.709,8.62,3,1,12,0,0.1725,4.322,0.172,0.013,-0.591,1.565,180.0,99.0,5.01,114.77851059458362,neo3_calibrated_direct,1,27.4902,-8.11768,-32.6904,43.4772363057083,7,149.60228981884325,yahboom_calibrated_direct,0,3152,2946,2919,0.011901981459507308,0.5467829896055642,0.5469125111794947,127.45599523861452,neo3_calibrated_direct:gyro_integral,1,127.45599523861452,nan,117.333984375,0.0,-213,-64,2036,-1.0199299072265624,-0.3064578125,9.749189160156249,9.807184238455275,0,0,0,0.0,0.0,0.0,0.0,0.0,0.0,0.0,-332,1080,21360,-1.82373046875,5.9326171875,117.333984375,98780.211,304.75,1,1,0,0,5044,262,1316,2609,2609,2609,2609,15482,F4line=5044;YAH=10436
DIRECT_SERIAL,901,1789355001858564547,2026-09-14T03:03:21.858565+00:00,-1,23982060755414,1789355001800000000,1789355001,800000000,38733722,1789355001806958,1789355001800000,2,4,24.4508619814461,27.25064530300779,gnss_local_enu_direct,24.4508619814461,27.25064530300779,110.4352554,-7.050659,238.76,5.701,8.61,3,1,12,0,0.0189,237.995,-0.01,-0.016,-0.839,1.6388,180.0,99.0,5.01,114.83069702832115,neo3_calibrated_direct,1,27.4902,-8.10547,-32.6904,43.474958218736674,7,149.7636140532756,yahboom_calibrated_direct,0,3142,2937,2857,0.010361425455774715,0.5453962864376888,0.545494700613578,127.45599523861452,neo3_calibrated_direct:gyro_integral,1,127.45599523861452,nan,117.333984375,0.0,-213,-64,2034,-1.0199299072265624,-0.3064578125,9.739612353515625,9.797664119740563,0,0,0,0.0,0.0,0.0,0.0,0.0,0.0,0.0,-332,1080,21360,-1.82373046875,5.9326171875,117.333984375,98778.992,304.75,1,1,0,0,5052,263,1317,2612,2612,2612,2612,15502,F4line=5052;YAH=10448
DIRECT_SERIAL,902,1789355001918346098,2026-09-14T03:03:21.918346+00:00,-1,23982120536352,1789355001800000000,1789355001,800000000,38733722,1789355001806958,1789355001800000,2,4,24.4508619814461,27.25064530300779,gnss_local_enu_direct,24.4508619814461,27.25064530300779,110.4352554,-7.050659,238.76,5.701,8.61,3,1,12,0,0.0189,237.995,-0.01,-0.016,-0.839,1.6388,180.0,99.0,5.01,114.90256660719321,neo3_calibrated_direct,1,27.5146,-8.10547,-32.6416,43.45372144754578,7,149.66677674796455,yahboom_calibrated_direct,0,3148,2933,2866,0.011255978497924733,0.5448130634298436,0.5449293267349047,127.45599523861452,neo3_calibrated_direct:gyro_integral,1,127.45599523861452,nan,117.333984375,0.0,-213,-64,2034,-1.0199299072265624,-0.3064578125,9.739612353515625,9.797664119740563,0,0,0,0.0,0.0,0.0,0.0,0.0,0.0,0.0,-332,1080,21360,-1.82373046875,5.9326171875,117.333984375,98778.992,304.75,1,1,0,0,5056,263,1319,2615,2615,2615,2615,15518,F4line=5056;YAH=10460
DIRECT_SERIAL,903,1789355001978212089,2026-09-14T03:03:21.978212+00:00,-1,23982180402398,1789355001800000000,1789355001,800000000,38733722,1789355001806958,1789355001800000,2,4,24.4508619814461,27.25064530300779,gnss_local_enu_direct,24.4508619814461,27.25064530300779,110.4352554,-7.050659,238.76,5.701,8.61,3,1,12,0,0.0189,237.995,-0.01,-0.016,-0.839,1.6388,180.0,99.0,5.01,114.87136033311465,neo3_calibrated_direct,1,27.5146,-8.11768,-32.5928,43.41935689968703,7,149.39321684297266,yahboom_calibrated_direct,0,3165,2949,2870,0.013877141405553406,0.5472758493935295,0.5474517607817139,127.45599523861452,neo3_calibrated_direct:gyro_integral,1,127.45599523861452,nan,117.333984375,0.0,-210,-66,2035,-1.005564697265625,-0.316034619140625,9.744400756835937,9.80124402056734,0,0,0,0.0,0.0,0.0,0.0,0.0,0.0,0.0,-332,1080,21360,-1.82373046875,5.9326171875,117.333984375,98776.547,304.75,1,1,0,0,5059,263,1320,2618,2618,2618,2618,15533,F4line=5059;YAH=10472
DIRECT_SERIAL,904,1789355002038076814,2026-09-14T03:03:22.038077+00:00,-1,23982240267095,1789355001800000000,1789355001,800000000,38733722,1789355001806958,1789355001800000,2,4,24.4508619814461,27.25064530300779,gnss_local_enu_direct,24.4508619814461,27.25064530300779,110.4352554,-7.050659,238.76,5.701,8.61,3,1,12,0,0.0189,237.995,-0.01,-0.016,-0.839,1.6388,180.0,99.0,5.01,114.67014234768831,neo3_calibrated_direct,1,27.4658,-8.13599,-32.6416,43.42854537605537,7,149.5215524592427,yahboom_calibrated_direct,0,3157,2939,2848,0.012635825797434276,0.5457449245460381,0.545891185824926,127.45599523861452,neo3_calibrated_direct:gyro_integral,1,127.45599523861452,nan,117.333984375,0.0,-209,-66,2037,-1.0007762939453124,-0.316034619140625,9.753977563476562,9.810275703558103,0,0,0,0.0,0.0,0.0,0.0,0.0,0.0,0.0,-332,1080,21360,-1.82373046875,5.9326171875,117.333984375,98776.547,304.75,1,1,0,0,5063,263,1322,2621,2621,2621,2621,15549,F4line=5063;YAH=10484
DIRECT_SERIAL,905,1789355002097995740,2026-09-14T03:03:22.097996+00:00,-1,23982300186090,1789355002000000000,1789355002,0,38733930,1789355002015959,1789355002000000,2,4,24.30722803529031,27.051573800813138,gnss_local_enu_direct,24.30722803529031,27.051573800813138,110.4352541,-7.0506608,238.7,5.698,8.599,3,1,12,0,0.0609,203.199,-0.056,-0.024,-0.87,1.755,180.0,99.0,4.98,114.3776601275045,neo3_calibrated_direct,1,27.4902,-8.20923,-32.7148,43.51276470500237,7,149.65061485193894,yahboom_calibrated_direct,0,3149,2934,2857,0.01141035091276703,0.5449667895435308,0.5450862297043795,127.45599523861452,neo3_calibrated_direct:gyro_integral,1,127.45599523861452,nan,117.333984375,0.0,-211,-65,2033,-1.0103531005859374,-0.3112462158203125,9.734823950195311,9.792062343348428,0,0,0,0.0,0.0,0.0,0.0,0.0,0.0,0.0,-332,1080,21360,-1.82373046875,5.9326171875,117.333984375,98776.859,304.75,1,1,0,0,5072,264,1323,2624,2624,2624,2624,15570,F4line=5072;YAH=10496
DIRECT_SERIAL,906,1789355002157837229,2026-09-14T03:03:22.157837+00:00,-1,23982360027525,1789355002000000000,1789355002,0,38733930,1789355002015959,1789355002000000,2,4,24.30722803529031,27.051573800813138,gnss_local_enu_direct,24.30722803529031,27.051573800813138,110.4352541,-7.0506608,238.7,5.698,8.599,3,1,12,0,0.0609,203.199,-0.056,-0.024,-0.87,1.755,180.0,99.0,4.98,114.7263961519146,neo3_calibrated_direct,1,27.4902,-8.12988,-32.6904,43.479515832336496,7,149.74738428662454,yahboom_calibrated_direct,0,3143,2940,2860,0.010522134159997764,0.5458511284893697,0.5459525343657627,127.45599523861452,neo3_calibrated_direct:gyro_integral,1,127.45599523861452,nan,117.333984375,0.0,-215,-66,2041,-1.0295067138671874,-0.316034619140625,9.773131176757811,9.832286354277345,0,0,0,0.0,0.0,0.0,0.0,0.0,0.0,0.0,-332,1080,21360,-1.82373046875,5.9326171875,117.333984375,98775.633,304.75,1,1,0,0,5077,264,1325,2627,2627,2627,2627,15587,F4line=5077;YAH=10508
DIRECT_SERIAL,907,1789355002217679629,2026-09-14T03:03:22.217680+00:00,-1,23982419869936,1789355002000000000,1789355002,0,38733930,1789355002015959,1789355002000000,2,4,24.30722803529031,27.051573800813138,gnss_local_enu_direct,24.30722803529031,27.051573800813138,110.4352541,-7.0506608,238.7,5.698,8.599,3,1,12,0,0.0609,203.199,-0.056,-0.024,-0.87,1.755,180.0,99.0,4.98,114.80996294170772,neo3_calibrated_direct,1,27.4902,-8.11768,-32.6172,43.4222242689432,7,149.42471784708806,yahboom_calibrated_direct,0,3163,2938,2910,0.013539883273655424,0.5456133754451834,0.5457813517368937,127.45599523861452,neo3_calibrated_direct:gyro_integral,1,127.45599523861452,nan,117.333984375,0.0,-212,-65,2036,-1.01514150390625,-0.3112462158203125,9.749189160156249,9.806838214242326,0,0,0,0.0,0.0,0.0,0.0,0.0,0.0,0.0,-332,1080,21360,-1.82373046875,5.9326171875,117.333984375,98775.633,304.75,1,1,0,0,5079,264,1326,2630,2630,2630,2630,15601,F4line=5079;YAH=10520
DIRECT_SERIAL,908,1789355002277519191,2026-09-14T03:03:22.277519+00:00,-1,23982479709446,1789355002200000000,1789355002,200000000,38734123,1789355002208326,1789355002200000,2,4,24.196740713842246,26.896740780026786,gnss_local_enu_direct,24.196740713842246,26.896740780026786,110.4352531,-7.0506622,238.74,5.668,8.573,3,1,13,0,0.1172,63.654,0.052,0.105,-0.445,1.5531,180.0,99.0,5.01,115.27009461688766,neo3_calibrated_direct,1,27.4902,-8.02002,-32.5195,43.3307015531759,7,149.26320596739677,yahboom_calibrated_direct,0,3173,2936,2882,0.015045589685793878,0.5453439409540936,0.5455514491817753,127.45599523861452,neo3_calibrated_direct:gyro_integral,1,127.45599523861452,nan,117.333984375,0.0,-209,-66,2029,-1.0007762939453124,-0.316034619140625,9.715670336914062,9.772189169608316,0,0,0,0.0,0.0,0.0,0.0,0.0,0.0,0.0,-332,1080,21360,-1.82373046875,5.9326171875,117.333984375,98779.602,304.75,1,1,0,0,5089,265,1328,2633,2633,2633,2633,15623,F4line=5089;YAH=10532
DIRECT_SERIAL,909,1789355002337320438,2026-09-14T03:03:22.337321+00:00,-1,23982539510718,1789355002200000000,1789355002,200000000,38734123,1789355002208326,1789355002200000,2,4,24.196740713842246,26.896740780026786,gnss_local_enu_direct,24.196740713842246,26.896740780026786,110.4352531,-7.0506622,238.74,5.668,8.573,3,1,13,0,0.1172,63.654,0.052,0.105,-0.445,1.5531,180.0,99.0,5.01,115.44318121947232,neo3_calibrated_direct,1,27.4902,-7.97729,-32.5439,43.3411314918531,7,149.5053840858556,yahboom_calibrated_direct,0,3158,2938,2882,0.012783861922895821,0.5455975347217316,0.5457472831083034,127.45599523861452,neo3_calibrated_direct:gyro_integral,1,127.45599523861452,nan,117.333984375,0.0,-208,-65,2032,-0.9959878906249999,-0.3112462158203125,9.730035546875,9.78582943999052,0,0,0,0.0,0.0,0.0,0.0,0.0,0.0,0.0,-332,1080,21360,-1.82373046875,5.9326171875,117.333984375,98779.602,304.75,1,1,0,0,5091,265,1329,2636,2636,2636,2636,15637,F4line=5091;YAH=10544
DIRECT_SERIAL,910,1789355002397287009,2026-09-14T03:03:22.397287+00:00,-1,23982599477428,1789355002200000000,1789355002,200000000,38734123,1789355002208326,1789355002200000,2,4,24.196740713842246,26.896740780026786,gnss_local_enu_direct,24.196740713842246,26.896740780026786,110.4352531,-7.0506622,238.74,5.668,8.573,3,1,13,0,0.1172,63.654,0.052,0.105,-0.445,1.5531,180.0,99.0,5.01,114.87774701168281,neo3_calibrated_direct,1,27.4902,-8.09937,-32.6416,43.43713780852624,7,149.81163459080102,yahboom_calibrated_direct,0,3139,2946,2873,0.00993632594753234,0.5467418037245892,0.5468320862141804,127.45599523861452,neo3_calibrated_direct:gyro_integral,1,127.45599523861452,nan,117.333984375,0.0,-210,-64,2033,-1.005564697265625,-0.3064578125,9.734823950195311,9.79141839022955,0,0,0,0.0,0.0,0.0,0.0,0.0,0.0,0.0,-332,1080,21360,-1.82373046875,5.9326171875,117.333984375,98780.82,304.75,1,1,0,0,5099,265,1331,2639,2639,2639,2639,15657,F4line=5099;YAH=10556
DIRECT_SERIAL,911,1789355002457050194,2026-09-14T03:03:22.457050+00:00,-1,23982659240395,1789355002400000000,1789355002,400000000,38734324,1789355002409568,1789355002400000,2,4,23.97576547865245,26.609193095012763,gnss_local_enu_direct,23.97576547865245,26.609193095012763,110.4352511,-7.0506648,238.66,5.637,8.555,3,1,13,0,0.491,218.55,-0.384,-0.306,-1.293,1.7919,180.0,99.0,5.0,114.58143518667652,neo3_calibrated_direct,1,27.4658,-8.1543,-32.666,43.45032029950987,7,149.45698313284964,yahboom_calibrated_direct,0,3161,2938,2840,0.013237474733351583,0.5456070391558027,0.5457675988126061,127.45599523861452,neo3_calibrated_direct:gyro_integral,1,127.45599523861452,nan,117.333984375,0.0,-214,-64,2034,-1.024718310546875,-0.3064578125,9.739612353515625,9.798163746517329,0,0,0,0.0,0.0,0.0,0.0,0.0,0.0,0.0,-332,1080,21360,-1.82373046875,5.9326171875,117.333984375,98777.164,304.75,1,1,0,0,5107,266,1332,2642,2642,2642,2642,15677,F4line=5107;YAH=10568
DIRECT_SERIAL,912,1789355002516857716,2026-09-14T03:03:22.516858+00:00,-1,23982719047992,1789355002400000000,1789355002,400000000,38734324,1789355002409568,1789355002400000,2,4,23.97576547865245,26.609193095012763,gnss_local_enu_direct,23.97576547865245,26.609193095012763,110.4352511,-7.0506648,238.66,5.637,8.555,3,1,13,0,0.491,218.55,-0.384,-0.306,-1.293,1.7919,180.0,99.0,5.0,115.32105169035017,neo3_calibrated_direct,1,27.4414,-7.9895,-32.4707,43.257472218103544,7,149.5214166439331,yahboom_calibrated_direct,0,3157,2935,2831,0.012623153218672772,0.5451426926700507,0.5452888219730305,127.45599523861452,neo3_calibrated_direct:gyro_integral,1,127.45599523861452,nan,117.333984375,0.0,-214,-64,2039,-1.024718310546875,-0.3064578125,9.763554370117188,9.821963039283276,0,0,0,0.0,0.0,0.0,0.0,0.0,0.0,0.0,-332,1080,21360,-1.82373046875,5.9326171875,117.333984375,98777.164,304.75,1,1,0,0,5111,266,1334,2645,2645,2645,2645,15693,F4line=5111;YAH=10580
DIRECT_SERIAL,913,1789355002576833450,2026-09-14T03:03:22.576833+00:00,-1,23982779023813,1789355002400000000,1789355002,400000000,38734324,1789355002409568,1789355002400000,2,4,23.97576547865245,26.609193095012763,gnss_local_enu_direct,23.97576547865245,26.609193095012763,110.4352511,-7.0506648,238.66,5.637,8.555,3,1,13,0,0.491,218.55,-0.384,-0.306,-1.293,1.7919,180.0,99.0,5.0,115.05547607709725,neo3_calibrated_direct,1,27.4902,-8.06274,-32.5928,43.39365718843711,7,149.56996536701877,yahboom_calibrated_direct,0,3154,2940,2814,0.012185381131668891,0.5458859780809638,0.5460219634581878,127.45599523861452,neo3_calibrated_direct:gyro_integral,1,127.45599523861452,nan,117.333984375,0.0,-212,-64,2038,-1.01514150390625,-0.3064578125,9.758765966796874,9.816208120170856,0,0,0,0.0,0.0,0.0,0.0,0.0,0.0,0.0,-332,1080,21360,-1.82373046875,5.9326171875,117.333984375,98775.938,304.75,1,1,0,0,5115,266,1335,2648,2648,2648,2648,15709,F4line=5115;YAH=10592
DIRECT_SERIAL,914,1789355002631056933,2026-09-14T03:03:22.631057+00:00,-1,23982833247288,1789355002400000000,1789355002,400000000,38734324,1789355002409568,1789355002400000,2,4,23.97576547865245,26.609193095012763,gnss_local_enu_direct,23.97576547865245,26.609193095012763,110.4352511,-7.0506648,238.66,5.637,8.555,3,1,13,0,0.491,218.55,-0.384,-0.306,-1.293,1.7919,180.0,99.0,5.0,114.64823667778118,neo3_calibrated_direct,1,27.4902,-8.14819,-32.6904,43.48294319013031,7,149.61834063098019,yahboom_calibrated_direct,0,3151,2939,2786,0.011728600176522752,0.5457259156778959,0.5458519351477822,127.45599523861452,neo3_calibrated_direct:gyro_integral,1,127.45599523861452,nan,117.333984375,0.0,-207,-64,2030,-0.9911994873046874,-0.3064578125,9.720458740234374,9.775669334376762,0,0,0,0.0,0.0,0.0,0.0,0.0,0.0,0.0,-332,1080,21360,-1.82373046875,5.9326171875,117.333984375,98775.938,304.75,1,1,0,0,5119,266,1337,2651,2651,2651,2651,15725,F4line=5119;YAH=10604
DIRECT_SERIAL,915,1789355002696444254,2026-09-14T03:03:22.696444+00:00,-1,23982898634519,1789355002600000000,1789355002,600000000,38734523,1789355002608495,1789355002600000,2,4,23.787937041056804,26.343765058563946,gnss_local_enu_direct,23.787937041056804,26.343765058563946,110.4352494,-7.0506672,238.73,5.636,8.544,3,1,12,0,0.688,217.203,-0.548,-0.416,-1.472,1.7722,147.583,99.0,5.01,115.13554586442278,neo3_calibrated_direct,1,27.4658,-8.03223,-32.5928,43.37254316100106,7,149.69900789305348,yahboom_calibrated_direct,0,3146,2939,2794,0.010972578825763149,0.5457100749544439,0.5458203764910874,127.45599523861452,neo3_calibrated_direct:gyro_integral,1,127.45599523861452,nan,117.333984375,0.0,-211,-66,2033,-1.0103531005859374,-0.316034619140625,9.734823950195311,9.792215715028709,0,0,0,0.0,0.0,0.0,0.0,0.0,0.0,0.0,-332,1080,21360,-1.82373046875,5.9326171875,117.333984375,98776.547,304.75,1,1,0,0,5127,267,1338,2654,2654,2654,2654,15745,F4line=5127;YAH=10616
DIRECT_SERIAL,916,1789355002756270620,2026-09-14T03:03:22.756271+00:00,-1,23982958460870,1789355002600000000,1789355002,600000000,38734523,1789355002608495,1789355002600000,2,4,23.787937041056804,26.343765058563946,gnss_local_enu_direct,23.787937041056804,26.343765058563946,110.4352494,-7.0506672,238.73,5.636,8.544,3,1,12,0,0.688,217.203,-0.548,-0.416,-1.472,1.7722,147.583,99.0,5.01,115.077993007054,neo3_calibrated_direct,1,27.4658,-8.05054,-32.5439,43.33920616649087,7,149.71502570517146,yahboom_calibrated_direct,0,3145,2945,2785,0.010840383423753486,0.5466102546237346,0.5467177373861195,127.45599523861452,neo3_calibrated_direct:gyro_integral,1,127.45599523861452,nan,117.333984375,0.0,-213,-65,2037,-1.0199299072265624,-0.3112462158203125,9.753977563476562,9.812095063304362,0,0,0,0.0,0.0,0.0,0.0,0.0,0.0,0.0,-332,1080,21360,-1.82373046875,5.9326171875,117.333984375,98775.023,304.75,1,1,0,0,5137,267,1340,2657,2657,2657,2657,15767,F4line=5137;YAH=10628
DIRECT_SERIAL,917,1789355002816223970,2026-09-14T03:03:22.816224+00:00,-1,23983018414400,1789355002600000000,1789355002,600000000,38734523,1789355002608495,1789355002600000,2,4,23.787937041056804,26.343765058563946,gnss_local_enu_direct,23.787937041056804,26.343765058563946,110.4352494,-7.0506672,238.73,5.636,8.544,3,1,12,0,0.688,217.203,-0.548,-0.416,-1.472,1.7722,147.583,99.0,5.01,114.81625092483685,neo3_calibrated_direct,1,27.4658,-8.09937,-32.666,43.44004512010663,7,149.68297986439006,yahboom_calibrated_direct,0,3147,2929,2817,0.011092101649011307,0.5442076634091658,0.5443206919016178,127.45599523861452,neo3_calibrated_direct:gyro_integral,1,127.45599523861452,nan,117.333984375,0.0,-214,-65,2035,-1.024718310546875,-0.3112462158203125,9.744400756835937,9.80307441227788,0,0,0,0.0,0.0,0.0,0.0,0.0,0.0,0.0,-332,1080,21360,-1.82373046875,5.9326171875,117.333984375,98775.023,304.75,1,1,0,0,5139,267,1341,2660,2660,2660,2660,15781,F4line=5139;YAH=10640
DIRECT_SERIAL,918,1789355002866762425,2026-09-14T03:03:22.866762+00:00,-1,23983068952614,1789355002800000000,1789355002,800000000,38734720,1789355002806389,1789355002800000,2,4,23.600108514152577,26.1336344797594,gnss_local_enu_direct,23.600108514152577,26.1336344797594,110.4352477,-7.0506691,238.77,5.615,8.522,3,1,13,0,0.2577,261.744,-0.037,-0.255,-0.462,1.7088,180.0,99.0,5.02,115.37817711401331,neo3_calibrated_direct,1,27.5146,-8.00171,-32.5684,43.379502701668905,7,149.53709024195385,yahboom_calibrated_direct,0,3156,2919,2825,0.01242125863347483,0.5427305970214108,0.542872718608383,127.45599523861452,neo3_calibrated_direct:gyro_integral,1,127.45599523861452,nan,117.333984375,0.0,-213,-66,2039,-1.0199299072265624,-0.316034619140625,9.763554370117188,9.8217681114138,0,0,0,0.0,0.0,0.0,0.0,0.0,0.0,0.0,-332,1080,21360,-1.82373046875,5.9326171875,117.333984375,98778.078,304.75,1,1,0,0,5148,268,1343,2663,2663,2663,2663,15802,F4line=5148;YAH=10652
DIRECT_SERIAL,919,1789355002916827183,2026-09-14T03:03:22.916827+00:00,-1,23983119017343,1789355002800000000,1789355002,800000000,38734720,1789355002806389,1789355002800000,2,4,23.600108514152577,26.1336344797594,gnss_local_enu_direct,23.600108514152577,26.1336344797594,110.4352477,-7.0506691,238.77,5.615,8.522,3,1,13,0,0.2577,261.744,-0.037,-0.255,-0.462,1.7088,180.0,99.0,5.02,115.30864686569461,neo3_calibrated_direct,1,27.4658,-8.00171,-32.4951,43.293522108672335,7,149.7311817188629,yahboom_calibrated_direct,0,3144,2943,2829,0.010682842864220813,0.5463059705410506,0.5464104103880716,127.45599523861452,neo3_calibrated_direct:gyro_integral,1,127.45599523861452,nan,117.333984375,0.0,-208,-64,2034,-0.9959878906249999,-0.3064578125,9.739612353515625,9.795200715956161,0,0,0,0.0,0.0,0.0,0.0,0.0,0.0,0.0,-332,1080,21360,-1.82373046875,5.9326171875,117.333984375,98778.078,304.75,1,1,0,0,5151,268,1344,2666,2666,2666,2666,15817,F4line=5151;YAH=10664
DIRECT_SERIAL,920,1789355002975799017,2026-09-14T03:03:22.975799+00:00,-1,23983177989462,1789355002800000000,1789355002,800000000,38734720,1789355002806389,1789355002800000,2,4,23.600108514152577,26.1336344797594,gnss_local_enu_direct,23.600108514152577,26.1336344797594,110.4352477,-7.0506691,238.77,5.615,8.522,3,1,13,0,0.2577,261.744,-0.037,-0.255,-0.462,1.7088,180.0,99.0,5.02,115.10945109363954,neo3_calibrated_direct,1,27.4658,-8.05054,-32.4707,43.28426645354637,7,149.65058458833744,yahboom_calibrated_direct,0,3149,2952,2872,0.011467377517193804,0.547676832985474,0.5477968730616491,127.45599523861452,neo3_calibrated_direct:gyro_integral,1,127.45599523861452,nan,117.333984375,0.0,-213,-63,2040,-1.0199299072265624,-0.3016694091796875,9.7683427734375,9.826076632484535,0,0,0,0.0,0.0,0.0,0.0,0.0,0.0,0.0,-332,1080,21360,-1.82373046875,5.9326171875,117.333984375,98779.906,304.75,1,1,0,0,5154,268,1345,2668,2668,2668,2668,15828,F4line=5154;YAH=10672
DIRECT_SERIAL,921,1789355003027518511,2026-09-14T03:03:23.027519+00:00,-1,23983229708753,1789355002800000000,1789355002,800000000,38734720,1789355002806389,1789355002800000,2,4,23.600108514152577,26.1336344797594,gnss_local_enu_direct,23.600108514152577,26.1336344797594,110.4352477,-7.0506691,238.77,5.615,8.522,3,1,13,0,0.2577,261.744,-0.037,-0.255,-0.462,1.7088,180.0,99.0,5.02,114.87389733190616,neo3_calibrated_direct,1,27.4658,-8.09326,-32.5928,43.38388685799833,7,149.24772638570312,yahboom_calibrated_direct,0,3174,2942,2930,0.015215802824088057,0.546250456912765,0.54646233386482,127.45599523861452,neo3_calibrated_direct:gyro_integral,1,127.45599523861452,nan,117.333984375,0.0,-209,-65,2035,-1.0007762939453124,-0.3112462158203125,9.744400756835937,9.80060067073494,0,0,0,0.0,0.0,0.0,0.0,0.0,0.0,0.0,-332,1080,21360,-1.82373046875,5.9326171875,117.333984375,98779.906,304.75,1,1,0,0,5156,268,1346,2671,2671,2671,2671,15842,F4line=5156;YAH=10684
DIRECT_SERIAL,922,1789355003095562020,2026-09-14T03:03:23.095562+00:00,-1,23983297752307,1789355003000000000,1789355003,0,38734930,1789355003016396,1789355003000000,2,4,23.39018237704902,25.879265714619557,gnss_local_enu_direct,23.39018237704902,25.879265714619557,110.4352458,-7.0506714,238.78,5.593,8.496,3,1,13,0,0.5152,218.538,-0.403,-0.321,-0.979,1.7042,180.0,99.0,4.98,114.59026115855241,neo3_calibrated_direct,1,27.5146,-8.17871,-32.6416,43.46744254018287,7,149.4728321764606,yahboom_calibrated_direct,0,3160,2932,2904,0.013067261595057403,0.5447005231971312,0.544857241208027,127.45599523861452,neo3_calibrated_direct:gyro_integral,1,127.45599523861452,nan,117.333984375,0.0,-208,-66,2031,-0.9959878906249999,-0.316034619140625,9.725247143554688,9.781221895140996,0,0,0,0.0,0.0,0.0,0.0,0.0,0.0,0.0,-332,1080,21360,-1.82373046875,5.9326171875,117.333984375,98778.992,304.75,1,1,0,0,5167,269,1348,2674,2674,2674,2674,15865,F4line=5167;YAH=10696
DIRECT_SERIAL,923,1789355003145602643,2026-09-14T03:03:23.145602+00:00,-1,23983347792857,1789355003000000000,1789355003,0,38734930,1789355003016396,1789355003000000,2,4,23.39018237704902,25.879265714619557,gnss_local_enu_direct,23.39018237704902,25.879265714619557,110.4352458,-7.0506714,238.78,5.593,8.496,3,1,13,0,0.5152,218.538,-0.403,-0.321,-0.979,1.7042,180.0,99.0,4.98,114.3517088200507,neo3_calibrated_direct,1,27.4902,-8.21533,-32.7148,43.51391595902281,7,149.55373851921738,yahboom_calibrated_direct,0,3155,2936,2872,0.012323912823059306,0.5452869143496668,0.5454261616279982,127.45599523861452,neo3_calibrated_direct:gyro_integral,1,127.45599523861452,nan,117.333984375,0.0,-213,-64,2033,-1.0199299072265624,-0.3064578125,9.734823950195311,9.792904101837907,0,0,0,0.0,0.0,0.0,0.0,0.0,0.0,0.0,-332,1080,21360,-1.82373046875,5.9326171875,117.333984375,98778.688,304.75,1,1,0,0,5170,269,1349,2677,2677,2677,2677,15880,F4line=5170;YAH=10708
DIRECT_SERIAL,924,1789355003195857177,2026-09-14T03:03:23.195857+00:00,-1,23983398047348,1789355003000000000,1789355003,0,38734930,1789355003016396,1789355003000000,2,4,23.39018237704902,25.879265714619557,gnss_local_enu_direct,23.39018237704902,25.879265714619557,110.4352458,-7.0506714,238.78,5.593,8.496,3,1,13,0,0.5152,218.538,-0.403,-0.321,-0.979,1.7042,180.0,99.0,4.98,114.45626500767322,neo3_calibrated_direct,1,27.4658,-8.17871,-32.7148,43.49160385573404,7,149.60207957771584,yahboom_calibrated_direct,0,3152,2928,2861,0.011844954855080534,0.5440729461636209,0.5442018685218576,127.45599523861452,neo3_calibrated_direct:gyro_integral,1,127.45599523861452,nan,117.333984375,0.0,-213,-64,2037,-1.0199299072265624,-0.3064578125,9.753977563476562,9.811944339186889,0,0,0,0.0,0.0,0.0,0.0,0.0,0.0,0.0,-332,1080,21360,-1.82373046875,5.9326171875,117.333984375,98778.688,304.75,1,1,0,0,5174,269,1351,2680,2680,2680,2679,15895,F4line=5174;YAH=10719
DIRECT_SERIAL,925,1789355003255075941,2026-09-14T03:03:23.255076+00:00,-1,23983457266207,1789355003200000000,1789355003,200000000,38735123,1789355003208761,1789355003200000,2,4,23.191305000788365,25.59171843090223,gnss_local_enu_direct,23.191305000788365,25.59171843090223,110.435244,-7.050674,238.8,5.573,8.471,3,1,13,0,0.5429,206.707,-0.485,-0.244,-0.969,1.691,178.453,99.0,5.01,114.27421461309221,neo3_calibrated_direct,1,27.4658,-8.22144,-32.7148,43.499659588939316,7,149.89244091934114,yahboom_calibrated_direct,0,3134,2942,2834,0.00916763201801123,0.5461237311251499,0.5462006729901316,127.45599523861452,neo3_calibrated_direct:gyro_integral,1,127.45599523861452,nan,117.333984375,0.0,-212,-64,2034,-1.01514150390625,-0.3064578125,9.739612353515625,9.79716680783529,0,0,0,0.0,0.0,0.0,0.0,0.0,0.0,0.0,-332,1080,21360,-1.82373046875,5.9326171875,117.333984375,98778.992,304.75,1,1,0,0,5182,270,1352,2682,2682,2682,2682,15912,F4line=5182;YAH=10728
DIRECT_SERIAL,926,1789355003307595004,2026-09-14T03:03:23.307595+00:00,-1,23983509785209,1789355003200000000,1789355003,200000000,38735123,1789355003208761,1789355003200000,2,4,23.191305000788365,25.59171843090223,gnss_local_enu_direct,23.191305000788365,25.59171843090223,110.435244,-7.050674,238.8,5.573,8.471,3,1,13,0,0.5429,206.707,-0.485,-0.244,-0.969,1.691,178.453,99.0,5.01,114.61672133583309,neo3_calibrated_direct,1,27.4902,-8.14819,-32.7637,43.53807682943862,7,149.76338431368376,yahboom_calibrated_direct,0,3142,2944,2807,0.01038360246860735,0.5464501922206667,0.5465488375051489,127.45599523861452,neo3_calibrated_direct:gyro_integral,1,127.45599523861452,nan,117.333984375,0.0,-214,-64,2031,-1.024718310546875,-0.3064578125,9.725247143554688,9.783884505145743,0,0,0,0.0,0.0,0.0,0.0,0.0,0.0,0.0,-332,1080,21360,-1.82373046875,5.9326171875,117.333984375,98778.992,304.75,1,1,0,0,5184,270,1353,2685,2685,2685,2685,15926,F4line=5184;YAH=10740
DIRECT_SERIAL,927,1789355003365662047,2026-09-14T03:03:23.365662+00:00,-1,23983567852213,1789355003200000000,1789355003,200000000,38735123,1789355003208761,1789355003200000,2,4,23.191305000788365,25.59171843090223,gnss_local_enu_direct,23.191305000788365,25.59171843090223,110.435244,-7.050674,238.8,5.573,8.471,3,1,13,0,0.5429,206.707,-0.485,-0.244,-0.969,1.691,178.453,99.0,5.01,114.41848071929623,neo3_calibrated_direct,1,27.5146,-8.20923,-32.7393,43.54660072661126,7,149.68287369686735,yahboom_calibrated_direct,0,3147,2939,2754,0.01112378309591507,0.5457132430991343,0.5458266045587552,127.45599523861452,neo3_calibrated_direct:gyro_integral,1,127.45599523861452,nan,117.333984375,0.0,-215,-65,2036,-1.0295067138671874,-0.3112462158203125,9.749189160156249,9.80833561626376,0,0,0,0.0,0.0,0.0,0.0,0.0,0.0,0.0,-332,1080,21360,-1.82373046875,5.9326171875,117.333984375,98778.078,304.75,1,1,0,0,5190,270,1355,2688,2688,2688,2688,15944,F4line=5190;YAH=10752
DIRECT_SERIAL,928,1789355003415840400,2026-09-14T03:03:23.415841+00:00,-1,23983618030564,1789355003200000000,1789355003,200000000,38735123,1789355003208761,1789355003200000,2,4,23.191305000788365,25.59171843090223,gnss_local_enu_direct,23.191305000788365,25.59171843090223,110.435244,-7.050674,238.8,5.573,8.471,3,1,13,0,0.5429,206.707,-0.485,-0.244,-0.969,1.691,178.453,99.0,5.01,114.65160253854016,neo3_calibrated_direct,1,27.5391,-8.1665,-32.7393,43.554052802810446,7,149.65063009689376,yahboom_calibrated_direct,0,3149,2925,2735,0.011381837610553643,0.5436117678225592,0.5437309080258,127.45599523861452,neo3_calibrated_direct:gyro_integral,1,127.45599523861452,nan,117.333984375,0.0,-210,-66,2040,-1.005564697265625,-0.316034619140625,9.7683427734375,9.825047520508534,0,0,0,0.0,0.0,0.0,0.0,0.0,0.0,0.0,-332,1080,21360,-1.82373046875,5.9326171875,117.333984375,98778.078,304.75,1,1,0,0,5194,270,1356,2691,2691,2691,2691,15960,F4line=5194;YAH=10764
DIRECT_SERIAL,929,1789355003467869692,2026-09-14T03:03:23.467870+00:00,-1,23983670059905,1789355003400000000,1789355003,400000000,38735323,1789355003408993,1789355003400000,2,4,23.04767135099943,25.359468707598737,gnss_local_enu_direct,23.04767135099943,25.359468707598737,110.4352427,-7.0506761,238.82,5.552,8.448,3,1,13,0,0.3211,194.426,-0.311,-0.08,-0.402,1.723,180.0,99.0,5.01,114.10292769232558,neo3_calibrated_direct,1,27.4902,-8.27637,-32.6904,43.50714479918097,7,149.71525959442096,yahboom_calibrated_direct,0,3145,2933,2756,0.010802365687468972,0.5448035589957725,0.544910643132345,127.45599523861452,neo3_calibrated_direct:gyro_integral,1,127.45599523861452,nan,117.333984375,0.0,-213,-64,2037,-1.0199299072265624,-0.3064578125,9.753977563476562,9.811944339186889,0,0,0,0.0,0.0,0.0,0.0,0.0,0.0,0.0,-332,1080,21360,-1.82373046875,5.9326171875,117.333984375,98774.719,304.75,1,1,0,0,5202,271,1357,2693,2693,2693,2693,15976,F4line=5202;YAH=10772
DIRECT_SERIAL,930,1789355003534368541,2026-09-14T03:03:23.534369+00:00,-1,23983736558873,1789355003400000000,1789355003,400000000,38735323,1789355003408993,1789355003400000,2,4,23.04767135099943,25.359468707598737,gnss_local_enu_direct,23.04767135099943,25.359468707598737,110.4352427,-7.0506761,238.82,5.552,8.448,3,1,13,0,0.3211,194.426,-0.311,-0.08,-0.402,1.723,180.0,99.0,5.01,114.08755384994456,neo3_calibrated_direct,1,27.4902,-8.28247,-32.666,43.48997541205214,7,149.65059800176965,yahboom_calibrated_direct,0,3149,2944,2800,0.011442032359670794,0.5464723692334993,0.5465921426806223,127.45599523861452,neo3_calibrated_direct:gyro_integral,1,127.45599523861452,nan,117.333984375,0.0,-211,-65,2035,-1.0103531005859374,-0.3112462158203125,9.744400756835937,9.801583224385276,0,0,0,0.0,0.0,0.0,0.0,0.0,0.0,0.0,-332,1080,21360,-1.82373046875,5.9326171875,117.333984375,98774.719,304.75,1,1,0,0,5206,271,1359,2696,2696,2696,2696,15992,F4line=5206;YAH=10784
DIRECT_SERIAL,931,1789355003587855877,2026-09-14T03:03:23.587856+00:00,-1,23983790046165,1789355003400000000,1789355003,400000000,38735323,1789355003408993,1789355003400000,2,4,23.04767135099943,25.359468707598737,gnss_local_enu_direct,23.04767135099943,25.359468707598737,110.4352427,-7.0506761,238.82,5.552,8.448,3,1,13,0,0.3211,194.426,-0.311,-0.08,-0.402,1.723,180.0,99.0,5.01,114.23735242846341,neo3_calibrated_direct,1,27.4902,-8.23975,-32.7393,43.53695373579208,7,149.73120561533278,yahboom_calibrated_direct,0,3144,2942,2806,0.010679674719530437,0.5461554125720537,0.5462598192562448,127.45599523861452,neo3_calibrated_direct:gyro_integral,1,127.45599523861452,nan,117.333984375,0.0,-209,-66,2035,-1.0007762939453124,-0.316034619140625,9.744400756835937,9.800753908799212,0,0,0,0.0,0.0,0.0,0.0,0.0,0.0,0.0,-332,1080,21360,-1.82373046875,5.9326171875,117.333984375,98779.602,304.75,1,1,0,0,5210,271,1360,2699,2699,2699,2699,16008,F4line=5210;YAH=10796
DIRECT_SERIAL,932,1789355003637868525,2026-09-14T03:03:23.637869+00:00,-1,23983840058775,1789355003600000000,1789355003,600000000,38735523,1789355003607907,1789355003600000,2,4,22.937183731049007,25.182516317100713,gnss_local_enu_direct,22.937183731049007,25.182516317100713,110.4352417,-7.0506777,238.78,5.537,8.426,3,1,13,0,0.1495,184.604,-0.149,-0.012,-0.155,1.6577,180.0,99.0,5.01,114.30967620171215,neo3_calibrated_direct,1,27.4902,-8.21533,-32.8125,43.587416754137884,7,149.5377711782438,yahboom_calibrated_direct,0,3156,2942,2773,0.012494125961353485,0.5461934303083382,0.5463363126276046,127.45599523861452,neo3_calibrated_direct:gyro_integral,1,127.45599523861452,nan,117.333984375,0.0,-211,-65,2037,-1.0103531005859374,-0.3112462158203125,9.753977563476562,9.81110421428344,0,0,0,0.0,0.0,0.0,0.0,0.0,0.0,0.0,-332,1080,21360,-1.82373046875,5.9326171875,117.333984375,98779.602,304.75,1,1,0,0,5218,272,1362,2702,2702,2702,2702,16028,F4line=5218;YAH=10808
DIRECT_SERIAL,933,1789355003694000995,2026-09-14T03:03:23.694001+00:00,-1,23983896191255,1789355003600000000,1789355003,600000000,38735523,1789355003607907,1789355003600000,2,4,22.937183731049007,25.182516317100713,gnss_local_enu_direct,22.937183731049007,25.182516317100713,110.4352417,-7.0506777,238.78,5.537,8.426,3,1,13,0,0.1495,184.604,-0.149,-0.012,-0.155,1.6577,180.0,99.0,5.01,114.21143752077073,neo3_calibrated_direct,1,27.4902,-8.24585,-32.7393,43.53810862626557,7,149.537741751899,yahboom_calibrated_direct,0,3156,2941,2773,0.012490957816663109,0.5460428723393415,0.5461857215817492,127.45599523861452,neo3_calibrated_direct:gyro_integral,1,127.45599523861452,nan,117.333984375,0.0,-209,-66,2034,-1.0007762939453124,-0.316034619140625,9.739612353515625,9.795993051639657,0,0,0,0.0,0.0,0.0,0.0,0.0,0.0,0.0,-332,1080,21360,-1.82373046875,5.9326171875,117.333984375,98775.328,304.75,1,1,0,0,5225,272,1363,2704,2704,2704,2704,16043,F4line=5225;YAH=10816
DIRECT_SERIAL,934,1789355003745560640,2026-09-14T03:03:23.745561+00:00,-1,23983947750800,1789355003600000000,1789355003,600000000,38735523,1789355003607907,1789355003600000,2,4,22.937183731049007,25.182516317100713,gnss_local_enu_direct,22.937183731049007,25.182516317100713,110.4352417,-7.0506777,238.78,5.537,8.426,3,1,13,0,0.1495,184.604,-0.149,-0.012,-0.155,1.6577,180.0,99.0,5.01,114.22784440826,neo3_calibrated_direct,1,27.4658,-8.23975,-32.6416,43.44810352895164,7,149.4892071849078,yahboom_calibrated_direct,0,3159,2937,2804,0.012931898048357366,0.5454501448974252,0.5456034224193935,127.45599523861452,neo3_calibrated_direct:gyro_integral,1,127.45599523861452,nan,117.333984375,0.0,-212,-64,2038,-1.01514150390625,-0.3064578125,9.758765966796874,9.816208120170856,0,0,0,0.0,0.0,0.0,0.0,0.0,0.0,0.0,-332,1080,21360,-1.82373046875,5.9326171875,117.333984375,98776.859,304.75,1,1,0,0,5233,272,1364,2707,2707,2707,2707,16063,F4line=5233;YAH=10828
DIRECT_SERIAL,935,1789355003813703252,2026-09-14T03:03:23.813703+00:00,-1,23984015893508,1789355003600000000,1789355003,600000000,38735523,1789355003607907,1789355003600000,2,4,22.937183731049007,25.182516317100713,gnss_local_enu_direct,22.937183731049007,25.182516317100713,110.4352417,-7.0506777,238.78,5.537,8.426,3,1,13,0,0.1495,184.604,-0.149,-0.012,-0.155,1.6577,180.0,99.0,5.01,114.36765835168387,neo3_calibrated_direct,1,27.4658,-8.19702,-32.7393,43.51348148574646,7,149.6183910498714,yahboom_calibrated_direct,0,3151,2946,2815,0.011750777189355388,0.5467798214608738,0.5469060741309598,127.45599523861452,neo3_calibrated_direct:gyro_integral,1,127.45599523861452,nan,117.333984375,0.0,-216,-65,2035,-1.0342951171875,-0.3112462158203125,9.744400756835937,9.804080105044285,0,0,0,0.0,0.0,0.0,0.0,0.0,0.0,0.0,-332,1080,21360,-1.82373046875,5.9326171875,117.333984375,98776.859,304.75,1,1,0,0,5237,272,1366,2710,2710,2710,2710,16079,F4line=5237;YAH=10840
DIRECT_SERIAL,936,1789355003864493092,2026-09-14T03:03:23.864493+00:00,-1,23984066683237,1789355003800000000,1789355003,800000000,38735721,1789355003806431,1789355003800000,2,4,22.74935495396283,24.97238545005569,gnss_local_enu_direct,22.74935495396283,24.97238545005569,110.43524,-7.0506796,238.75,5.527,8.411,3,1,13,0,0.5603,245.539,-0.232,-0.51,-0.793,1.8498,180.0,99.0,5.01,114.37158886049008,neo3_calibrated_direct,1,27.5146,-8.21533,-32.7881,43.584450917487764,7,149.58615683972465,yahboom_calibrated_direct,0,3153,2944,2793,0.012046849440278477,0.5464850418122609,0.54661780752733,127.45599523861452,neo3_calibrated_direct:gyro_integral,1,127.45599523861452,nan,117.333984375,0.0,-213,-65,2031,-1.0199299072265624,-0.3112462158203125,9.725247143554688,9.783535313256465,0,0,0,0.0,0.0,0.0,0.0,0.0,0.0,0.0,-332,1080,21360,-1.82373046875,5.9326171875,117.333984375,98778.992,304.75,1,1,0,0,5246,273,1367,2713,2713,2713,2713,16100,F4line=5246;YAH=10852
DIRECT_SERIAL,937,1789355003914737723,2026-09-14T03:03:23.914738+00:00,-1,23984116927862,1789355003800000000,1789355003,800000000,38735721,1789355003806431,1789355003800000,2,4,22.74935495396283,24.97238545005569,gnss_local_enu_direct,22.74935495396283,24.97238545005569,110.43524,-7.0506796,238.75,5.527,8.411,3,1,13,0,0.5603,245.539,-0.232,-0.51,-0.793,1.8498,180.0,99.0,5.01,114.54530158083561,neo3_calibrated_direct,1,27.4658,-8.17261,-32.5684,43.380438015447695,7,149.5535879170956,yahboom_calibrated_direct,0,3155,2930,2794,0.012304903954917049,0.5443835665356858,0.544522614934819,127.45599523861452,neo3_calibrated_direct:gyro_integral,1,127.45599523861452,nan,117.333984375,0.0,-212,-64,2037,-1.01514150390625,-0.3064578125,9.753977563476562,9.811447751101745,0,0,0,0.0,0.0,0.0,0.0,0.0,0.0,0.0,-332,1080,21360,-1.82373046875,5.9326171875,117.333984375,98778.992,304.75,1,1,0,0,5250,273,1369,2716,2716,2716,2716,16116,F4line=5250;YAH=10864
DIRECT_SERIAL,938,1789355003973349037,2026-09-14T03:03:23.973349+00:00,-1,23984175539262,1789355003800000000,1789355003,800000000,38735721,1789355003806431,1789355003800000,2,4,22.74935495396283,24.97238545005569,gnss_local_enu_direct,22.74935495396283,24.97238545005569,110.43524,-7.0506796,238.75,5.527,8.411,3,1,13,0,0.5603,245.539,-0.232,-0.51,-0.793,1.8498,180.0,99.0,5.01,114.64952445760999,neo3_calibrated_direct,1,27.4658,-8.14819,-32.5684,43.37584406643979,7,149.58614076227843,yahboom_calibrated_direct,0,3153,2943,2853,0.0120436812955881,0.546334483843264,0.5464672163043592,127.45599523861452,neo3_calibrated_direct:gyro_integral,1,127.45599523861452,nan,117.333984375,0.0,-214,-66,2036,-1.024718310546875,-0.316034619140625,9.749189160156249,9.807987294902738,0,0,0,0.0,0.0,0.0,0.0,0.0,0.0,0.0,-332,1080,21360,-1.82373046875,5.9326171875,117.333984375,98778.992,304.75,1,1,0,0,5253,273,1370,2718,2718,2718,2718,16127,F4line=5253;YAH=10872
DIRECT_SERIAL,939,1789355004028802057,2026-09-14T03:03:24.028802+00:00,-1,23984230992271,1789355003800000000,1789355003,800000000,38735721,1789355003806431,1789355003800000,2,4,22.74935495396283,24.97238545005569,gnss_local_enu_direct,22.74935495396283,24.97238545005569,110.43524,-7.0506796,238.75,5.527,8.411,3,1,13,0,0.5603,245.539,-0.232,-0.51,-0.793,1.8498,180.0,99.0,5.01,114.24296703463803,neo3_calibrated_direct,1,27.4902,-8.24585,-32.666,43.48301615875444,7,149.48877738060187,yahboom_calibrated_direct,0,3159,2927,2911,0.012900216601453601,0.5439445652074567,0.5440975147959174,127.45599523861452,neo3_calibrated_direct:gyro_integral,1,127.45599523861452,nan,117.333984375,0.0,-210,-64,2032,-1.005564697265625,-0.3064578125,9.730035546875,9.786657677403468,0,0,0,0.0,0.0,0.0,0.0,0.0,0.0,0.0,-332,1080,21360,-1.82373046875,5.9326171875,117.333984375,98778.992,304.75,1,1,0,0,5255,273,1371,2721,2721,2721,2721,16141,F4line=5255;YAH=10884
DIRECT_SERIAL,940,1789355004093013691,2026-09-14T03:03:24.093014+00:00,-1,23984295204043,1789355004000000000,1789355004,0,38735929,1789355004015498,1789355004000000,2,4,22.705160815358294,24.9723863758819,gnss_local_enu_direct,22.705160815358294,24.9723863758819,110.4352396,-7.0506796,238.98,5.537,8.4,3,1,12,0,0.1742,280.923,0.033,-0.171,-0.149,1.5379,180.0,99.0,4.98,114.55323063746543,neo3_calibrated_direct,1,27.5391,-8.19702,-32.666,43.50472068282245,7,149.4558902536925,yahboom_calibrated_direct,0,3161,2917,2898,0.01317094369485368,0.542445321806869,0.5426051980104601,127.45599523861452,neo3_calibrated_direct:gyro_integral,1,127.45599523861452,nan,117.333984375,0.0,-208,-64,2029,-0.9959878906249999,-0.3064578125,9.715670336914062,9.77139490373333,0,0,0,0.0,0.0,0.0,0.0,0.0,0.0,0.0,-332,1080,21360,-1.82373046875,5.9326171875,117.333984375,98773.5,304.75,1,1,0,0,5266,274,1373,2724,2724,2724,2724,16164,F4line=5266;YAH=10896
DIRECT_SERIAL,941,1789355004145445425,2026-09-14T03:03:24.145445+00:00,-1,23984347635624,1789355004000000000,1789355004,0,38735929,1789355004015498,1789355004000000,2,4,22.705160815358294,24.9723863758819,gnss_local_enu_direct,22.705160815358294,24.9723863758819,110.4352396,-7.0506796,238.98,5.537,8.4,3,1,12,0,0.1742,280.923,0.033,-0.171,-0.149,1.5379,180.0,99.0,4.98,114.66921063310077,neo3_calibrated_direct,1,27.4902,-8.14819,-32.6416,43.44626735262881,7,149.424353394429,yahboom_calibrated_direct,0,3163,2932,2919,0.013520874405513165,0.5447100276312024,0.5448778103819928,127.45599523861452,neo3_calibrated_direct:gyro_integral,1,127.45599523861452,nan,117.333984375,0.0,-212,-66,2035,-1.01514150390625,-0.316034619140625,9.744400756835937,9.80223118801394,0,0,0,0.0,0.0,0.0,0.0,0.0,0.0,0.0,-332,1080,21360,-1.82373046875,5.9326171875,117.333984375,98782.656,304.75,1,1,0,0,5269,274,1374,2727,2727,2727,2727,16179,F4line=5269;YAH=10908
DIRECT_SERIAL,942,1789355004212758011,2026-09-14T03:03:24.212758+00:00,-1,23984414948231,1789355004000000000,1789355004,0,38735929,1789355004015498,1789355004000000,2,4,22.705160815358294,24.9723863758819,gnss_local_enu_direct,22.705160815358294,24.9723863758819,110.4352396,-7.0506796,238.98,5.537,8.4,3,1,12,0,0.1742,280.923,0.033,-0.171,-0.149,1.5379,180.0,99.0,4.98,114.06174269833114,neo3_calibrated_direct,1,27.4658,-8.27637,-32.666,43.473394461634804,7,149.6668261090987,yahboom_calibrated_direct,0,3148,2925,2917,0.011230633340401721,0.5436085996778688,0.5437245964355116,127.45599523861452,neo3_calibrated_direct:gyro_integral,1,127.45599523861452,nan,117.333984375,0.0,-214,-66,2036,-1.024718310546875,-0.316034619140625,9.749189160156249,9.807987294902738,0,0,0,0.0,0.0,0.0,0.0,0.0,0.0,0.0,-332,1080,21360,-1.82373046875,5.9326171875,117.333984375,98782.656,304.75,1,1,0,0,5273,274,1376,2730,2730,2730,2730,16195,F4line=5273;YAH=10920
DIRECT_SERIAL,943,1789355004270186717,2026-09-14T03:03:24.270187+00:00,-1,23984472376947,1789355004200000000,1789355004,200000000,38736123,1789355004209077,1789355004200000,2,4,22.660965865751386,24.91708884544281,gnss_local_enu_direct,22.660965865751386,24.91708884544281,110.4352392,-7.0506801,238.99,5.559,8.393,3,1,11,0,0.002,90.0,0.0,0.002,0.229,1.6571,180.0,99.0,5.01,114.14961649325335,neo3_calibrated_direct,1,27.5146,-8.28247,-32.6416,43.48708512904607,7,149.45698313284964,yahboom_calibrated_direct,0,3161,2938,2891,0.013237474733351583,0.5456070391558027,0.5457675988126061,127.45599523861452,neo3_calibrated_direct:gyro_integral,1,127.45599523861452,nan,117.333984375,0.0,-214,-64,2035,-1.024718310546875,-0.3064578125,9.744400756835937,9.802923549464063,0,0,0,0.0,0.0,0.0,0.0,0.0,0.0,0.0,-332,1080,21360,-1.82373046875,5.9326171875,117.333984375,98776.547,304.75,1,1,0,0,5281,275,1377,2733,2733,2733,2733,16215,F4line=5281;YAH=10932
DIRECT_SERIAL,944,1789355004332477010,2026-09-14T03:03:24.332477+00:00,-1,23984534667489,1789355004200000000,1789355004,200000000,38736123,1789355004209077,1789355004200000,2,4,22.660965865751386,24.91708884544281,gnss_local_enu_direct,22.660965865751386,24.91708884544281,110.4352392,-7.0506801,238.99,5.559,8.393,3,1,11,0,0.002,90.0,0.0,0.002,0.229,1.6571,180.0,99.0,5.01,114.93018111927518,neo3_calibrated_direct,1,27.4902,-8.09937,-32.5195,43.345458478217765,7,149.4727847170262,yahboom_calibrated_direct,0,3160,2931,2842,0.013064093450367027,0.5445499652281345,0.5447066505630737,127.45599523861452,neo3_calibrated_direct:gyro_integral,1,127.45599523861452,nan,117.333984375,0.0,-213,-66,2035,-1.0199299072265624,-0.316034619140625,9.744400756835937,9.802728242993137,0,0,0,0.0,0.0,0.0,0.0,0.0,0.0,0.0,-332,1080,21360,-1.82373046875,5.9326171875,117.333984375,98776.547,304.75,1,1,0,0,5285,275,1379,2736,2736,2736,2736,16231,F4line=5285;YAH=10944
DIRECT_SERIAL,945,1789355004390123931,2026-09-14T03:03:24.390124+00:00,-1,23984592314626,1789355004200000000,1789355004,200000000,38736123,1789355004209077,1789355004200000,2,4,22.660965865751386,24.91708884544281,gnss_local_enu_direct,22.660965865751386,24.91708884544281,110.4352392,-7.0506801,238.99,5.559,8.393,3,1,11,0,0.002,90.0,0.0,0.002,0.229,1.6571,180.0,99.0,5.01,115.12346139230756,neo3_calibrated_direct,1,27.4902,-8.04443,-32.6172,43.40859000134535,7,149.31097420709133,yahboom_calibrated_direct,0,3170,2929,2837,0.014569799862505482,0.5442805307370445,0.5444755046900019,127.45599523861452,neo3_calibrated_direct:gyro_integral,1,127.45599523861452,nan,117.333984375,0.0,-210,-64,2036,-1.005564697265625,-0.3064578125,9.749189160156249,9.80570069050332,0,0,0,0.0,0.0,0.0,0.0,0.0,0.0,0.0,-332,1080,21360,-1.82373046875,5.9326171875,117.333984375,98777.469,304.75,1,1,0,0,5291,275,1380,2739,2739,2739,2739,16249,F4line=5291;YAH=10956
DIRECT_SERIAL,946,1789355004445333583,2026-09-14T03:03:24.445333+00:00,-1,23984647523723,1789355004400000000,1789355004,400000000,38736323,1789355004409097,1789355004400000,2,4,22.594673196135783,24.795433982649982,gnss_local_enu_direct,22.594673196135783,24.795433982649982,110.4352386,-7.0506812,238.94,5.585,8.382,3,1,11,0,0.193,168.341,-0.189,0.039,-0.034,1.16,180.0,99.0,5.01,114.2633171934756,neo3_calibrated_direct,1,27.4902,-8.23364,-32.7393,43.53579777814575,7,149.58596332376624,yahboom_calibrated_direct,0,3153,2932,2828,0.01200883170399396,0.5446783461842987,0.5448107128544349,127.45599523861452,neo3_calibrated_direct:gyro_integral,1,127.45599523861452,nan,117.333984375,0.0,-207,-64,2027,-0.9911994873046874,-0.3064578125,9.706093530273437,9.761385374673578,0,0,0,0.0,0.0,0.0,0.0,0.0,0.0,0.0,-332,1080,21360,-1.82373046875,5.9326171875,117.333984375,98777.469,304.75,1,1,0,0,5300,276,1382,2742,2742,2742,2742,16270,F4line=5300;YAH=10968
DIRECT_SERIAL,947,1789355004510223068,2026-09-14T03:03:24.510223+00:00,-1,23984712413288,1789355004400000000,1789355004,400000000,38736323,1789355004409097,1789355004400000,2,4,22.594673196135783,24.795433982649982,gnss_local_enu_direct,22.594673196135783,24.795433982649982,110.4352386,-7.0506812,238.94,5.585,8.382,3,1,11,0,0.193,168.341,-0.189,0.039,-0.034,1.16,180.0,99.0,5.01,114.67557718339641,neo3_calibrated_direct,1,27.4658,-8.14209,-32.5684,43.3746985899395,7,149.50546081696677,yahboom_calibrated_direct,0,3158,2940,2827,0.012790198212276574,0.5458986506597253,0.5460484648475977,127.45599523861452,neo3_calibrated_direct:gyro_integral,1,127.45599523861452,nan,117.333984375,0.0,-212,-66,2035,-1.01514150390625,-0.316034619140625,9.744400756835937,9.80223118801394,0,0,0,0.0,0.0,0.0,0.0,0.0,0.0,0.0,-332,1080,21360,-1.82373046875,5.9326171875,117.333984375,98777.469,304.75,1,1,0,0,5303,276,1383,2745,2745,2745,2745,16285,F4line=5303;YAH=10980
DIRECT_SERIAL,948,1789355004571824524,2026-09-14T03:03:24.571825+00:00,-1,23984774014858,1789355004400000000,1789355004,400000000,38736323,1789355004409097,1789355004400000,2,4,22.594673196135783,24.795433982649982,gnss_local_enu_direct,22.594673196135783,24.795433982649982,110.4352386,-7.0506812,238.94,5.585,8.382,3,1,11,0,0.193,168.341,-0.189,0.039,-0.034,1.16,180.0,99.0,5.01,115.16009105491776,neo3_calibrated_direct,1,27.4902,-8.03833,-32.5928,43.38912832806047,7,149.40819461791702,yahboom_calibrated_direct,0,3164,2932,2860,0.013672078675665087,0.5447131957758927,0.5448847505552891,127.45599523861452,neo3_calibrated_direct:gyro_integral,1,127.45599523861452,nan,117.333984375,0.0,-215,-64,2040,-1.0295067138671874,-0.3064578125,9.7683427734375,9.827223463629416,0,0,0,0.0,0.0,0.0,0.0,0.0,0.0,0.0,-332,1080,21360,-1.82373046875,5.9326171875,117.333984375,98778.078,304.75,1,1,0,0,5309,276,1385,2748,2748,2748,2748,16303,F4line=5309;YAH=10992
DIRECT_SERIAL,949,1789355004629843963,2026-09-14T03:03:24.629844+00:00,-1,23984832034256,1789355004400000000,1789355004,400000000,38736323,1789355004409097,1789355004400000,2,4,22.594673196135783,24.795433982649982,gnss_local_enu_direct,22.594673196135783,24.795433982649982,110.4352386,-7.0506812,238.94,5.585,8.382,3,1,11,0,0.193,168.341,-0.189,0.039,-0.034,1.16,180.0,99.0,5.01,114.57429244579664,neo3_calibrated_direct,1,27.5146,-8.17261,-32.7393,43.53971212424469,7,149.3769872672328,yahboom_calibrated_direct,0,3166,2947,2821,0.014022009386324573,0.5469779016002263,0.5471576021460517,127.45599523861452,neo3_calibrated_direct:gyro_integral,1,127.45599523861452,nan,117.333984375,0.0,-212,-64,2037,-1.01514150390625,-0.3064578125,9.753977563476562,9.811447751101745,0,0,0,0.0,0.0,0.0,0.0,0.0,0.0,0.0,-332,1080,21360,-1.82373046875,5.9326171875,117.333984375,98778.078,304.75,1,1,0,0,5311,276,1386,2751,2751,2751,2751,16317,F4line=5311;YAH=11004
DIRECT_SERIAL,950,1789355004691596191,2026-09-14T03:03:24.691596+00:00,-1,23984893786540,1789355004600000000,1789355004,600000000,38736522,1789355004607969,1789355004600000,2,4,22.561527263627955,24.72907724186812,gnss_local_enu_direct,22.561527263627955,24.72907724186812,110.4352383,-7.0506818,239.03,5.61,8.374,3,1,11,0,0.0834,300.256,0.042,-0.072,-0.256,1.7258,180.0,99.0,5.01,114.53829828072291,neo3_calibrated_direct,1,27.5146,-8.19092,-32.6416,43.469741593048376,7,149.48984746110918,yahboom_calibrated_direct,0,3159,2952,2809,0.01297942021871301,0.5477085144323778,0.5478622839098674,127.45599523861452,neo3_calibrated_direct:gyro_integral,1,127.45599523861452,nan,117.333984375,0.0,-213,-66,2033,-1.0199299072265624,-0.316034619140625,9.734823950195311,9.793208475134529,0,0,0,0.0,0.0,0.0,0.0,0.0,0.0,0.0,-332,1080,21360,-1.82373046875,5.9326171875,117.333984375,98774.719,304.75,1,1,0,0,5321,277,1388,2754,2754,2754,2754,16339,F4line=5321;YAH=11016
DIRECT_SERIAL,951,1789355004745507982,2026-09-14T03:03:24.745508+00:00,-1,23984947698172,1789355004600000000,1789355004,600000000,38736522,1789355004607969,1789355004600000,2,4,22.561527263627955,24.72907724186812,gnss_local_enu_direct,22.561527263627955,24.72907724186812,110.4352383,-7.0506818,239.03,5.61,8.374,3,1,11,0,0.0834,300.256,0.042,-0.072,-0.256,1.7258,180.0,99.0,5.01,114.45126766634966,neo3_calibrated_direct,1,27.4658,-8.18481,-32.666,43.456056429180265,7,149.60247495797088,yahboom_calibrated_direct,0,3152,2962,2870,0.01195267177455333,0.5491919171095136,0.5493219713255361,127.45599523861452,neo3_calibrated_direct:gyro_integral,1,127.45599523861452,nan,117.333984375,0.0,-207,-66,2035,-0.9911994873046874,-0.316034619140625,9.744400756835937,9.799780630909714,0,0,0,0.0,0.0,0.0,0.0,0.0,0.0,0.0,-332,1080,21360,-1.82373046875,5.9326171875,117.333984375,98778.992,304.75,1,1,0,0,5329,277,1389,2757,2757,2757,2757,16359,F4line=5329;YAH=11028
DIRECT_SERIAL,952,1789355004811375684,2026-09-14T03:03:24.811376+00:00,-1,23985013566101,1789355004600000000,1789355004,600000000,38736522,1789355004607969,1789355004600000,2,4,22.561527263627955,24.72907724186812,gnss_local_enu_direct,22.561527263627955,24.72907724186812,110.4352383,-7.0506818,239.03,5.61,8.374,3,1,11,0,0.0834,300.256,0.042,-0.072,-0.256,1.7258,180.0,99.0,5.01,114.94940442395256,neo3_calibrated_direct,1,27.5146,-8.08716,-32.7148,43.50532736419299,7,149.55396348914752,yahboom_calibrated_direct,0,3155,2945,2838,0.012352426125272693,0.5466419360706384,0.5467814816745683,127.45599523861452,neo3_calibrated_direct:gyro_integral,1,127.45599523861452,nan,117.333984375,0.0,-210,-64,2031,-1.005564697265625,-0.3064578125,9.725247143554688,9.781896991608928,0,0,0,0.0,0.0,0.0,0.0,0.0,0.0,0.0,-332,1080,21360,-1.82373046875,5.9326171875,117.333984375,98778.992,304.75,1,1,0,0,5333,277,1391,2760,2760,2760,2760,16375,F4line=5333;YAH=11040
DIRECT_SERIAL,953,1789355004871195469,2026-09-14T03:03:24.871195+00:00,-1,23985073386128,1789355004800000000,1789355004,800000000,38736722,1789355004808220,1789355004800000,2,4,22.58362479419229,24.762255825071605,gnss_local_enu_direct,22.58362479419229,24.762255825071605,110.4352385,-7.0506815,239.04,5.637,8.37,3,1,11,0,0.3264,52.217,0.2,0.258,0.722,2.0991,180.0,99.0,5.01,114.3147669376227,neo3_calibrated_direct,1,27.5146,-8.23364,-32.7393,43.55120899928726,7,149.61830449809565,yahboom_calibrated_direct,0,3151,2934,2833,0.01171275945307087,0.5449731258329117,0.5450989787314778,127.45599523861452,neo3_calibrated_direct:gyro_integral,1,127.45599523861452,nan,117.333984375,0.0,-212,-65,2033,-1.01514150390625,-0.3112462158203125,9.734823950195311,9.792557573030232,0,0,0,0.0,0.0,0.0,0.0,0.0,0.0,0.0,-332,1080,21360,-1.82373046875,5.9326171875,117.333984375,98778.383,304.75,1,1,0,0,5341,278,1392,2763,2763,2763,2763,16395,F4line=5341;YAH=11052
DIRECT_SERIAL,954,1789355004931053380,2026-09-14T03:03:24.931053+00:00,-1,23985133243567,1789355004800000000,1789355004,800000000,38736722,1789355004808220,1789355004800000,2,4,22.58362479419229,24.762255825071605,gnss_local_enu_direct,22.58362479419229,24.762255825071605,110.4352385,-7.0506815,239.04,5.637,8.37,3,1,11,0,0.3264,52.217,0.2,0.258,0.722,2.0991,180.0,99.0,5.01,114.52859304015675,neo3_calibrated_direct,1,27.4902,-8.17871,-32.666,43.47033412919781,7,149.26225636344162,yahboom_calibrated_direct,0,3173,2927,2830,0.015017076383580491,0.543988919233122,0.5441961565754856,127.45599523861452,neo3_calibrated_direct:gyro_integral,1,127.45599523861452,nan,117.333984375,0.0,-216,-65,2042,-1.0342951171875,-0.3112462158203125,9.777919580078125,9.837395585762298,0,0,0,0.0,0.0,0.0,0.0,0.0,0.0,0.0,-332,1080,21360,-1.82373046875,5.9326171875,117.333984375,98778.383,304.75,1,1,0,0,5345,278,1394,2766,2766,2766,2766,16411,F4line=5345;YAH=11064
DIRECT_SERIAL,955,1789355004990861318,2026-09-14T03:03:24.990861+00:00,-1,23985193051606,1789355004800000000,1789355004,800000000,38736722,1789355004808220,1789355004800000,2,4,22.58362479419229,24.762255825071605,gnss_local_enu_direct,22.58362479419229,24.762255825071605,110.4352385,-7.0506815,239.04,5.637,8.37,3,1,11,0,0.3264,52.217,0.2,0.258,0.722,2.0991,180.0,99.0,5.01,114.4202357989501,neo3_calibrated_direct,1,27.4658,-8.19702,-32.6172,43.421688617100095,7,149.47254702568765,yahboom_calibrated_direct,0,3160,2926,2801,0.013048252726915146,0.5437971753831502,0.5439536973437336,127.45599523861452,neo3_calibrated_direct:gyro_integral,1,127.45599523861452,nan,117.333984375,0.0,-210,-64,2036,-1.005564697265625,-0.3064578125,9.749189160156249,9.80570069050332,0,0,0,0.0,0.0,0.0,0.0,0.0,0.0,0.0,-332,1080,21360,-1.82373046875,5.9326171875,117.333984375,98778.383,304.75,1,1,0,0,5348,278,1395,2769,2769,2769,2769,16426,F4line=5348;YAH=11076
DIRECT_SERIAL,956,1789355005042533708,2026-09-14T03:03:25.042534+00:00,-1,23985244723911,1789355004800000000,1789355004,800000000,38736722,1789355004808220,1789355004800000,2,4,22.58362479419229,24.762255825071605,gnss_local_enu_direct,22.58362479419229,24.762255825071605,110.4352385,-7.0506815,239.04,5.637,8.37,3,1,11,0,0.3264,52.217,0.2,0.258,0.722,2.0991,180.0,99.0,5.01,114.45009681739002,neo3_calibrated_direct,1,27.4902,-8.18481,-32.7881,43.56330694961185,7,149.29576947019603,yahboom_calibrated_direct,0,3171,2939,2808,0.014752685579561164,0.5457892785717033,0.5459886247309826,127.45599523861452,neo3_calibrated_direct:gyro_integral,1,127.45599523861452,nan,117.333984375,0.0,-212,-64,2029,-1.01514150390625,-0.3064578125,9.715670336914062,9.773365784589622,0,0,0,0.0,0.0,0.0,0.0,0.0,0.0,0.0,-332,1080,21360,-1.82373046875,5.9326171875,117.333984375,98778.383,304.75,1,1,0,0,5353,278,1397,2772,2772,2772,2772,16443,F4line=5353;YAH=11088
DIRECT_SERIAL,957,1789355005110555286,2026-09-14T03:03:25.110555+00:00,-1,23985312745499,1789355005000000000,1789355005,0,38736930,1789355005016045,1789355005000000,2,4,22.561527525350606,24.762256069313263,gnss_local_enu_direct,22.561527525350606,24.762256069313263,110.4352383,-7.0506815,239.1,5.665,8.367,3,1,11,0,0.22,346.595,0.214,-0.051,-0.212,1.2851,180.0,99.0,4.98,114.10770085345708,neo3_calibrated_direct,1,27.5391,-8.29468,-32.7393,43.57826877702234,7,149.34406183285185,yahboom_calibrated_direct,0,3168,2938,2840,0.014295904624415028,0.5456292161686354,0.5458164658800885,127.45599523861452,neo3_calibrated_direct:gyro_integral,1,127.45599523861452,nan,117.333984375,0.0,-210,-66,2034,-1.005564697265625,-0.316034619140625,9.739612353515625,9.796483401590411,0,0,0,0.0,0.0,0.0,0.0,0.0,0.0,0.0,-332,1080,21360,-1.82373046875,5.9326171875,117.333984375,98777.469,304.75,1,1,0,0,5361,279,1398,2775,2775,2775,2775,16463,F4line=5361;YAH=11100
DIRECT_SERIAL,958,1789355005170328320,2026-09-14T03:03:25.170328+00:00,-1,23985372518622,1789355005000000000,1789355005,0,38736930,1789355005016045,1789355005000000,2,4,22.561527525350606,24.762256069313263,gnss_local_enu_direct,22.561527525350606,24.762256069313263,110.4352383,-7.0506815,239.1,5.665,8.367,3,1,11,0,0.22,346.595,0.214,-0.051,-0.212,1.2851,180.0,99.0,4.98,114.38758864620759,neo3_calibrated_direct,1,27.5146,-8.22144,-32.6904,43.512153945692,7,149.60232465658524,yahboom_calibrated_direct,0,3152,2949,2849,0.011911485893578436,0.5472346635125547,0.5473642849564555,127.45599523861452,neo3_calibrated_direct:gyro_integral,1,127.45599523861452,nan,117.333984375,0.0,-212,-64,2035,-1.01514150390625,-0.3064578125,9.744400756835937,9.801927094894152,0,0,0,0.0,0.0,0.0,0.0,0.0,0.0,0.0,-332,1080,21360,-1.82373046875,5.9326171875,117.333984375,98778.078,304.75,1,1,0,0,5366,279,1400,2778,2778,2778,2778,16480,F4line=5366;YAH=11112
DIRECT_SERIAL,959,1789355005227923461,2026-09-14T03:03:25.227923+00:00,-1,23985430113841,1789355005000000000,1789355005,0,38736930,1789355005016045,1789355005000000,2,4,22.561527525350606,24.762256069313263,gnss_local_enu_direct,22.561527525350606,24.762256069313263,110.4352383,-7.0506815,239.1,5.665,8.367,3,1,11,0,0.22,346.595,0.214,-0.051,-0.212,1.2851,180.0,99.0,4.98,114.18088994542181,neo3_calibrated_direct,1,27.4658,-8.24585,-32.6904,43.485934093940074,7,149.6021264787639,yahboom_calibrated_direct,0,3152,2932,2801,0.011857627433842038,0.5446751780396083,0.5448042335562737,127.45599523861452,neo3_calibrated_direct:gyro_integral,1,127.45599523861452,nan,117.333984375,0.0,-214,-64,2033,-1.024718310546875,-0.3064578125,9.734823950195311,9.793403971454898,0,0,0,0.0,0.0,0.0,0.0,0.0,0.0,0.0,-332,1080,21360,-1.82373046875,5.9326171875,117.333984375,98778.078,304.75,1,1,0,0,5368,279,1401,2781,2781,2781,2781,16494,F4line=5368;YAH=11124
DIRECT_SERIAL,960,1789355005290046737,2026-09-14T03:03:25.290047+00:00,-1,23985492236955,1789355005200000000,1789355005,200000000,38737120,1789355005206211,1789355005200000,2,4,22.49523609863023,24.740138194184752,gnss_local_enu_direct,22.49523609863023,24.740138194184752,110.4352377,-7.0506817,239.39,5.693,8.367,3,1,11,0,0.4324,239.877,-0.217,-0.374,-1.1,2.0587,180.0,99.0,5.02,114.29978572952787,neo3_calibrated_direct,1,27.4902,-8.22754,-32.7148,43.516222831624525,7,149.3103272332092,yahboom_calibrated_direct,0,3170,2922,2728,0.014547622849672847,0.5432266249540666,0.5434213828968846,127.45599523861452,neo3_calibrated_direct:gyro_integral,1,127.45599523861452,nan,117.333984375,0.0,-209,-65,2037,-1.0007762939453124,-0.3112462158203125,9.753977563476562,9.8101226142281,0,0,0,0.0,0.0,0.0,0.0,0.0,0.0,0.0,-332,1080,21360,-1.82373046875,5.9326171875,117.333984375,98780.211,304.75,1,1,0,0,5378,280,1403,2784,2784,2784,2784,16516,F4line=5378;YAH=11136
DIRECT_SERIAL,961,1789355005340593725,2026-09-14T03:03:25.340594+00:00,-1,23985542784018,1789355005200000000,1789355005,200000000,38737120,1789355005206211,1789355005200000,2,4,22.49523609863023,24.740138194184752,gnss_local_enu_direct,22.49523609863023,24.740138194184752,110.4352377,-7.0506817,239.39,5.693,8.367,3,1,11,0,0.4324,239.877,-0.217,-0.374,-1.1,2.0587,180.0,99.0,5.02,114.74943199653025,neo3_calibrated_direct,1,27.5635,-8.1604,-32.6904,43.531608201053174,7,149.50515338353196,yahboom_calibrated_direct,0,3158,2932,2759,0.012764853054753562,0.5446941869077505,0.5448437378961098,127.45599523861452,neo3_calibrated_direct:gyro_integral,1,127.45599523861452,nan,117.333984375,0.0,-212,-64,2034,-1.01514150390625,-0.3064578125,9.739612353515625,9.79716680783529,0,0,0,0.0,0.0,0.0,0.0,0.0,0.0,0.0,-332,1080,21360,-1.82373046875,5.9326171875,117.333984375,98780.211,304.75,1,1,0,0,5379,280,1404,2786,2786,2786,2786,16525,F4line=5379;YAH=11144
DIRECT_SERIAL,962,1789355005390830594,2026-09-14T03:03:25.390831+00:00,-1,23985593020732,1789355005200000000,1789355005,200000000,38737120,1789355005206211,1789355005200000,2,4,22.49523609863023,24.740138194184752,gnss_local_enu_direct,22.49523609863023,24.740138194184752,110.4352377,-7.0506817,239.39,5.693,8.367,3,1,11,0,0.4324,239.877,-0.217,-0.374,-1.1,2.0587,180.0,99.0,5.02,114.45946518802782,neo3_calibrated_direct,1,27.5391,-8.20923,-32.7637,43.58042592372062,7,149.3916869081831,yahboom_calibrated_direct,0,3165,2927,2818,0.013807442222365126,0.5439635740755989,0.5441387831994918,127.45599523861452,neo3_calibrated_direct:gyro_integral,1,127.45599523861452,nan,117.333984375,0.0,-209,-65,2032,-1.0007762939453124,-0.3112462158203125,9.730035546875,9.78631795625078,0,0,0,0.0,0.0,0.0,0.0,0.0,0.0,0.0,-332,1080,21360,-1.82373046875,5.9326171875,117.333984375,98776.859,304.75,1,1,0,0,5386,280,1405,2790,2790,2790,2790,16548,F4line=5386;YAH=11160
DIRECT_SERIAL,963,1789355005445281652,2026-09-14T03:03:25.445282+00:00,-1,23985647471840,1789355005400000000,1789355005,400000000,38737323,1789355005409587,1789355005400000,2,4,22.373701063910822,24.640603863458814,gnss_local_enu_direct,22.373701063910822,24.640603863458814,110.4352366,-7.0506826,239.72,5.723,8.367,3,1,11,0,0.7164,230.153,-0.459,-0.55,-1.364,1.8952,151.58,99.0,5.01,114.51810327303814,neo3_calibrated_direct,1,27.4902,-8.17871,-32.6904,43.48867261096963,7,149.32731932402,yahboom_calibrated_direct,0,3169,2931,2813,0.014424931881734314,0.5445784785303479,0.5447694906455586,127.45599523861452,neo3_calibrated_direct:gyro_integral,1,127.45599523861452,nan,117.333984375,0.0,-210,-64,2038,-1.005564697265625,-0.3064578125,9.758765966796874,9.815222358456385,0,0,0,0.0,0.0,0.0,0.0,0.0,0.0,0.0,-332,1080,21360,-1.82373046875,5.9326171875,117.333984375,98776.859,304.75,1,1,0,0,5395,281,1407,2792,2792,2792,2792,16565,F4line=5395;YAH=11168
DIRECT_SERIAL,964,1789355005509561496,2026-09-14T03:03:25.509562+00:00,-1,23985711751886,1789355005400000000,1789355005,400000000,38737323,1789355005409587,1789355005400000,2,4,22.373701063910822,24.640603863458814,gnss_local_enu_direct,22.373701063910822,24.640603863458814,110.4352366,-7.0506826,239.72,5.723,8.367,3,1,11,0,0.7164,230.153,-0.459,-0.55,-1.364,1.8952,151.58,99.0,5.01,114.68064216976879,neo3_calibrated_direct,1,27.4658,-8.13599,-32.6172,43.41020892324868,7,149.68287369686735,yahboom_calibrated_direct,0,3147,2939,2803,0.01112378309591507,0.5457132430991343,0.5458266045587552,127.45599523861452,neo3_calibrated_direct:gyro_integral,1,127.45599523861452,nan,117.333984375,0.0,-210,-64,2035,-1.005564697265625,-0.3064578125,9.744400756835937,9.800939896818772,0,0,0,0.0,0.0,0.0,0.0,0.0,0.0,0.0,-332,1080,21360,-1.82373046875,5.9326171875,117.333984375,98778.688,304.75,1,1,0,0,5398,281,1408,2795,2795,2795,2795,16580,F4line=5398;YAH=11180
DIRECT_SERIAL,965,1789355005569354760,2026-09-14T03:03:25.569355+00:00,-1,23985771545042,1789355005400000000,1789355005,400000000,38737323,1789355005409587,1789355005400000,2,4,22.373701063910822,24.640603863458814,gnss_local_enu_direct,22.373701063910822,24.640603863458814,110.4352366,-7.0506826,239.72,5.723,8.367,3,1,11,0,0.7164,230.153,-0.459,-0.55,-1.364,1.8952,151.58,99.0,5.01,115.32965902645026,neo3_calibrated_direct,1,27.4658,-7.9895,-32.5684,43.34631424296649,7,149.5053840858556,yahboom_calibrated_direct,0,3158,2938,2778,0.012783861922895821,0.5455975347217316,0.5457472831083034,127.45599523861452,neo3_calibrated_direct:gyro_integral,1,127.45599523861452,nan,117.333984375,0.0,-213,-65,2036,-1.0199299072265624,-0.3112462158203125,9.749189160156249,9.807335035728398,0,0,0,0.0,0.0,0.0,0.0,0.0,0.0,0.0,-332,1080,21360,-1.82373046875,5.9326171875,117.333984375,98775.938,304.75,1,1,0,0,5404,281,1410,2798,2798,2798,2798,16598,F4line=5404;YAH=11192
DIRECT_SERIAL,966,1789355005629280667,2026-09-14T03:03:25.629281+00:00,-1,23985831470877,1789355005400000000,1789355005,400000000,38737323,1789355005409587,1789355005400000,2,4,22.373701063910822,24.640603863458814,gnss_local_enu_direct,22.373701063910822,24.640603863458814,110.4352366,-7.0506826,239.72,5.723,8.367,3,1,11,0,0.7164,230.153,-0.459,-0.55,-1.364,1.8952,151.58,99.0,5.01,114.5842153398064,neo3_calibrated_direct,1,27.5391,-8.18481,-32.7148,43.539077649694185,7,149.37647089362073,yahboom_calibrated_direct,0,3166,2940,2727,0.013999832373491939,0.5459239958172484,0.5461034741837456,127.45599523861452,neo3_calibrated_direct:gyro_integral,1,127.45599523861452,nan,117.333984375,0.0,-212,-62,2033,-1.01514150390625,-0.296881005859375,9.734823950195311,9.79211151620984,0,0,0,0.0,0.0,0.0,0.0,0.0,0.0,0.0,-332,1080,21360,-1.82373046875,5.9326171875,117.333984375,98775.938,304.75,1,1,0,0,5406,281,1411,2801,2801,2801,2801,16612,F4line=5406;YAH=11204
DIRECT_SERIAL,967,1789355005689066445,2026-09-14T03:03:25.689066+00:00,-1,23985891256744,1789355005600000000,1789355005,600000000,38737522,1789355005608141,1789355005600000,2,4,22.296360809522334,24.618485907766008,gnss_local_enu_direct,22.296360809522334,24.618485907766008,110.4352359,-7.0506828,239.99,5.75,8.363,3,1,11,0,0.4206,287.573,0.127,-0.401,-0.623,1.7309,180.0,99.0,5.01,114.58523832280399,neo3_calibrated_direct,1,27.5146,-8.18481,-32.5928,43.431957585815766,7,149.39280142748356,yahboom_calibrated_direct,0,3165,2943,2741,0.013858132537411147,0.5463725015795484,0.5465482214038557,127.45599523861452,neo3_calibrated_direct:gyro_integral,1,127.45599523861452,nan,117.333984375,0.0,-213,-64,2033,-1.0199299072265624,-0.3064578125,9.734823950195311,9.792904101837907,0,0,0,0.0,0.0,0.0,0.0,0.0,0.0,0.0,-332,1080,21360,-1.82373046875,5.9326171875,117.333984375,98775.633,304.75,1,1,0,0,5416,282,1413,2804,2804,2804,2804,16634,F4line=5416;YAH=11216
DIRECT_SERIAL,968,1789355005745387625,2026-09-14T03:03:25.745388+00:00,-1,23985947577775,1789355005600000000,1789355005,600000000,38737522,1789355005608141,1789355005600000,2,4,22.296360809522334,24.618485907766008,gnss_local_enu_direct,22.296360809522334,24.618485907766008,110.4352359,-7.0506828,239.99,5.75,8.363,3,1,11,0,0.4206,287.573,0.127,-0.401,-0.623,1.7309,180.0,99.0,5.01,114.79159308195561,neo3_calibrated_direct,1,27.4414,-8.10547,-32.5439,43.33398787431062,7,149.37513387635354,yahboom_calibrated_direct,0,3166,2922,2745,0.013942805769065165,0.5432139523753051,0.5433928596217603,127.45599523861452,neo3_calibrated_direct:gyro_integral,1,127.45599523861452,nan,117.333984375,0.0,-211,-66,2037,-1.0103531005859374,-0.316034619140625,9.753977563476562,9.81125728829711,0,0,0,0.0,0.0,0.0,0.0,0.0,0.0,0.0,-332,1080,21360,-1.82373046875,5.9326171875,117.333984375,98778.078,304.75,1,1,0,0,5424,282,1414,2807,2807,2807,2807,16654,F4line=5424;YAH=11228
DIRECT_SERIAL,969,1789355005808835488,2026-09-14T03:03:25.808836+00:00,-1,23986011026360,1789355005600000000,1789355005,600000000,38737522,1789355005608141,1789355005600000,2,4,22.296360809522334,24.618485907766008,gnss_local_enu_direct,22.296360809522334,24.618485907766008,110.4352359,-7.0506828,239.99,5.75,8.363,3,1,11,0,0.4206,287.573,0.127,-0.401,-0.623,1.7309,180.0,99.0,5.01,114.28924682278951,neo3_calibrated_direct,1,27.4902,-8.22754,-32.7393,43.53464453721427,7,149.44056894332192,yahboom_calibrated_direct,0,3162,2933,2788,0.013372838280051622,0.5448574174555089,0.5450215024748575,127.45599523861452,neo3_calibrated_direct:gyro_integral,1,127.45599523861452,nan,117.333984375,0.0,-209,-65,2038,-1.0007762939453124,-0.3112462158203125,9.758765966796874,9.814883626008935,0,0,0,0.0,0.0,0.0,0.0,0.0,0.0,0.0,-332,1080,21360,-1.82373046875,5.9326171875,117.333984375,98778.078,304.75,1,1,0,0,5428,282,1416,2810,2810,2810,2810,16670,F4line=5428;YAH=11240
DIRECT_SERIAL,970,1789355005868689415,2026-09-14T03:03:25.868689+00:00,-1,23986070880176,1789355005800000000,1789355005,800000000,38737722,1789355005808495,1789355005800000,2,4,22.252165738659304,24.61848581025291,gnss_local_enu_direct,22.252165738659304,24.61848581025291,110.4352355,-7.0506828,239.96,5.78,8.359,3,1,11,0,0.259,56.494,0.143,0.216,0.507,2.2,180.0,99.0,5.01,114.0559326719472,neo3_calibrated_direct,1,27.5146,-8.29468,-32.7393,43.562790245258626,7,149.28034829766767,yahboom_calibrated_direct,0,3172,2946,2772,0.014926066862545722,0.5468463524993716,0.5470500166473374,127.45599523861452,neo3_calibrated_direct:gyro_integral,1,127.45599523861452,nan,117.333984375,0.0,-212,-66,2035,-1.01514150390625,-0.316034619140625,9.744400756835937,9.80223118801394,0,0,0,0.0,0.0,0.0,0.0,0.0,0.0,0.0,-332,1080,21360,-1.82373046875,5.9326171875,117.333984375,98777.164,304.75,1,1,0,0,5436,283,1417,2813,2813,2813,2813,16690,F4line=5436;YAH=11252
DIRECT_SERIAL,971,1789355005928598598,2026-09-14T03:03:25.928599+00:00,-1,23986130788912,1789355005800000000,1789355005,800000000,38737722,1789355005808495,1789355005800000,2,4,22.252165738659304,24.61848581025291,gnss_local_enu_direct,22.252165738659304,24.61848581025291,110.4352355,-7.0506828,239.96,5.78,8.359,3,1,11,0,0.259,56.494,0.143,0.216,0.507,2.2,180.0,99.0,5.01,114.58689990233948,neo3_calibrated_direct,1,27.4658,-8.1604,-32.5928,43.39646194841234,7,149.60228981884325,yahboom_calibrated_direct,0,3152,2946,2753,0.011901981459507308,0.5467829896055642,0.5469125111794947,127.45599523861452,neo3_calibrated_direct:gyro_integral,1,127.45599523861452,nan,117.333984375,0.0,-213,-65,2036,-1.0199299072265624,-0.3112462158203125,9.749189160156249,9.807335035728398,0,0,0,0.0,0.0,0.0,0.0,0.0,0.0,0.0,-332,1080,21360,-1.82373046875,5.9326171875,117.333984375,98777.164,304.75,1,1,0,0,5440,283,1419,2816,2816,2816,2816,16706,F4line=5440;YAH=11264
DIRECT_SERIAL,972,1789355005988365167,2026-09-14T03:03:25.988365+00:00,-1,23986190555451,1789355005800000000,1789355005,800000000,38737722,1789355005808495,1789355005800000,2,4,22.252165738659304,24.61848581025291,gnss_local_enu_direct,22.252165738659304,24.61848581025291,110.4352355,-7.0506828,239.96,5.78,8.359,3,1,11,0,0.259,56.494,0.143,0.216,0.507,2.2,180.0,99.0,5.01,114.8060362644086,neo3_calibrated_direct,1,27.4658,-8.11157,-32.5684,43.36897988268689,7,149.65060641523232,yahboom_calibrated_direct,0,3149,2939,2744,0.011426191636218911,0.545719579388515,0.545839186192495,127.45599523861452,neo3_calibrated_direct:gyro_integral,1,127.45599523861452,nan,117.333984375,0.0,-212,-62,2036,-1.01514150390625,-0.296881005859375,9.749189160156249,9.806392806995914,0,0,0,0.0,0.0,0.0,0.0,0.0,0.0,0.0,-332,1080,21360,-1.82373046875,5.9326171875,117.333984375,98780.211,304.75,1,1,0,0,5443,283,1420,2819,2819,2819,2819,16721,F4line=5443;YAH=11276
DIRECT_SERIAL,973,1789355006042477586,2026-09-14T03:03:26.042478+00:00,-1,23986244667814,1789355005800000000,1789355005,800000000,38737722,1789355005808495,1789355005800000,2,4,22.252165738659304,24.61848581025291,gnss_local_enu_direct,22.252165738659304,24.61848581025291,110.4352355,-7.0506828,239.96,5.78,8.359,3,1,11,0,0.259,56.494,0.143,0.216,0.507,2.2,180.0,99.0,5.01,114.2055944280668,neo3_calibrated_direct,1,27.5146,-8.25195,-32.8125,43.609724239124695,7,149.6828842872503,yahboom_calibrated_direct,0,3147,2938,2757,0.011120614951224694,0.5455626851301374,0.5456760132929601,127.45599523861452,neo3_calibrated_direct:gyro_integral,1,127.45599523861452,nan,117.333984375,0.0,-211,-66,2029,-1.0103531005859374,-0.316034619140625,9.715670336914062,9.773174579631267,0,0,0,0.0,0.0,0.0,0.0,0.0,0.0,0.0,-332,1080,21360,-1.82373046875,5.9326171875,117.333984375,98780.211,304.75,1,1,0,0,5448,283,1422,2822,2822,2822,2822,16738,F4line=5448;YAH=11288
DIRECT_SERIAL,974,1789355006108131573,2026-09-14T03:03:26.108132+00:00,-1,23986310321775,1789355006000000000,1789355006,0,38737930,1789355006016145,1789355006000000,2,4,22.20797049910268,24.55212844074707,gnss_local_enu_direct,22.20797049910268,24.55212844074707,110.4352351,-7.0506834,239.89,5.812,8.359,3,1,11,0,0.1648,43.279,0.12,0.113,0.065,1.7382,180.0,99.0,4.98,114.25245017271047,neo3_calibrated_direct,1,27.5146,-8.24585,-32.7637,43.57186354830947,7,149.5860279715676,yahboom_calibrated_direct,0,3153,2936,2766,0.012021504282755465,0.5452805780602861,0.545413077744731,127.45599523861452,neo3_calibrated_direct:gyro_integral,1,127.45599523861452,nan,117.333984375,0.0,-209,-66,2035,-1.0007762939453124,-0.316034619140625,9.744400756835937,9.800753908799212,0,0,0,0.0,0.0,0.0,0.0,0.0,0.0,0.0,-332,1080,21360,-1.82373046875,5.9326171875,117.333984375,98779.906,305.0,1,1,0,0,5456,284,1423,2825,2825,2825,2825,16758,F4line=5456;YAH=11300
DIRECT_SERIAL,975,1789355006167971079,2026-09-14T03:03:26.167971+00:00,-1,23986370161578,1789355006000000000,1789355006,0,38737930,1789355006016145,1789355006000000,2,4,22.20797049910268,24.55212844074707,gnss_local_enu_direct,22.20797049910268,24.55212844074707,110.4352351,-7.0506834,239.89,5.812,8.359,3,1,11,0,0.1648,43.279,0.12,0.113,0.065,1.7382,180.0,99.0,4.98,114.77990412443074,neo3_calibrated_direct,1,27.4658,-8.11768,-32.5684,43.370123089315754,7,149.71535750675739,yahboom_calibrated_direct,0,3145,2928,2740,0.01078652496401709,0.5440507691507882,0.5441576871958749,127.45599523861452,neo3_calibrated_direct:gyro_integral,1,127.45599523861452,nan,117.333984375,0.0,-212,-65,2040,-1.01514150390625,-0.3112462158203125,9.7683427734375,9.825879452709774,0,0,0,0.0,0.0,0.0,0.0,0.0,0.0,0.0,-332,1080,21360,-1.82373046875,5.9326171875,117.333984375,98776.859,305.0,1,1,0,0,5461,284,1425,2828,2828,2828,2828,16775,F4line=5461;YAH=11312
DIRECT_SERIAL,976,1789355006227856831,2026-09-14T03:03:26.227857+00:00,-1,23986430047068,1789355006000000000,1789355006,0,38737930,1789355006016145,1789355006000000,2,4,22.20797049910268,24.55212844074707,gnss_local_enu_direct,22.20797049910268,24.55212844074707,110.4352351,-7.0506834,239.89,5.812,8.359,3,1,11,0,0.1648,43.279,0.12,0.113,0.065,1.7382,180.0,99.0,4.98,114.75891158439354,neo3_calibrated_direct,1,27.4658,-8.11768,-32.6172,43.406780968673544,7,149.81330816197786,yahboom_calibrated_direct,0,3139,2910,2747,0.009822272738678792,0.5413217168407028,0.5414108219874434,127.45599523861452,neo3_calibrated_direct:gyro_integral,1,127.45599523861452,nan,117.333984375,0.0,-214,-64,2033,-1.024718310546875,-0.3064578125,9.734823950195311,9.793403971454898,0,0,0,0.0,0.0,0.0,0.0,0.0,0.0,0.0,-332,1080,21360,-1.82373046875,5.9326171875,117.333984375,98776.859,305.0,1,1,0,0,5463,284,1426,2831,2831,2831,2831,16789,F4line=5463;YAH=11324
DIRECT_SERIAL,977,1789355006287667540,2026-09-14T03:03:26.287668+00:00,-1,23986489857829,1789355006200000000,1789355006,200000000,38738122,1789355006207432,1789355006200000,2,4,22.196921873269456,24.574247600771884,gnss_local_enu_direct,22.196921873269456,24.574247600771884,110.435235,-7.0506832,239.92,5.839,8.359,3,1,11,0,0.2815,3.259,0.281,0.016,0.134,1.5762,180.0,99.0,5.01,114.76182800205804,neo3_calibrated_direct,1,27.5146,-8.13599,-32.666,43.47775410989049,7,149.71551473135207,yahboom_calibrated_direct,0,3145,2920,2747,0.010761179806494079,0.5428463053988135,0.542952957700729,127.45599523861452,neo3_calibrated_direct:gyro_integral,1,127.45599523861452,nan,117.333984375,0.0,-214,-64,2037,-1.024718310546875,-0.3064578125,9.753977563476562,9.812443238848136,0,0,0,0.0,0.0,0.0,0.0,0.0,0.0,0.0,-332,1080,21360,-1.82373046875,5.9326171875,117.333984375,98777.773,305.0,1,1,0,0,5473,285,1428,2834,2834,2834,2834,16811,F4line=5473;YAH=11336
DIRECT_SERIAL,978,1789355006345398596,2026-09-14T03:03:26.345398+00:00,-1,23986547588774,1789355006200000000,1789355006,200000000,38738122,1789355006207432,1789355006200000,2,4,22.196921873269456,24.574247600771884,gnss_local_enu_direct,22.196921873269456,24.574247600771884,110.435235,-7.0506832,239.92,5.839,8.359,3,1,11,0,0.2815,3.259,0.281,0.016,0.134,1.5762,180.0,99.0,5.01,114.63774741919207,neo3_calibrated_direct,1,27.4902,-8.14819,-32.7148,43.50129004243552,7,149.69934077131091,yahboom_calibrated_direct,0,3146,2917,2713,0.01090287964257487,0.5423977996365134,0.5425073693831557,127.45599523861452,neo3_calibrated_direct:gyro_integral,1,127.45599523861452,nan,117.333984375,0.0,-210,-64,2035,-1.005564697265625,-0.3064578125,9.744400756835937,9.800939896818772,0,0,0,0.0,0.0,0.0,0.0,0.0,0.0,0.0,-332,1080,21360,-1.82373046875,5.9326171875,117.333984375,98775.633,305.0,1,1,0,0,5476,285,1429,2837,2837,2837,2837,16826,F4line=5476;YAH=11348
DIRECT_SERIAL,979,1789355006407391758,2026-09-14T03:03:26.407392+00:00,-1,23986609582003,1789355006200000000,1789355006,200000000,38738122,1789355006207432,1789355006200000,2,4,22.196921873269456,24.574247600771884,gnss_local_enu_direct,22.196921873269456,24.574247600771884,110.435235,-7.0506832,239.92,5.839,8.359,3,1,11,0,0.2815,3.259,0.281,0.016,0.134,1.5762,180.0,99.0,5.01,114.58143518667652,neo3_calibrated_direct,1,27.4658,-8.1543,-32.666,43.45032029950987,7,149.7476974068228,yahboom_calibrated_direct,0,3143,2929,2721,0.010487284568403624,0.5441949908304043,0.5442960326720401,127.45599523861452,neo3_calibrated_direct:gyro_integral,1,127.45599523861452,nan,117.333984375,0.0,-209,-64,2030,-1.0007762939453124,-0.3064578125,9.720458740234374,9.776645012577884,0,0,0,0.0,0.0,0.0,0.0,0.0,0.0,0.0,-332,1080,21360,-1.82373046875,5.9326171875,117.333984375,98775.633,305.0,1,1,0,0,5483,285,1431,2840,2840,2840,2840,16845,F4line=5483;YAH=11360
DIRECT_SERIAL,980,1789355006467171846,2026-09-14T03:03:26.467172+00:00,-1,23986669362318,1789355006400000000,1789355006,400000000,38738324,1789355006409870,1789355006400000,2,4,22.075386003453385,24.44153380496659,gnss_local_enu_direct,22.075386003453385,24.44153380496659,110.4352339,-7.0506844,240.02,5.871,8.359,3,1,11,0,0.5065,208.538,-0.445,-0.242,-1.011,2.0349,180.0,99.0,5.0,113.93240596097455,neo3_calibrated_direct,1,27.4902,-8.31909,-32.666,43.49696438221982,7,149.8934016555484,yahboom_calibrated_direct,0,3134,2928,2736,0.009123277992345961,0.544015919559194,0.5440924139658272,127.45599523861452,neo3_calibrated_direct:gyro_integral,1,127.45599523861452,nan,117.333984375,0.0,-209,-67,2032,-1.0007762939453124,-0.32082302246093747,9.730035546875,9.786627220126194,0,0,0,0.0,0.0,0.0,0.0,0.0,0.0,0.0,-332,1080,21360,-1.82373046875,5.9326171875,117.333984375,98777.469,305.0,1,1,0,0,5491,286,1432,2843,2843,2843,2843,16865,F4line=5491;YAH=11372
DIRECT_SERIAL,981,1789355006527015247,2026-09-14T03:03:26.527015+00:00,-1,23986729205512,1789355006400000000,1789355006,400000000,38738324,1789355006409870,1789355006400000,2,4,22.075386003453385,24.44153380496659,gnss_local_enu_direct,22.075386003453385,24.44153380496659,110.4352339,-7.0506844,240.02,5.871,8.359,3,1,11,0,0.5065,208.538,-0.445,-0.242,-1.011,2.0349,180.0,99.0,5.0,114.59026115855241,neo3_calibrated_direct,1,27.5146,-8.17871,-32.6416,43.46744254018287,7,149.52121235741856,yahboom_calibrated_direct,0,3157,2929,2763,0.012604144350530514,0.5442393448560696,0.5443852762007555,127.45599523861452,neo3_calibrated_direct:gyro_integral,1,127.45599523861452,nan,117.333984375,0.0,-210,-65,2041,-1.005564697265625,-0.3112462158203125,9.773131176757811,9.829655516108634,0,0,0,0.0,0.0,0.0,0.0,0.0,0.0,0.0,-332,1080,21360,-1.82373046875,5.9326171875,117.333984375,98777.469,305.0,1,1,0,0,5495,286,1434,2846,2846,2846,2846,16881,F4line=5495;YAH=11384
DIRECT_SERIAL,982,1789355006586885114,2026-09-14T03:03:26.586885+00:00,-1,23986789075377,1789355006400000000,1789355006,400000000,38738324,1789355006409870,1789355006400000,2,4,22.075386003453385,24.44153380496659,gnss_local_enu_direct,22.075386003453385,24.44153380496659,110.4352339,-7.0506844,240.02,5.871,8.359,3,1,11,0,0.5065,208.538,-0.445,-0.242,-1.011,2.0349,180.0,99.0,5.0,114.76097462620898,neo3_calibrated_direct,1,27.5391,-8.14819,-32.666,43.49554672706276,7,149.6019500628387,yahboom_calibrated_direct,0,3152,2917,2765,0.011810105263486394,0.5424168085046557,0.5425453646790386,127.45599523861452,neo3_calibrated_direct:gyro_integral,1,127.45599523861452,nan,117.333984375,0.0,-216,-63,2038,-1.0342951171875,-0.3016694091796875,9.758765966796874,9.818059075834983,0,0,0,0.0,0.0,0.0,0.0,0.0,0.0,0.0,-332,1080,21360,-1.82373046875,5.9326171875,117.333984375,98775.938,304.75,1,1,0,0,5499,286,1435,2849,2849,2849,2849,16897,F4line=5499;YAH=11396
DIRECT_SERIAL,983,1789355006638162696,2026-09-14T03:03:26.638163+00:00,-1,23986840352886,1789355006600000000,1789355006,600000000,38738524,1789355006608728,1789355006600000,2,4,22.075386003453385,24.44153380496659,gnss_local_enu_direct,22.075386003453385,24.44153380496659,110.4352339,-7.0506844,240.02,5.871,8.359,3,1,11,0,0.5065,208.538,-0.445,-0.242,-1.011,2.0349,180.0,99.0,5.0,114.38758864620759,neo3_calibrated_direct,1,27.5146,-8.22144,-32.6904,43.512153945692,7,149.71551473135207,yahboom_calibrated_direct,0,3145,2920,2745,0.010761179806494079,0.5428463053988135,0.542952957700729,127.45599523861452,neo3_calibrated_direct:gyro_integral,1,127.45599523861452,nan,117.333984375,0.0,-211,-64,2037,-1.0103531005859374,-0.3064578125,9.753977563476562,9.81095347494371,0,0,0,0.0,0.0,0.0,0.0,0.0,0.0,0.0,-332,1080,21360,-1.82373046875,5.9326171875,117.333984375,98775.938,304.75,1,1,0,0,5505,286,1437,2852,2852,2852,2852,16915,F4line=5505;YAH=11408
DIRECT_SERIAL,984,1789355006706694602,2026-09-14T03:03:26.706695+00:00,-1,23986908884896,1789355006600000000,1789355006,600000000,38738524,1789355006608728,1789355006600000,2,4,21.898606016243676,24.242462488514143,gnss_local_enu_direct,21.898606016243676,24.242462488514143,110.4352323,-7.0506862,240.01,5.9,8.355,3,1,11,0,0.3502,239.261,-0.179,-0.301,-0.541,2.0165,180.0,99.0,5.0,114.15001540951538,neo3_calibrated_direct,1,27.4658,-8.25806,-32.6416,43.45157966246567,7,149.6183117326561,yahboom_calibrated_direct,0,3151,2935,2767,0.011715927597761248,0.5451236838019085,0.5452495700147219,127.45599523861452,neo3_calibrated_direct:gyro_integral,1,127.45599523861452,nan,117.333984375,0.0,-211,-66,2037,-1.0103531005859374,-0.316034619140625,9.753977563476562,9.81125728829711,0,0,0,0.0,0.0,0.0,0.0,0.0,0.0,0.0,-332,1080,21360,-1.82373046875,5.9326171875,117.333984375,98778.688,304.75,1,1,0,0,5511,287,1438,2855,2855,2855,2855,16933,F4line=5511;YAH=11420
DIRECT_SERIAL,985,1789355006766551745,2026-09-14T03:03:26.766552+00:00,-1,23986968742133,1789355006600000000,1789355006,600000000,38738524,1789355006608728,1789355006600000,2,4,21.898606016243676,24.242462488514143,gnss_local_enu_direct,21.898606016243676,24.242462488514143,110.4352323,-7.0506862,240.01,5.9,8.355,3,1,11,0,0.3502,239.261,-0.179,-0.301,-0.541,2.0165,180.0,99.0,5.0,114.82949066248418,neo3_calibrated_direct,1,27.5146,-8.11768,-32.6904,43.49266827756605,7,149.71543603193706,yahboom_calibrated_direct,0,3145,2924,2814,0.010773852385255585,0.5434485372748009,0.5435553224478075,127.45599523861452,neo3_calibrated_direct:gyro_integral,1,127.45599523861452,nan,117.333984375,0.0,-208,-63,2029,-0.9959878906249999,-0.3016694091796875,9.715670336914062,9.771245898364151,0,0,0,0.0,0.0,0.0,0.0,0.0,0.0,0.0,-332,1080,21360,-1.82373046875,5.9326171875,117.333984375,98776.547,304.75,1,1,0,0,5521,287,1440,2858,2858,2858,2858,16955,F4line=5521;YAH=11432
DIRECT_SERIAL,986,1789355006826426509,2026-09-14T03:03:26.826427+00:00,-1,23987028617038,1789355006600000000,1789355006,600000000,38738524,1789355006608728,1789355006600000,2,4,21.898606016243676,24.242462488514143,gnss_local_enu_direct,21.898606016243676,24.242462488514143,110.4352323,-7.0506862,240.01,5.9,8.355,3,1,11,0,0.3502,239.261,-0.179,-0.301,-0.541,2.0165,180.0,99.0,5.0,114.4030741092638,neo3_calibrated_direct,1,27.5146,-8.21533,-32.7148,43.52933492725222,7,149.6991133696837,yahboom_calibrated_direct,0,3146,2932,2785,0.010950401812930515,0.544656169171466,0.5447662378639128,127.45599523861452,neo3_calibrated_direct:gyro_integral,1,127.45599523861452,nan,117.333984375,0.0,-212,-65,2032,-1.01514150390625,-0.3112462158203125,9.730035546875,9.787797414294321,0,0,0,0.0,0.0,0.0,0.0,0.0,0.0,0.0,-332,1080,21360,-1.82373046875,5.9326171875,117.333984375,98776.547,304.75,1,1,0,0,5523,287,1441,2861,2861,2861,2861,16969,F4line=5523;YAH=11444
DIRECT_SERIAL,987,1789355006886189688,2026-09-14T03:03:26.886189+00:00,-1,23987088380046,1789355006800000000,1789355006,800000000,38738724,1789355006809105,1789355006800000,2,4,21.766021235324992,24.120808019278797,gnss_local_enu_direct,21.766021235324992,24.120808019278797,110.4352311,-7.0506873,240.06,5.929,8.355,3,1,11,0,0.2891,230.474,-0.184,-0.223,-0.501,2.0349,180.0,99.0,5.0,114.25838721107199,neo3_calibrated_direct,1,27.4902,-8.23975,-32.6904,43.50019342787454,7,149.8612668193731,yahboom_calibrated_direct,0,3136,2924,2804,0.009413013953888298,0.5434200239725875,0.5435015430392665,127.45599523861452,neo3_calibrated_direct:gyro_integral,1,127.45599523861452,nan,117.333984375,0.0,-215,-64,2038,-1.0295067138671874,-0.3064578125,9.758765966796874,9.817704093088812,0,0,0,0.0,0.0,0.0,0.0,0.0,0.0,0.0,-332,1080,21360,-1.82373046875,5.9326171875,117.333984375,98777.773,304.75,1,1,0,0,5533,288,1443,2864,2864,2864,2864,16991,F4line=5533;YAH=11456
DIRECT_SERIAL,988,1789355006945485569,2026-09-14T03:03:26.945486+00:00,-1,23987147675742,1789355006800000000,1789355006,800000000,38738724,1789355006809105,1789355006800000,2,4,21.766021235324992,24.120808019278797,gnss_local_enu_direct,21.766021235324992,24.120808019278797,110.4352311,-7.0506873,240.06,5.929,8.355,3,1,11,0,0.2891,230.474,-0.184,-0.223,-0.501,2.0349,180.0,99.0,5.0,114.3831851564284,neo3_calibrated_direct,1,27.4902,-8.21533,-32.6416,43.458909254707486,7,149.76387770246083,yahboom_calibrated_direct,0,3142,2929,2786,0.010336080298251704,0.544191822685714,0.54428997274792,127.45599523861452,neo3_calibrated_direct:gyro_integral,1,127.45599523861452,nan,117.333984375,0.0,-213,-64,2039,-1.0199299072265624,-0.3064578125,9.763554370117188,9.821464623198105,0,0,0,0.0,0.0,0.0,0.0,0.0,0.0,0.0,-332,1080,21360,-1.82373046875,5.9326171875,117.333984375,98776.242,304.75,1,1,0,0,5536,288,1444,2867,2867,2867,2867,17006,F4line=5536;YAH=11468
DIRECT_SERIAL,989,1789355007005966228,2026-09-14T03:03:27.005966+00:00,-1,23987208156536,1789355006800000000,1789355006,800000000,38738724,1789355006809105,1789355006800000,2,4,21.766021235324992,24.120808019278797,gnss_local_enu_direct,21.766021235324992,24.120808019278797,110.4352311,-7.0506873,240.06,5.929,8.355,3,1,11,0,0.2891,230.474,-0.184,-0.223,-0.501,2.0349,180.0,99.0,5.0,114.51234908140559,neo3_calibrated_direct,1,27.5146,-8.19702,-32.6416,43.470891417135675,7,149.79611352190437,yahboom_calibrated_direct,0,3140,2932,2756,0.01004317619201899,0.5446371603033238,0.5447297511347184,127.45599523861452,neo3_calibrated_direct:gyro_integral,1,127.45599523861452,nan,117.333984375,0.0,-210,-66,2037,-1.005564697265625,-0.316034619140625,9.753977563476562,9.810765339650441,0,0,0,0.0,0.0,0.0,0.0,0.0,0.0,0.0,-332,1080,21360,-1.82373046875,5.9326171875,117.333984375,98776.242,304.75,1,1,0,0,5540,288,1446,2870,2870,2870,2870,17022,F4line=5540;YAH=11480
DIRECT_SERIAL,990,1789355007065731866,2026-09-14T03:03:27.065732+00:00,-1,23987267922195,1789355007000000000,1789355007,0,38738930,1789355007015824,1789355007000000,2,4,21.677631608844653,24.043391797847775,gnss_local_enu_direct,21.677631608844653,24.043391797847775,110.4352303,-7.050688,240.16,5.921,8.34,3,1,12,0,0.136,243.812,-0.06,-0.122,-0.126,1.8598,180.0,99.0,4.98,114.53727023729061,neo3_calibrated_direct,1,27.5391,-8.19092,-32.7637,43.57698058546966,7,149.69924958379508,yahboom_calibrated_direct,0,3146,2923,2752,0.010921888510717128,0.5433011474504944,0.5434109167744648,127.45599523861452,neo3_calibrated_direct:gyro_integral,1,127.45599523861452,nan,117.333984375,0.0,-209,-65,2035,-1.0007762939453124,-0.3112462158203125,9.744400756835937,9.80060067073494,0,0,0,0.0,0.0,0.0,0.0,0.0,0.0,0.0,-332,1080,21360,-1.82373046875,5.9326171875,117.333984375,98778.688,304.75,1,1,0,0,5549,289,1447,2873,2873,2873,2873,17043,F4line=5549;YAH=11492
DIRECT_SERIAL,991,1789355007125672947,2026-09-14T03:03:27.125673+00:00,-1,23987327863278,1789355007000000000,1789355007,0,38738930,1789355007015824,1789355007000000,2,4,21.677631608844653,24.043391797847775,gnss_local_enu_direct,21.677631608844653,24.043391797847775,110.4352303,-7.050688,240.16,5.921,8.34,3,1,12,0,0.136,243.812,-0.06,-0.122,-0.126,1.8598,180.0,99.0,4.98,115.30152703598175,neo3_calibrated_direct,1,27.4902,-8.00781,-32.5684,43.3651564691758,7,149.8929203585749,yahboom_calibrated_direct,0,3134,2935,2742,0.009145455005178597,0.545069825342172,0.5451465434594607,127.45599523861452,neo3_calibrated_direct:gyro_integral,1,127.45599523861452,nan,117.333984375,0.0,-212,-64,2033,-1.01514150390625,-0.3064578125,9.734823950195311,9.79240654819292,0,0,0,0.0,0.0,0.0,0.0,0.0,0.0,0.0,-332,1080,21360,-1.82373046875,5.9326171875,117.333984375,98778.688,304.75,1,1,0,0,5553,289,1449,2876,2876,2876,2876,17059,F4line=5553;YAH=11504
DIRECT_SERIAL,992,1789355007185515932,2026-09-14T03:03:27.185516+00:00,-1,23987387706392,1789355007000000000,1789355007,0,38738930,1789355007015824,1789355007000000,2,4,21.677631608844653,24.043391797847775,gnss_local_enu_direct,21.677631608844653,24.043391797847775,110.4352303,-7.050688,240.16,5.921,8.34,3,1,12,0,0.136,243.812,-0.06,-0.122,-0.126,1.8598,180.0,99.0,4.98,114.79044110731972,neo3_calibrated_direct,1,27.4658,-8.11768,-32.5439,43.35172805589646,7,149.52128052822962,yahboom_calibrated_direct,0,3157,2931,2761,0.012610480639911267,0.5445404607940634,0.5446864581241032,127.45599523861452,neo3_calibrated_direct:gyro_integral,1,127.45599523861452,nan,117.333984375,0.0,-213,-66,2031,-1.0199299072265624,-0.316034619140625,9.725247143554688,9.783688818608713,0,0,0,0.0,0.0,0.0,0.0,0.0,0.0,0.0,-332,1080,21360,-1.82373046875,5.9326171875,117.333984375,98778.383,304.75,1,1,0,0,5556,289,1450,2879,2879,2879,2879,17074,F4line=5556;YAH=11516
DIRECT_SERIAL,993,1789355007235619813,2026-09-14T03:03:27.235620+00:00,-1,23987437809997,1789355007000000000,1789355007,0,38738930,1789355007015824,1789355007000000,2,4,21.677631608844653,24.043391797847775,gnss_local_enu_direct,21.677631608844653,24.043391797847775,110.4352303,-7.050688,240.16,5.921,8.34,3,1,12,0,0.136,243.812,-0.06,-0.122,-0.126,1.8598,180.0,99.0,4.98,114.34670882915485,neo3_calibrated_direct,1,27.4902,-8.22144,-32.666,43.47839380328578,7,149.48873426928168,yahboom_calibrated_direct,0,3159,2926,2769,0.012897048456763226,0.5437940072384598,0.5439469240352024,127.45599523861452,neo3_calibrated_direct:gyro_integral,1,127.45599523861452,nan,117.333984375,0.0,-212,-65,2037,-1.01514150390625,-0.3112462158203125,9.753977563476562,9.811598482847721,0,0,0,0.0,0.0,0.0,0.0,0.0,0.0,0.0,-332,1080,21360,-1.82373046875,5.9326171875,117.333984375,98778.383,304.75,1,1,0,0,5561,289,1452,2882,2882,2882,2882,17091,F4line=5561;YAH=11528
DIRECT_SERIAL,994,1789355007285715261,2026-09-14T03:03:27.285715+00:00,-1,23987487905411,1789355007200000000,1789355007,200000000,38739123,1789355007208118,1789355007200000,2,4,21.456657000352056,23.866439910847816,gnss_local_enu_direct,21.456657000352056,23.866439910847816,110.4352283,-7.0506896,240.25,5.908,8.329,3,1,12,0,0.6031,250.634,-0.2,-0.569,-1.167,1.9121,180.0,99.0,5.01,114.85557826564758,neo3_calibrated_direct,1,27.5146,-8.11157,-32.6904,43.49152829212719,7,149.44051258133644,yahboom_calibrated_direct,0,3162,2932,2762,0.013369670135361245,0.544706859486512,0.5448709120986246,127.45599523861452,neo3_calibrated_direct:gyro_integral,1,127.45599523861452,nan,117.333984375,0.0,-211,-64,2038,-1.0103531005859374,-0.3064578125,9.758765966796874,9.815714083724059,0,0,0,0.0,0.0,0.0,0.0,0.0,0.0,0.0,-332,1080,21360,-1.82373046875,5.9326171875,117.333984375,98777.164,304.75,1,1,0,0,5568,290,1453,2885,2885,2885,2884,17109,F4line=5568;YAH=11539
DIRECT_SERIAL,995,1789355007345022613,2026-09-14T03:03:27.345023+00:00,-1,23987547212918,1789355007200000000,1789355007,200000000,38739123,1789355007208118,1789355007200000,2,4,21.456657000352056,23.866439910847816,gnss_local_enu_direct,21.456657000352056,23.866439910847816,110.4352283,-7.0506896,240.25,5.908,8.329,3,1,12,0,0.6031,250.634,-0.2,-0.569,-1.167,1.9121,180.0,99.0,5.01,115.32579481556535,neo3_calibrated_direct,1,27.5146,-8.01392,-32.5684,43.38175659751919,7,149.65059632185793,yahboom_calibrated_direct,0,3149,2945,2762,0.01144520050436117,0.5466229272024961,0.546742733978249,127.45599523861452,neo3_calibrated_direct:gyro_integral,1,127.45599523861452,nan,117.333984375,0.0,-212,-64,2038,-1.01514150390625,-0.3064578125,9.758765966796874,9.816208120170856,0,0,0,0.0,0.0,0.0,0.0,0.0,0.0,0.0,-332,1080,21360,-1.82373046875,5.9326171875,117.333984375,98777.164,304.75,1,1,0,0,5570,290,1454,2887,2887,2887,2887,17120,F4line=5570;YAH=11548
DIRECT_SERIAL,996,1789355007404895844,2026-09-14T03:03:27.404896+00:00,-1,23987607086189,1789355007200000000,1789355007,200000000,38739123,1789355007208118,1789355007200000,2,4,21.456657000352056,23.866439910847816,gnss_local_enu_direct,21.456657000352056,23.866439910847816,110.4352283,-7.0506896,240.25,5.908,8.329,3,1,12,0,0.6031,250.634,-0.2,-0.569,-1.167,1.9121,180.0,99.0,5.01,114.93132987187208,neo3_calibrated_direct,1,27.4658,-8.07495,-32.6416,43.41715142317031,7,149.56990364760603,yahboom_calibrated_direct,0,3154,2937,2748,0.012175876697597763,0.5454343041739733,0.5455701899326076,127.45599523861452,neo3_calibrated_direct:gyro_integral,1,127.45599523861452,nan,117.333984375,0.0,-211,-64,2033,-1.0103531005859374,-0.3064578125,9.734823950195311,9.791911310872978,0,0,0,0.0,0.0,0.0,0.0,0.0,0.0,0.0,-332,1080,21360,-1.82373046875,5.9326171875,117.333984375,98775.938,304.75,1,1,0,0,5578,290,1456,2890,2890,2890,2890,17140,F4line=5578;YAH=11560
DIRECT_SERIAL,997,1789355007464737805,2026-09-14T03:03:27.464738+00:00,-1,23987666928102,1789355007400000000,1789355007,400000000,38739324,1789355007410565,1789355007400000,2,4,21.19148734915439,23.601011837359895,gnss_local_enu_direct,21.19148734915439,23.601011837359895,110.4352259,-7.050692,240.33,5.895,8.314,3,1,12,0,0.5827,218.66,-0.455,-0.364,-1.218,1.9838,180.0,99.0,5.01,114.54489100628659,neo3_calibrated_direct,1,27.4658,-8.1604,-32.6904,43.46981193840158,7,149.45651631076694,yahboom_calibrated_direct,0,3161,2929,2794,0.013208961431138196,0.5442520174348311,0.5444122841596918,127.45599523861452,neo3_calibrated_direct:gyro_integral,1,127.45599523861452,nan,117.333984375,0.0,-210,-65,2034,-1.005564697265625,-0.3112462158203125,9.739612353515625,9.796330096725178,0,0,0,0.0,0.0,0.0,0.0,0.0,0.0,0.0,-332,1080,21360,-1.82373046875,5.9326171875,117.333984375,98774.109,304.75,1,1,0,0,5586,291,1457,2893,2893,2893,2893,17160,F4line=5586;YAH=11572
DIRECT_SERIAL,998,1789355007524584200,2026-09-14T03:03:27.524584+00:00,-1,23987726774471,1789355007400000000,1789355007,400000000,38739324,1789355007410565,1789355007400000,2,4,21.19148734915439,23.601011837359895,gnss_local_enu_direct,21.19148734915439,23.601011837359895,110.4352259,-7.050692,240.33,5.895,8.314,3,1,12,0,0.5827,218.66,-0.455,-0.364,-1.218,1.9838,180.0,99.0,5.01,115.18107985894085,neo3_calibrated_direct,1,27.4902,-8.03833,-32.5439,43.35240791973267,7,149.47330533190038,yahboom_calibrated_direct,0,3160,2942,2756,0.013098943041961169,0.5462061028870997,0.5463631476773754,127.45599523861452,neo3_calibrated_direct:gyro_integral,1,127.45599523861452,nan,117.333984375,0.0,-210,-67,2038,-1.005564697265625,-0.32082302246093747,9.758765966796874,9.815681380670462,0,0,0,0.0,0.0,0.0,0.0,0.0,0.0,0.0,-332,1080,21360,-1.82373046875,5.9326171875,117.333984375,98774.109,304.75,1,1,0,0,5590,291,1459,2896,2896,2896,2896,17176,F4line=5590;YAH=11584
DIRECT_SERIAL,999,1789355007584583134,2026-09-14T03:03:27.584583+00:00,-1,23987786773501,1789355007400000000,1789355007,400000000,38739324,1789355007410565,1789355007400000,2,4,21.19148734915439,23.601011837359895,gnss_local_enu_direct,21.19148734915439,23.601011837359895,110.4352259,-7.050692,240.33,5.895,8.314,3,1,12,0,0.5827,218.66,-0.455,-0.364,-1.218,1.9838,180.0,99.0,5.01,115.33823634341023,neo3_calibrated_direct,1,27.4902,-8.00171,-32.5439,43.34563283854673,7,149.60235943686715,yahboom_calibrated_direct,0,3152,2952,2738,0.011920990327649565,0.5476863374195452,0.5478160587336116,127.45599523861452,neo3_calibrated_direct:gyro_integral,1,127.45599523861452,nan,117.333984375,0.0,-214,-66,2032,-1.024718310546875,-0.316034619140625,9.730035546875,9.788948730068846,0,0,0,0.0,0.0,0.0,0.0,0.0,0.0,0.0,-332,1080,21360,-1.82373046875,5.9326171875,117.333984375,98778.688,304.75,1,1,0,0,5594,291,1460,2899,2899,2899,2899,17192,F4line=5594;YAH=11596
DIRECT_SERIAL,1000,1789355007634712083,2026-09-14T03:03:27.634712+00:00,-1,23987836902275,1789355007400000000,1789355007,400000000,38739324,1789355007410565,1789355007400000,2,4,21.19148734915439,23.601011837359895,gnss_local_enu_direct,21.19148734915439,23.601011837359895,110.4352259,-7.050692,240.33,5.895,8.314,3,1,12,0,0.5827,218.66,-0.455,-0.364,-1.218,1.9838,180.0,99.0,5.01,114.64823667778118,neo3_calibrated_direct,1,27.4902,-8.14819,-32.6904,43.48294319013031,7,149.7152400444155,yahboom_calibrated_direct,0,3145,2934,2733,0.010805533832159347,0.5449541169647694,0.5450612343198235,127.45599523861452,neo3_calibrated_direct:gyro_integral,1,127.45599523861452,nan,117.333984375,0.0,-213,-64,2030,-1.0199299072265624,-0.3064578125,9.720458740234374,9.778624214433046,0,0,0,0.0,0.0,0.0,0.0,0.0,0.0,0.0,-332,1080,21360,-1.82373046875,5.9326171875,117.333984375,98778.688,304.75,1,1,0,0,5598,291,1462,2902,2902,2902,2902,17208,F4line=5598;YAH=11608
DIRECT_SERIAL,1001,1789355007684844852,2026-09-14T03:03:27.684845+00:00,-1,23987887035027,1789355007600000000,1789355007,600000000,38739526,1789355007611815,1789355007600000,2,4,21.081000907017668,23.49041782996264,gnss_local_enu_direct,21.081000907017668,23.49041782996264,110.4352249,-7.050693,240.64,5.879,8.299,3,1,12,0,0.4068,234.708,-0.235,-0.332,-1.038,1.9481,180.0,99.0,5.0,114.82559042189027,neo3_calibrated_direct,1,27.4902,-8.11157,-32.6416,43.43941429698264,7,149.53747618278683,yahboom_calibrated_direct,0,3156,2932,2749,0.012462444514449722,0.5446878506183698,0.5448304021753332,127.45599523861452,neo3_calibrated_direct:gyro_integral,1,127.45599523861452,nan,117.333984375,0.0,-211,-64,2039,-1.0103531005859374,-0.3064578125,9.763554370117188,9.820474719530637,0,0,0,0.0,0.0,0.0,0.0,0.0,0.0,0.0,-332,1080,21360,-1.82373046875,5.9326171875,117.333984375,98778.078,304.75,1,1,0,0,5606,292,1463,2905,2905,2905,2904,17227,F4line=5606;YAH=11619
DIRECT_SERIAL,1002,1789355007734867399,2026-09-14T03:03:27.734868+00:00,-1,23987937057549,1789355007600000000,1789355007,600000000,38739526,1789355007611815,1789355007600000,2,4,21.081000907017668,23.49041782996264,gnss_local_enu_direct,21.081000907017668,23.49041782996264,110.4352249,-7.050693,240.64,5.879,8.299,3,1,12,0,0.4068,234.708,-0.235,-0.332,-1.038,1.9481,180.0,99.0,5.0,115.21948377574533,neo3_calibrated_direct,1,27.4658,-8.02002,-32.5195,43.31522562206504,7,149.537741751899,yahboom_calibrated_direct,0,3156,2941,2786,0.012490957816663109,0.5460428723393415,0.5461857215817492,127.45599523861452,neo3_calibrated_direct:gyro_integral,1,127.45599523861452,nan,117.333984375,0.0,-214,-66,2034,-1.024718310546875,-0.316034619140625,9.739612353515625,9.798467956431738,0,0,0,0.0,0.0,0.0,0.0,0.0,0.0,0.0,-332,1080,21360,-1.82373046875,5.9326171875,117.333984375,98778.078,304.75,1,1,0,0,5610,292,1464,2907,2907,2907,2907,17240,F4line=5610;YAH=11628
DIRECT_SERIAL,1003,1789355007794170416,2026-09-14T03:03:27.794170+00:00,-1,23987996360623,1789355007600000000,1789355007,600000000,38739526,1789355007611815,1789355007600000,2,4,21.081000907017668,23.49041782996264,gnss_local_enu_direct,21.081000907017668,23.49041782996264,110.4352249,-7.050693,240.64,5.879,8.299,3,1,12,0,0.4068,234.708,-0.235,-0.332,-1.038,1.9481,180.0,99.0,5.0,115.2352043423149,neo3_calibrated_direct,1,27.4658,-8.01392,-32.5439,43.33241870258802,7,149.5700064565851,yahboom_calibrated_direct,0,3154,2942,2778,0.012191717421049644,0.5461870940189575,0.5463231458089143,127.45599523861452,neo3_calibrated_direct:gyro_integral,1,127.45599523861452,nan,117.333984375,0.0,-212,-64,2036,-1.01514150390625,-0.3064578125,9.749189160156249,9.806687409329585,0,0,0,0.0,0.0,0.0,0.0,0.0,0.0,0.0,-332,1080,21360,-1.82373046875,5.9326171875,117.333984375,98775.938,304.75,1,1,0,0,5616,292,1465,2910,2910,2910,2910,17258,F4line=5616;YAH=11640
DIRECT_SERIAL,1004,1789355007844763392,2026-09-14T03:03:27.844763+00:00,-1,23988046953552,1789355007800000000,1789355007,800000000,38739724,1789355007808723,1789355007800000,2,4,20.94841650477097,23.368763782870978,gnss_local_enu_direct,20.94841650477097,23.368763782870978,110.4352237,-7.0506941,240.81,5.855,8.288,3,1,12,0,0.314,224.742,-0.223,-0.221,-0.671,1.941,180.0,99.0,5.0,114.67834171024862,neo3_calibrated_direct,1,27.5146,-8.14819,-32.7393,43.53513498228873,7,149.53738736589276,yahboom_calibrated_direct,0,3156,2929,2764,0.012452940080378592,0.5442361767113792,0.5443786290423837,127.45599523861452,neo3_calibrated_direct:gyro_integral,1,127.45599523861452,nan,117.333984375,0.0,-210,-64,2034,-1.005564697265625,-0.3064578125,9.739612353515625,9.796179130047763,0,0,0,0.0,0.0,0.0,0.0,0.0,0.0,0.0,-332,1080,21360,-1.82373046875,5.9326171875,117.333984375,98775.938,304.75,1,1,0,0,5624,293,1467,2913,2913,2913,2913,17278,F4line=5624;YAH=11652
DIRECT_SERIAL,1005,1789355007903700894,2026-09-14T03:03:27.903701+00:00,-1,23988105891422,1789355007800000000,1789355007,800000000,38739724,1789355007808723,1789355007800000,2,4,20.94841650477097,23.368763782870978,gnss_local_enu_direct,20.94841650477097,23.368763782870978,110.4352237,-7.0506941,240.81,5.855,8.288,3,1,12,0,0.314,224.742,-0.223,-0.221,-0.671,1.941,180.0,99.0,5.0,114.81510673527602,neo3_calibrated_direct,1,27.4902,-8.11157,-32.666,43.457752126690814,7,149.5049219147638,yahboom_calibrated_direct,0,3158,2926,2766,0.012745844186611305,0.5437908390937695,0.5439401926924827,127.45599523861452,neo3_calibrated_direct:gyro_integral,1,127.45599523861452,nan,117.333984375,0.0,-213,-64,2034,-1.0199299072265624,-0.3064578125,9.739612353515625,9.797664119740563,0,0,0,0.0,0.0,0.0,0.0,0.0,0.0,0.0,-332,1080,21360,-1.82373046875,5.9326171875,117.333984375,98775.023,304.75,1,1,0,0,5628,293,1468,2915,2915,2915,2915,17290,F4line=5628;YAH=11660
DIRECT_SERIAL,1006,1789355007954558390,2026-09-14T03:03:27.954558+00:00,-1,23988156748595,1789355007800000000,1789355007,800000000,38739724,1789355007808723,1789355007800000,2,4,20.94841650477097,23.368763782870978,gnss_local_enu_direct,20.94841650477097,23.368763782870978,110.4352237,-7.0506941,240.81,5.855,8.288,3,1,12,0,0.314,224.742,-0.223,-0.221,-0.671,1.941,180.0,99.0,5.0,114.82674973327495,neo3_calibrated_direct,1,27.4658,-8.09937,-32.6416,43.42169981238528,7,149.58578480295543,yahboom_calibrated_direct,0,3153,2921,2841,0.011973982112399821,0.5430222085253333,0.5431542094095918,127.45599523861452,neo3_calibrated_direct:gyro_integral,1,127.45599523861452,nan,117.333984375,0.0,-210,-67,2031,-1.005564697265625,-0.32082302246093747,9.725247143554688,9.78235757756516,0,0,0,0.0,0.0,0.0,0.0,0.0,0.0,0.0,-332,1080,21360,-1.82373046875,5.9326171875,117.333984375,98778.992,304.75,1,1,0,0,5631,293,1469,2918,2918,2918,2918,17305,F4line=5631;YAH=11672
DIRECT_SERIAL,1007,1789355008004823726,2026-09-14T03:03:28.004824+00:00,-1,23988207013880,1789355007800000000,1789355007,800000000,38739724,1789355007808723,1789355007800000,2,4,20.94841650477097,23.368763782870978,gnss_local_enu_direct,20.94841650477097,23.368763782870978,110.4352237,-7.0506941,240.81,5.855,8.288,3,1,12,0,0.314,224.742,-0.223,-0.221,-0.671,1.941,180.0,99.0,5.0,114.70980465669055,neo3_calibrated_direct,1,27.5146,-8.14819,-32.666,43.480038746948004,7,149.71531830932506,yahboom_calibrated_direct,0,3145,2930,2886,0.010792861253397842,0.544351885088782,0.5444588695702786,127.45599523861452,neo3_calibrated_direct:gyro_integral,1,127.45599523861452,nan,117.333984375,0.0,-209,-66,2038,-1.0007762939453124,-0.316034619140625,9.758765966796874,9.8150366410794,0,0,0,0.0,0.0,0.0,0.0,0.0,0.0,0.0,-332,1080,21360,-1.82373046875,5.9326171875,117.333984375,98778.992,304.75,1,1,0,0,5635,293,1471,2921,2921,2921,2921,17321,F4line=5635;YAH=11684
DIRECT_SERIAL,1008,1789355008063336659,2026-09-14T03:03:28.063337+00:00,-1,23988265526961,1789355008000000000,1789355008,0,38739930,1789355008016638,1789355008000000,2,4,20.8379296598755,23.2802883574464,gnss_local_enu_direct,20.8379296598755,23.2802883574464,110.4352227,-7.0506949,241.0,5.834,8.28,3,1,12,0,0.309,246.339,-0.124,-0.283,-0.644,2.0078,180.0,99.0,4.98,114.45992324276338,neo3_calibrated_direct,1,27.5146,-8.19702,-32.7637,43.56264899808551,7,149.6183117326561,yahboom_calibrated_direct,0,3151,2935,2861,0.011715927597761248,0.5451236838019085,0.5452495700147219,127.45599523861452,neo3_calibrated_direct:gyro_integral,1,127.45599523861452,nan,117.333984375,0.0,-210,-66,2035,-1.005564697265625,-0.316034619140625,9.744400756835937,9.80124402056734,0,0,0,0.0,0.0,0.0,0.0,0.0,0.0,0.0,-332,1080,21360,-1.82373046875,5.9326171875,117.333984375,98777.164,304.75,1,1,0,0,5644,294,1472,2923,2923,2923,2923,17338,F4line=5644;YAH=11692
DIRECT_SERIAL,1009,1789355008114580468,2026-09-14T03:03:28.114580+00:00,-1,23988316770763,1789355008000000000,1789355008,0,38739930,1789355008016638,1789355008000000,2,4,20.8379296598755,23.2802883574464,gnss_local_enu_direct,20.8379296598755,23.2802883574464,110.4352227,-7.0506949,241.0,5.834,8.28,3,1,12,0,0.309,246.339,-0.124,-0.283,-0.644,2.0078,180.0,99.0,4.98,114.3406737668724,neo3_calibrated_direct,1,27.5146,-8.22754,-32.7393,43.550056166457466,7,149.47158964333954,yahboom_calibrated_direct,0,3160,2906,2899,0.01298488983310762,0.5407860160032133,0.540941884557487,127.45599523861452,neo3_calibrated_direct:gyro_integral,1,127.45599523861452,nan,117.333984375,0.0,-210,-66,2037,-1.005564697265625,-0.316034619140625,9.753977563476562,9.810765339650441,0,0,0,0.0,0.0,0.0,0.0,0.0,0.0,0.0,-332,1080,21360,-1.82373046875,5.9326171875,117.333984375,98777.164,304.75,1,1,0,0,5646,294,1473,2926,2926,2926,2926,17352,F4line=5646;YAH=11704
DIRECT_SERIAL,1010,1789355008183062128,2026-09-14T03:03:28.183062+00:00,-1,23988385252435,1789355008000000000,1789355008,0,38739930,1789355008016638,1789355008000000,2,4,20.8379296598755,23.2802883574464,gnss_local_enu_direct,20.8379296598755,23.2802883574464,110.4352227,-7.0506949,241.0,5.834,8.28,3,1,12,0,0.309,246.339,-0.124,-0.283,-0.644,2.0078,180.0,99.0,4.98,114.87902514109162,neo3_calibrated_direct,1,27.4658,-8.08716,-32.6416,43.419423960545586,7,149.7151229708634,yahboom_calibrated_direct,0,3145,2940,2907,0.010824542700301604,0.5458574647787504,0.5459647814459788,127.45599523861452,neo3_calibrated_direct:gyro_integral,1,127.45599523861452,nan,117.333984375,0.0,-213,-65,2033,-1.0199299072265624,-0.3112462158203125,9.734823950195311,9.793055119002133,0,0,0,0.0,0.0,0.0,0.0,0.0,0.0,0.0,-332,1080,21360,-1.82373046875,5.9326171875,117.333984375,98778.078,304.75,1,1,0,0,5651,294,1475,2929,2929,2929,2929,17369,F4line=5651;YAH=11716
DIRECT_SERIAL,1011,1789355008233548759,2026-09-14T03:03:28.233549+00:00,-1,23988435739065,1789355008000000000,1789355008,0,38739930,1789355008016638,1789355008000000,2,4,20.8379296598755,23.2802883574464,gnss_local_enu_direct,20.8379296598755,23.2802883574464,110.4352227,-7.0506949,241.0,5.834,8.28,3,1,12,0,0.309,246.339,-0.124,-0.283,-0.644,2.0078,180.0,99.0,4.98,114.79665805877757,neo3_calibrated_direct,1,27.4414,-8.09937,-32.5928,43.36958427512189,7,149.79527985046983,yahboom_calibrated_direct,0,3140,2952,2911,0.010106539085826517,0.5476483196832607,0.5477415669676643,127.45599523861452,neo3_calibrated_direct:gyro_integral,1,127.45599523861452,nan,117.333984375,0.0,-214,-66,2035,-1.024718310546875,-0.316034619140625,9.744400756835937,9.803227611674135,0,0,0,0.0,0.0,0.0,0.0,0.0,0.0,0.0,-332,1080,21360,-1.82373046875,5.9326171875,117.333984375,98778.078,304.75,1,1,0,0,5654,294,1476,2932,2932,2932,2932,17384,F4line=5654;YAH=11728
DIRECT_SERIAL,1012,1789355008283687949,2026-09-14T03:03:28.283688+00:00,-1,23988485878113,1789355008200000000,1789355008,200000000,38740120,1789355008206677,1789355008200000,2,4,20.705344831804805,23.180752864702022,gnss_local_enu_direct,20.705344831804805,23.180752864702022,110.4352215,-7.0506958,241.04,5.809,8.265,3,1,12,0,0.1625,325.528,0.134,-0.092,-0.074,1.0449,180.0,99.0,5.02,114.75244971740165,neo3_calibrated_direct,1,27.4902,-8.12378,-32.6904,43.47837565604768,7,149.63447886345605,yahboom_calibrated_direct,0,3150,2941,2942,0.011583732195751584,0.5460238634711991,0.5461467223481229,127.45599523861452,neo3_calibrated_direct:gyro_integral,1,127.45599523861452,nan,117.333984375,0.0,-213,-65,2037,-1.0199299072265624,-0.3112462158203125,9.753977563476562,9.812095063304362,0,0,0,0.0,0.0,0.0,0.0,0.0,0.0,0.0,-332,1080,21360,-1.82373046875,5.9326171875,117.333984375,98779.602,304.75,1,1,0,0,5663,295,1478,2935,2935,2935,2935,17405,F4line=5663;YAH=11740
DIRECT_SERIAL,1013,1789355008342568987,2026-09-14T03:03:28.342569+00:00,-1,23988544759303,1789355008200000000,1789355008,200000000,38740120,1789355008206677,1789355008200000,2,4,20.705344831804805,23.180752864702022,gnss_local_enu_direct,20.705344831804805,23.180752864702022,110.4352215,-7.0506958,241.04,5.809,8.265,3,1,12,0,0.1625,325.528,0.134,-0.092,-0.074,1.0449,180.0,99.0,5.02,114.9299755796733,neo3_calibrated_direct,1,27.4902,-8.08716,-32.6416,43.43486276558958,7,149.45667217617014,yahboom_calibrated_direct,0,3161,2932,2886,0.013218465865209325,0.5447036913418216,0.5448640557067755,127.45599523861452,neo3_calibrated_direct:gyro_integral,1,127.45599523861452,nan,117.333984375,0.0,-215,-65,2039,-1.0295067138671874,-0.3112462158203125,9.763554370117188,9.822614327102256,0,0,0,0.0,0.0,0.0,0.0,0.0,0.0,0.0,-332,1080,21360,-1.82373046875,5.9326171875,117.333984375,98779.602,304.75,1,1,0,0,5665,295,1479,2937,2937,2937,2937,17415,F4line=5665;YAH=11748
DIRECT_SERIAL,1014,1789355008394632473,2026-09-14T03:03:28.394632+00:00,-1,23988596822791,1789355008200000000,1789355008,200000000,38740120,1789355008206677,1789355008200000,2,4,20.705344831804805,23.180752864702022,gnss_local_enu_direct,20.705344831804805,23.180752864702022,110.4352215,-7.0506958,241.04,5.809,8.265,3,1,12,0,0.1625,325.528,0.134,-0.092,-0.074,1.0449,180.0,99.0,5.02,114.82559042189027,neo3_calibrated_direct,1,27.4902,-8.11157,-32.6416,43.43941429698264,7,149.50496054627916,yahboom_calibrated_direct,0,3158,2927,2885,0.012749012331301681,0.5439413970627663,0.5440907835591573,127.45599523861452,neo3_calibrated_direct:gyro_integral,1,127.45599523861452,nan,117.333984375,0.0,-216,-63,2037,-1.0342951171875,-0.3016694091796875,9.753977563476562,9.813299604652704,0,0,0,0.0,0.0,0.0,0.0,0.0,0.0,0.0,-332,1080,21360,-1.82373046875,5.9326171875,117.333984375,98776.547,304.75,1,1,0,0,5671,295,1480,2940,2940,2940,2940,17433,F4line=5671;YAH=11760
DIRECT_SERIAL,1015,1789355008445310067,2026-09-14T03:03:28.445310+00:00,-1,23988647500250,1789355008400000000,1789355008,400000000,38740324,1789355008410227,1789355008400000,2,4,20.52856487515424,23.014860114053487,gnss_local_enu_direct,20.52856487515424,23.014860114053487,110.4352199,-7.0506973,241.04,5.783,8.254,3,1,12,0,0.4118,234.689,-0.238,-0.336,-0.569,1.8598,180.0,99.0,5.01,114.75891158439354,neo3_calibrated_direct,1,27.4658,-8.11768,-32.6172,43.406780968673544,7,149.73132529558586,yahboom_calibrated_direct,0,3144,2937,2915,0.010663833996078556,0.5454026227270695,0.5455068635984904,127.45599523861452,neo3_calibrated_direct:gyro_integral,1,127.45599523861452,nan,117.333984375,0.0,-211,-66,2032,-1.0103531005859374,-0.316034619140625,9.730035546875,9.78745539002912,0,0,0,0.0,0.0,0.0,0.0,0.0,0.0,0.0,-332,1080,21360,-1.82373046875,5.9326171875,117.333984375,98776.547,304.75,1,1,0,0,5680,296,1482,2943,2943,2943,2943,17454,F4line=5680;YAH=11772
DIRECT_SERIAL,1016,1789355008502338402,2026-09-14T03:03:28.502338+00:00,-1,23988704528776,1789355008400000000,1789355008,400000000,38740324,1789355008410227,1789355008400000,2,4,20.52856487515424,23.014860114053487,gnss_local_enu_direct,20.52856487515424,23.014860114053487,110.4352199,-7.0506973,241.04,5.783,8.254,3,1,12,0,0.4118,234.689,-0.238,-0.336,-0.569,1.8598,180.0,99.0,5.01,114.88822830473738,neo3_calibrated_direct,1,27.4902,-8.09937,-32.6172,43.41880498444078,7,149.63448162554621,yahboom_calibrated_direct,0,3150,2942,2929,0.011586900340441962,0.5461744214401959,0.5462973136443489,127.45599523861452,neo3_calibrated_direct:gyro_integral,1,127.45599523861452,nan,117.333984375,0.0,-214,-66,2034,-1.024718310546875,-0.316034619140625,9.739612353515625,9.798467956431738,0,0,0,0.0,0.0,0.0,0.0,0.0,0.0,0.0,-332,1080,21360,-1.82373046875,5.9326171875,117.333984375,98774.719,304.75,1,1,0,0,5683,296,1483,2945,2945,2945,2945,17465,F4line=5683;YAH=11780
DIRECT_SERIAL,1017,1789355008554801109,2026-09-14T03:03:28.554801+00:00,-1,23988756991483,1789355008400000000,1789355008,400000000,38740324,1789355008410227,1789355008400000,2,4,20.52856487515424,23.014860114053487,gnss_local_enu_direct,20.52856487515424,23.014860114053487,110.4352199,-7.0506973,241.04,5.783,8.254,3,1,12,0,0.4118,234.689,-0.238,-0.336,-0.569,1.8598,180.0,99.0,5.01,114.88822830473738,neo3_calibrated_direct,1,27.4902,-8.09937,-32.6172,43.41880498444078,7,149.68282083248715,yahboom_calibrated_direct,0,3147,2944,2879,0.011139623819366952,0.5464660329441186,0.5465795608880005,127.45599523861452,neo3_calibrated_direct:gyro_integral,1,127.45599523861452,nan,117.333984375,0.0,-210,-65,2035,-1.005564697265625,-0.3112462158203125,9.744400756835937,9.801090790165865,0,0,0,0.0,0.0,0.0,0.0,0.0,0.0,0.0,-332,1080,21360,-1.82373046875,5.9326171875,117.333984375,98775.938,304.75,1,1,0,0,5687,296,1484,2948,2948,2948,2948,17481,F4line=5687;YAH=11792
DIRECT_SERIAL,1018,1789355008621962288,2026-09-14T03:03:28.621962+00:00,-1,23988824152778,1789355008400000000,1789355008,400000000,38740324,1789355008410227,1789355008400000,2,4,20.52856487515424,23.014860114053487,gnss_local_enu_direct,20.52856487515424,23.014860114053487,110.4352199,-7.0506973,241.04,5.783,8.254,3,1,12,0,0.4118,234.689,-0.238,-0.336,-0.569,1.8598,180.0,99.0,5.01,114.82439178639166,neo3_calibrated_direct,1,27.5146,-8.12378,-32.6416,43.457140554900754,7,149.58631712830464,yahboom_calibrated_direct,0,3153,2954,2840,0.01207853088718224,0.5479906215022293,0.5481237197593187,127.45599523861452,neo3_calibrated_direct:gyro_integral,1,127.45599523861452,nan,117.333984375,0.0,-210,-65,2033,-1.005564697265625,-0.3112462158203125,9.734823950195311,9.791569430308178,0,0,0,0.0,0.0,0.0,0.0,0.0,0.0,0.0,-332,1080,21360,-1.82373046875,5.9326171875,117.333984375,98775.938,304.75,1,1,0,0,5691,296,1486,2951,2951,2951,2951,17497,F4line=5691;YAH=11804
DIRECT_SERIAL,1019,1789355008675564284,2026-09-14T03:03:28.675564+00:00,-1,23988877754586,1789355008600000000,1789355008,600000000,38740523,1789355008609215,1789355008600000,2,4,20.34073576916974,22.79366932811301,gnss_local_enu_direct,20.34073576916974,22.79366932811301,110.4352182,-7.0506993,240.92,5.758,8.242,3,1,12,0,0.1874,206.975,-0.167,-0.085,0.074,0.8609,180.0,99.0,5.01,114.77851059458362,neo3_calibrated_direct,1,27.4902,-8.11768,-32.6904,43.4772363057083,7,149.52148458907496,yahboom_calibrated_direct,0,3157,2937,2860,0.012629489508053525,0.5454438086080444,0.5455900038986079,127.45599523861452,neo3_calibrated_direct:gyro_integral,1,127.45599523861452,nan,117.333984375,0.0,-209,-64,2030,-1.0007762939453124,-0.3064578125,9.720458740234374,9.776645012577884,0,0,0,0.0,0.0,0.0,0.0,0.0,0.0,0.0,-332,1080,21360,-1.82373046875,5.9326171875,117.333984375,98779.602,304.75,1,1,0,0,5702,297,1487,2954,2954,2954,2954,17520,F4line=5702;YAH=11816
DIRECT_SERIAL,1020,1789355008734212463,2026-09-14T03:03:28.734212+00:00,-1,23988936402607,1789355008600000000,1789355008,600000000,38740523,1789355008609215,1789355008600000,2,4,20.34073576916974,22.79366932811301,gnss_local_enu_direct,20.34073576916974,22.79366932811301,110.4352182,-7.0506993,240.92,5.758,8.242,3,1,12,0,0.1874,206.975,-0.167,-0.085,0.074,0.8609,180.0,99.0,5.01,115.18280001099279,neo3_calibrated_direct,1,27.4658,-8.02612,-32.5439,43.33467663551212,7,149.82753891197552,yahboom_calibrated_direct,0,3138,2950,2931,0.009797794256141924,0.5473408674558863,0.547428554205613,127.45599523861452,neo3_calibrated_direct:gyro_integral,1,127.45599523861452,nan,117.333984375,0.0,-214,-67,2034,-1.024718310546875,-0.32082302246093747,9.739612353515625,9.798623567852026,0,0,0,0.0,0.0,0.0,0.0,0.0,0.0,0.0,-332,1080,21360,-1.82373046875,5.9326171875,117.333984375,98779.602,304.75,1,1,0,0,5707,297,1489,2957,2957,2957,2957,17537,F4line=5707;YAH=11828
DIRECT_SERIAL,1021,1789355008795555257,2026-09-14T03:03:28.795555+00:00,-1,23988997745571,1789355008600000000,1789355008,600000000,38740523,1789355008609215,1789355008600000,2,4,20.34073576916974,22.79366932811301,gnss_local_enu_direct,20.34073576916974,22.79366932811301,110.4352182,-7.0506993,240.92,5.758,8.242,3,1,12,0,0.1874,206.975,-0.167,-0.085,0.074,0.8609,180.0,99.0,5.01,115.29289416259776,neo3_calibrated_direct,1,27.4658,-7.99561,-32.5928,43.365776376678646,7,149.48950663895528,yahboom_calibrated_direct,0,3159,2944,2953,0.01295407506119,0.5465040506804031,0.5466575577734013,127.45599523861452,neo3_calibrated_direct:gyro_integral,1,127.45599523861452,nan,117.333984375,0.0,-214,-65,2041,-1.024718310546875,-0.3112462158203125,9.773131176757811,9.831633375027165,0,0,0,0.0,0.0,0.0,0.0,0.0,0.0,0.0,-332,1080,21360,-1.82373046875,5.9326171875,117.333984375,98776.242,304.75,1,1,0,0,5714,297,1490,2960,2960,2960,2960,17556,F4line=5714;YAH=11840
DIRECT_SERIAL,1022,1789355008861383011,2026-09-14T03:03:28.861383+00:00,-1,23989063574025,1789355008800000000,1789355008,800000000,38740723,1789355008808906,1789355008800000,2,4,20.186053034038707,22.58353820065387,gnss_local_enu_direct,20.186053034038707,22.58353820065387,110.4352168,-7.0507012,240.84,5.734,8.231,3,1,12,0,0.3691,198.975,-0.349,-0.12,-0.067,1.2359,180.0,99.0,5.01,114.62630244509506,neo3_calibrated_direct,1,27.5146,-8.1604,-32.7393,43.537421901279366,7,149.5218569505123,yahboom_calibrated_direct,0,3157,2948,3018,0.012664339099647664,0.5470999462670096,0.5472465045024917,127.45599523861452,neo3_calibrated_direct:gyro_integral,1,127.45599523861452,nan,117.333984375,0.0,-212,-64,2038,-1.01514150390625,-0.3064578125,9.758765966796874,9.816208120170856,0,0,0,0.0,0.0,0.0,0.0,0.0,0.0,0.0,-332,1080,21360,-1.82373046875,5.9326171875,117.333984375,98775.633,304.75,1,1,0,0,5724,298,1492,2963,2963,2963,2963,17578,F4line=5724;YAH=11852
DIRECT_SERIAL,1023,1789355008914629528,2026-09-14T03:03:28.914630+00:00,-1,23989116820204,1789355008800000000,1789355008,800000000,38740723,1789355008808906,1789355008800000,2,4,20.186053034038707,22.58353820065387,gnss_local_enu_direct,20.186053034038707,22.58353820065387,110.4352168,-7.0507012,240.84,5.734,8.231,3,1,12,0,0.3691,198.975,-0.349,-0.12,-0.067,1.2359,180.0,99.0,5.01,115.08679368582965,neo3_calibrated_direct,1,27.4902,-8.05054,-32.6416,43.42805937284787,7,149.5375943764416,yahboom_calibrated_direct,0,3156,2936,3048,0.012475117093211228,0.5452900824943572,0.5454327663545638,127.45599523861452,neo3_calibrated_direct:gyro_integral,1,127.45599523861452,nan,117.333984375,0.0,-209,-67,2032,-1.0007762939453124,-0.32082302246093747,9.730035546875,9.786627220126194,0,0,0,0.0,0.0,0.0,0.0,0.0,0.0,0.0,-332,1080,21360,-1.82373046875,5.9326171875,117.333984375,98775.633,304.75,1,1,0,0,5727,298,1493,2966,2966,2966,2966,17593,F4line=5727;YAH=11864
DIRECT_SERIAL,1024,1789355008981020732,2026-09-14T03:03:28.981021+00:00,-1,23989183211072,1789355008800000000,1789355008,800000000,38740723,1789355008808906,1789355008800000,2,4,20.186053034038707,22.58353820065387,gnss_local_enu_direct,20.186053034038707,22.58353820065387,110.4352168,-7.0507012,240.84,5.734,8.231,3,1,12,0,0.3691,198.975,-0.349,-0.12,-0.067,1.2359,180.0,99.0,5.01,115.45253397302491,neo3_calibrated_direct,1,27.4414,-7.95898,-32.4707,43.25184568420636,7,149.73111010841868,yahboom_calibrated_direct,0,3144,2946,3008,0.010692347298291943,0.5467576444480411,0.5468621837841028,127.45599523861452,neo3_calibrated_direct:gyro_integral,1,127.45599523861452,nan,117.333984375,0.0,-209,-66,2034,-1.0007762939453124,-0.316034619140625,9.739612353515625,9.795993051639657,0,0,0,0.0,0.0,0.0,0.0,0.0,0.0,0.0,-332,1080,21360,-1.82373046875,5.9326171875,117.333984375,98778.078,304.75,1,1,0,0,5732,298,1495,2969,2969,2969,2969,17610,F4line=5732;YAH=11876
DIRECT_SERIAL,1025,1789355009035023629,2026-09-14T03:03:29.035024+00:00,-1,23989237213989,1789355008800000000,1789355008,800000000,38740723,1789355008808906,1789355008800000,2,4,20.186053034038707,22.58353820065387,gnss_local_enu_direct,20.186053034038707,22.58353820065387,110.4352168,-7.0507012,240.84,5.734,8.231,3,1,12,0,0.3691,198.975,-0.349,-0.12,-0.067,1.2359,180.0,99.0,5.01,115.31055586313019,neo3_calibrated_direct,1,27.4414,-7.9895,-32.4951,43.275790786766684,7,149.69912847110544,yahboom_calibrated_direct,0,3146,2931,2946,0.01094723366824014,0.5445056112024692,0.5446156466316053,127.45599523861452,neo3_calibrated_direct:gyro_integral,1,127.45599523861452,nan,117.333984375,0.0,-210,-64,2033,-1.005564697265625,-0.3064578125,9.734823950195311,9.79141839022955,0,0,0,0.0,0.0,0.0,0.0,0.0,0.0,0.0,-332,1080,21360,-1.82373046875,5.9326171875,117.333984375,98778.078,304.75,1,1,0,0,5734,298,1496,2972,2972,2972,2972,17624,F4line=5734;YAH=11888
DIRECT_SERIAL,1026,1789355009100689056,2026-09-14T03:03:29.100689+00:00,-1,23989302879460,1789355009000000000,1789355009,0,38740930,1789355009015707,1789355009000000,2,4,20.053467958139382,22.406585809027135,gnss_local_enu_direct,20.053467958139382,22.406585809027135,110.4352156,-7.0507028,240.81,5.712,8.22,3,1,12,0,0.2804,217.319,-0.223,-0.17,-0.065,1.321,180.0,99.0,4.98,114.53231082011544,neo3_calibrated_direct,1,27.5391,-8.19702,-32.7148,43.541374630693504,7,149.76387770246083,yahboom_calibrated_direct,0,3142,2929,2921,0.010336080298251704,0.544191822685714,0.54428997274792,127.45599523861452,neo3_calibrated_direct:gyro_integral,1,127.45599523861452,nan,117.333984375,0.0,-214,-63,2032,-1.024718310546875,-0.3016694091796875,9.730035546875,9.788495481526052,0,0,0,0.0,0.0,0.0,0.0,0.0,0.0,0.0,-332,1080,21360,-1.82373046875,5.9326171875,117.333984375,98778.688,305.0,1,1,0,0,5745,299,1498,2975,2975,2975,2975,17647,F4line=5745;YAH=11900
DIRECT_SERIAL,1027,1789355009154612366,2026-09-14T03:03:29.154613+00:00,-1,23989356802607,1789355009000000000,1789355009,0,38740930,1789355009015707,1789355009000000,2,4,20.053467958139382,22.406585809027135,gnss_local_enu_direct,20.053467958139382,22.406585809027135,110.4352156,-7.0507028,240.81,5.712,8.22,3,1,12,0,0.2804,217.319,-0.223,-0.17,-0.065,1.321,180.0,99.0,4.98,115.11822221562007,neo3_calibrated_direct,1,27.4902,-8.05054,-32.5684,43.37306732168708,7,149.78035907296245,yahboom_calibrated_direct,0,3141,2921,2912,0.010159530870576774,0.5429841907890488,0.54307922765868,127.45599523861452,neo3_calibrated_direct:gyro_integral,1,127.45599523861452,nan,117.333984375,0.0,-212,-64,2039,-1.01514150390625,-0.3064578125,9.763554370117188,9.820968516497228,0,0,0,0.0,0.0,0.0,0.0,0.0,0.0,0.0,-332,1080,21360,-1.82373046875,5.9326171875,117.333984375,98777.773,305.0,1,1,0,0,5748,299,1499,2978,2978,2978,2978,17662,F4line=5748;YAH=11912
DIRECT_SERIAL,1028,1789355009220455227,2026-09-14T03:03:29.220455+00:00,-1,23989422645411,1789355009000000000,1789355009,0,38740930,1789355009015707,1789355009000000,2,4,20.053467958139382,22.406585809027135,gnss_local_enu_direct,20.053467958139382,22.406585809027135,110.4352156,-7.0507028,240.81,5.712,8.22,3,1,12,0,0.2804,217.319,-0.223,-0.17,-0.065,1.321,180.0,99.0,4.98,115.5263463443062,neo3_calibrated_direct,1,27.4414,-7.93457,-32.5439,43.30234707559049,7,149.79582069029433,yahboom_calibrated_direct,0,3140,2939,2877,0.010065353204851624,0.5456910660863017,0.5457838866635244,127.45599523861452,neo3_calibrated_direct:gyro_integral,1,127.45599523861452,nan,117.333984375,0.0,-209,-66,2037,-1.0007762939453124,-0.316034619140625,9.753977563476562,9.810275703558103,0,0,0,0.0,0.0,0.0,0.0,0.0,0.0,0.0,-332,1080,21360,-1.82373046875,5.9326171875,117.333984375,98777.773,305.0,1,1,0,0,5752,299,1501,2981,2981,2981,2981,17678,F4line=5752;YAH=11924
DIRECT_SERIAL,1029,1789355009274728254,2026-09-14T03:03:29.274728+00:00,-1,23989476918529,1789355009200000000,1789355009,200000000,38741123,1789355009209160,1789355009200000,2,4,19.920883141694645,22.251752741337274,gnss_local_enu_direct,19.920883141694645,22.251752741337274,110.4352144,-7.0507042,240.86,5.687,8.204,3,1,12,0,0.418,220.051,-0.32,-0.269,-0.287,1.6141,180.0,99.0,5.01,114.72127950038467,neo3_calibrated_direct,1,27.4902,-8.13599,-32.6416,43.443980939597374,7,149.69929513961634,yahboom_calibrated_direct,0,3146,2920,2936,0.010912384076646,0.5428494735435039,0.5429591430786441,127.45599523861452,neo3_calibrated_direct:gyro_integral,1,127.45599523861452,nan,117.333984375,0.0,-208,-64,2032,-0.9959878906249999,-0.3064578125,9.730035546875,9.785678311316236,0,0,0,0.0,0.0,0.0,0.0,0.0,0.0,0.0,-332,1080,21360,-1.82373046875,5.9326171875,117.333984375,98774.414,305.0,1,1,0,0,5760,300,1502,2984,2984,2984,2984,17698,F4line=5760;YAH=11936
DIRECT_SERIAL,1030,1789355009340180782,2026-09-14T03:03:29.340181+00:00,-1,23989542371112,1789355009200000000,1789355009,200000000,38741123,1789355009209160,1789355009200000,2,4,19.920883141694645,22.251752741337274,gnss_local_enu_direct,19.920883141694645,22.251752741337274,110.4352144,-7.0507042,240.86,5.687,8.204,3,1,12,0,0.418,220.051,-0.32,-0.269,-0.287,1.6141,180.0,99.0,5.01,115.08003751108299,neo3_calibrated_direct,1,27.5146,-8.06885,-32.5928,43.41025414948063,7,149.60221997040853,yahboom_calibrated_direct,0,3152,2940,2956,0.01188297259136505,0.5458796417915831,0.5460089636261608,127.45599523861452,neo3_calibrated_direct:gyro_integral,1,127.45599523861452,nan,117.333984375,0.0,-211,-65,2035,-1.0103531005859374,-0.3112462158203125,9.744400756835937,9.801583224385276,0,0,0,0.0,0.0,0.0,0.0,0.0,0.0,0.0,-332,1080,21360,-1.82373046875,5.9326171875,117.333984375,98774.414,305.0,1,1,0,0,5764,300,1504,2987,2987,2987,2987,17714,F4line=5764;YAH=11948
DIRECT_SERIAL,1031,1789355009394893251,2026-09-14T03:03:29.394893+00:00,-1,23989597083579,1789355009200000000,1789355009,200000000,38741123,1789355009209160,1789355009200000,2,4,19.920883141694645,22.251752741337274,gnss_local_enu_direct,19.920883141694645,22.251752741337274,110.4352144,-7.0507042,240.86,5.687,8.204,3,1,12,0,0.418,220.051,-0.32,-0.269,-0.287,1.6141,180.0,99.0,5.01,115.3277241161644,neo3_calibrated_direct,1,27.4902,-8.00171,-32.5684,43.36403045755895,7,149.52151853352285,yahboom_calibrated_direct,0,3157,2938,2890,0.0126326576527439,0.5455943665770412,0.5457405948616744,127.45599523861452,neo3_calibrated_direct:gyro_integral,1,127.45599523861452,nan,117.333984375,0.0,-215,-65,2034,-1.0295067138671874,-0.3112462158203125,9.739612353515625,9.798816616179437,0,0,0,0.0,0.0,0.0,0.0,0.0,0.0,0.0,-332,1080,21360,-1.82373046875,5.9326171875,117.333984375,98776.547,305.0,1,1,0,0,5770,300,1505,2990,2990,2990,2990,17732,F4line=5770;YAH=11960
DIRECT_SERIAL,1032,1789355009445238197,2026-09-14T03:03:29.445238+00:00,-1,23989647428342,1789355009400000000,1789355009,400000000,38741323,1789355009409195,1789355009400000,2,4,19.788298178425283,22.11903853884459,gnss_local_enu_direct,19.788298178425283,22.11903853884459,110.4352132,-7.0507054,240.86,5.671,8.197,3,1,12,0,0.257,270.669,0.003,-0.257,-0.073,1.1928,180.0,99.0,5.01,114.86214679476241,neo3_calibrated_direct,1,27.4902,-8.10547,-32.6172,43.41994329568959,7,149.60217327621382,yahboom_calibrated_direct,0,3152,2936,2855,0.011870300012603544,0.5452774099155957,0.5454065985910418,127.45599523861452,neo3_calibrated_direct:gyro_integral,1,127.45599523861452,nan,117.333984375,0.0,-213,-64,2033,-1.0199299072265624,-0.3064578125,9.734823950195311,9.792904101837907,0,0,0,0.0,0.0,0.0,0.0,0.0,0.0,0.0,-332,1080,21360,-1.82373046875,5.9326171875,117.333984375,98776.547,305.0,1,1,0,0,5779,301,1507,2993,2993,2993,2993,17753,F4line=5779;YAH=11972
DIRECT_SERIAL,1033,1789355009499697272,2026-09-14T03:03:29.499697+00:00,-1,23989701887669,1789355009400000000,1789355009,400000000,38741323,1789355009409195,1789355009400000,2,4,19.788298178425283,22.11903853884459,gnss_local_enu_direct,19.788298178425283,22.11903853884459,110.4352132,-7.0507054,240.86,5.671,8.197,3,1,12,0,0.257,270.669,0.003,-0.257,-0.073,1.1928,180.0,99.0,5.01,114.79948035158306,neo3_calibrated_direct,1,27.4902,-8.11768,-32.6416,43.44055565001903,7,149.5215863662501,yahboom_calibrated_direct,0,3157,2940,2841,0.012638993942124654,0.545895482515035,0.5460417767883625,127.45599523861452,neo3_calibrated_direct:gyro_integral,1,127.45599523861452,nan,117.333984375,0.0,-213,-65,2032,-1.0199299072265624,-0.3112462158203125,9.730035546875,9.788295202228461,0,0,0,0.0,0.0,0.0,0.0,0.0,0.0,0.0,-332,1080,21360,-1.82373046875,5.9326171875,117.333984375,98778.383,305.0,1,1,0,0,5782,301,1508,2995,2995,2995,2995,17764,F4line=5782;YAH=11980
DIRECT_SERIAL,1034,1789355009554957308,2026-09-14T03:03:29.554957+00:00,-1,23989757147647,1789355009400000000,1789355009,400000000,38741323,1789355009409195,1789355009400000,2,4,19.788298178425283,22.11903853884459,gnss_local_enu_direct,19.788298178425283,22.11903853884459,110.4352132,-7.0507054,240.86,5.671,8.197,3,1,12,0,0.257,270.669,0.003,-0.257,-0.073,1.1928,180.0,99.0,5.01,114.60664134146687,neo3_calibrated_direct,1,27.4902,-8.1604,-32.666,43.46689292093466,7,149.1830363046701,yahboom_calibrated_direct,0,3178,2940,2839,0.01581428361531499,0.5459620135535328,0.5461910030471882,127.45599523861452,neo3_calibrated_direct:gyro_integral,1,127.45599523861452,nan,117.333984375,0.0,-214,-65,2034,-1.024718310546875,-0.3112462158203125,9.739612353515625,9.798314682616938,0,0,0,0.0,0.0,0.0,0.0,0.0,0.0,0.0,-332,1080,21360,-1.82373046875,5.9326171875,117.333984375,98777.773,304.75,1,1,0,0,5786,301,1509,2998,2998,2998,2998,17780,F4line=5786;YAH=11992
DIRECT_SERIAL,1035,1789355009619397477,2026-09-14T03:03:29.619397+00:00,-1,23989821587823,1789355009400000000,1789355009,400000000,38741323,1789355009409195,1789355009400000,2,4,19.788298178425283,22.11903853884459,gnss_local_enu_direct,19.788298178425283,22.11903853884459,110.4352132,-7.0507054,240.86,5.671,8.197,3,1,12,0,0.257,270.669,0.003,-0.257,-0.073,1.1928,180.0,99.0,5.01,114.86726419007351,neo3_calibrated_direct,1,27.4902,-8.09937,-32.666,43.455476598892574,7,149.4727372313431,yahboom_calibrated_direct,0,3160,2930,2849,0.013060925305676652,0.5443994072591376,0.5445560599184815,127.45599523861452,neo3_calibrated_direct:gyro_integral,1,127.45599523861452,nan,117.333984375,0.0,-210,-65,2037,-1.005564697265625,-0.3112462158203125,9.753977563476562,9.810612257960946,0,0,0,0.0,0.0,0.0,0.0,0.0,0.0,0.0,-332,1080,21360,-1.82373046875,5.9326171875,117.333984375,98777.773,304.75,1,1,0,0,5790,301,1511,3001,3001,3001,3001,17796,F4line=5790;YAH=12004
DIRECT_SERIAL,1036,1789355009676557724,2026-09-14T03:03:29.676558+00:00,-1,23989878748062,1789355009600000000,1789355009,600000000,38741522,1789355009608303,1789355009600000,2,4,19.63361544375183,21.964204990398116,gnss_local_enu_direct,19.63361544375183,21.964204990398116,110.4352118,-7.0507068,240.77,5.653,8.182,3,1,12,0,0.0805,243.435,-0.036,-0.072,-0.085,1.765,180.0,99.0,5.01,114.41909035467245,neo3_calibrated_direct,1,27.4902,-8.19702,-32.7393,43.528886930524656,7,149.45708655640104,yahboom_calibrated_direct,0,3161,2940,2887,0.013243811022732336,0.5459081550937964,0.5460687798513282,127.45599523861452,neo3_calibrated_direct:gyro_integral,1,127.45599523861452,nan,117.333984375,0.0,-210,-66,2037,-1.005564697265625,-0.316034619140625,9.753977563476562,9.810765339650441,0,0,0,0.0,0.0,0.0,0.0,0.0,0.0,0.0,-332,1080,21360,-1.82373046875,5.9326171875,117.333984375,98781.125,304.75,1,1,0,0,5798,302,1512,3004,3004,3004,3004,17816,F4line=5798;YAH=12016
DIRECT_SERIAL,1037,1789355009734179939,2026-09-14T03:03:29.734180+00:00,-1,23989936370093,1789355009600000000,1789355009,600000000,38741522,1789355009608303,1789355009600000,2,4,19.63361544375183,21.964204990398116,gnss_local_enu_direct,19.63361544375183,21.964204990398116,110.4352118,-7.0507068,240.77,5.653,8.182,3,1,12,0,0.0805,243.435,-0.036,-0.072,-0.085,1.765,180.0,99.0,5.01,114.82674973327495,neo3_calibrated_direct,1,27.4658,-8.09937,-32.6416,43.42169981238528,7,149.32784452030043,yahboom_calibrated_direct,0,3169,2937,2888,0.014443940749876573,0.545481826344329,0.5456730250766759,127.45599523861452,neo3_calibrated_direct:gyro_integral,1,127.45599523861452,nan,117.333984375,0.0,-211,-65,2033,-1.0103531005859374,-0.3112462158203125,9.734823950195311,9.792062343348428,0,0,0,0.0,0.0,0.0,0.0,0.0,0.0,0.0,-332,1080,21360,-1.82373046875,5.9326171875,117.333984375,98781.125,304.75,1,1,0,0,5803,302,1514,3007,3007,3007,3007,17833,F4line=5803;YAH=12028
