wall_utc_ns,utc_iso8601,ros_now_ns,monotonic_ns,measurement_stamp_ns,measurement_stamp_sec,measurement_stamp_nanosec,f411_mcu_ms,dronecan_network_us,dronecan_gnss_us,dronecan_time_standard,timestamp_source_code,x_m,y_m,xy_source,gnss_east_m,gnss_north_m,longitude_deg,latitude_deg,altitude_m,hacc_m,fix_type,satellites,yaw_neo3_deg,yaw_neo3_source,yaw_neo3_valid,yaw_yahboom_deg,yaw_yahboom_source,yaw_yahboom_valid,yaw_inertial_deg,yaw_inertial_source,yaw_inertial_valid,yaw_gnss_heading_deg,yaw_imu_orientation_deg,gyro_z_rps,neo3_mag_norm_ut,yahboom_corrected_norm,map_yaw_from_enu_deg
1789298000769541736,2026-09-13T11:13:20.769542+00:00,1789298000769549525,25827986089302,1789298000769549525,1789298000,769549525,-1,-1,-1,-1,-1,nan,nan,gnss_local_enu,nan,nan,nan,nan,nan,nan,-1,-1,nan,neo3_calibrated_diag,0,nan,yahboom_calibrated_diag,0,nan,logger_gyro_integral:none,0,nan,nan,nan,nan,nan,0.0
1789298000869542961,2026-09-13T11:13:20.869543+00:00,1789298000869549260,25828086090905,1789298000869549260,1789298000,869549260,-1,-1,-1,-1,-1,nan,nan,gnss_local_enu,nan,nan,nan,nan,nan,nan,-1,-1,nan,neo3_calibrated_diag,0,nan,yahboom_calibrated_diag,0,nan,logger_gyro_integral:none,0,nan,nan,nan,nan,nan,0.0
1789298000969513476,2026-09-13T11:13:20.969513+00:00,1789298000969519458,25828186061060,1789298000969519458,1789298000,969519458,-1,-1,-1,-1,-1,nan,nan,gnss_local_enu,nan,nan,nan,nan,nan,nan,-1,-1,nan,neo3_calibrated_diag,0,nan,yahboom_calibrated_diag,0,nan,logger_gyro_integral:none,0,nan,nan,nan,nan,nan,0.0
1789298001069513348,2026-09-13T11:13:21.069514+00:00,1789298001069519352,25828286060832,1789298001069519352,1789298001,69519352,-1,-1,-1,-1,-1,nan,nan,gnss_local_enu,nan,nan,nan,nan,nan,nan,-1,-1,nan,neo3_calibrated_diag,0,nan,yahboom_calibrated_diag,0,nan,logger_gyro_integral:none,0,nan,nan,nan,nan,nan,0.0
1789298001312882933,2026-09-13T11:13:21.312883+00:00,1789298001312889486,25828529430555,1789298001312889486,1789298001,312889486,-1,-1,-1,-1,-1,nan,nan,gnss_local_enu,nan,nan,nan,nan,nan,nan,-1,-1,nan,neo3_calibrated_diag,0,nan,yahboom_calibrated_diag,0,nan,logger_gyro_integral:none,0,nan,nan,nan,nan,nan,0.0
1789298001375331770,2026-09-13T11:13:21.375332+00:00,1789298001375333401,25828591878723,1789298001375333401,1789298001,375333401,-1,-1,-1,-1,-1,nan,nan,gnss_local_enu,nan,nan,nan,nan,nan,nan,-1,-1,-120.48533205607848,neo3_calibrated_diag,1,150.65291039029825,yahboom_calibrated_diag,0,-120.51042904484102,logger_gyro_integral:neo3_diag,1,nan,-159.697265625,0.0,42.80089166968371,1.2608741939546408,0.0
1789298001475323843,2026-09-13T11:13:21.475324+00:00,1789298001475325594,25828691870772,1789298001400000000,1789298001,400000000,1241727,1789298001408887,1789298001400000,2,4,-0.0,0.0,gnss_local_enu,-0.0,0.0,110.4339241,-7.0532808,48.918,15.443,3,9,-120.49029128922328,neo3_calibrated_diag,1,150.7175999049266,yahboom_calibrated_diag,0,-120.51042904484102,logger_gyro_integral:neo3_diag,1,nan,-159.697265625,0.0,42.7750406035529,1.258733409267467,0.0
1789298001575187729,2026-09-13T11:13:21.575188+00:00,1789298001575189296,25828791734707,1789298001400000000,1789298001,400000000,1241727,1789298001408887,1789298001400000,2,4,-0.0,0.0,gnss_local_enu,-0.0,0.0,110.4339241,-7.0532808,48.918,15.443,3,9,-120.50883927186104,neo3_calibrated_diag,1,150.77198456423878,yahboom_calibrated_diag,0,-120.51042904484102,logger_gyro_integral:neo3_diag,1,nan,-159.697265625,0.0,42.76376565014943,1.2605122254598682,0.0
1789298001675680427,2026-09-13T11:13:21.675680+00:00,1789298001675682606,25828892227456,1789298001600000000,1789298001,600000000,1241926,1789298001607944,1789298001600000,2,4,2.8615251439012708,5.275236744627427,gnss_local_enu,2.8615251439012708,5.275236744627427,110.43395,-7.0532331,54.288000000000004,15.819,3,9,-120.49768358908268,neo3_calibrated_diag,1,150.77789193558567,yahboom_calibrated_diag,0,-120.51042904484102,logger_gyro_integral:neo3_diag,1,nan,-159.697265625,0.0,42.768202174429774,1.2617133127365578,0.0
1789298001775415139,2026-09-13T11:13:21.775415+00:00,1789298001775416807,25828991962077,1789298001600000000,1789298001,600000000,1241926,1789298001607944,1789298001600000,2,4,2.8615251439012708,5.275236744627427,gnss_local_enu,2.8615251439012708,5.275236744627427,110.43395,-7.0532331,54.288000000000004,15.819,3,9,-120.55804329813427,neo3_calibrated_diag,1,150.8982692927102,yahboom_calibrated_diag,0,-120.51042904484102,logger_gyro_integral:neo3_diag,1,nan,-159.697265625,0.0,42.82503901028463,1.2600018597281977,0.0
1789298001870881632,2026-09-13T11:13:21.870882+00:00,1789298001870883562,25829087428631,1789298001800000000,1789298001,800000000,1242125,1789298001806828,1789298001800000,2,4,5.314265215002205,9.942224609258345,gnss_local_enu,5.314265215002205,9.942224609258345,110.4339722,-7.0531909,58.789,15.926,3,9,-120.51625767261831,neo3_calibrated_diag,1,150.9095354510387,yahboom_calibrated_diag,0,-120.51042904484102,logger_gyro_integral:neo3_diag,1,nan,-159.697265625,0.0,42.7911618464187,1.262705706439872,0.0
1789298001969477384,2026-09-13T11:13:21.969477+00:00,1789298001969479202,25829186024333,1789298001800000000,1789298001,800000000,1242125,1789298001806828,1789298001800000,2,4,5.314265215002205,9.942224609258345,gnss_local_enu,5.314265215002205,9.942224609258345,110.4339722,-7.0531909,58.789,15.926,3,9,-120.48637518076,neo3_calibrated_diag,1,150.8627189753891,yahboom_calibrated_diag,0,-120.51042904484102,logger_gyro_integral:neo3_diag,1,nan,-159.697265625,0.0,42.77268827129761,1.2606198025746262,0.0
1789298002070164758,2026-09-13T11:13:22.070165+00:00,1789298002070166394,25829286711724,1789298002000000000,1789298002,0,1242333,1789298002014882,1789298002000000,2,4,7.645476866228599,14.576041035614955,gnss_local_enu,7.645476866228599,14.576041035614955,110.4339933,-7.053149,63.149,15.859,3,9,-120.50299771035056,neo3_calibrated_diag,1,150.81253302308875,yahboom_calibrated_diag,0,-120.51042904484102,logger_gyro_integral:neo3_diag,1,nan,-159.697265625,0.0,42.73561923831688,1.2619976172404739,0.0
1789298002171377722,2026-09-13T11:13:22.171378+00:00,1789298002171380307,25829387924686,1789298002000000000,1789298002,0,1242333,1789298002014882,1789298002000000,2,4,7.645476866228599,14.576041035614955,gnss_local_enu,7.645476866228599,14.576041035614955,110.4339933,-7.053149,63.149,15.859,3,9,-120.50923736714365,neo3_calibrated_diag,1,150.82021687854092,yahboom_calibrated_diag,0,-120.51042904484102,logger_gyro_integral:neo3_diag,1,nan,-159.697265625,0.0,42.82519012418392,1.2612415039919396,0.0
1789298002270058132,2026-09-13T11:13:22.270058+00:00,1789298002270059685,25829486605103,1789298002200000000,1789298002,200000000,1242527,1789298002208164,1789298002200000,2,4,9.899353177520933,19.043975024094557,gnss_local_enu,9.899353177520933,19.043975024094557,110.4340137,-7.0531086,67.369,15.636,3,9,-120.52379257794782,neo3_calibrated_diag,1,150.87728840221962,yahboom_calibrated_diag,0,-120.51042904484102,logger_gyro_integral:neo3_diag,1,nan,-159.697265625,0.0,42.78431904565503,1.2600112308811156,0.0
1789298002369831967,2026-09-13T11:13:22.369832+00:00,1789298002369833891,25829586378940,1789298002200000000,1789298002,200000000,1242527,1789298002208164,1789298002200000,2,4,9.899353177520933,19.043975024094557,gnss_local_enu,9.899353177520933,19.043975024094557,110.4340137,-7.0531086,67.369,15.636,3,9,-120.53349120704829,neo3_calibrated_diag,1,150.65965611279404,yahboom_calibrated_diag,0,-120.51042904484102,logger_gyro_integral:neo3_diag,1,nan,-159.697265625,0.0,42.81934106889199,1.2611716068507577,0.0
1789298002470135072,2026-09-13T11:13:22.470135+00:00,1789298002470136821,25829686682064,1789298002400000000,1789298002,400000000,1242727,1789298002408414,1789298002400000,2,4,11.865973433593727,23.15801747710701,gnss_local_enu,11.865973433593727,23.15801747710701,110.4340315,-7.0530714,70.99,15.313,3,9,-120.47093274015714,neo3_calibrated_diag,1,150.8238242749017,yahboom_calibrated_diag,0,-120.51042904484102,logger_gyro_integral:neo3_diag,1,nan,-159.697265625,0.0,42.75488560847287,1.2648516631176532,0.0
1789298002571917472,2026-09-13T11:13:22.571918+00:00,1789298002571919364,25829788464520,1789298002400000000,1789298002,400000000,1242727,1789298002408414,1789298002400000,2,4,11.865973433593727,23.15801747710701,gnss_local_enu,11.865973433593727,23.15801747710701,110.4340315,-7.0530714,70.99,15.313,3,9,-120.51221891105394,neo3_calibrated_diag,1,150.59814519992676,yahboom_calibrated_diag,0,-120.51042904484102,logger_gyro_integral:neo3_diag,1,nan,-159.697265625,0.0,42.81880501520331,1.259398926969619,0.0
1789298002670515711,2026-09-13T11:13:22.670516+00:00,1789298002670518349,25829887062760,1789298002600000000,1789298002,600000000,1242927,1789298002607263,1789298002600000,2,4,13.799449985829938,27.072996408452067,gnss_local_enu,13.799449985829938,27.072996408452067,110.434049,-7.053036,74.149,14.925,3,9,-120.50046954045963,neo3_calibrated_diag,1,150.7580035929931,yahboom_calibrated_diag,0,-120.51042904484102,logger_gyro_integral:neo3_diag,1,nan,-159.697265625,0.0,42.78027661005594,1.2605191100172117,0.0
1789298002771620042,2026-09-13T11:13:22.771620+00:00,1789298002771623959,25829988167259,1789298002600000000,1789298002,600000000,1242927,1789298002607263,1789298002600000,2,4,13.799449985829938,27.072996408452067,gnss_local_enu,13.799449985829938,27.072996408452067,110.434049,-7.053036,74.149,14.925,3,9,-120.53728354317057,neo3_calibrated_diag,1,150.66099117180158,yahboom_calibrated_diag,0,-120.51042904484102,logger_gyro_integral:neo3_diag,1,nan,-159.697265625,0.0,42.8446907872329,1.2595153542030577,0.0
1789298002870680143,2026-09-13T11:13:22.870680+00:00,1789298002870681635,25830087227102,1789298002800000000,1789298002,800000000,1243127,1789298002807338,1789298002800000,2,4,15.732928660885902,31.098571297080692,gnss_local_enu,15.732928660885902,31.098571297080692,110.4340665,-7.0529996,77.26,14.539,3,9,-120.49551936109856,neo3_calibrated_diag,1,150.64071875639138,yahboom_calibrated_diag,0,-120.51042904484102,logger_gyro_integral:neo3_diag,1,nan,-159.697265625,0.0,42.764965471193825,1.2586231562932277,0.0
1789298002971113994,2026-09-13T11:13:22.971114+00:00,1789298002971115471,25830187660989,1789298002800000000,1789298002,800000000,1243127,1789298002807338,1789298002800000,2,4,15.732928660885902,31.098571297080692,gnss_local_enu,15.732928660885902,31.098571297080692,110.4340665,-7.0529996,77.26,14.539,3,9,-120.4851787827757,neo3_calibrated_diag,1,150.75233658958078,yahboom_calibrated_diag,0,-120.51042904484102,logger_gyro_integral:neo3_diag,1,nan,-159.697265625,0.0,42.80089166968371,1.2590169382673215,0.0
1789298003070097653,2026-09-13T11:13:23.070098+00:00,1789298003070099632,25830286644650,1789298003000000000,1789298003,0,1243334,1789298003015244,1789298003000000,2,4,17.688506937049176,35.32321745757359,gnss_local_enu,17.688506937049176,35.32321745757359,110.4340842,-7.0529614,80.559,14.186,3,9,-120.51147165707603,neo3_calibrated_diag,1,150.71721491653415,yahboom_calibrated_diag,0,-120.51042904484102,logger_gyro_integral:neo3_diag,1,nan,-159.697265625,0.0,42.77586221528328,1.2591851066054904,0.0
1789298003170501648,2026-09-13T11:13:23.170502+00:00,1789298003170504061,25830387048758,1789298003000000000,1789298003,0,1243334,1789298003015244,1789298003000000,2,4,17.688506937049176,35.32321745757359,gnss_local_enu,17.688506937049176,35.32321745757359,110.4340842,-7.0529614,80.559,14.186,3,9,-120.55034594010155,neo3_calibrated_diag,1,150.73651061888197,yahboom_calibrated_diag,0,-120.51042904484102,logger_gyro_integral:neo3_diag,1,nan,-159.697265625,0.0,42.79764124309773,1.2611318322725913,0.0
1789298003270992953,2026-09-13T11:13:23.270993+00:00,1789298003270996008,25830487540222,1789298003200000000,1789298003,200000000,1243526,1789298003207619,1789298003200000,2,4,19.61094219216568,39.492571527017546,gnss_local_enu,19.61094219216568,39.492571527017546,110.4341016,-7.0529237,83.82900000000001,13.606,3,11,-120.49534318628679,neo3_calibrated_diag,1,150.60514142094942,yahboom_calibrated_diag,0,-120.51042904484102,logger_gyro_integral:neo3_diag,1,nan,-159.697265625,0.0,42.80611190472805,1.2593950609066786,0.0
1789298003370770839,2026-09-13T11:13:23.370771+00:00,1789298003370772368,25830587318014,1789298003200000000,1789298003,200000000,1243526,1789298003207619,1789298003200000,2,4,19.61094219216568,39.492571527017546,gnss_local_enu,19.61094219216568,39.492571527017546,110.4341016,-7.0529237,83.82900000000001,13.606,3,11,-120.54596182792842,neo3_calibrated_diag,1,150.68247497459285,yahboom_calibrated_diag,0,-120.51042904484102,logger_gyro_integral:neo3_diag,1,nan,-159.697265625,0.0,42.79803956576048,1.258902029876178,0.0
1789298003476787405,2026-09-13T11:13:23.476788+00:00,1789298003476790236,25830693334560,1789298003400000000,1789298003,400000000,1243728,1789298003408978,1789298003400000,2,4,21.46708859997542,43.47392151201333,gnss_local_enu,21.46708859997542,43.47392151201333,110.4341184,-7.0528877,86.95,13.086,3,11,-120.48973778568907,neo3_calibrated_diag,1,150.7514098601811,yahboom_calibrated_diag,0,-120.51042904484102,logger_gyro_integral:neo3_diag,1,nan,-159.697265625,0.0,42.759321720917185,1.2600708870619872,0.0
1789298003570990518,2026-09-13T11:13:23.570991+00:00,1789298003570992972,25830787537892,1789298003400000000,1789298003,400000000,1243728,1789298003408978,1789298003400000,2,4,21.46708859997542,43.47392151201333,gnss_local_enu,21.46708859997542,43.47392151201333,110.4341184,-7.0528877,86.95,13.086,3,11,-120.511086306906,neo3_calibrated_diag,1,150.79488027422713,yahboom_calibrated_diag,0,-120.51042904484102,logger_gyro_integral:neo3_diag,1,nan,-159.697265625,0.0,42.782736107832086,1.2583941665053082,0.0
1789298003670748059,2026-09-13T11:13:23.670748+00:00,1789298003670750347,25830887295310,1789298003600000000,1789298003,600000000,1243928,1789298003609040,1789298003600000,2,4,22.8702486196112,46.57052982754371,gnss_local_enu,22.8702486196112,46.57052982754371,110.4341311,-7.0528597,89.39,12.505,3,11,-120.51586024504608,neo3_calibrated_diag,1,150.75853592628937,yahboom_calibrated_diag,0,-120.51042904484102,logger_gyro_integral:neo3_diag,1,nan,-159.697265625,0.0,42.77546281550207,1.2599168548229476,0.0
1789298003771046602,2026-09-13T11:13:23.771047+00:00,1789298003771049523,25830987593806,1789298003600000000,1789298003,600000000,1243928,1789298003609040,1789298003600000,2,4,22.8702486196112,46.57052982754371,gnss_local_enu,22.8702486196112,46.57052982754371,110.4341311,-7.0528597,89.39,12.505,3,11,-120.5307393253727,neo3_calibrated_diag,1,150.75127759680444,yahboom_calibrated_diag,0,-120.51042904484102,logger_gyro_integral:neo3_diag,1,nan,-159.697265625,0.0,42.841550918747096,1.2602214512014964,0.0
1789298003870945979,2026-09-13T11:13:23.870946+00:00,1789298003870947708,25831087492975,1789298003800000000,1789298003,800000000,1244127,1789298003807976,1789298003800000,2,4,24.196070425095293,49.50125088881632,gnss_local_enu,24.196070425095293,49.50125088881632,110.4341431,-7.0528332,91.74,12.099,3,10,-120.51964565985777,neo3_calibrated_diag,1,150.6389341154072,yahboom_calibrated_diag,0,-120.51042904484102,logger_gyro_integral:neo3_diag,1,nan,-159.697265625,0.0,42.800435298684754,1.2608816963387268,0.0
1789298003969556978,2026-09-13T11:13:23.969557+00:00,1789298003969558748,25831186103946,1789298003800000000,1789298003,800000000,1244127,1789298003807976,1789298003800000,2,4,24.196070425095293,49.50125088881632,gnss_local_enu,24.196070425095293,49.50125088881632,110.4341431,-7.0528332,91.74,12.099,3,10,-120.55776637417557,neo3_calibrated_diag,1,150.6741210457322,yahboom_calibrated_diag,0,-120.51042904484102,logger_gyro_integral:neo3_diag,1,nan,-159.697265625,0.0,42.84139720715117,1.260561940744066,0.0
1789298004069558172,2026-09-13T11:13:24.069558+00:00,1789298004069560045,25831286105173,1789298004000000000,1789298004,0,1244333,1789298004014585,1789298004000000,2,4,25.378262159317845,51.901126852622994,gnss_local_enu,25.378262159317845,51.901126852622994,110.4341538,-7.0528115,93.78,11.646,3,10,-120.48345074208365,neo3_calibrated_diag,1,150.61005956090148,yahboom_calibrated_diag,0,-120.51042904484102,logger_gyro_integral:neo3_diag,1,nan,-159.697265625,0.0,42.7314390214851,1.2621014835383697,0.0
1789298004170115555,2026-09-13T11:13:24.170115+00:00,1789298004170118685,25831386662722,1789298004000000000,1789298004,0,1244333,1789298004014585,1789298004000000,2,4,25.378262159317845,51.901126852622994,gnss_local_enu,25.378262159317845,51.901126852622994,110.4341538,-7.0528115,93.78,11.646,3,10,-120.55920935422283,neo3_calibrated_diag,1,150.81225435053386,yahboom_calibrated_diag,0,-120.51042904484102,logger_gyro_integral:neo3_diag,1,nan,-159.697265625,0.0,42.79473833221089,1.2622987393624545,0.0
1789298004269572283,2026-09-13T11:13:24.269572+00:00,1789298004269573898,25831486119296,1789298004200000000,1789298004,200000000,1244526,1789298004207460,1789298004200000,2,4,26.328436110467266,54.12405350848685,gnss_local_enu,26.328436110467266,54.12405350848685,110.4341624,-7.0527914,95.511,11.239,3,10,-120.46244444433657,neo3_calibrated_diag,1,150.77829788239634,yahboom_calibrated_diag,0,-120.51042904484102,logger_gyro_integral:neo3_diag,1,nan,-159.697265625,0.0,42.72378942104855,1.2612616243038994,0.0
1789298004369542190,2026-09-13T11:13:24.369542+00:00,1789298004369543821,25831586089176,1789298004200000000,1789298004,200000000,1244526,1789298004207460,1789298004200000,2,4,26.328436110467266,54.12405350848685,gnss_local_enu,26.328436110467266,54.12405350848685,110.4341624,-7.0527914,95.511,11.239,3,10,-120.52474844059489,neo3_calibrated_diag,1,150.65339235113092,yahboom_calibrated_diag,0,-120.51042904484102,logger_gyro_integral:neo3_diag,1,nan,-159.697265625,0.0,42.847945880871585,1.2602719189770644,0.0
1789298004469561637,2026-09-13T11:13:24.469562+00:00,1789298004469563260,25831686108630,1789298004400000000,1789298004,400000000,1244727,1789298004408648,1789298004400000,2,4,27.03554354766169,55.937786140299025,gnss_local_enu,27.03554354766169,55.937786140299025,110.4341688,-7.052775,96.98100000000001,10.796,3,10,-120.5038141683887,neo3_calibrated_diag,1,150.66099117180158,yahboom_calibrated_diag,0,-120.51042904484102,logger_gyro_integral:neo3_diag,1,nan,-159.697265625,0.0,42.741930231757195,1.2595153542030577,0.0
1789298004569576336,2026-09-13T11:13:24.569577+00:00,1789298004569578009,25831786123376,1789298004400000000,1789298004,400000000,1244727,1789298004408648,1789298004400000,2,4,27.03554354766169,55.937786140299025,gnss_local_enu,27.03554354766169,55.937786140299025,110.4341688,-7.052775,96.98100000000001,10.796,3,10,-120.49833189256856,neo3_calibrated_diag,1,150.7663342111524,yahboom_calibrated_diag,0,-120.51042904484102,logger_gyro_integral:neo3_diag,1,nan,-159.697265625,0.0,42.79968632027109,1.259010024348182,0.0
1789298004670123749,2026-09-13T11:13:24.670124+00:00,1789298004670125820,25831886670781,1789298004600000000,1789298004,600000000,1244926,1789298004607559,1789298004600000,2,4,27.720553788043546,57.54139223701077,gnss_local_enu,27.720553788043546,57.54139223701077,110.434175,-7.0527605,98.321,10.359,3,10,-120.53001146896857,neo3_calibrated_diag,1,150.78006035034392,yahboom_calibrated_diag,0,-120.51042904484102,logger_gyro_integral:neo3_diag,1,nan,-159.697265625,0.0,42.787168039032444,1.259304308470892,0.0
1789298004769581675,2026-09-13T11:13:24.769582+00:00,1789298004769583327,25831986128677,1789298004600000000,1789298004,600000000,1244926,1789298004607559,1789298004600000,2,4,27.720553788043546,57.54139223701077,gnss_local_enu,27.720553788043546,57.54139223701077,110.434175,-7.0527605,98.321,10.359,3,10,-120.53078700285279,neo3_calibrated_diag,1,150.77897510693072,yahboom_calibrated_diag,0,-120.51042904484102,logger_gyro_integral:neo3_diag,1,nan,-159.697265625,0.0,42.81866038857825,1.260508810385591,0.0
1789298004869563504,2026-09-13T11:13:24.869563+00:00,1789298004869565141,25832086110499,1789298004800000000,1789298004,800000000,1245127,1789298004808038,1789298004800000,2,4,28.394516163830858,59.200295852815195,gnss_local_enu,28.394516163830858,59.200295852815195,110.4341811,-7.0527455,99.711,9.978,3,10,-120.52820550272223,neo3_calibrated_diag,1,150.69609612059892,yahboom_calibrated_diag,0,-120.51042904484102,logger_gyro_integral:neo3_diag,1,nan,-159.697265625,0.0,42.818158675571276,1.2593464537889523,0.0
1789298004969566021,2026-09-13T11:13:24.969566+00:00,1789298004969567609,25832186113034,1789298004800000000,1789298004,800000000,1245127,1789298004808038,1789298004800000,2,4,28.394516163830858,59.200295852815195,gnss_local_enu,28.394516163830858,59.200295852815195,110.4341811,-7.0527455,99.711,9.978,3,10,-120.56685621890709,neo3_calibrated_diag,1,150.76512793060337,yahboom_calibrated_diag,0,-120.51042904484102,logger_gyro_integral:neo3_diag,1,nan,-159.697265625,0.0,42.80574572448073,1.2603650952082672,0.0
1789298005069567440,2026-09-13T11:13:25.069567+00:00,1789298005069569137,25832286114434,1789298005000000000,1789298005,0,1245333,1789298005014676,1789298005000000,2,4,29.1016244064693,60.92555612531073,gnss_local_enu,29.1016244064693,60.92555612531073,110.4341875,-7.0527299,101.131,9.647,3,10,-120.50660946967874,neo3_calibrated_diag,1,150.72279421543928,yahboom_calibrated_diag,0,-120.51042904484102,logger_gyro_integral:neo3_diag,1,nan,-159.697265625,0.0,42.726238861411616,1.2608377698207964,0.0
1789298005170127273,2026-09-13T11:13:25.170127+00:00,1789298005170129459,25832386674361,1789298005000000000,1789298005,0,1245333,1789298005014676,1789298005000000,2,4,29.1016244064693,60.92555612531073,gnss_local_enu,29.1016244064693,60.92555612531073,110.4341875,-7.0527299,101.131,9.647,3,10,-120.53810224770552,neo3_calibrated_diag,1,150.72926459949252,yahboom_calibrated_diag,0,-120.51042904484102,logger_gyro_integral:neo3_diag,1,nan,-159.697265625,0.0,42.83030715926399,1.2614364879238609,0.0
1789298005269585265,2026-09-13T11:13:25.269585+00:00,1789298005269587473,25832486132274,1789298005200000000,1789298005,200000000,1245527,1789298005207102,1789298005200000,2,4,29.852926976115448,62.650817431586304,gnss_local_enu,29.852926976115448,62.650817431586304,110.4341943,-7.0527143,102.581,9.364,3,10,-120.5291976815584,neo3_calibrated_diag,1,150.73533837653244,yahboom_calibrated_diag,0,-120.51042904484102,logger_gyro_integral:neo3_diag,1,nan,-159.697265625,0.0,42.774264591602275,1.262486916290831,0.0
1789298005369558897,2026-09-13T11:13:25.369559+00:00,1789298005369560446,25832586105881,1789298005200000000,1789298005,200000000,1245527,1789298005207102,1789298005200000,2,4,29.852926976115448,62.650817431586304,gnss_local_enu,29.852926976115448,62.650817431586304,110.4341943,-7.0527143,102.581,9.364,3,10,-120.48996144765555,neo3_calibrated_diag,1,150.67424405642618,yahboom_calibrated_diag,0,-120.51042904484102,logger_gyro_integral:neo3_diag,1,nan,-159.697265625,0.0,42.80497789968475,1.2604113729499926,0.0
1789298005469567746,2026-09-13T11:13:25.469568+00:00,1789298005469569458,25832686114802,1789298005400000000,1789298005,400000000,1245729,1789298005410838,1789298005400000,2,4,30.615278046805518,64.2654860777066,gnss_local_enu,30.615278046805518,64.2654860777066,110.4342012,-7.0526997,103.97200000000001,9.107,3,10,-120.53858630887342,neo3_calibrated_diag,1,150.75207165146688,yahboom_calibrated_diag,0,-120.51042904484102,logger_gyro_integral:neo3_diag,1,nan,-159.697265625,0.0,42.80487539061876,1.2593180664618637,0.0
1789298005569557193,2026-09-13T11:13:25.569557+00:00,1789298005569558748,25832786104197,1789298005400000000,1789298005,400000000,1245729,1789298005410838,1789298005400000,2,4,30.615278046805518,64.2654860777066,gnss_local_enu,30.615278046805518,64.2654860777066,110.4342012,-7.0526997,103.97200000000001,9.107,3,10,-120.54626265237526,neo3_calibrated_diag,1,150.71593361434293,yahboom_calibrated_diag,0,-120.51042904484102,logger_gyro_integral:neo3_diag,1,nan,-159.697265625,0.0,42.83654021559631,1.2606907647951469,0.0
1789298005670130849,2026-09-13T11:13:25.670131+00:00,1789298005670133199,25832886677893,1789298005600000000,1789298005,600000000,1245927,1789298005608685,1789298005600000,2,4,31.233998252715267,65.69214524787732,gnss_local_enu,31.233998252715267,65.69214524787732,110.4342068,-7.0526868,105.131,8.832,3,10,-120.48136742697434,neo3_calibrated_diag,1,150.8063824496083,yahboom_calibrated_diag,0,-120.51042904484102,logger_gyro_integral:neo3_diag,1,nan,-159.697265625,0.0,42.77584267075986,1.2610975768831323,0.0
1789298005769579733,2026-09-13T11:13:25.769580+00:00,1789298005769581637,25832986126721,1789298005600000000,1789298005,600000000,1245927,1789298005608685,1789298005600000,2,4,31.233998252715267,65.69214524787732,gnss_local_enu,31.233998252715267,65.69214524787732,110.4342068,-7.0526868,105.131,8.832,3,10,-120.4641004234949,neo3_calibrated_diag,1,150.7925448632914,yahboom_calibrated_diag,0,-120.51042904484102,logger_gyro_integral:neo3_diag,1,nan,-159.697265625,0.0,42.781755999837124,1.2609537208552029,0.0
1789298005869583567,2026-09-13T11:13:25.869584+00:00,1789298005869585411,25833086130574,1789298005800000000,1789298005,800000000,1246126,1789298005807624,1789298005800000,2,4,31.664893449583726,66.77596462624342,gnss_local_enu,31.664893449583726,66.77596462624342,110.4342107,-7.052677,106.051,8.518,3,10,-120.48907282285387,neo3_calibrated_diag,1,150.84032024506774,yahboom_calibrated_diag,0,-120.51042904484102,logger_gyro_integral:neo3_diag,1,nan,-159.697265625,0.0,42.76208835922773,1.2621350459915188,0.0
1789298005969592564,2026-09-13T11:13:25.969593+00:00,1789298005969594455,25833186139614,1789298005800000000,1789298005,800000000,1246126,1789298005807624,1789298005800000,2,4,31.664893449583726,66.77596462624342,gnss_local_enu,31.664893449583726,66.77596462624342,110.4342107,-7.052677,106.051,8.518,3,10,-120.55697462181925,neo3_calibrated_diag,1,150.70818194966787,yahboom_calibrated_diag,0,-120.51042904484102,logger_gyro_integral:neo3_diag,1,nan,-159.697265625,0.0,42.8391496592416,1.2615977406117378,0.0
1789298006069598404,2026-09-13T11:13:26.069598+00:00,1789298006069600316,25833286145443,1789298006000000000,1789298006,0,1246333,1789298006014150,1789298006000000,2,4,31.97425509066626,67.79342748343709,gnss_local_enu,31.97425509066626,67.79342748343709,110.4342135,-7.0526678,106.861,8.299,3,9,-120.51347639609105,neo3_calibrated_diag,1,150.74284190318883,yahboom_calibrated_diag,0,-120.51042904484102,logger_gyro_integral:neo3_diag,1,nan,-159.697265625,0.0,42.68149211687074,1.261881147855905,0.0
1789298006170117450,2026-09-13T11:13:26.170117+00:00,1789298006170119561,25833386664449,1789298006000000000,1789298006,0,1246333,1789298006014150,1789298006000000,2,4,31.97425509066626,67.79342748343709,gnss_local_enu,31.97425509066626,67.79342748343709,110.4342135,-7.0526678,106.861,8.299,3,9,-120.50230628834817,neo3_calibrated_diag,1,150.7312104742912,yahboom_calibrated_diag,0,-120.51042904484102,logger_gyro_integral:neo3_diag,1,nan,-159.697265625,0.0,42.78353803794281,1.2591780104428425,0.0
1789298006269579281,2026-09-13T11:13:26.269579+00:00,1789298006269581451,25833486126311,1789298006200000000,1789298006,200000000,1246525,1789298006206486,1789298006200000,2,4,32.11788839233152,68.51228718023546,gnss_local_enu,32.11788839233152,68.51228718023546,110.4342148,-7.0526613,107.421,7.967,3,10,-120.53482438635206,neo3_calibrated_diag,1,150.8357546566223,yahboom_calibrated_diag,0,-120.51042904484102,logger_gyro_integral:neo3_diag,1,nan,-159.697265625,0.0,42.77991854846033,1.2595787835451984,0.0
1789298006369556078,2026-09-13T11:13:26.369556+00:00,1789298006369557624,25833586103075,1789298006200000000,1789298006,200000000,1246525,1789298006206486,1789298006200000,2,4,32.11788839233152,68.51228718023546,gnss_local_enu,32.11788839233152,68.51228718023546,110.4342148,-7.0526613,107.421,7.967,3,10,-120.53001146896857,neo3_calibrated_diag,1,150.7032195173278,yahboom_calibrated_diag,0,-120.51042904484102,logger_gyro_integral:neo3_diag,1,nan,-159.697265625,0.0,42.787168039032444,1.259192275386691,0.0
1789298006469565353,2026-09-13T11:13:26.469565+00:00,1789298006469567249,25833686112355,1789298006400000000,1789298006,400000000,1246727,1789298006407898,1789298006400000,2,4,32.305715980428225,69.36385912514784,gnss_local_enu,32.305715980428225,69.36385912514784,110.4342165,-7.0526536,108.042,7.689,3,10,-120.51665459810347,neo3_calibrated_diag,1,150.73833912255225,yahboom_calibrated_diag,0,-120.51042904484102,logger_gyro_integral:neo3_diag,1,nan,-159.697265625,0.0,42.80687337417205,1.2590239248167518,0.0
1789298006569567604,2026-09-13T11:13:26.569567+00:00,1789298006569569159,25833786114559,1789298006400000000,1789298006,400000000,1246727,1789298006407898,1789298006400000,2,4,32.305715980428225,69.36385912514784,gnss_local_enu,32.305715980428225,69.36385912514784,110.4342165,-7.0526536,108.042,7.689,3,10,-120.530192730823,neo3_calibrated_diag,1,150.68835046445002,yahboom_calibrated_diag,0,-120.51042904484102,logger_gyro_integral:neo3_diag,1,nan,-159.697265625,0.0,42.82139787532514,1.2602534866434352,0.0
1789298006670112346,2026-09-13T11:13:26.670112+00:00,1789298006670114585,25833886659344,1789298006600000000,1789298006,600000000,1246925,1789298006606715,1789298006600000,2,4,31.72014383356522,68.5786434861418,gnss_local_enu,31.72014383356522,68.5786434861418,110.4342112,-7.0526607,107.45100000000001,7.183,3,9,-120.50908600785718,neo3_calibrated_diag,1,150.80874573573965,yahboom_calibrated_diag,0,-120.51042904484102,logger_gyro_integral:neo3_diag,1,nan,-159.697265625,0.0,42.77947636702557,1.258538034603318,0.0
1789298006769573789,2026-09-13T11:13:26.769574+00:00,1789298006769575909,25833986121106,1789298006600000000,1789298006,600000000,1246925,1789298006606715,1789298006600000,2,4,31.72014383356522,68.5786434861418,gnss_local_enu,31.72014383356522,68.5786434861418,110.4342112,-7.0526607,107.45100000000001,7.183,3,9,-120.5349584677214,neo3_calibrated_diag,1,150.80119058492662,yahboom_calibrated_diag,0,-120.51042904484102,logger_gyro_integral:neo3_diag,1,nan,-159.697265625,0.0,42.83673379603538,1.2591436189504295,0.0
1789298006869545868,2026-09-13T11:13:26.869546+00:00,1789298006869547618,25834086092897,1789298006800000000,1789298006,800000000,1247126,1789298006806854,1789298006800000,2,4,31.134571755123034,67.8487242242657,gnss_local_enu,31.134571755123034,67.8487242242657,110.4342059,-7.0526673,106.84100000000001,6.865,3,9,-120.52781586266225,neo3_calibrated_diag,1,150.7939174848279,yahboom_calibrated_diag,0,-120.51042904484102,logger_gyro_integral:neo3_diag,1,nan,-159.697265625,0.0,42.80245911440603,1.259448100404355,0.0
1789298006969560849,2026-09-13T11:13:26.969561+00:00,1789298006969562497,25834186107861,1789298006800000000,1789298006,800000000,1247126,1789298006806854,1789298006800000,2,4,31.134571755123034,67.8487242242657,gnss_local_enu,31.134571755123034,67.8487242242657,110.4342059,-7.0526673,106.84100000000001,6.865,3,9,-120.50690642152293,neo3_calibrated_diag,1,150.77158063766032,yahboom_calibrated_diag,0,-120.51042904484102,logger_gyro_integral:neo3_diag,1,nan,-159.697265625,0.0,42.829166146009655,1.2609639148416265,0.0
1789298007069641628,2026-09-13T11:13:27.069642+00:00,1789298007069643971,25834286188704,1789298007000000000,1789298007,0,1247331,1789298007012291,1789298007000000,2,4,30.604242407640957,67.11880569839764,gnss_local_enu,30.604242407640957,67.11880569839764,110.4342011,-7.0526739,106.291,6.899,3,9,-120.52501532376479,neo3_calibrated_diag,1,150.84332382019218,yahboom_calibrated_diag,0,-120.51042904484102,logger_gyro_integral:neo3_diag,1,nan,-159.697265625,0.0,42.75612300422479,1.25897329611221,0.0
1789298007170223294,2026-09-13T11:13:27.170223+00:00,1789298007170225390,25834386770297,1789298007000000000,1789298007,0,1247331,1789298007012291,1789298007000000,2,4,30.604242407640957,67.11880569839764,gnss_local_enu,30.604242407640957,67.11880569839764,110.4342011,-7.0526739,106.291,6.899,3,9,-120.53349120704829,neo3_calibrated_diag,1,150.76700548968753,yahboom_calibrated_diag,0,-120.51042904484102,logger_gyro_integral:neo3_diag,1,nan,-159.697265625,0.0,42.81934106889199,1.2582572074371536,0.0
1789298007269560345,2026-09-13T11:13:27.269560+00:00,1789298007269562307,25834486107481,1789298007200000000,1789298007,200000000,1247527,1789298007207710,1789298007200000,2,4,30.151252477077453,66.433124509167,gnss_local_enu,30.151252477077453,66.433124509167,110.434197,-7.0526801,105.752,6.942,3,9,-120.50585487584743,neo3_calibrated_diag,1,150.7305610742339,yahboom_calibrated_diag,0,-120.51042904484102,logger_gyro_integral:neo3_diag,1,nan,-159.697265625,0.0,42.79286270671314,1.2599308361136865,0.0
1789298007369781020,2026-09-13T11:13:27.369781+00:00,1789298007369782524,25834586327986,1789298007200000000,1789298007,200000000,1247527,1789298007207710,1789298007200000,2,4,30.151252477077453,66.433124509167,gnss_local_enu,30.151252477077453,66.433124509167,110.434197,-7.0526801,105.752,6.942,3,9,-120.53963420623326,neo3_calibrated_diag,1,150.74389144189843,yahboom_calibrated_diag,0,-120.51042904484102,logger_gyro_integral:neo3_diag,1,nan,-159.697265625,0.0,42.8407500817341,1.2606766316193996,0.0
1789298007469605241,2026-09-13T11:13:27.469605+00:00,1789298007469607965,25834686152484,1789298007400000000,1789298007,400000000,1247727,1789298007407936,1789298007400000,2,4,29.709311101122342,65.69214708220811,gnss_local_enu,29.709311101122342,65.69214708220811,110.434193,-7.0526868,105.221,6.989,3,9,-120.47121352294228,neo3_calibrated_diag,1,150.71529411026853,yahboom_calibrated_diag,0,-120.51042904484102,logger_gyro_integral:neo3_diag,1,nan,-159.697265625,0.0,42.811844931275736,1.2614435941180866,0.0
1789298007569814248,2026-09-13T11:13:27.569814+00:00,1789298007569816002,25834786361365,1789298007400000000,1789298007,400000000,1247727,1789298007407936,1789298007400000,2,4,29.709311101122342,65.69214708220811,gnss_local_enu,29.709311101122342,65.69214708220811,110.434193,-7.0526868,105.221,6.989,3,9,-120.50847737652644,neo3_calibrated_diag,1,150.7371629538011,yahboom_calibrated_diag,0,-120.51042904484102,logger_gyro_integral:neo3_diag,1,nan,-159.697265625,0.0,42.82774440721809,1.2603790080388582,0.0
1789298007670131007,2026-09-13T11:13:27.670131+00:00,1789298007670133399,25834886678180,1789298007600000000,1789298007,600000000,1247926,1789298007606840,1789298007600000,2,4,29.322612304466908,65.03964433744466,gnss_local_enu,29.322612304466908,65.03964433744466,110.4341895,-7.0526927,104.721,7.042,3,9,-120.53719401430672,neo3_calibrated_diag,1,150.80091399276063,yahboom_calibrated_diag,0,-120.51042904484102,logger_gyro_integral:neo3_diag,1,nan,-159.697265625,0.0,42.79883685202671,1.2594447422412096,0.0
1789298007769737582,2026-09-13T11:13:27.769737+00:00,1789298007769739141,25834986284567,1789298007600000000,1789298007,600000000,1247926,1789298007606840,1789298007600000,2,4,29.322612304466908,65.03964433744466,gnss_local_enu,29.322612304466908,65.03964433744466,110.4341895,-7.0526927,104.721,7.042,3,9,-120.48776700726668,neo3_calibrated_diag,1,150.731080532166,yahboom_calibrated_diag,0,-120.51042904484102,logger_gyro_integral:neo3_diag,1,nan,-159.697265625,0.0,42.77871310445886,1.2593285755644974,0.0
1789298007869613358,2026-09-13T11:13:27.869613+00:00,1789298007869616577,25835086160674,1789298007800000000,1789298007,800000000,1248126,1789298007806741,1789298007800000,2,4,28.781234909101048,64.35396342053038,gnss_local_enu,28.781234909101048,64.35396342053038,110.4341846,-7.0526989,104.171,7.104,3,9,-120.50130116812014,neo3_calibrated_diag,1,150.83390616133138,yahboom_calibrated_diag,0,-120.51042904484102,logger_gyro_integral:neo3_diag,1,nan,-159.697265625,0.0,42.770612174212566,1.2615360620903786,0.0
1789298007969704137,2026-09-13T11:13:27.969704+00:00,1789298007969705822,25835186251113,1789298007800000000,1789298007,800000000,1248126,1789298007806741,1789298007800000,2,4,28.781234909101048,64.35396342053038,gnss_local_enu,28.781234909101048,64.35396342053038,110.4341846,-7.0526989,104.171,7.104,3,9,-120.50349147158985,neo3_calibrated_diag,1,150.8226080268066,yahboom_calibrated_diag,0,-120.51042904484102,logger_gyro_integral:neo3_diag,1,nan,-159.697265625,0.0,42.808075255909365,1.2586819739239894,0.0
1789298008069671093,2026-09-13T11:13:28.069671+00:00,1789298008069673923,25835286218316,1789298008000000000,1789298008,0,1248334,1789298008014600,1789298008000000,2,4,28.173567085841572,63.64616459022413,gnss_local_enu,28.173567085841572,63.64616459022413,110.4341791,-7.0527053,103.671,7.172,3,9,-120.48846388902945,neo3_calibrated_diag,1,150.77171524769588,yahboom_calibrated_diag,0,-120.51042904484102,logger_gyro_integral:neo3_diag,1,nan,-159.697265625,0.0,42.71215697405599,1.2608133517076447,0.0
1789298008170375404,2026-09-13T11:13:28.170375+00:00,1789298008170378653,25835386922666,1789298008000000000,1789298008,0,1248334,1789298008014600,1789298008000000,2,4,28.173567085841572,63.64616459022413,gnss_local_enu,28.173567085841572,63.64616459022413,110.4341791,-7.0527053,103.671,7.172,3,9,-120.58419244350605,neo3_calibrated_diag,1,150.77897510693072,yahboom_calibrated_diag,0,-120.51042904484102,logger_gyro_integral:neo3_diag,1,nan,-159.697265625,0.0,42.822652482770145,1.260508810385591,0.0
1789298008269602167,2026-09-13T11:13:28.269602+00:00,1789298008269604503,25835486149171,1789298008200000000,1789298008,200000000,1248527,1789298008208029,1789298008200000,2,4,27.8200147883746,63.17061243926337,gnss_local_enu,27.8200147883746,63.17061243926337,110.4341759,-7.0527096,103.351,7.246,3,9,-120.48234152169006,neo3_calibrated_diag,1,150.73611959162736,yahboom_calibrated_diag,0,-120.51042904484102,logger_gyro_integral:neo3_diag,1,nan,-159.697265625,0.0,42.76616853069258,1.2615835268886035,0.0
1789298008369759486,2026-09-13T11:13:28.369760+00:00,1789298008369761350,25835586306569,1789298008200000000,1789298008,200000000,1248527,1789298008208029,1789298008200000,2,4,27.8200147883746,63.17061243926337,gnss_local_enu,27.8200147883746,63.17061243926337,110.4341759,-7.0527096,103.351,7.246,3,9,-120.48796066079379,neo3_calibrated_diag,1,150.6871046913223,yahboom_calibrated_diag,0,-120.51042904484102,logger_gyro_integral:neo3_diag,1,nan,-159.697265625,0.0,42.81294297989803,1.2617591583599566,0.0
1789298008474145379,2026-09-13T11:13:28.474145+00:00,1789298008474146914,25835690692324,1789298008400000000,1789298008,400000000,1248727,1789298008408170,1789298008400000,2,4,27.47751076952145,62.6065856804033,gnss_local_enu,27.47751076952145,62.6065856804033,110.4341728,-7.0527147,102.991,7.325,3,9,-120.51586024504608,neo3_calibrated_diag,1,150.7312104742912,yahboom_calibrated_diag,0,-120.51042904484102,logger_gyro_integral:neo3_diag,1,nan,-159.697265625,0.0,42.77546281550207,1.2591780104428425,0.0
1789298008573978188,2026-09-13T11:13:28.573978+00:00,1789298008573980605,25835790525161,1789298008400000000,1789298008,400000000,1248727,1789298008408170,1789298008400000,2,4,27.47751076952145,62.6065856804033,gnss_local_enu,27.47751076952145,62.6065856804033,110.4341728,-7.0527147,102.991,7.325,3,9,-120.49833189256856,neo3_calibrated_diag,1,150.67658685632455,yahboom_calibrated_diag,0,-120.51042904484102,logger_gyro_integral:neo3_diag,1,nan,-159.697265625,0.0,42.79968632027109,1.2575505859320801,0.0
1789298008675789902,2026-09-13T11:13:28.675790+00:00,1789298008675792059,25835892336952,1789298008600000000,1789298008,600000000,1248925,1789298008605931,1789298008600000,2,4,27.123958347318112,62.05361827012477,gnss_local_enu,27.123958347318112,62.05361827012477,110.4341696,-7.0527197,102.631,7.408,3,9,-120.56515611578203,neo3_calibrated_diag,1,150.65339235113092,yahboom_calibrated_diag,0,-120.51042904484102,logger_gyro_integral:neo3_diag,1,nan,-159.697265625,0.0,42.84099841834222,1.2602719189770644,0.0
1789298008774208690,2026-09-13T11:13:28.774209+00:00,1789298008774210448,25835990755646,1789298008600000000,1789298008,600000000,1248925,1789298008605931,1789298008600000,2,4,27.123958347318112,62.05361827012477,gnss_local_enu,27.123958347318112,62.05361827012477,110.4341696,-7.0527197,102.631,7.408,3,9,-120.55510262807758,neo3_calibrated_diag,1,150.82232621061925,yahboom_calibrated_diag,0,-120.51042904484102,logger_gyro_integral:neo3_diag,1,nan,-159.697265625,0.0,42.81297024585424,1.2589830949982788,0.0
1789298008875958680,2026-09-13T11:13:28.875959+00:00,1789298008875960350,25836092505764,1789298008800000000,1789298008,800000000,1249126,1789298008807470,1789298008800000,2,4,26.770405947949904,61.54488793393958,gnss_local_enu,26.770405947949904,61.54488793393958,110.4341664,-7.0527243,102.26,7.5,3,9,-120.47627489938841,neo3_calibrated_diag,1,150.74494298809384,yahboom_calibrated_diag,0,-120.51042904484102,logger_gyro_integral:neo3_diag,1,nan,-159.697265625,0.0,42.790359969624,1.2594721157925437,0.0
1789298008976191607,2026-09-13T11:13:28.976192+00:00,1789298008976193175,25836192738617,1789298008800000000,1789298008,800000000,1249126,1789298008807470,1789298008800000,2,4,26.770405947949904,61.54488793393958,gnss_local_enu,26.770405947949904,61.54488793393958,110.4341664,-7.0527243,102.26,7.5,3,9,-120.58670275150222,neo3_calibrated_diag,1,150.7597355389598,yahboom_calibrated_diag,0,-120.51042904484102,logger_gyro_integral:neo3_diag,1,nan,-159.697265625,0.0,42.82322582632116,1.2585617810208023,0.0
1789298009074346336,2026-09-13T11:13:29.074346+00:00,1789298009074348217,25836290893309,1789298009000000000,1789298009,0,1249333,1789298009014098,1789298009000000,2,4,26.527338499578683,61.157810367498016,gnss_local_enu,26.527338499578683,61.157810367498016,110.4341642,-7.0527278,101.961,7.595,3,8,-120.4817811195621,neo3_calibrated_diag,1,150.737424106019,yahboom_calibrated_diag,0,-120.51042904484102,logger_gyro_integral:neo3_diag,1,nan,-159.697265625,0.0,42.738865311044464,1.2600778783896183,0.0
1789298009176052239,2026-09-13T11:13:29.176052+00:00,1789298009176055115,25836392599297,1789298009000000000,1789298009,0,1249333,1789298009014098,1789298009000000,2,4,26.527338499578683,61.157810367498016,gnss_local_enu,26.527338499578683,61.157810367498016,110.4341642,-7.0527278,101.961,7.595,3,8,-120.52914526539142,neo3_calibrated_diag,1,150.7100897659273,yahboom_calibrated_diag,0,-120.51042904484102,logger_gyro_integral:neo3_diag,1,nan,-159.697265625,0.0,42.85394273914712,1.2593392480420824,0.0
1789298009274049345,2026-09-13T11:13:29.274049+00:00,1789298009274051055,25836490596305,1789298009200000000,1789298009,200000000,1249527,1789298009207577,1789298009200000,2,4,26.273222874721938,60.781792687346254,gnss_local_enu,26.273222874721938,60.781792687346254,110.4341619,-7.0527312,101.721,7.695,3,9,-120.52697956989547,neo3_calibrated_diag,1,150.72163642588177,yahboom_calibrated_diag,0,-120.51042904484102,logger_gyro_integral:neo3_diag,1,nan,-159.697265625,0.0,42.81634465264521,1.2621928597719643,0.0
1789298009376015559,2026-09-13T11:13:29.376016+00:00,1789298009376017133,25836592562504,1789298009200000000,1789298009,200000000,1249527,1789298009207577,1789298009200000,2,4,26.273222874721938,60.781792687346254,gnss_local_enu,26.273222874721938,60.781792687346254,110.4341619,-7.0527312,101.721,7.695,3,9,-120.50391942196781,neo3_calibrated_diag,1,150.8428938147188,yahboom_calibrated_diag,0,-120.51042904484102,logger_gyro_integral:neo3_diag,1,nan,-159.697265625,0.0,42.77108356065929,1.2594249744612174,0.0
1789298009475070171,2026-09-13T11:13:29.475070+00:00,1789298009475071868,25836691617118,1789298009400000000,1789298009,400000000,1249728,1789298009407986,1789298009400000,2,4,30.007627913891046,67.46164916881304,gnss_local_enu,30.007627913891046,67.46164916881304,110.4341957,-7.0526708,106.781,7.527,3,10,-120.5292483634145,neo3_calibrated_diag,1,150.77373826310097,yahboom_calibrated_diag,0,-120.51042904484102,logger_gyro_integral:neo3_diag,1,nan,-159.697265625,0.0,42.75572429105722,1.258554905506643,0.0
1789298009575833461,2026-09-13T11:13:29.575833+00:00,1789298009575834865,25836792380430,1789298009400000000,1789298009,400000000,1249728,1789298009407986,1789298009400000,2,4,30.007627913891046,67.46164916881304,gnss_local_enu,30.007627913891046,67.46164916881304,110.4341957,-7.0526708,106.781,7.527,3,10,-120.49771689990506,neo3_calibrated_diag,1,150.82120029266628,yahboom_calibrated_diag,0,-120.51042904484102,logger_gyro_integral:neo3_diag,1,nan,-159.697265625,0.0,42.80243784262878,1.2601875795894835,0.0
1789298009675689930,2026-09-13T11:13:29.675690+00:00,1789298009675692122,25836892236994,1789298009600000000,1789298009,600000000,1249926,1789298009607004,1789298009600000,2,4,30.018676730417287,68.06991000412415,gnss_local_enu,30.018676730417287,68.06991000412415,110.4341958,-7.0526653,106.781,7.597,3,9,-120.50369826140265,neo3_calibrated_diag,1,150.7526016544593,yahboom_calibrated_diag,0,-120.51042904484102,logger_gyro_integral:neo3_diag,1,nan,-159.697265625,0.0,42.789568300277345,1.2587158100988116,0.0
1789298009775493549,2026-09-13T11:13:29.775494+00:00,1789298009775495036,25836992040538,1789298009600000000,1789298009,600000000,1249926,1789298009607004,1789298009600000,2,4,30.018676730417287,68.06991000412415,gnss_local_enu,30.018676730417287,68.06991000412415,110.4341958,-7.0526653,106.781,7.597,3,9,-120.52459106121269,neo3_calibrated_diag,1,150.7516744817809,yahboom_calibrated_diag,0,-120.51042904484102,logger_gyro_integral:neo3_diag,1,nan,-159.697265625,0.0,42.849996573110715,1.2597697588024463,0.0
1789298009876291838,2026-09-13T11:13:29.876292+00:00,1789298009876293274,25837092838751,1789298009800000000,1789298009,800000000,1250126,1789298009807513,1789298009800000,2,4,31.720153034544765,71.07806013003677,gnss_local_enu,31.720153034544765,71.07806013003677,110.4342112,-7.0526381,108.992,7.496,3,10,-120.49091000999388,neo3_calibrated_diag,1,150.80874573573965,yahboom_calibrated_diag,0,-120.51042904484102,logger_gyro_integral:neo3_diag,1,nan,-159.697265625,0.0,42.78391566890647,1.258538034603318,0.0
1789298009976018781,2026-09-13T11:13:29.976019+00:00,1789298009976020675,25837192565767,1789298009800000000,1789298009,800000000,1250126,1789298009807513,1789298009800000,2,4,31.720153034544765,71.07806013003677,gnss_local_enu,31.720153034544765,71.07806013003677,110.4342112,-7.0526381,108.992,7.496,3,10,-120.50230628834817,neo3_calibrated_diag,1,150.82021687854092,yahboom_calibrated_diag,0,-120.51042904484102,logger_gyro_integral:neo3_diag,1,nan,-159.697265625,0.0,42.78353803794281,1.2612415039919396,0.0
1789298010075604315,2026-09-13T11:13:30.075604+00:00,1789298010075606073,25837292151327,1789298010000000000,1789298010,0,1250333,1789298010014175,1789298010000000,2,4,32.22838663331657,72.30564861875474,gnss_local_enu,32.22838663331657,72.30564861875474,110.4342158,-7.052627,109.641,7.433,3,10,-120.51143947410449,neo3_calibrated_diag,1,150.74205606311392,yahboom_calibrated_diag,0,-120.51042904484102,logger_gyro_integral:neo3_diag,1,nan,-159.697265625,0.0,42.75349372288655,1.2627845353014124,0.0
1789298010174881055,2026-09-13T11:13:30.174881+00:00,1789298010174883982,25837391428071,1789298010000000000,1789298010,0,1250333,1789298010014175,1789298010000000,2,4,32.22838663331657,72.30564861875474,gnss_local_enu,32.22838663331657,72.30564861875474,110.4342158,-7.052627,109.641,7.433,3,10,-120.49055069649361,neo3_calibrated_diag,1,150.79172286264068,yahboom_calibrated_diag,0,-120.51042904484102,logger_gyro_integral:neo3_diag,1,nan,-159.697265625,0.0,42.79077066089836,1.2618570934608273,0.0
1789298010275208360,2026-09-13T11:13:30.275208+00:00,1789298010275209781,25837491755279,1789298010200000000,1789298010,200000000,1250526,1789298010206660,1789298010200000,2,4,32.504600462159814,73.0245061788635,gnss_local_enu,32.504600462159814,73.0245061788635,110.4342183,-7.0526205,109.961,7.372,3,10,-120.54626265237526,neo3_calibrated_diag,1,150.73729351430958,yahboom_calibrated_diag,0,-120.51042904484102,logger_gyro_integral:neo3_diag,1,nan,-159.697265625,0.0,42.83654021559631,1.2602284432110749,0.0
1789298010375429234,2026-09-13T11:13:30.375429+00:00,1789298010375431026,25837591976216,1789298010200000000,1789298010,200000000,1250526,1789298010206660,1789298010200000,2,4,32.504600462159814,73.0245061788635,gnss_local_enu,32.504600462159814,73.0245061788635,110.4342183,-7.0526205,109.961,7.372,3,10,-120.54773128955894,neo3_calibrated_diag,1,150.75565904127535,yahboom_calibrated_diag,0,-120.51042904484102,logger_gyro_integral:neo3_diag,1,nan,-159.697265625,0.0,42.81980021119202,1.2552528380380708,0.0
1789298010474211713,2026-09-13T11:13:30.474212+00:00,1789298010474213516,25837690758730,1789298010400000000,1789298010,400000000,1250727,1789298010408144,1789298010400000,2,4,32.70347490932397,73.63277080114891,gnss_local_enu,32.70347490932397,73.63277080114891,110.4342201,-7.052615,110.271,7.312,3,10,-120.48521736289547,neo3_calibrated_diag,1,150.74362886924393,yahboom_calibrated_diag,0,-120.51042904484102,logger_gyro_integral:neo3_diag,1,nan,-159.697265625,0.0,42.8237586919878,1.260977760640167,0.0
1789298010576031073,2026-09-13T11:13:30.576031+00:00,1789298010576032727,25837792578074,1789298010400000000,1789298010,400000000,1250727,1789298010408144,1789298010400000,2,4,32.70347490932397,73.63277080114891,gnss_local_enu,32.70347490932397,73.63277080114891,110.4342201,-7.052615,110.271,7.312,3,10,-120.5250186156186,neo3_calibrated_diag,1,150.6591715057746,yahboom_calibrated_diag,0,-120.51042904484102,logger_gyro_integral:neo3_diag,1,nan,-159.697265625,0.0,42.813041099096196,1.261773880704631,0.0
1789298010674788006,2026-09-13T11:13:30.674788+00:00,1789298010674790519,25837891335047,1789298010600000000,1789298010,600000000,1250925,1789298010605745,1789298010600000,2,4,32.96864101024207,74.35163004054883,gnss_local_enu,32.96864101024207,74.35163004054883,110.4342225,-7.0526085,110.72200000000001,7.256,3,10,-120.49237955360387,neo3_calibrated_diag,1,150.80721545440227,yahboom_calibrated_diag,0,-120.51042904484102,logger_gyro_integral:neo3_diag,1,nan,-159.697265625,0.0,42.83535122967944,1.2601942087831806,0.0
1789298010770609714,2026-09-13T11:13:30.770610+00:00,1789298010770611742,25837987156726,1789298010600000000,1789298010,600000000,1250925,1789298010605745,1789298010600000,2,4,32.96864101024207,74.35163004054883,gnss_local_enu,32.96864101024207,74.35163004054883,110.4342225,-7.0526085,110.72200000000001,7.256,3,10,-120.46786890909505,neo3_calibrated_diag,1,150.82035726563683,yahboom_calibrated_diag,0,-120.51042904484102,logger_gyro_integral:neo3_diag,1,nan,-159.697265625,0.0,42.784040897307726,1.2610909433410455,0.0
1789298010870299079,2026-09-13T11:13:30.870299+00:00,1789298010870300500,25838086846018,1789298010800000000,1789298010,800000000,1251126,1789298010807035,1789298010800000,2,4,33.34429195824009,75.02625235181796,gnss_local_enu,33.34429195824009,75.02625235181796,110.4342259,-7.0526024,111.19200000000001,7.202,3,10,-120.51723561942123,neo3_calibrated_diag,1,150.75233658958078,yahboom_calibrated_diag,0,-120.51042904484102,logger_gyro_integral:neo3_diag,1,nan,-159.697265625,0.0,42.826940692630615,1.2590169382673215,0.0
1789298010970264505,2026-09-13T11:13:30.970265+00:00,1789298010970266107,25838186811549,1789298010800000000,1789298010,800000000,1251126,1789298010807035,1789298010800000,2,4,33.34429195824009,75.02625235181796,gnss_local_enu,33.34429195824009,75.02625235181796,110.4342259,-7.0526024,111.19200000000001,7.202,3,10,-120.52562798647548,neo3_calibrated_diag,1,150.7856930302121,yahboom_calibrated_diag,0,-120.51042904484102,logger_gyro_integral:neo3_diag,1,nan,-159.697265625,0.0,42.78756732955146,1.2608065382894424,0.0
1789298011070125710,2026-09-13T11:13:31.070126+00:00,1789298011070127436,25838286672787,1789298011000000000,1789298011,0,1251334,1789298011015155,1789298011000000,2,4,33.64260333476791,75.70087409393406,gnss_local_enu,33.64260333476791,75.70087409393406,110.4342286,-7.0525963,111.602,7.15,3,10,-120.49627100628668,neo3_calibrated_diag,1,150.79939509692682,yahboom_calibrated_diag,0,-120.51042904484102,logger_gyro_integral:neo3_diag,1,nan,-159.697265625,0.0,42.72098446263148,1.2611009208468065,0.0
1789298011170808194,2026-09-13T11:13:31.170808+00:00,1789298011170811000,25838387355224,1789298011000000000,1789298011,0,1251334,1789298011015155,1789298011000000,2,4,33.64260333476791,75.70087409393406,gnss_local_enu,33.64260333476791,75.70087409393406,110.4342286,-7.0525963,111.602,7.15,3,10,-120.55809264332231,neo3_calibrated_diag,1,150.73651061888197,yahboom_calibrated_diag,0,-120.51042904484102,logger_gyro_integral:neo3_diag,1,nan,-159.697265625,0.0,42.80654156332768,1.2611318322725913,0.0
1789298011270220121,2026-09-13T11:13:31.270220+00:00,1789298011270221780,25838486767081,1789298011200000000,1789298011,200000000,1251528,1789298011207358,1789298011200000,2,4,33.841477642604126,76.2317234276945,gnss_local_enu,33.841477642604126,76.2317234276945,110.4342304,-7.0525915,111.87100000000001,7.1,3,10,-120.47739000126917,neo3_calibrated_diag,1,150.9122567252448,yahboom_calibrated_diag,0,-120.51042904484102,logger_gyro_integral:neo3_diag,1,nan,-159.697265625,0.0,42.79197626144415,1.2599957030194653,0.0
1789298011370314252,2026-09-13T11:13:31.370314+00:00,1789298011370315870,25838586861244,1789298011200000000,1789298011,200000000,1251528,1789298011207358,1789298011200000,2,4,33.841477642604126,76.2317234276945,gnss_local_enu,33.841477642604126,76.2317234276945,110.4342304,-7.0525915,111.87100000000001,7.1,3,10,-120.53162495630447,neo3_calibrated_diag,1,150.8438976410099,yahboom_calibrated_diag,0,-120.51042904484102,logger_gyro_integral:neo3_diag,1,nan,-159.697265625,0.0,42.774708969277626,1.2583710584202419,0.0
1789298011470289277,2026-09-13T11:13:31.470289+00:00,1789298011470290913,25838686836273,1789298011400000000,1789298011,400000000,1251728,1789298011408809,1789298011400000,2,4,33.70889429268412,75.9552377482604,gnss_local_enu,33.70889429268412,75.9552377482604,110.4342292,-7.052594,111.592,7.0,3,10,-120.49551936109856,neo3_calibrated_diag,1,150.80860645284667,yahboom_calibrated_diag,0,-120.51042904484102,logger_gyro_integral:neo3_diag,1,nan,-159.697265625,0.0,42.764965471193825,1.2586885958564964,0.0
1789298011570239383,2026-09-13T11:13:31.570240+00:00,1789298011570241613,25838786786450,1789298011400000000,1789298011,400000000,1251728,1789298011408809,1789298011400000,2,4,33.70889429268412,75.9552377482604,gnss_local_enu,33.70889429268412,75.9552377482604,110.4342292,-7.052594,111.592,7.0,3,10,-120.47182316179573,neo3_calibrated_diag,1,150.84888257850827,yahboom_calibrated_diag,0,-120.51042904484102,logger_gyro_integral:neo3_diag,1,nan,-159.697265625,0.0,42.767872349697264,1.2604756571720503,0.0
1789298011670866473,2026-09-13T11:13:31.670866+00:00,1789298011670869084,25838887413497,1789298011600000000,1789298011,600000000,1251927,1789298011607951,1789298011600000,2,4,33.67574827221155,76.01053281246035,gnss_local_enu,33.67574827221155,76.01053281246035,110.4342289,-7.0525935,111.47200000000001,6.915,3,10,-120.52764725332327,neo3_calibrated_diag,1,150.80763240481335,yahboom_calibrated_diag,0,-120.51042904484102,logger_gyro_integral:neo3_diag,1,nan,-159.697265625,0.0,42.76821477069625,1.2597425248298573,0.0
1789298011770396685,2026-09-13T11:13:31.770397+00:00,1789298011770398820,25838986943702,1789298011600000000,1789298011,600000000,1251927,1789298011607951,1789298011600000,2,4,33.67574827221155,76.01053281246035,gnss_local_enu,33.67574827221155,76.01053281246035,110.4342289,-7.0525935,111.47200000000001,6.915,3,10,-120.5331821975971,neo3_calibrated_diag,1,150.8700019300105,yahboom_calibrated_diag,0,-120.51042904484102,logger_gyro_integral:neo3_diag,1,nan,-159.697265625,0.0,42.81496567751047,1.2603155068819418,0.0
1789298011870361480,2026-09-13T11:13:31.870362+00:00,1789298011870363219,25839086908498,1789298011800000000,1789298011,800000000,1252126,1789298011806871,1789298011800000,2,4,33.719942379948094,76.25383742012347,gnss_local_enu,33.719942379948094,76.25383742012347,110.4342293,-7.0525913,111.482,6.835,3,10,-120.49536253844572,neo3_calibrated_diag,1,150.80777145473553,yahboom_calibrated_diag,0,-120.51042904484102,logger_gyro_integral:neo3_diag,1,nan,-159.697265625,0.0,42.8289496078587,1.2595919635264188,0.0
1789298011969601833,2026-09-13T11:13:31.969602+00:00,1789298011969603439,25839186148817,1789298011800000000,1789298011,800000000,1252126,1789298011806871,1789298011800000,2,4,33.719942379948094,76.25383742012347,gnss_local_enu,33.719942379948094,76.25383742012347,110.4342293,-7.0525913,111.482,6.835,3,10,-120.53596496253887,neo3_calibrated_diag,1,150.7528668461935,yahboom_calibrated_diag,0,-120.51042904484102,logger_gyro_integral:neo3_diag,1,nan,-159.697265625,0.0,42.82703387962328,1.2584146819563526,0.0
1789298012070124718,2026-09-13T11:13:32.070125+00:00,1789298012070126660,25839286671681,1789298012000000000,1789298012,0,1252334,1789298012014860,1789298012000000,2,4,34.33866262989801,77.71367490279286,gnss_local_enu,34.33866262989801,77.71367490279286,110.4342349,-7.0525781,112.36200000000001,6.858,3,8,-120.49673851672286,neo3_calibrated_diag,1,150.76445889487093,yahboom_calibrated_diag,0,-120.51042904484102,logger_gyro_integral:neo3_diag,1,nan,-159.697265625,0.0,42.75944329296278,1.2611179125856926,0.0
1789298012170340508,2026-09-13T11:13:32.170341+00:00,1789298012170343235,25839386887681,1789298012000000000,1789298012,0,1252334,1789298012014860,1789298012000000,2,4,34.33866262989801,77.71367490279286,gnss_local_enu,34.33866262989801,77.71367490279286,110.4342349,-7.0525781,112.36200000000001,6.858,3,8,-120.53895455412537,neo3_calibrated_diag,1,150.72472940501777,yahboom_calibrated_diag,0,-120.51042904484102,logger_gyro_integral:neo3_diag,1,nan,-159.697265625,0.0,42.8205992697545,1.2585792876778552,0.0
1789298012270714025,2026-09-13T11:13:32.270714+00:00,1789298012270715822,25839487261022,1789298012200000000,1789298012,200000000,1252526,1789298012207008,1789298012200000,2,4,34.86899488294907,79.09609699865877,gnss_local_enu,34.86899488294907,79.09609699865877,110.4342397,-7.0525656,113.182,6.901,3,9,-120.53516510309106,neo3_calibrated_diag,1,150.73820831212262,yahboom_calibrated_diag,0,-120.51042904484102,logger_gyro_integral:neo3_diag,1,nan,-159.697265625,0.0,42.81826073624313,1.2591744895938601,0.0
1789298012370557037,2026-09-13T11:13:32.370557+00:00,1789298012370558560,25839587104000,1789298012200000000,1789298012,200000000,1252526,1789298012207008,1789298012200000,2,4,34.86899488294907,79.09609699865877,gnss_local_enu,34.86899488294907,79.09609699865877,110.4342397,-7.0525656,113.182,6.901,3,9,-120.50969426422755,neo3_calibrated_diag,1,150.66342756896674,yahboom_calibrated_diag,0,-120.51042904484102,logger_gyro_integral:neo3_diag,1,nan,-159.697265625,0.0,42.77670836182232,1.256503987452399,0.0
1789298012470138363,2026-09-13T11:13:32.470138+00:00,1789298012470140108,25839686685343,1789298012400000000,1789298012,400000000,1252726,1789298012407338,1789298012400000,2,4,35.531909144048484,80.37898601773014,gnss_local_enu,35.531909144048484,80.37898601773014,110.4342457,-7.052554,114.031,6.964,3,9,-120.54887139850442,neo3_calibrated_diag,1,150.8100007830332,yahboom_calibrated_diag,0,-120.51042904484102,logger_gyro_integral:neo3_diag,1,nan,-159.697265625,0.0,42.81434493333864,1.257182983648587,0.0
1789298012570413893,2026-09-13T11:13:32.570414+00:00,1789298012570415563,25839786960917,1789298012400000000,1789298012,400000000,1252726,1789298012407338,1789298012400000,2,4,35.531909144048484,80.37898601773014,gnss_local_enu,35.531909144048484,80.37898601773014,110.4342457,-7.052554,114.031,6.964,3,9,-120.50848288271477,neo3_calibrated_diag,1,150.66774226245784,yahboom_calibrated_diag,0,-120.51042904484102,logger_gyro_integral:neo3_diag,1,nan,-159.697265625,0.0,42.80490932306247,1.2598127873419556,0.0
1789298012670509573,2026-09-13T11:13:32.670510+00:00,1789298012670511958,25839887056657,1789298012600000000,1789298012,600000000,1252926,1789298012607404,1789298012600000,2,4,36.1064350822361,81.48492532636226,gnss_local_enu,36.1064350822361,81.48492532636226,110.4342509,-7.052544,114.781,7.049,3,9,-120.52385804506551,neo3_calibrated_diag,1,150.7772160030822,yahboom_calibrated_diag,0,-120.51042904484102,logger_gyro_integral:neo3_diag,1,nan,-159.697265625,0.0,42.765802024122024,1.262466126926899,0.0
1789298012769934483,2026-09-13T11:13:32.769935+00:00,1789298012769936217,25839986481517,1789298012600000000,1789298012,600000000,1252926,1789298012607404,1789298012600000,2,4,36.1064350822361,81.48492532636226,gnss_local_enu,36.1064350822361,81.48492532636226,110.4342509,-7.052544,114.781,7.049,3,9,-120.51126519254386,neo3_calibrated_diag,1,150.74441696370062,yahboom_calibrated_diag,0,-120.51042904484102,logger_gyro_integral:neo3_diag,1,nan,-159.697265625,0.0,42.81696645484825,1.2600743736546918,0.0
1789298012870091939,2026-09-13T11:13:32.870092+00:00,1789298012870093399,25840086638915,1789298012800000000,1789298012,800000000,1253126,1789298012807638,1789298012800000,2,4,36.60362138571489,82.55768613650503,gnss_local_enu,36.60362138571489,82.55768613650503,110.4342554,-7.0525343,115.462,7.155,3,9,-120.46541422530932,neo3_calibrated_diag,1,150.67547578172343,yahboom_calibrated_diag,0,-120.51042904484102,logger_gyro_integral:neo3_diag,1,nan,-159.697265625,0.0,42.76498030585306,1.2589056953185127,0.0
1789298012969586209,2026-09-13T11:13:32.969586+00:00,1789298012969588135,25840186133204,1789298012800000000,1789298012,800000000,1253126,1789298012807638,1789298012800000,2,4,36.60362138571489,82.55768613650503,gnss_local_enu,36.60362138571489,82.55768613650503,110.4342554,-7.0525343,115.462,7.155,3,9,-120.52041989019052,neo3_calibrated_diag,1,150.7597355389598,yahboom_calibrated_diag,0,-120.51042904484102,logger_gyro_integral:neo3_diag,1,nan,-159.697265625,0.0,42.8319079121582,1.2585617810208023,0.0
1789298013069589737,2026-09-13T11:13:33.069590+00:00,1789298013069591544,25840286136740,1789298013000000000,1789298013,0,1253331,1789298013012000,1789298013000000,2,4,36.979273750452435,83.48667484042947,gnss_local_enu,36.979273750452435,83.48667484042947,110.4342588,-7.0525259,116.032,7.28,3,9,-120.52003211606738,neo3_calibrated_diag,1,150.80860645284667,yahboom_calibrated_diag,0,-120.51042904484102,logger_gyro_integral:neo3_diag,1,nan,-159.697265625,0.0,42.74073303094953,1.2586885958564964,0.0
1789298013170107774,2026-09-13T11:13:33.170108+00:00,1789298013170110037,25840386654811,1789298013000000000,1789298013,0,1253331,1789298013012000,1789298013000000,2,4,36.979273750452435,83.48667484042947,gnss_local_enu,36.979273750452435,83.48667484042947,110.4342588,-7.0525259,116.032,7.28,3,9,-120.49653174996618,neo3_calibrated_diag,1,150.69584469661845,yahboom_calibrated_diag,0,-120.51042904484102,logger_gyro_integral:neo3_diag,1,nan,-159.697265625,0.0,42.77791109107129,1.2596475873667188,0.0
1789298013274356773,2026-09-13T11:13:33.274357+00:00,1789298013274360863,25840490904585,1789298013200000000,1789298013,200000000,1253527,1789298013207923,1789298013200000,2,4,37.37702295864312,84.294011070251,gnss_local_enu,37.37702295864312,84.294011070251,110.4342624,-7.0525186,116.58200000000001,7.423,3,9,-120.51825354029168,neo3_calibrated_diag,1,150.75101316484097,yahboom_calibrated_diag,0,-120.51042904484102,logger_gyro_integral:neo3_diag,1,nan,-159.697265625,0.0,42.7943996115952,1.260522579499981,0.0
1789298013369588238,2026-09-13T11:13:33.369588+00:00,1789298013369590059,25840586135262,1789298013200000000,1789298013,200000000,1253527,1789298013207923,1789298013200000,2,4,37.37702295864312,84.294011070251,gnss_local_enu,37.37702295864312,84.294011070251,110.4342624,-7.0525186,116.58200000000001,7.423,3,9,-120.49792367016937,neo3_calibrated_diag,1,150.7799245813979,yahboom_calibrated_diag,0,-120.51042904484102,logger_gyro_integral:neo3_diag,1,nan,-159.697265625,0.0,42.78393866763086,1.2594548711863283,0.0
1789298013469563030,2026-09-13T11:13:33.469563+00:00,1789298013469565443,25840686110121,1789298013400000000,1789298013,400000000,1253727,1789298013408165,1789298013400000,2,4,37.9184031841005,85.30041591687407,gnss_local_enu,37.9184031841005,85.30041591687407,110.4342673,-7.0525095,117.212,7.579,3,9,-120.54508020802763,neo3_calibrated_diag,1,150.89142464465664,yahboom_calibrated_diag,0,-120.51042904484102,logger_gyro_integral:neo3_diag,1,nan,-159.697265625,0.0,42.8121452357494,1.259854408466167,0.0
1789298013569590822,2026-09-13T11:13:33.569591+00:00,1789298013569593062,25840786137855,1789298013400000000,1789298013,400000000,1253727,1789298013408165,1789298013400000,2,4,37.9184031841005,85.30041591687407,gnss_local_enu,37.9184031841005,85.30041591687407,110.4342673,-7.0525095,117.212,7.579,3,9,-120.51703666060385,neo3_calibrated_diag,1,150.7375547289406,yahboom_calibrated_diag,0,-120.51042904484102,logger_gyro_integral:neo3_diag,1,nan,-159.697265625,0.0,42.822598696997595,1.2599273135744902,0.0
1789298013670123265,2026-09-13T11:13:33.670123+00:00,1789298013670125594,25840886670298,1789298013600000000,1789298013,600000000,1253927,1789298013607302,1789298013600000,2,4,38.44873438064204,86.21834514722333,gnss_local_enu,38.44873438064204,86.21834514722333,110.4342721,-7.0525012,117.742,7.75,3,9,-120.467940231129,neo3_calibrated_diag,1,150.71098242394754,yahboom_calibrated_diag,0,-120.51042904484102,logger_gyro_integral:neo3_diag,1,nan,-159.697265625,0.0,42.80699328556141,1.2582852853059816,0.0
1789298013769589743,2026-09-13T11:13:33.769590+00:00,1789298013769591637,25840986136775,1789298013600000000,1789298013,600000000,1253927,1789298013607302,1789298013600000,2,4,38.44873438064204,86.21834514722333,gnss_local_enu,38.44873438064204,86.21834514722333,110.4342721,-7.0525012,117.742,7.75,3,9,-120.50369826140265,neo3_calibrated_diag,1,150.70894425590197,yahboom_calibrated_diag,0,-120.51042904484102,logger_gyro_integral:neo3_diag,1,nan,-159.697265625,0.0,42.789568300277345,1.26069434342181,0.0
1789298013869558781,2026-09-13T11:13:33.869559+00:00,1789298013869560399,25841086105812,1789298013800000000,1789298013,800000000,1254126,1789298013807484,1789298013800000,2,4,38.791240834365624,87.04779910377798,gnss_local_enu,38.791240834365624,87.04779910377798,110.4342752,-7.0524937,118.19200000000001,7.933,3,9,-120.50071675644068,neo3_calibrated_diag,1,150.78169211361484,yahboom_calibrated_diag,0,-120.51042904484102,logger_gyro_integral:neo3_diag,1,nan,-159.697265625,0.0,42.818751108013416,1.2574975564195867,0.0
1789298013969591663,2026-09-13T11:13:33.969592+00:00,1789298013969593537,25841186138662,1789298013800000000,1789298013,800000000,1254126,1789298013807484,1789298013800000,2,4,38.791240834365624,87.04779910377798,gnss_local_enu,38.791240834365624,87.04779910377798,110.4342752,-7.0524937,118.19200000000001,7.933,3,9,-120.5088842007934,neo3_calibrated_diag,1,150.73925567232527,yahboom_calibrated_diag,0,-120.51042904484102,logger_gyro_integral:neo3_diag,1,nan,-159.697265625,0.0,42.8206631671393,1.2579699715547719,0.0
1789298014069604003,2026-09-13T11:13:34.069604+00:00,1789298014069605799,25841286151004,1789298014000000000,1789298014,0,1254331,1789298014011924,1789298014000000,2,4,38.96801998038517,87.91043108855185,gnss_local_enu,38.96801998038517,87.91043108855185,110.4342768,-7.0524859,118.632,8.12,3,9,-120.54194421325298,neo3_calibrated_diag,1,150.7659318292244,yahboom_calibrated_diag,0,-120.51042904484102,logger_gyro_integral:neo3_diag,1,nan,-159.697265625,0.0,42.814167386513546,1.2594617145749014,0.0
1789298014170202040,2026-09-13T11:13:34.170202+00:00,1789298014170204524,25841386749097,1789298014000000000,1789298014,0,1254331,1789298014011924,1789298014000000,2,4,38.96801998038517,87.91043108855185,gnss_local_enu,38.96801998038517,87.91043108855185,110.4342768,-7.0524859,118.632,8.12,3,9,-120.50349147158985,neo3_calibrated_diag,1,150.83003436031035,yahboom_calibrated_diag,0,-120.51042904484102,logger_gyro_integral:neo3_diag,1,nan,-159.697265625,0.0,42.808075255909365,1.2582270097471895,0.0
1789298014269654185,2026-09-13T11:13:34.269654+00:00,1789298014269655944,25841486201206,1789298014200000000,1789298014,200000000,1254527,1789298014207919,1789298014200000,2,4,39.2442356420302,88.79518187535726,gnss_local_enu,39.2442356420302,88.79518187535726,110.4342793,-7.0524779,119.08200000000001,8.31,3,9,-120.52402894961504,neo3_calibrated_diag,1,150.97520183002914,yahboom_calibrated_diag,0,-120.51042904484102,logger_gyro_integral:neo3_diag,1,nan,-159.697265625,0.0,42.80003569351783,1.2599688960534272,0.0
1789298014369583709,2026-09-13T11:13:34.369584+00:00,1789298014369585551,25841586130722,1789298014200000000,1789298014,200000000,1254527,1789298014207919,1789298014200000,2,4,39.2442356420302,88.79518187535726,gnss_local_enu,39.2442356420302,88.79518187535726,110.4342793,-7.0524779,119.08200000000001,8.31,3,9,-120.54751011615697,neo3_calibrated_diag,1,150.8991689475932,yahboom_calibrated_diag,0,-120.51042904484102,logger_gyro_integral:neo3_diag,1,nan,-159.697265625,0.0,42.83831473856552,1.259098521172545,0.0
1789298014469584281,2026-09-13T11:13:34.469584+00:00,1789298014469586310,25841686131343,1789298014400000000,1789298014,400000000,1254727,1789298014408163,1789298014400000,2,4,39.42101352516731,89.37026949685772,gnss_local_enu,39.42101352516731,89.37026949685772,110.4342809,-7.0524727,119.342,8.504,3,9,-120.51068586880578,neo3_calibrated_diag,1,150.7367714593696,yahboom_calibrated_diag,0,-120.51042904484102,logger_gyro_integral:neo3_diag,1,nan,-159.697265625,0.0,42.76700179164305,1.2608307025601435,0.0
1789298014569586273,2026-09-13T11:13:34.569586+00:00,1789298014569588092,25841786133289,1789298014400000000,1789298014,400000000,1254727,1789298014408163,1789298014400000,2,4,39.42101352516731,89.37026949685772,gnss_local_enu,39.42101352516731,89.37026949685772,110.4342809,-7.0524727,119.342,8.504,3,9,-120.53356796743333,neo3_calibrated_diag,1,150.67387511248117,yahboom_calibrated_diag,0,-120.51042904484102,logger_gyro_integral:neo3_diag,1,nan,-159.697265625,0.0,42.83070669919421,1.2608630763490547,0.0
1789298014670101037,2026-09-13T11:13:34.670101+00:00,1789298014670103074,25841886648047,1789298014600000000,1789298014,600000000,1254927,1789298014608316,1789298014600000,2,4,39.443110922027955,89.59145624277156,gnss_local_enu,39.443110922027955,89.59145624277156,110.4342811,-7.0524707,119.382,8.703,3,9,-120.5164646369579,neo3_calibrated_diag,1,150.87773054137935,yahboom_calibrated_diag,0,-120.51042904484102,logger_gyro_integral:neo3_diag,1,nan,-159.697265625,0.0,42.77263822142491,1.2595595580950518,0.0
1789298014769563707,2026-09-13T11:13:34.769564+00:00,1789298014769565354,25841986110731,1789298014600000000,1789298014,600000000,1254927,1789298014608316,1789298014600000,2,4,39.443110922027955,89.59145624277156,gnss_local_enu,39.443110922027955,89.59145624277156,110.4342811,-7.0524707,119.382,8.703,3,9,-120.47321485353753,neo3_calibrated_diag,1,150.83447431789753,yahboom_calibrated_diag,0,-120.51042904484102,logger_gyro_integral:neo3_diag,1,nan,-159.697265625,0.0,42.773894381503304,1.260933822402983,0.0
1789298014869558336,2026-09-13T11:13:34.869558+00:00,1789298014869559800,25842086105293,1789298014800000000,1789298014,800000000,1255126,1789298014806744,1789298014800000,2,4,39.54254842720951,89.95641525416936,gnss_local_enu,39.54254842720951,89.95641525416936,110.434282,-7.0524674,119.513,8.902,3,9,-120.54531231149214,neo3_calibrated_diag,1,150.70818194966787,yahboom_calibrated_diag,0,-120.51042904484102,logger_gyro_integral:neo3_diag,1,nan,-159.697265625,0.0,42.82348408176173,1.2615977406117378,0.0
1789298014969588933,2026-09-13T11:13:34.969589+00:00,1789298014969591123,25842186135941,1789298014800000000,1789298014,800000000,1255126,1789298014806744,1789298014800000,2,4,39.54254842720951,89.95641525416936,gnss_local_enu,39.54254842720951,89.95641525416936,110.434282,-7.0524674,119.513,8.902,3,9,-120.54360315643355,neo3_calibrated_diag,1,150.80229827779328,yahboom_calibrated_diag,0,-120.51042904484102,logger_gyro_integral:neo3_diag,1,nan,-159.697265625,0.0,42.77912221433372,1.2579391260712685,0.0
1789298015069554203,2026-09-13T11:13:35.069554+00:00,1789298015069555732,25842286101237,1789298015000000000,1789298015,0,1255332,1789298015012232,1789298015000000,2,4,39.575694504041536,90.17760242830525,gnss_local_enu,39.575694504041536,90.17760242830525,110.4342823,-7.0524654,119.583,9.097,3,8,-120.54748164265959,neo3_calibrated_diag,1,150.77938183007103,yahboom_calibrated_diag,0,-120.51042904484102,logger_gyro_integral:neo3_diag,1,nan,-159.697265625,0.0,42.80833905106457,1.2600571221163865,0.0
1789298015170144005,2026-09-13T11:13:35.170144+00:00,1789298015170146325,25842386691114,1789298015000000000,1789298015,0,1255332,1789298015012232,1789298015000000,2,4,39.575694504041536,90.17760242830525,gnss_local_enu,39.575694504041536,90.17760242830525,110.4342823,-7.0524654,119.583,9.097,3,8,-120.5162488272624,neo3_calibrated_diag,1,150.72498795517467,yahboom_calibrated_diag,0,-120.51042904484102,logger_gyro_integral:neo3_diag,1,nan,-159.697265625,0.0,42.81384289684354,1.2582781568305283,0.0
1789298015269604376,2026-09-13T11:13:35.269604+00:00,1789298015269606221,25842486151376,1789298015200000000,1789298015,200000000,1255527,1789298015208071,1789298015200000,2,4,39.42101517332543,90.23289794475534,gnss_local_enu,39.42101517332543,90.23289794475534,110.4342809,-7.0524649,119.50200000000001,9.294,3,9,-120.48285771428927,neo3_calibrated_diag,1,150.7596021211125,yahboom_calibrated_diag,0,-120.51042904484102,logger_gyro_integral:neo3_diag,1,nan,-159.697265625,0.0,42.82760521452957,1.2587123447502373,0.0
1789298015369595065,2026-09-13T11:13:35.369595+00:00,1789298015369597014,25842586142160,1789298015200000000,1789298015,200000000,1255527,1789298015208071,1789298015200000,2,4,39.42101517332543,90.23289794475534,gnss_local_enu,39.42101517332543,90.23289794475534,110.4342809,-7.0524649,119.50200000000001,9.294,3,9,-120.5723222702786,neo3_calibrated_diag,1,150.80916378444246,yahboom_calibrated_diag,0,-120.51042904484102,logger_gyro_integral:neo3_diag,1,nan,-159.697265625,0.0,42.85261784029536,1.2580863508869349,0.0
1789298015469543663,2026-09-13T11:13:35.469544+00:00,1789298015469545351,25842686090674,1789298015400000000,1789298015,400000000,1255728,1789298015407066,1789298015400000,2,4,39.31052995394502,90.31031234478849,gnss_local_enu,39.31052995394502,90.31031234478849,110.4342799,-7.0524642,119.44200000000001,9.48,3,9,-120.51761635407156,neo3_calibrated_diag,1,150.6969770522174,yahboom_calibrated_diag,0,-120.51042904484102,logger_gyro_integral:neo3_diag,1,nan,-159.697265625,0.0,42.84275509033004,1.2582924864515515,0.0
1789298015569592773,2026-09-13T11:13:35.569593+00:00,1789298015569594967,25842786139939,1789298015400000000,1789298015,400000000,1255728,1789298015407066,1789298015400000,2,4,39.31052995394502,90.31031234478849,gnss_local_enu,39.31052995394502,90.31031234478849,110.4342799,-7.0524642,119.44200000000001,9.48,3,9,-120.46293416584172,neo3_calibrated_diag,1,150.7296532168291,yahboom_calibrated_diag,0,-120.51042904484102,logger_gyro_integral:neo3_diag,1,nan,-159.697265625,0.0,42.809964252146955,1.2609847923153144,0.0
1789298015670112887,2026-09-13T11:13:35.670113+00:00,1789298015670115163,25842886659878,1789298015600000000,1789298015,600000000,1255927,1789298015608337,1789298015600000,2,4,39.454161672532194,90.68633120937764,gnss_local_enu,39.454161672532194,90.68633120937764,110.4342812,-7.0524608,119.61200000000001,9.666,3,9,-120.52578511315096,neo3_calibrated_diag,1,150.7458647423116,yahboom_calibrated_diag,0,-120.51042904484102,logger_gyro_integral:neo3_diag,1,nan,-159.697265625,0.0,42.84459651383825,1.2584181647810107,0.0
1789298015769540317,2026-09-13T11:13:35.769540+00:00,1789298015769541843,25842986087305,1789298015600000000,1789298015,600000000,1255927,1789298015608337,1789298015600000,2,4,39.454161672532194,90.68633120937764,gnss_local_enu,39.454161672532194,90.68633120937764,110.4342812,-7.0524608,119.61200000000001,9.666,3,9,-120.5148584969801,neo3_calibrated_diag,1,150.68772720601547,yahboom_calibrated_diag,0,-120.51042904484102,logger_gyro_integral:neo3_diag,1,nan,-159.697265625,0.0,42.807826484833356,1.2610063224296701,0.0
1789298015869552976,2026-09-13T11:13:35.869553+00:00,1789298015869555030,25843086099993,1789298015800000000,1789298015,800000000,1256126,1789298015807352,1789298015800000,2,4,39.5315020741445,90.97387494159267,gnss_local_enu,39.5315020741445,90.97387494159267,110.4342819,-7.0524582,119.732,9.849,3,9,-120.54317711217534,neo3_calibrated_diag,1,150.82861724196692,yahboom_calibrated_diag,0,-120.51042904484102,logger_gyro_integral:neo3_diag,1,nan,-159.697265625,0.0,42.785970142938204,1.259732611526306,0.0
1789298015969542787,2026-09-13T11:13:35.969543+00:00,1789298015969544492,25843186089784,1789298015800000000,1789298015,800000000,1256126,1789298015807352,1789298015800000,2,4,39.5315020741445,90.97387494159267,gnss_local_enu,39.5315020741445,90.97387494159267,110.4342819,-7.0524582,119.732,9.849,3,9,-120.53242357646427,neo3_calibrated_diag,1,150.81309076734908,yahboom_calibrated_diag,0,-120.51042904484102,logger_gyro_integral:neo3_diag,1,nan,-159.697265625,0.0,42.783519745071224,1.2613953730831415,0.0
1789298016069588759,2026-09-13T11:13:36.069589+00:00,1789298016069590582,25843286135853,1789298016000000000,1789298016,0,1256332,1789298016013033,1789298016000000,2,4,39.586745713831455,91.38307140831355,gnss_local_enu,39.586745713831455,91.38307140831355,110.4342824,-7.0524545,119.872,10.025,3,9,-120.45370780300249,neo3_calibrated_diag,1,150.81323028664002,yahboom_calibrated_diag,0,-120.51042904484102,logger_gyro_integral:neo3_diag,1,nan,-159.697265625,0.0,42.731046089741355,1.2612448120618711,0.0
1789298016170149085,2026-09-13T11:13:36.170149+00:00,1789298016170152161,25843386696266,1789298016000000000,1789298016,0,1256332,1789298016013033,1789298016000000,2,4,39.586745713831455,91.38307140831355,gnss_local_enu,39.586745713831455,91.38307140831355,110.4342824,-7.0524545,119.872,10.025,3,9,-120.53001146896857,neo3_calibrated_diag,1,150.7442855361603,yahboom_calibrated_diag,0,-120.51042904484102,logger_gyro_integral:neo3_diag,1,nan,-159.697265625,0.0,42.787168039032444,1.2602249381362596,0.0
1789298016269565919,2026-09-13T11:13:36.269566+00:00,1789298016269567566,25843486112910,1789298016200000000,1789298016,200000000,1256527,1789298016207444,1789298016200000,2,4,39.50940693523017,91.68167387130612,gnss_local_enu,39.50940693523017,91.68167387130612,110.4342817,-7.0524518,119.94200000000001,10.201,3,9,-120.48276008580774,neo3_calibrated_diag,1,150.73611959162736,yahboom_calibrated_diag,0,-120.51042904484102,logger_gyro_integral:neo3_diag,1,nan,-159.697265625,0.0,42.78188097587108,1.2615835268886035,0.0
1789298016369604874,2026-09-13T11:13:36.369605+00:00,1789298016369607656,25843586152107,1789298016200000000,1789298016,200000000,1256527,1789298016207444,1789298016200000,2,4,39.50940693523017,91.68167387130612,gnss_local_enu,39.50940693523017,91.68167387130612,110.4342817,-7.0524518,119.94200000000001,10.201,3,9,-120.50369826140265,neo3_calibrated_diag,1,150.66135588840123,yahboom_calibrated_diag,0,-120.51042904484102,logger_gyro_integral:neo3_diag,1,nan,-159.697265625,0.0,42.789568300277345,1.2590636490504103,0.0
1789298016469561618,2026-09-13T11:13:36.469562+00:00,1789298016469563462,25843686108634,1789298016400000000,1789298016,400000000,1256728,1789298016408968,1789298016400000,2,4,39.33263042026944,91.72590965767849,gnss_local_enu,39.33263042026944,91.72590965767849,110.4342801,-7.0524514,119.83200000000001,10.371,3,9,-120.53064235105752,neo3_calibrated_diag,1,150.67683408705378,yahboom_calibrated_diag,0,-120.51042904484102,logger_gyro_integral:neo3_diag,1,nan,-159.697265625,0.0,42.761768917724865,1.2572494505750276,0.0
1789298016569612666,2026-09-13T11:13:36.569613+00:00,1789298016569615334,25843786159881,1789298016400000000,1789298016,400000000,1256728,1789298016408968,1789298016400000,2,4,39.33263042026944,91.72590965767849,gnss_local_enu,39.33263042026944,91.72590965767849,110.4342801,-7.0524514,119.83200000000001,10.371,3,9,-120.47419749268819,neo3_calibrated_diag,1,150.78019615175901,yahboom_calibrated_diag,0,-120.51042904484102,logger_gyro_integral:neo3_diag,1,nan,-159.697265625,0.0,42.764175411670216,1.2591537457622919,0.0
1789298016670103972,2026-09-13T11:13:36.670104+00:00,1789298016670106825,25843886651186,1789298016600000000,1789298016,600000000,1256927,1789298016607925,1789298016600000,2,4,39.16690209207985,91.60425534224755,gnss_local_enu,39.16690209207985,91.60425534224755,110.4342786,-7.0524525,119.69200000000001,10.542,3,9,-120.54348495791393,neo3_calibrated_diag,1,150.8414626880538,yahboom_calibrated_diag,0,-120.51042904484102,logger_gyro_integral:neo3_diag,1,nan,-159.697265625,0.0,42.82453730984609,1.260930569452331,0.0
1789298016769609656,2026-09-13T11:13:36.769610+00:00,1789298016769612817,25843986157108,1789298016600000000,1789298016,600000000,1256927,1789298016607925,1789298016600000,2,4,39.16690209207985,91.60425534224755,gnss_local_enu,39.16690209207985,91.60425534224755,110.4342786,-7.0524525,119.69200000000001,10.542,3,9,-120.53234279648976,neo3_calibrated_diag,1,150.70132377924867,yahboom_calibrated_diag,0,-120.51042904484102,logger_gyro_integral:neo3_diag,1,nan,-159.697265625,0.0,42.85890685768362,1.2614507728007363,0.0
1789298016869564810,2026-09-13T11:13:36.869565+00:00,1789298016869566629,25844086111887,1789298016800000000,1789298016,800000000,1257128,1789298016808010,1789298016800000,2,4,39.398922909837864,92.12404770032838,gnss_local_enu,39.398922909837864,92.12404770032838,110.4342807,-7.0524478,120.032,10.709,3,9,-120.4790531085372,neo3_calibrated_diag,1,150.76579776604484,yahboom_calibrated_diag,0,-120.51042904484102,logger_gyro_integral:neo3_diag,1,nan,-159.697265625,0.0,42.802351595327096,1.2596122779971437,0.0
1789298016969596304,2026-09-13T11:13:36.969596+00:00,1789298016969598307,25844186143373,1789298016800000000,1789298016,800000000,1257128,1789298016808010,1789298016800000,2,4,39.398922909837864,92.12404770032838,gnss_local_enu,39.398922909837864,92.12404770032838,110.4342807,-7.0524478,120.032,10.709,3,9,-120.53435486453613,neo3_calibrated_diag,1,150.7305610742339,yahboom_calibrated_diag,0,-120.51042904484102,logger_gyro_integral:neo3_diag,1,nan,-159.697265625,0.0,42.809537622852226,1.2599308361136865,0.0
1789298017069613870,2026-09-13T11:13:37.069614+00:00,1789298017069615859,25844286160883,1789298017000000000,1789298017,0,1257334,1789298017014765,1789298017000000,2,4,39.85191537256877,93.05303786615968,gnss_local_enu,39.85191537256877,93.05303786615968,110.4342848,-7.0524394,120.60300000000001,10.897,3,9,-120.48776700726668,neo3_calibrated_diag,1,150.8195154455228,yahboom_calibrated_diag,0,-120.51042904484102,logger_gyro_integral:neo3_diag,1,nan,-159.697265625,0.0,42.77871310445886,1.2619943073561128,0.0
1789298017170222064,2026-09-13T11:13:37.170222+00:00,1789298017170225166,25844386769109,1789298017000000000,1789298017,0,1257334,1789298017014765,1789298017000000,2,4,39.85191537256877,93.05303786615968,gnss_local_enu,39.85191537256877,93.05303786615968,110.4342848,-7.0524394,120.60300000000001,10.897,3,9,-120.50450893642883,neo3_calibrated_diag,1,150.7020812593069,yahboom_calibrated_diag,0,-120.51042904484102,logger_gyro_integral:neo3_diag,1,nan,-159.697265625,0.0,42.84395986872012,1.260547373675117,0.0
1789298017270021091,2026-09-13T11:13:37.270021+00:00,1789298017270023854,25844486568220,1789298017200000000,1789298017,200000000,1257529,1789298017207886,1789298017200000,2,4,40.3270051585427,94.05944378457295,gnss_local_enu,40.3270051585427,94.05944378457295,110.4342891,-7.0524303,121.202,11.062,3,9,-120.52661564599104,neo3_calibrated_diag,1,150.90420917618485,yahboom_calibrated_diag,0,-120.51042904484102,logger_gyro_integral:neo3_diag,1,nan,-159.697265625,0.0,42.8006106469569,1.2610526649350167,0.0
1789298017369720511,2026-09-13T11:13:37.369720+00:00,1789298017369726600,25844586268301,1789298017200000000,1789298017,200000000,1257529,1789298017207886,1789298017200000,2,4,40.3270051585427,94.05944378457295,gnss_local_enu,40.3270051585427,94.05944378457295,110.4342891,-7.0524303,121.202,11.062,3,9,-120.47210469861638,neo3_calibrated_diag,1,150.76700548968753,yahboom_calibrated_diag,0,-120.51042904484102,logger_gyro_integral:neo3_diag,1,nan,-159.697265625,0.0,42.82496726525427,1.2582572074371536,0.0
1789298017469587437,2026-09-13T11:13:37.469588+00:00,1789298017469589500,25844686134585,1789298017400000000,1789298017,400000000,1257726,1789298017406881,1789298017400000,2,4,40.30490848664728,94.21427464624266,gnss_local_enu,40.30490848664728,94.21427464624266,110.4342889,-7.0524289,121.233,11.256,3,9,-120.50052185289414,neo3_calibrated_diag,1,150.67547578172343,yahboom_calibrated_diag,0,-120.51042904484102,logger_gyro_integral:neo3_diag,1,nan,-159.697265625,0.0,42.761768501225475,1.2589056953185127,0.0
1789298017574021201,2026-09-13T11:13:37.574021+00:00,1789298017574022867,25844790568251,1789298017400000000,1789298017,400000000,1257726,1789298017406881,1789298017400000,2,4,40.30490848664728,94.21427464624266,gnss_local_enu,40.30490848664728,94.21427464624266,110.4342889,-7.0524289,121.233,11.256,3,9,-120.50787425290066,neo3_calibrated_diag,1,150.6955933928209,yahboom_calibrated_diag,0,-120.51042904484102,logger_gyro_integral:neo3_diag,1,nan,-159.697265625,0.0,42.807674852111504,1.2599487209679185,0.0
1789298017677040858,2026-09-13T11:13:37.677041+00:00,1789298017677043051,25844893587878,1789298017600000000,1789298017,600000000,1257926,1789298017606977,1789298017600000,2,4,40.581123859845874,94.88889835648993,gnss_local_enu,40.581123859845874,94.88889835648993,110.4342914,-7.0524228,121.622,11.429,3,9,-120.46360572311296,neo3_calibrated_diag,1,150.63182812650425,yahboom_calibrated_diag,0,-120.51042904484102,logger_gyro_integral:neo3_diag,1,nan,-159.697265625,0.0,42.7432126289087,1.2610360444097044,0.0
1789298017774665110,2026-09-13T11:13:37.774665+00:00,1789298017774666893,25844991212129,1789298017600000000,1789298017,600000000,1257926,1789298017606977,1789298017600000,2,4,40.581123859845874,94.88889835648993,gnss_local_enu,40.581123859845874,94.88889835648993,110.4342914,-7.0524228,121.622,11.429,3,9,-120.51387042841061,neo3_calibrated_diag,1,150.7791106489193,yahboom_calibrated_diag,0,-120.51042904484102,logger_gyro_integral:neo3_diag,1,nan,-159.697265625,0.0,42.79479948676474,1.2603582476223696,0.0
1789298017875533955,2026-09-13T11:13:37.875534+00:00,1789298017875536183,25845092081102,1789298017800000000,1789298017,800000000,1258127,1789298017807410,1789298017800000,2,4,40.74685269472028,95.20962103110222,gnss_local_enu,40.74685269472028,95.20962103110222,110.4342929,-7.0524199,121.802,11.587,3,9,-120.54537632361182,neo3_calibrated_diag,1,150.68197858276997,yahboom_calibrated_diag,0,-120.51042904484102,logger_gyro_integral:neo3_diag,1,nan,-159.697265625,0.0,42.800863353592526,1.2595042995777859,0.0
1789298017974348467,2026-09-13T11:13:37.974349+00:00,1789298017974350187,25845190895474,1789298017800000000,1789298017,800000000,1258127,1789298017807410,1789298017800000,2,4,40.74685269472028,95.20962103110222,gnss_local_enu,40.74685269472028,95.20962103110222,110.4342929,-7.0524199,121.802,11.587,3,9,-120.47321485353753,neo3_calibrated_diag,1,150.64024222617076,yahboom_calibrated_diag,0,-120.51042904484102,logger_gyro_integral:neo3_diag,1,nan,-159.697265625,0.0,42.773894381503304,1.2592254335231385,0.0
1789298018075211367,2026-09-13T11:13:38.075211+00:00,1789298018075213120,25845291758432,1789298018000000000,1789298018,0,1258333,1789298018014208,1789298018000000,2,4,40.87943613201448,95.54140322998772,gnss_local_enu,40.87943613201448,95.54140322998772,110.4342941,-7.0524169,121.99300000000001,11.763,3,8,-120.50130116812014,neo3_calibrated_diag,1,150.77373826310097,yahboom_calibrated_diag,0,-120.51042904484102,logger_gyro_integral:neo3_diag,1,nan,-159.697265625,0.0,42.770612174212566,1.258554905506643,0.0
1789298018176271130,2026-09-13T11:13:38.176271+00:00,1789298018176273191,25845392818121,1789298018000000000,1789298018,0,1258333,1789298018014208,1789298018000000,2,4,40.87943613201448,95.54140322998772,gnss_local_enu,40.87943613201448,95.54140322998772,110.4342941,-7.0524169,121.99300000000001,11.763,3,8,-120.46563652939545,neo3_calibrated_diag,1,150.7797888449092,yahboom_calibrated_diag,0,-120.51042904484102,logger_gyro_integral:neo3_diag,1,nan,-159.697265625,0.0,42.79921485053785,1.2596054339085982,0.0
1789298018275280492,2026-09-13T11:13:38.275280+00:00,1789298018275282402,25845491827434,1789298018200000000,1789298018,200000000,1258527,1789298018207605,1789298018200000,2,4,41.01201945280384,95.88424444553652,gnss_local_enu,41.01201945280384,95.88424444553652,110.4342953,-7.0524138,122.163,11.911,3,9,-120.50209950314625,neo3_calibrated_diag,1,150.85046733691928,yahboom_calibrated_diag,0,-120.51042904484102,logger_gyro_integral:neo3_diag,1,nan,-159.697265625,0.0,42.80203716875634,1.2588195070743038,0.0
1789298018374229732,2026-09-13T11:13:38.374230+00:00,1789298018374231348,25845590776737,1789298018200000000,1789298018,200000000,1258527,1789298018207605,1789298018200000,2,4,41.01201945280384,95.88424444553652,gnss_local_enu,41.01201945280384,95.88424444553652,110.4342953,-7.0524138,122.163,11.911,3,9,-120.47605425426627,neo3_calibrated_diag,1,150.6955933928209,yahboom_calibrated_diag,0,-120.51042904484102,logger_gyro_integral:neo3_diag,1,nan,-159.697265625,0.0,42.80875525531664,1.2599487209679185,0.0
1789298018475315004,2026-09-13T11:13:38.475315+00:00,1789298018475316343,25845691861930,1789298018400000000,1789298018,400000000,1258726,1789298018406872,1789298018400000,2,4,40.95677645797747,95.89530257844126,gnss_local_enu,40.95677645797747,95.89530257844126,110.4342948,-7.0524137,122.08200000000001,12.068,3,9,-120.44165790140838,neo3_calibrated_diag,1,150.8702948417438,yahboom_calibrated_diag,0,-120.51042904484102,logger_gyro_integral:neo3_diag,1,nan,-159.697265625,0.0,42.745225479139776,1.2600143908888344,0.0
1789298018574120405,2026-09-13T11:13:38.574121+00:00,1789298018574121971,25845790667325,1789298018400000000,1789298018,400000000,1258726,1789298018406872,1789298018400000,2,4,40.95677645797747,95.89530257844126,gnss_local_enu,40.95677645797747,95.89530257844126,110.4342948,-7.0524137,122.08200000000001,12.068,3,9,-120.5868802540398,neo3_calibrated_diag,1,150.80049935241405,yahboom_calibrated_diag,0,-120.51042904484102,logger_gyro_integral:neo3_diag,1,nan,-159.697265625,0.0,42.88046808794069,1.2598964272305397,0.0
1789298018675751328,2026-09-13T11:13:38.675751+00:00,1789298018675753416,25845892298457,1789298018600000000,1789298018,600000000,1258926,1789298018606934,1789298018600000,2,4,41.26613643921256,96.3929754447852,gnss_local_enu,41.26613643921256,96.3929754447852,110.4342976,-7.0524092,122.342,12.212,3,9,-120.53295213834336,neo3_calibrated_diag,1,150.76996782101415,yahboom_calibrated_diag,0,-120.51042904484102,logger_gyro_integral:neo3_diag,1,nan,-159.697265625,0.0,42.79923712404696,1.2627706729733221,0.0
1789298018775164379,2026-09-13T11:13:38.775164+00:00,1789298018775166129,25845991711335,1789298018600000000,1789298018,600000000,1258926,1789298018606934,1789298018600000,2,4,41.26613643921256,96.3929754447852,gnss_local_enu,41.26613643921256,96.3929754447852,110.4342976,-7.0524092,122.342,12.212,3,9,-120.49959363975985,neo3_calibrated_diag,1,150.67387511248117,yahboom_calibrated_diag,0,-120.51042904484102,logger_gyro_integral:neo3_diag,1,nan,-159.697265625,0.0,42.870135121784955,1.2608630763490547,0.0
1789298018874645839,2026-09-13T11:13:38.874646+00:00,1789298018874647685,25846091192827,1789298018800000000,1789298018,800000000,1259128,1789298018807238,1789298018800000,2,4,41.76332276782526,97.23349067728327,gnss_local_enu,41.76332276782526,97.23349067728327,110.4343021,-7.0524016,122.843,12.349,3,9,-120.55452322578819,neo3_calibrated_diag,1,150.731080532166,yahboom_calibrated_diag,0,-120.51042904484102,logger_gyro_integral:neo3_diag,1,nan,-159.697265625,0.0,42.81576523866997,1.2593285755644974,0.0
1789298018974047138,2026-09-13T11:13:38.974047+00:00,1789298018974048941,25846190594135,1789298018800000000,1789298018,800000000,1259128,1789298018807238,1789298018800000,2,4,41.76332276782526,97.23349067728327,gnss_local_enu,41.76332276782526,97.23349067728327,110.4343021,-7.0524016,122.843,12.349,3,9,-120.51826007491806,neo3_calibrated_diag,1,150.7252466291136,yahboom_calibrated_diag,0,-120.51042904484102,logger_gyro_integral:neo3_diag,1,nan,-159.697265625,0.0,42.84031566343202,1.2579770260079788,0.0
1789298019076242352,2026-09-13T11:13:39.076242+00:00,1789298019076244001,25846292789345,1789298019000000000,1789298019,0,1259332,1789298019012990,1789298019000000,2,4,41.9290520654072,97.70904450539767,gnss_local_enu,41.9290520654072,97.70904450539767,110.4343036,-7.0523973,123.062,12.49,3,9,-120.53637850243612,neo3_calibrated_diag,1,150.6827233486555,yahboom_calibrated_diag,0,-120.51042904484102,logger_gyro_integral:neo3_diag,1,nan,-159.697265625,0.0,42.79006206165633,1.2586008950596483,0.0
1789298019174812403,2026-09-13T11:13:39.174812+00:00,1789298019174814682,25846391359413,1789298019000000000,1789298019,0,1259332,1789298019012990,1789298019000000,2,4,41.9290520654072,97.70904450539767,gnss_local_enu,41.9290520654072,97.70904450539767,110.4343036,-7.0523973,123.062,12.49,3,9,-120.50848288271477,neo3_calibrated_diag,1,150.72421267569453,yahboom_calibrated_diag,0,-120.51042904484102,logger_gyro_integral:neo3_diag,1,nan,-159.697265625,0.0,42.80490932306247,1.2591815494467702,0.0
1789298019276265217,2026-09-13T11:13:39.276265+00:00,1789298019276266693,25846492812160,1789298019200000000,1789298019,200000000,1259527,1789298019207514,1789298019200000,2,4,42.22736479118602,98.46108398720526,gnss_local_enu,42.22736479118602,98.46108398720526,110.4343063,-7.0523905,123.462,12.629,3,9,-120.47141234151646,neo3_calibrated_diag,1,150.80188264447233,yahboom_calibrated_diag,0,-120.51042904484102,logger_gyro_integral:neo3_diag,1,nan,-159.697265625,0.0,42.752117317392596,1.2583908108476667,0.0
1789298019374129093,2026-09-13T11:13:39.374129+00:00,1789298019374130656,25846590676078,1789298019200000000,1789298019,200000000,1259527,1789298019207514,1789298019200000,2,4,42.22736479118602,98.46108398720526,gnss_local_enu,42.22736479118602,98.46108398720526,110.4343063,-7.0523905,123.462,12.629,3,9,-120.52340725410858,neo3_calibrated_diag,1,150.78514810636867,yahboom_calibrated_diag,0,-120.51042904484102,logger_gyro_integral:neo3_diag,1,nan,-159.697265625,0.0,42.82548337431931,1.2614087880555125,0.0
1789298019475101659,2026-09-13T11:13:39.475102+00:00,1789298019475103270,25846691648667,1789298019400000000,1789298019,400000000,1259726,1789298019406505,1789298019400000,2,4,42.18317039273638,98.45002378958925,gnss_local_enu,42.18317039273638,98.45002378958925,110.4343059,-7.0523906,123.403,12.787,3,9,-120.52880139500566,neo3_calibrated_diag,1,150.808049654329,yahboom_calibrated_diag,0,-120.51042904484102,logger_gyro_integral:neo3_diag,1,nan,-159.697265625,0.0,42.8153651433326,1.2592908409410613,0.0
1789298019575259601,2026-09-13T11:13:39.575260+00:00,1789298019575261069,25846791806580,1789298019400000000,1789298019,400000000,1259726,1789298019406505,1789298019400000,2,4,42.18317039273638,98.45002378958925,gnss_local_enu,42.18317039273638,98.45002378958925,110.4343059,-7.0523906,123.403,12.787,3,9,-120.51147187812957,neo3_calibrated_diag,1,150.69634766484867,yahboom_calibrated_diag,0,-120.51042904484102,logger_gyro_integral:neo3_diag,1,nan,-159.697265625,0.0,42.798484210122446,1.2590453202346361,0.0
1789298019676169321,2026-09-13T11:13:39.676169+00:00,1789298019676171584,25846892716323,1789298019600000000,1789298019,600000000,1259926,1789298019606661,1789298019600000,2,4,42.70245498933262,99.46749056436225,gnss_local_enu,42.70245498933262,99.46749056436225,110.4343106,-7.0523814,124.043,12.942,3,9,-120.49691303383247,neo3_calibrated_diag,1,150.6981118493952,yahboom_calibrated_diag,0,-120.51042904484102,logger_gyro_integral:neo3_diag,1,nan,-159.697265625,0.0,42.771012271775845,1.256937386012448,0.0
1789298019770235906,2026-09-13T11:13:39.770236+00:00,1789298019770237211,25846986782842,1789298019600000000,1789298019,600000000,1259926,1789298019606661,1789298019600000,2,4,42.70245498933262,99.46749056436225,gnss_local_enu,42.70245498933262,99.46749056436225,110.4343106,-7.0523814,124.043,12.942,3,9,-120.51228575215694,neo3_calibrated_diag,1,150.78787794142818,yahboom_calibrated_diag,0,-120.51042904484102,logger_gyro_integral:neo3_diag,1,nan,-159.697265625,0.0,42.754537719181336,1.2583975403301084,0.0
1789298019870379744,2026-09-13T11:13:39.870380+00:00,1789298019870381230,25847086926718,1789298019800000000,1789298019,800000000,1260127,1789298019807336,1789298019800000,2,4,43.078108067638226,100.36330277272478,gnss_local_enu,43.078108067638226,100.36330277272478,110.434314,-7.0523733,124.533,13.105,3,9,-120.5007075467608,neo3_calibrated_diag,1,150.76620005176667,yahboom_calibrated_diag,0,-120.51042904484102,logger_gyro_integral:neo3_diag,1,nan,-159.697265625,0.0,42.79600170758478,1.2591605877504182,0.0
1789298019970237596,2026-09-13T11:13:39.970238+00:00,1789298019970239444,25847186784561,1789298019800000000,1789298019,800000000,1260127,1789298019807336,1789298019800000,2,4,43.078108067638226,100.36330277272478,gnss_local_enu,43.078108067638226,100.36330277272478,110.434314,-7.0523733,124.533,13.105,3,9,-120.51723561942123,neo3_calibrated_diag,1,150.88398574264008,yahboom_calibrated_diag,0,-120.51042904484102,logger_gyro_integral:neo3_diag,1,nan,-159.697265625,0.0,42.826940692630615,1.2603092034828511,0.0
1789298020070377197,2026-09-13T11:13:40.070377+00:00,1789298020070378789,25847286924241,1789298020000000000,1789298020,0,1260333,1789298020012839,1789298020000000,2,4,43.26593520101493,100.96051077405073,gnss_local_enu,43.26593520101493,100.96051077405073,110.4343157,-7.0523679,124.843,13.229,3,9,-120.51806459273999,neo3_calibrated_diag,1,150.77924622329556,yahboom_calibrated_diag,0,-120.51042904484102,logger_gyro_integral:neo3_diag,1,nan,-159.697265625,0.0,42.760169047846375,1.2602076848659673,0.0
1789298020170760421,2026-09-13T11:13:40.170760+00:00,1789298020170762815,25847387307513,1789298020000000000,1789298020,0,1260333,1789298020012839,1789298020000000,2,4,43.26593520101493,100.96051077405073,gnss_local_enu,43.26593520101493,100.96051077405073,110.4343157,-7.0523679,124.843,13.229,3,9,-120.5526041201896,neo3_calibrated_diag,1,150.65508284775132,yahboom_calibrated_diag,0,-120.51042904484102,logger_gyro_integral:neo3_diag,1,nan,-159.697265625,0.0,42.8395491167029,1.258163957235775,0.0
1789298020270681915,2026-09-13T11:13:40.270682+00:00,1789298020270683445,25847487228923,1789298020200000000,1789298020,200000000,1260528,1789298020207447,1789298020200000,2,4,43.66368546252981,101.77890825119007,gnss_local_enu,43.66368546252981,101.77890825119007,110.4343193,-7.0523605,125.352,13.351,3,9,-120.51925062046028,neo3_calibrated_diag,1,150.64699977033544,yahboom_calibrated_diag,0,-120.51042904484102,logger_gyro_integral:neo3_diag,1,nan,-159.697265625,0.0,42.78471836276242,1.2595228146986812,0.0
1789298020370580496,2026-09-13T11:13:40.370580+00:00,1789298020370582086,25847587127493,1789298020200000000,1789298020,200000000,1260528,1789298020207447,1789298020200000,2,4,43.66368546252981,101.77890825119007,gnss_local_enu,43.66368546252981,101.77890825119007,110.4343193,-7.0523605,125.352,13.351,3,9,-120.50312134457522,neo3_calibrated_diag,1,150.8501788889401,yahboom_calibrated_diag,0,-120.51042904484102,logger_gyro_integral:neo3_diag,1,nan,-159.697265625,0.0,42.837968561925294,1.2591206252045841,0.0
1789298020470341827,2026-09-13T11:13:40.470342+00:00,1789298020470343372,25847686888793,1789298020400000000,1789298020,400000000,1260726,1789298020406704,1789298020400000,2,4,44.13877548398345,102.59730614645551,gnss_local_enu,44.13877548398345,102.59730614645551,110.4343236,-7.0523531,125.883,13.5,3,9,-120.49153004993056,neo3_calibrated_diag,1,150.69072565297554,yahboom_calibrated_diag,0,-120.51042904484102,logger_gyro_integral:neo3_diag,1,nan,-159.697265625,0.0,42.781079021871335,1.2573927119740536,0.0
1789298020570682338,2026-09-13T11:13:40.570682+00:00,1789298020570684367,25847787229383,1789298020400000000,1789298020,400000000,1260726,1789298020406704,1789298020400000,2,4,44.13877548398345,102.59730614645551,gnss_local_enu,44.13877548398345,102.59730614645551,110.4343236,-7.0523531,125.883,13.5,3,9,-120.51826007491806,neo3_calibrated_diag,1,150.7803319856547,yahboom_calibrated_diag,0,-120.51042904484102,logger_gyro_integral:neo3_diag,1,nan,-159.697265625,0.0,42.84031566343202,1.2590031830605306,0.0
1789298020670766868,2026-09-13T11:13:40.670767+00:00,1789298020670769403,25847887313984,1789298020600000000,1789298020,600000000,1260926,1789298020606671,1789298020600000,2,4,44.73540077138456,103.67007171773155,gnss_local_enu,44.73540077138456,103.67007171773155,110.434329,-7.0523434,126.61200000000001,13.62,3,9,-120.5124783616341,neo3_calibrated_diag,1,150.88398574264008,yahboom_calibrated_diag,0,-120.51042904484102,logger_gyro_integral:neo3_diag,1,nan,-159.697265625,0.0,42.7887664831834,1.2603092034828511,0.0
1789298020770304053,2026-09-13T11:13:40.770304+00:00,1789298020770305640,25847986851065,1789298020600000000,1789298020,600000000,1260926,1789298020606671,1789298020600000,2,4,44.73540077138456,103.67007171773155,gnss_local_enu,44.73540077138456,103.67007171773155,110.434329,-7.0523434,126.61200000000001,13.62,3,9,-120.51126519254386,neo3_calibrated_diag,1,150.79556896890907,yahboom_calibrated_diag,0,-120.51042904484102,logger_gyro_integral:neo3_diag,1,nan,-159.697265625,0.0,42.81696645484825,1.2576413567879945,0.0
1789298020869506355,2026-09-13T11:13:40.869506+00:00,1789298020869509470,25848086053652,1789298020800000000,1789298020,800000000,1261126,1789298020806858,1789298020800000,2,4,44.81274155362314,103.95761634848411,gnss_local_enu,44.81274155362314,103.95761634848411,110.4343297,-7.0523408,126.753,13.734,3,9,-120.47141234151646,neo3_calibrated_diag,1,150.79432991147513,yahboom_calibrated_diag,0,-120.51042904484102,logger_gyro_integral:neo3_diag,1,nan,-159.697265625,0.0,42.752117317392596,1.2589964144055505,0.0
1789298020970124103,2026-09-13T11:13:40.970124+00:00,1789298020970125883,25848186671206,1789298020800000000,1789298020,800000000,1261126,1789298020806858,1789298020800000,2,4,44.81274155362314,103.95761634848411,gnss_local_enu,44.81274155362314,103.95761634848411,110.4343297,-7.0523408,126.753,13.734,3,9,-120.54984748471172,neo3_calibrated_diag,1,150.8584840094868,yahboom_calibrated_diag,0,-120.51042904484102,logger_gyro_integral:neo3_diag,1,nan,-159.697265625,0.0,42.82308512613728,1.2577623850494832,0.0
1789298021069839371,2026-09-13T11:13:41.069839+00:00,1789298021069841072,25848286386368,1789298021000000000,1789298021,0,1261333,1789298021013722,1789298021000000,2,4,45.00056854175281,104.42211235405401,gnss_local_enu,45.00056854175281,104.42211235405401,110.4343314,-7.0523366,127.033,13.843,3,8,-120.50225409872125,neo3_calibrated_diag,1,150.8209191493946,yahboom_calibrated_diag,0,-120.51042904484102,logger_gyro_integral:neo3_diag,1,nan,-159.697265625,0.0,42.80203716875634,1.2604887008106909,0.0
1789298021170637574,2026-09-13T11:13:41.170638+00:00,1789298021170639689,25848387184683,1789298021000000000,1789298021,0,1261333,1789298021013722,1789298021000000,2,4,45.00056854175281,104.42211235405401,gnss_local_enu,45.00056854175281,104.42211235405401,110.4343314,-7.0523366,127.033,13.843,3,8,-120.50385276712392,neo3_calibrated_diag,1,150.66652065474096,yahboom_calibrated_diag,0,-120.51042904484102,logger_gyro_integral:neo3_diag,1,nan,-159.697265625,0.0,42.789568300277345,1.261318468490743,0.0
1789298021270223355,2026-09-13T11:13:41.270223+00:00,1789298021270224819,25848486770297,1789298021200000000,1789298021,200000000,1261527,1789298021207076,1789298021200000,2,4,45.21049193226688,104.73177669162249,gnss_local_enu,45.21049193226688,104.73177669162249,110.4343333,-7.0523338,127.24300000000001,13.955,3,9,-120.52518578870826,neo3_calibrated_diag,1,150.67851708808894,yahboom_calibrated_diag,0,-120.51042904484102,logger_gyro_integral:neo3_diag,1,nan,-159.697265625,0.0,42.790363111340845,1.2637201900378094,0.0
1789298021370049622,2026-09-13T11:13:41.370049+00:00,1789298021370051163,25848586596593,1789298021200000000,1789298021,200000000,1261527,1789298021207076,1789298021200000,2,4,45.21049193226688,104.73177669162249,gnss_local_enu,45.21049193226688,104.73177669162249,110.4343333,-7.0523338,127.24300000000001,13.955,3,9,-120.5010685147663,neo3_calibrated_diag,1,150.71034465857397,yahboom_calibrated_diag,0,-120.51042904484102,logger_gyro_integral:neo3_diag,1,nan,-159.697265625,0.0,42.7775104049324,1.259038115801637,0.0
1789298021470321151,2026-09-13T11:13:41.470321+00:00,1789298021470322639,25848686868075,1789298021400000000,1789298021,400000000,1261727,1789298021407424,1789298021400000,2,4,45.54195064867922,105.29580888201151,gnss_local_enu,45.54195064867922,105.29580888201151,110.4343363,-7.0523287,127.663,14.067,3,9,-120.52439129887068,neo3_calibrated_diag,1,150.72382545296978,yahboom_calibrated_diag,0,-120.51042904484102,logger_gyro_integral:neo3_diag,1,nan,-159.697265625,0.0,42.78153678517053,1.2596332458383654,0.0
1789298021570310399,2026-09-13T11:13:41.570310+00:00,1789298021570312259,25848786857434,1789298021400000000,1789298021,400000000,1261727,1789298021407424,1789298021400000,2,4,45.54195064867922,105.29580888201151,gnss_local_enu,45.54195064867922,105.29580888201151,110.4343363,-7.0523287,127.663,14.067,3,9,-120.50863105713545,neo3_calibrated_diag,1,150.67609274991003,yahboom_calibrated_diag,0,-120.51042904484102,logger_gyro_integral:neo3_diag,1,nan,-159.697265625,0.0,42.82774440721809,1.258152856714031,0.0
1789298021671204617,2026-09-13T11:13:41.671205+00:00,1789298021671207280,25848887751655,1789298021600000000,1789298021,600000000,1261928,1789298021607616,1789298021600000,2,4,46.10543090472245,106.32433812738995,gnss_local_enu,46.10543090472245,106.32433812738995,110.4343414,-7.0523194,128.413,14.186,3,9,-120.48870491208928,neo3_calibrated_diag,1,150.807076537344,yahboom_calibrated_diag,0,-120.51042904484102,logger_gyro_integral:neo3_diag,1,nan,-159.697265625,0.0,42.73477087749974,1.2603447701152826,0.0
1789298021769543005,2026-09-13T11:13:41.769543+00:00,1789298021769544668,25848986089982,1789298021600000000,1789298021,600000000,1261928,1789298021607616,1789298021600000,2,4,46.10543090472245,106.32433812738995,gnss_local_enu,46.10543090472245,106.32433812738995,110.4343414,-7.0523194,128.413,14.186,3,9,-120.51877851043197,neo3_calibrated_diag,1,150.71734321530488,yahboom_calibrated_diag,0,-120.51042904484102,logger_gyro_integral:neo3_diag,1,nan,-159.697265625,0.0,42.83294049175354,1.259034540820045,0.0
1789298021870245055,2026-09-13T11:13:41.870245+00:00,1789298021870246815,25849086792009,1789298021800000000,1789298021,800000000,1262127,1789298021807725,1789298021800000,2,4,46.414793130781135,106.99896448053664,gnss_local_enu,46.414793130781135,106.99896448053664,110.4343442,-7.0523133,128.873,14.318,3,9,-120.48688327092606,neo3_calibrated_diag,1,150.8494583722258,yahboom_calibrated_diag,0,-120.51042904484102,logger_gyro_integral:neo3_diag,1,nan,-159.697265625,0.0,42.765767734533895,1.2598734206651185,0.0
1789298021969583038,2026-09-13T11:13:41.969583+00:00,1789298021969585063,25849186130052,1789298021800000000,1789298021,800000000,1262127,1789298021807725,1789298021800000,2,4,46.414793130781135,106.99896448053664,gnss_local_enu,46.414793130781135,106.99896448053664,110.4343442,-7.0523133,128.873,14.318,3,9,-120.52374817111689,neo3_calibrated_diag,1,150.76700548968753,yahboom_calibrated_diag,0,-120.51042904484102,logger_gyro_integral:neo3_diag,1,nan,-159.697265625,0.0,42.829971118950105,1.2582572074371536,0.0
1789298022069616361,2026-09-13T11:13:42.069616+00:00,1789298022069618172,25849286163396,1789298022000000000,1789298022,0,1262333,1789298022013183,1789298022000000,2,4,46.54737735942386,107.38604485312936,gnss_local_enu,46.54737735942386,107.38604485312936,110.4343454,-7.0523098,129.113,14.453,3,9,-120.4974625591698,neo3_calibrated_diag,1,150.82077862812497,yahboom_calibrated_diag,0,-120.51042904484102,logger_gyro_integral:neo3_diag,1,nan,-159.697265625,0.0,42.78671946672355,1.260639261432291,0.0
1789298022170155674,2026-09-13T11:13:42.170156+00:00,1789298022170158282,25849386702723,1789298022000000000,1789298022,0,1262333,1789298022013183,1789298022000000,2,4,46.54737735942386,107.38604485312936,gnss_local_enu,46.54737735942386,107.38604485312936,110.4343454,-7.0523098,129.113,14.453,3,9,-120.5000932497524,neo3_calibrated_diag,1,150.7784332626207,yahboom_calibrated_diag,0,-120.51042904484102,logger_gyro_integral:neo3_diag,1,nan,-159.697265625,0.0,42.810162851973594,1.261111061506619,0.0
1789298022269550263,2026-09-13T11:13:42.269550+00:00,1789298022269551742,25849486097249,1789298022200000000,1789298022,200000000,1262527,1789298022207624,1789298022200000,2,4,47.0777115048111,108.35927607791334,gnss_local_enu,47.0777115048111,108.35927607791334,110.4343502,-7.052301,129.75300000000001,14.565,3,9,-120.51925062046028,neo3_calibrated_diag,1,150.73781606846504,yahboom_calibrated_diag,0,-120.51042904484102,logger_gyro_integral:neo3_diag,1,nan,-159.697265625,0.0,42.78471836276242,1.2596261839632295,0.0
1789298022369557534,2026-09-13T11:13:42.369558+00:00,1789298022369559152,25849586104511,1789298022200000000,1789298022,200000000,1262527,1789298022207624,1789298022200000,2,4,47.0777115048111,108.35927607791334,gnss_local_enu,47.0777115048111,108.35927607791334,110.4343502,-7.052301,129.75300000000001,14.565,3,9,-120.51842788629779,neo3_calibrated_diag,1,150.84859488792944,yahboom_calibrated_diag,0,-120.51042904484102,logger_gyro_integral:neo3_diag,1,nan,-159.697265625,0.0,42.82863388533541,1.2607767754716235,0.0
1789298022469558989,2026-09-13T11:13:42.469559+00:00,1789298022469560718,25849686106002,1789298022400000000,1789298022,400000000,1262728,1789298022409115,1789298022400000,2,4,47.51965599741055,109.05602107807202,gnss_local_enu,47.51965599741055,109.05602107807202,110.4343542,-7.0522947,130.203,14.667,3,9,-120.4737735258523,neo3_calibrated_diag,1,150.80791053790344,yahboom_calibrated_diag,0,-120.51042904484102,logger_gyro_integral:neo3_diag,1,nan,-159.697265625,0.0,42.74844557819735,1.2594414022301528,0.0
1789298022569592309,2026-09-13T11:13:42.569592+00:00,1789298022569594257,25849786139314,1789298022400000000,1789298022,400000000,1262728,1789298022409115,1789298022400000,2,4,47.51965599741055,109.05602107807202,gnss_local_enu,47.51965599741055,109.05602107807202,110.4343542,-7.0522947,130.203,14.667,3,9,-120.54194421325298,neo3_calibrated_diag,1,150.85674243882596,yahboom_calibrated_diag,0,-120.51042904484102,logger_gyro_integral:neo3_diag,1,nan,-159.697265625,0.0,42.814167386513546,1.2595690891404037,0.0
1789298022670142557,2026-09-13T11:13:42.670142+00:00,1789298022670145119,25849886689710,1789298022600000000,1789298022,600000000,1262926,1789298022606917,1789298022600000,2,4,48.17152525306467,110.20620422748165,gnss_local_enu,48.17152525306467,110.20620422748165,110.4343601,-7.0522843,130.983,14.799,3,9,-120.48874458081731,neo3_calibrated_diag,1,150.86753999482937,yahboom_calibrated_diag,0,-120.51042904484102,logger_gyro_integral:neo3_diag,1,nan,-159.697265625,0.0,42.76900481278001,1.2556513797026128,0.0
1789298022769585842,2026-09-13T11:13:42.769586+00:00,1789298022769587913,25849986132844,1789298022600000000,1789298022,600000000,1262926,1789298022606917,1789298022600000,2,4,48.17152525306467,110.20620422748165,gnss_local_enu,48.17152525306467,110.20620422748165,110.4343601,-7.0522843,130.983,14.799,3,9,-120.5365556199719,neo3_calibrated_diag,1,150.78073968234247,yahboom_calibrated_diag,0,-120.51042904484102,logger_gyro_integral:neo3_diag,1,nan,-159.697265625,0.0,42.82428263353515,1.2585514949963035,0.0
1789298022869673205,2026-09-13T11:13:42.869673+00:00,1789298022869675125,25850086220214,1789298022800000000,1789298022,800000000,1263125,1789298022806484,1789298022800000,2,4,48.72395696048115,111.17943633638698,gnss_local_enu,48.72395696048115,111.17943633638698,110.4343651,-7.0522755,131.643,14.925,3,9,-120.54857698146671,neo3_calibrated_diag,1,150.7038529421296,yahboom_calibrated_diag,0,-120.51042904484102,logger_gyro_integral:neo3_diag,1,nan,-159.697265625,0.0,42.77588454805932,1.258439443212138,0.0
1789298022969546149,2026-09-13T11:13:42.969546+00:00,1789298022969547906,25850186093140,1789298022800000000,1789298022,800000000,1263125,1789298022806484,1789298022800000,2,4,48.72395696048115,111.17943633638698,gnss_local_enu,48.72395696048115,111.17943633638698,110.4343651,-7.0522755,131.643,14.925,3,9,-120.4648808683937,neo3_calibrated_diag,1,150.80077574626998,yahboom_calibrated_diag,0,-120.51042904484102,logger_gyro_integral:neo3_diag,1,nan,-159.697265625,0.0,42.79045970119975,1.2595953038972343,0.0
1789298023069570632,2026-09-13T11:13:43.069571+00:00,1789298023069572365,25850286117635,1789298023000000000,1789298023,0,1263332,1789298023013165,1789298023000000,2,4,49.187999687118484,112.00889547875074,gnss_local_enu,49.187999687118484,112.00889547875074,110.4343693,-7.052268,132.19400000000002,15.033,3,9,-120.51307256045854,neo3_calibrated_diag,1,150.6938376241366,yahboom_calibrated_diag,0,-120.51042904484102,logger_gyro_integral:neo3_diag,1,nan,-159.697265625,0.0,42.76336613738914,1.2620566568310476,0.0
1789298023170109971,2026-09-13T11:13:43.170110+00:00,1789298023170112538,25850386657079,1789298023000000000,1789298023,0,1263332,1789298023013165,1789298023000000,2,4,49.187999687118484,112.00889547875074,gnss_local_enu,49.187999687118484,112.00889547875074,110.4343693,-7.052268,132.19400000000002,15.033,3,9,-120.50173376470295,neo3_calibrated_diag,1,150.64652057832038,yahboom_calibrated_diag,0,-120.51042904484102,logger_gyro_integral:neo3_diag,1,nan,-159.697265625,0.0,42.83197989204445,1.2601250908158945,0.0
1789298023269575584,2026-09-13T11:13:43.269576+00:00,1789298023269577169,25850486122568,1789298023200000000,1789298023,200000000,1263527,1789298023207981,1789298023200000,2,4,49.563653654016136,112.7609380722402,gnss_local_enu,49.563653654016136,112.7609380722402,110.4343727,-7.0522612,132.66400000000002,15.137,3,9,-120.47858214558762,neo3_calibrated_diag,1,150.64496636283639,yahboom_calibrated_diag,0,-120.51042904484102,logger_gyro_integral:neo3_diag,1,nan,-159.697265625,0.0,42.76377394423462,1.2620824887840245,0.0
1789298023369549906,2026-09-13T11:13:43.369550+00:00,1789298023369551384,25850586096920,1789298023200000000,1789298023,200000000,1263527,1789298023207981,1789298023200000,2,4,49.563653654016136,112.7609380722402,gnss_local_enu,49.563653654016136,112.7609380722402,110.4343727,-7.0522612,132.66400000000002,15.137,3,9,-120.59995784326503,neo3_calibrated_diag,1,150.68061594986557,yahboom_calibrated_diag,0,-120.51042904484102,logger_gyro_integral:neo3_diag,1,nan,-159.697265625,0.0,42.913463203066,1.2611605417275202,0.0
1789298023469542741,2026-09-13T11:13:43.469543+00:00,1789298023469544535,25850686089747,1789298023400000000,1789298023,400000000,1263727,1789298023408199,1789298023400000,2,4,49.53050819129027,112.78305693019806,gnss_local_enu,49.53050819129027,112.78305693019806,110.4343724,-7.052261,132.673,15.236,3,9,-120.50230628834817,neo3_calibrated_diag,1,150.81602768434246,yahboom_calibrated_diag,0,-120.51042904484102,logger_gyro_integral:neo3_diag,1,nan,-159.697265625,0.0,42.78353803794281,1.25823359315827,0.0
1789298023569576320,2026-09-13T11:13:43.569577+00:00,1789298023569578414,25850786123348,1789298023400000000,1789298023,400000000,1263727,1789298023408199,1789298023400000,2,4,49.53050819129027,112.78305693019806,gnss_local_enu,49.53050819129027,112.78305693019806,110.4343724,-7.052261,132.673,15.236,3,9,-120.51622864070401,neo3_calibrated_diag,1,150.91909816766272,yahboom_calibrated_diag,0,-120.51042904484102,logger_gyro_integral:neo3_diag,1,nan,-159.697265625,0.0,42.83676361503049,1.260143207162692,0.0
1789298023670162371,2026-09-13T11:13:43.670162+00:00,1789298023670164650,25850886709408,1789298023600000000,1789298023,600000000,1263927,1789298023608364,1789298023600000,2,4,49.486314233969566,112.81623516758648,gnss_local_enu,49.486314233969566,112.81623516758648,110.434372,-7.0522607,132.684,15.334,3,9,-120.46431854900008,neo3_calibrated_diag,1,150.73860083729454,yahboom_calibrated_diag,0,-120.51042904484102,logger_gyro_integral:neo3_diag,1,nan,-159.697265625,0.0,42.751986929306575,1.258722795281572,0.0
1789298023769545765,2026-09-13T11:13:43.769546+00:00,1789298023769548068,25850986092869,1789298023600000000,1789298023,600000000,1263927,1789298023608364,1789298023600000,2,4,49.486314233969566,112.81623516758648,gnss_local_enu,49.486314233969566,112.81623516758648,110.434372,-7.0522607,132.684,15.334,3,9,-120.50908409580973,neo3_calibrated_diag,1,150.87088108540834,yahboom_calibrated_diag,0,-120.51042904484102,logger_gyro_integral:neo3_diag,1,nan,-159.697265625,0.0,42.82519012418392,1.259412158998177,0.0
1789298023869566453,2026-09-13T11:13:43.869566+00:00,1789298023869568244,25851086113463,1789298023800000000,1789298023,800000000,1264125,1789298023806280,1789298023800000,2,4,49.939309334557656,113.75628934994,gnss_local_enu,49.939309334557656,113.75628934994,110.4343761,-7.0522522,133.314,15.439,3,9,-120.54055276753724,neo3_calibrated_diag,1,150.8487387160391,yahboom_calibrated_diag,0,-120.51042904484102,logger_gyro_integral:neo3_diag,1,nan,-159.697265625,0.0,42.808137112474306,1.260626216317997,0.0
1789298023969556768,2026-09-13T11:13:43.969557+00:00,1789298023969558271,25851186103779,1789298023800000000,1789298023,800000000,1264125,1789298023806280,1789298023800000,2,4,49.939309334557656,113.75628934994,gnss_local_enu,49.939309334557656,113.75628934994,110.4343761,-7.0522522,133.314,15.439,3,9,-120.5242358095335,neo3_calibrated_diag,1,150.7940549275037,yahboom_calibrated_diag,0,-120.51042904484102,logger_gyro_integral:neo3_diag,1,nan,-159.697265625,0.0,42.78153678517053,1.259297538397747,0.0
1789298024069557303,2026-09-13T11:13:44.069557+00:00,1789298024069558978,25851286104322,1789298024000000000,1789298024,0,1264334,1789298024014131,1789298024000000,2,4,50.10503933904316,114.0880735345157,gnss_local_enu,50.10503933904316,114.0880735345157,110.4343776,-7.0522492,133.554,15.532,3,8,-120.50729027089487,neo3_calibrated_diag,1,150.69034990493657,yahboom_calibrated_diag,0,-120.51042904484102,logger_gyro_integral:neo3_diag,1,nan,-159.697265625,0.0,42.75772130575834,1.2578444130985216,0.0
1789298024170224455,2026-09-13T11:13:44.170224+00:00,1789298024170227869,25851386771626,1789298024000000000,1789298024,0,1264334,1789298024014131,1789298024000000,2,4,50.10503933904316,114.0880735345157,gnss_local_enu,50.10503933904316,114.0880735345157,110.4343776,-7.0522492,133.554,15.532,3,8,-120.54912280002219,neo3_calibrated_diag,1,150.78046785204276,yahboom_calibrated_diag,0,-120.51042904484102,logger_gyro_integral:neo3_diag,1,nan,-159.697265625,0.0,42.825835793903664,1.2588526203656103,0.0
1789298024269598415,2026-09-13T11:13:44.269598+00:00,1789298024269600787,25851486145517,1789298024200000000,1789298024,200000000,1264526,1789298024207623,1789298024200000,2,4,50.116089176921804,114.320322057439,gnss_local_enu,50.116089176921804,114.320322057439,110.4343777,-7.0522471,133.693,15.625,3,9,-120.50209950314625,neo3_calibrated_diag,1,150.76512793060337,yahboom_calibrated_diag,0,-120.51042904484102,logger_gyro_integral:neo3_diag,1,nan,-159.697265625,0.0,42.80203716875634,1.2603650952082672,0.0
1789298024369552600,2026-09-13T11:13:44.369553+00:00,1789298024369554227,25851586099598,1789298024200000000,1789298024,200000000,1264526,1789298024207623,1789298024200000,2,4,50.116089176921804,114.320322057439,gnss_local_enu,50.116089176921804,114.320322057439,110.4343777,-7.0522471,133.693,15.625,3,9,-120.50230628834817,neo3_calibrated_diag,1,150.7797888449092,yahboom_calibrated_diag,0,-120.51042904484102,logger_gyro_integral:neo3_diag,1,nan,-159.697265625,0.0,42.78353803794281,1.2596054339085982,0.0
1789298024469643242,2026-09-13T11:13:44.469643+00:00,1789298024469646429,25851686190471,1789298024400000000,1789298024,400000000,1264727,1789298024407921,1789298024400000,2,4,50.35916092638092,115.08342409474666,gnss_local_enu,50.35916092638092,115.08342409474666,110.4343799,-7.0522402,134.143,15.736,3,9,-120.49465387346325,neo3_calibrated_diag,1,150.7102171970114,yahboom_calibrated_diag,0,-120.51042904484102,logger_gyro_integral:neo3_diag,1,nan,-159.697265625,0.0,42.73349402576859,1.259188681918849,0.0
1789298024569643853,2026-09-13T11:13:44.569644+00:00,1789298024569645791,25851786190900,1789298024400000000,1789298024,400000000,1264727,1789298024407921,1789298024400000,2,4,50.35916092638092,115.08342409474666,gnss_local_enu,50.35916092638092,115.08342409474666,110.4343799,-7.0522402,134.143,15.736,3,9,-120.49853853450514,neo3_calibrated_diag,1,150.58979269543917,yahboom_calibrated_diag,0,-120.51042904484102,logger_gyro_integral:neo3_diag,1,nan,-159.697265625,0.0,42.78122748720635,1.261209668706987,0.0
1789298024670195231,2026-09-13T11:13:44.670195+00:00,1789298024670197867,25851886742292,1789298024600000000,1789298024,600000000,1264927,1789298024608053,1789298024600000,2,4,50.53594085526156,115.66957564469897,gnss_local_enu,50.53594085526156,115.66957564469897,110.4343815,-7.0522349,134.523,15.827,3,9,-120.5266441678458,neo3_calibrated_diag,1,150.80049935241405,yahboom_calibrated_diag,0,-120.51042904484102,logger_gyro_integral:neo3_diag,1,nan,-159.697265625,0.0,42.77787713721194,1.2598964272305397,0.0
1789298024769605330,2026-09-13T11:13:44.769605+00:00,1789298024769608005,25851986152509,1789298024600000000,1789298024,600000000,1264927,1789298024608053,1789298024600000,2,4,50.53594085526156,115.66957564469897,gnss_local_enu,50.53594085526156,115.66957564469897,110.4343815,-7.0522349,134.523,15.827,3,9,-120.49436950584156,neo3_calibrated_diag,1,150.73585906231222,yahboom_calibrated_diag,0,-120.51042904484102,logger_gyro_integral:neo3_diag,1,nan,-159.697265625,0.0,42.83877424611493,1.2618846566641457,0.0
1789298024869603566,2026-09-13T11:13:44.869604+00:00,1789298024869605947,25852086150712,1789298024800000000,1789298024,800000000,1265125,1789298024806219,1789298024800000,2,4,51.11047147688538,116.97459096977613,gnss_local_enu,51.11047147688538,116.97459096977613,110.4343867,-7.0522231,135.293,15.933,3,9,-120.53574449883257,neo3_calibrated_diag,1,150.79432991147513,yahboom_calibrated_diag,0,-120.51042904484102,logger_gyro_integral:neo3_diag,1,nan,-159.697265625,0.0,42.81554333699854,1.2589964144055505,0.0
1789298024969584575,2026-09-13T11:13:44.969585+00:00,1789298024969587234,25852186131704,1789298024800000000,1789298024,800000000,1265125,1789298024806219,1789298024800000,2,4,51.11047147688538,116.97459096977613,gnss_local_enu,51.11047147688538,116.97459096977613,110.4343867,-7.0522231,135.293,15.933,3,9,-120.52498184617556,neo3_calibrated_diag,1,150.77158063766032,yahboom_calibrated_diag,0,-120.51042904484102,logger_gyro_integral:neo3_diag,1,nan,-159.697265625,0.0,42.83596006966693,1.2609639148416265,0.0
1789298025069625253,2026-09-13T11:13:45.069625+00:00,1789298025069627455,25852286172420,1789298025000000000,1789298025,0,1265335,1789298025015218,1789298025000000,2,4,51.265153999940466,117.5939196592883,gnss_local_enu,51.265153999940466,117.5939196592883,110.4343881,-7.0522175,135.613,16.016,3,9,-120.47321485353753,neo3_calibrated_diag,1,150.84801991883944,yahboom_calibrated_diag,0,-120.51042904484102,logger_gyro_integral:neo3_diag,1,nan,-159.697265625,0.0,42.773894381503304,1.261379012162875,0.0
1789298025170128091,2026-09-13T11:13:45.170128+00:00,1789298025170130519,25852386675155,1789298025000000000,1789298025,0,1265335,1789298025015218,1789298025000000,2,4,51.265153999940466,117.5939196592883,gnss_local_enu,51.265153999940466,117.5939196592883,110.4343881,-7.0522175,135.613,16.016,3,9,-120.50967098590903,neo3_calibrated_diag,1,150.8029916636824,yahboom_calibrated_diag,0,-120.51042904484102,logger_gyro_integral:neo3_diag,1,nan,-159.697265625,0.0,42.85220950152396,1.2571863182529246,0.0
1789298025269600918,2026-09-13T11:13:45.269601+00:00,1789298025269603391,25852486148010,1789298025200000000,1789298025,200000000,1265527,1789298025207378,1789298025200000,2,4,51.419836802937,118.23536764837687,gnss_local_enu,51.419836802937,118.23536764837687,110.4343895,-7.0522117,135.963,16.093,3,9,-120.49573842376817,neo3_calibrated_diag,1,150.78678444115553,yahboom_calibrated_diag,0,-120.51042904484102,logger_gyro_integral:neo3_diag,1,nan,-159.697265625,0.0,42.82186792609589,1.2596020390884697,0.0
1789298025369587605,2026-09-13T11:13:45.369588+00:00,1789298025369589894,25852586134607,1789298025200000000,1789298025,200000000,1265527,1789298025207378,1789298025200000,2,4,51.419836802937,118.23536764837687,gnss_local_enu,51.419836802937,118.23536764837687,110.4343895,-7.0522117,135.963,16.093,3,9,-120.54288324665141,neo3_calibrated_diag,1,150.7448114348382,yahboom_calibrated_diag,0,-120.51042904484102,logger_gyro_integral:neo3_diag,1,nan,-159.697265625,0.0,42.85027376729464,1.2596226802484578,0.0
1789298025469700404,2026-09-13T11:13:45.469700+00:00,1789298025469704008,25852686247622,1789298025400000000,1789298025,400000000,1265727,1789298025407625,1789298025400000,2,4,51.86178378766741,119.241778510744,gnss_local_enu,51.86178378766741,119.241778510744,110.4343935,-7.0522026,136.573,16.186,3,9,-120.54985944621012,neo3_calibrated_diag,1,150.73912464262557,yahboom_calibrated_diag,0,-120.51042904484102,logger_gyro_integral:neo3_diag,1,nan,-159.697265625,0.0,42.85730711322049,1.25812053628742,0.0
1789298025569655383,2026-09-13T11:13:45.569655+00:00,1789298025569657353,25852786202379,1789298025400000000,1789298025,400000000,1265727,1789298025407625,1789298025400000,2,4,51.86178378766741,119.241778510744,gnss_local_enu,51.86178378766741,119.241778510744,110.4343935,-7.0522026,136.573,16.186,3,9,-120.49493308078512,neo3_calibrated_diag,1,150.65387477283505,yahboom_calibrated_diag,0,-120.51042904484102,logger_gyro_integral:neo3_diag,1,nan,-159.697265625,0.0,42.79036966038152,1.2596696440857627,0.0
1789298025670121898,2026-09-13T11:13:45.670122+00:00,1789298025670124966,25852886669046,1789298025600000000,1789298025,600000000,1265927,1789298025607790,1789298025600000,2,4,52.0164653980777,119.67309678129098,gnss_local_enu,52.0164653980777,119.67309678129098,110.4343949,-7.0521987,136.794,16.263,3,9,-120.4864909877178,neo3_calibrated_diag,1,150.74507457280643,yahboom_calibrated_diag,0,-120.51042904484102,logger_gyro_integral:neo3_diag,1,nan,-159.697265625,0.0,42.7314390214851,1.2593215513430487,0.0
1789298025769599576,2026-09-13T11:13:45.769599+00:00,1789298025769602058,25852986146709,1789298025600000000,1789298025,600000000,1265927,1789298025607790,1789298025600000,2,4,52.0164653980777,119.67309678129098,gnss_local_enu,52.0164653980777,119.67309678129098,110.4343949,-7.0521987,136.794,16.263,3,9,-120.49806148551967,neo3_calibrated_diag,1,150.78746763360203,yahboom_calibrated_diag,0,-120.51042904484102,logger_gyro_integral:neo3_diag,1,nan,-159.697265625,0.0,42.74273074606839,1.2588492273125444,0.0
1789298025869592183,2026-09-13T11:13:45.869592+00:00,1789298025869594509,25853086139281,1789298025800000000,1789298025,800000000,1266125,1789298025805643,1789298025800000,2,4,52.56889876806849,120.73480659818269,gnss_local_enu,52.56889876806849,120.73480659818269,110.4343999,-7.0521891,137.514,16.363,3,9,-120.52625329442807,neo3_calibrated_diag,1,150.70575777188935,yahboom_calibrated_diag,0,-120.51042904484102,logger_gyro_integral:neo3_diag,1,nan,-159.697265625,0.0,42.76216757453252,1.2561809475825987,0.0
1789298025969606652,2026-09-13T11:13:45.969607+00:00,1789298025969608926,25853186153735,1789298025800000000,1789298025,800000000,1266125,1789298025805643,1789298025800000,2,4,52.56889876806849,120.73480659818269,gnss_local_enu,52.56889876806849,120.73480659818269,110.4343999,-7.0521891,137.514,16.363,3,9,-120.52764725332327,neo3_calibrated_diag,1,150.8577577473644,yahboom_calibrated_diag,0,-120.51042904484102,logger_gyro_integral:neo3_diag,1,nan,-159.697265625,0.0,42.76821477069625,1.258515178284084,0.0
1789298026069580188,2026-09-13T11:13:46.069580+00:00,1789298026069583043,25853286127311,1789298026000000000,1789298026,0,1266332,1789298026013551,1789298026000000,2,4,52.9666501191908,121.38731576516815,gnss_local_enu,52.9666501191908,121.38731576516815,110.4344035,-7.0521832,137.954,16.439,3,9,-120.4575561246976,neo3_calibrated_diag,1,150.73873174162964,yahboom_calibrated_diag,0,-120.51042904484102,logger_gyro_integral:neo3_diag,1,nan,-159.697265625,0.0,42.63979782694097,1.2585722305235045,0.0
1789298026170148939,2026-09-13T11:13:46.170149+00:00,1789298026170151967,25853386696050,1789298026000000000,1789298026,0,1266332,1789298026013551,1789298026000000,2,4,52.9666501191908,121.38731576516815,gnss_local_enu,52.9666501191908,121.38731576516815,110.4344035,-7.0521832,137.954,16.439,3,9,-120.50191469203335,neo3_calibrated_diag,1,150.7459965475395,yahboom_calibrated_diag,0,-120.51042904484102,logger_gyro_integral:neo3_diag,1,nan,-159.697265625,0.0,42.76780183306595,1.2582676003765145,0.0
1789298026269642871,2026-09-13T11:13:46.269643+00:00,1789298026269646103,25853486190023,1789298026200000000,1789298026,200000000,1266526,1789298026207067,1789298026200000,2,4,53.673763970702645,122.49326491300619,gnss_local_enu,53.673763970702645,122.49326491300619,110.4344099,-7.0521732,138.764,16.515,3,8,-120.53308298609073,neo3_calibrated_diag,1,150.8590656454249,yahboom_calibrated_diag,0,-120.51042904484102,logger_gyro_integral:neo3_diag,1,nan,-159.697265625,0.0,42.68292509060268,1.2571601506025918,0.0
1789298026369559956,2026-09-13T11:13:46.369560+00:00,1789298026369561672,25853586106965,1789298026200000000,1789298026,200000000,1266526,1789298026207067,1789298026200000,2,4,53.673763970702645,122.49326491300619,gnss_local_enu,53.673763970702645,122.49326491300619,110.4344099,-7.0521732,138.764,16.515,3,8,-120.49354642217905,neo3_calibrated_diag,1,150.6408379602143,yahboom_calibrated_diag,0,-120.51042904484102,logger_gyro_integral:neo3_diag,1,nan,-159.697265625,0.0,42.73159197645694,1.2584725869989064,0.0
1789298026476012502,2026-09-13T11:13:46.476012+00:00,1789298026476014292,25853692559512,1789298026400000000,1789298026,400000000,1266726,1789298026407521,1789298026400000,2,4,54.193050872372424,123.37802334701787,gnss_local_enu,54.193050872372424,123.37802334701787,110.4344146,-7.0521652,139.354,16.591,3,8,-120.49792367016937,neo3_calibrated_diag,1,150.6395282849291,yahboom_calibrated_diag,0,-120.51042904484102,logger_gyro_integral:neo3_diag,1,nan,-159.697265625,0.0,42.78393866763086,1.2601288495256748,0.0
1789298026575344589,2026-09-13T11:13:46.575345+00:00,1789298026575346023,25853791891582,1789298026400000000,1789298026,400000000,1266726,1789298026407521,1789298026400000,2,4,54.193050872372424,123.37802334701787,gnss_local_enu,54.193050872372424,123.37802334701787,110.4344146,-7.0521652,139.354,16.591,3,8,-120.46978869666673,neo3_calibrated_diag,1,150.68197858276997,yahboom_calibrated_diag,0,-120.51042904484102,logger_gyro_integral:neo3_diag,1,nan,-159.697265625,0.0,42.71181779186646,1.2595042995777859,0.0
1789298026674991781,2026-09-13T11:13:46.674992+00:00,1789298026674994399,25853891538818,1789298026600000000,1789298026,600000000,1266925,1789298026606448,1789298026600000,2,4,54.36983014577662,123.80934287762935,gnss_local_enu,54.36983014577662,123.80934287762935,110.4344162,-7.0521613,139.624,16.681,3,8,-120.51286305570028,neo3_calibrated_diag,1,150.71149318597628,yahboom_calibrated_diag,0,-120.51042904484102,logger_gyro_integral:neo3_diag,1,nan,-159.697265625,0.0,42.804508889649696,1.257683021018071,0.0
1789298026776218270,2026-09-13T11:13:46.776218+00:00,1789298026776219882,25853992765262,1789298026600000000,1789298026,600000000,1266925,1789298026606448,1789298026600000,2,4,54.36983014577662,123.80934287762935,gnss_local_enu,54.36983014577662,123.80934287762935,110.4344162,-7.0521613,139.624,16.681,3,8,-120.57458850827155,neo3_calibrated_diag,1,150.75246910616877,yahboom_calibrated_diag,0,-120.51042904484102,logger_gyro_integral:neo3_diag,1,nan,-159.697265625,0.0,42.8146721709848,1.2588663741798114,0.0
1789298026875851486,2026-09-13T11:13:46.875852+00:00,1789298026875853047,25854092398439,1789298026800000000,1789298026,800000000,1267125,1789298026805663,1789298026800000,2,4,54.75653403445129,124.53926946612727,gnss_local_enu,54.75653403445129,124.53926946612727,110.4344197,-7.0521547,140.144,16.771,3,8,-120.48611266326408,neo3_calibrated_diag,1,150.7803319856547,yahboom_calibrated_diag,0,-120.51042904484102,logger_gyro_integral:neo3_diag,1,nan,-159.697265625,0.0,42.75694111832136,1.2590031830605306,0.0
1789298026975521291,2026-09-13T11:13:46.975521+00:00,1789298026975523061,25854192068388,1789298026800000000,1789298026,800000000,1267125,1789298026805663,1789298026800000,2,4,54.75653403445129,124.53926946612727,gnss_local_enu,54.75653403445129,124.53926946612727,110.4344197,-7.0521547,140.144,16.771,3,8,-120.52040201458072,neo3_calibrated_diag,1,150.78774113942887,yahboom_calibrated_diag,0,-120.51042904484102,logger_gyro_integral:neo3_diag,1,nan,-159.697265625,0.0,42.7976825600686,1.2585481026506549,0.0
1789298027075496976,2026-09-13T11:13:47.075497+00:00,1789298027075498522,25854292043947,1789298027000000000,1789298027,0,1267331,1789298027012479,1789298027000000,2,4,55.308968466064584,125.68945573903324,gnss_local_enu,55.308968466064584,125.68945573903324,110.4344247,-7.0521443,140.894,16.83,3,8,-120.54407794806669,neo3_calibrated_diag,1,150.70182864534635,yahboom_calibrated_diag,0,-120.51042904484102,logger_gyro_integral:neo3_diag,1,nan,-159.697265625,0.0,42.81746207216047,1.260848506693317,0.0
1789298027175904777,2026-09-13T11:13:47.175905+00:00,1789298027175906890,25854392451800,1789298027000000000,1789298027,0,1267331,1789298027012479,1789298027000000,2,4,55.308968466064584,125.68945573903324,gnss_local_enu,55.308968466064584,125.68945573903324,110.4344247,-7.0521443,140.894,16.83,3,8,-120.51901060805594,neo3_calibrated_diag,1,150.84032024506774,yahboom_calibrated_diag,0,-120.51042904484102,logger_gyro_integral:neo3_diag,1,nan,-159.697265625,0.0,42.791660397703666,1.2621350459915188,0.0
1789298027275193226,2026-09-13T11:13:47.275193+00:00,1789298027275194771,25854491740184,1789298027200000000,1789298027,200000000,1267527,1789298027206658,1789298027200000,2,4,55.81720775065254,126.75116511625062,gnss_local_enu,55.81720775065254,126.75116511625062,110.4344293,-7.0521347,141.523,16.889,3,8,-120.50140083797037,neo3_calibrated_diag,1,150.79515565319667,yahboom_calibrated_diag,0,-120.51042904484102,logger_gyro_integral:neo3_diag,1,nan,-159.697265625,0.0,42.69529235406287,1.2580930425973023,0.0
1789298027374890870,2026-09-13T11:13:47.374891+00:00,1789298027374892353,25854591437811,1789298027200000000,1789298027,200000000,1267527,1789298027206658,1789298027200000,2,4,55.81720775065254,126.75116511625062,gnss_local_enu,55.81720775065254,126.75116511625062,110.4344293,-7.0521347,141.523,16.889,3,8,-120.48130839301898,neo3_calibrated_diag,1,150.75946873517955,yahboom_calibrated_diag,0,-120.51042904484102,logger_gyro_integral:neo3_diag,1,nan,-159.697265625,0.0,42.741607254806176,1.2588629084862673,0.0
1789298027474621089,2026-09-13T11:13:47.474621+00:00,1789298027474622577,25854691168128,1789298027400000000,1789298027,400000000,1267728,1789298027408171,1789298027400000,2,4,56.30335075125518,127.84605422410695,gnss_local_enu,56.30335075125518,127.84605422410695,110.4344337,-7.0521248,142.224,16.948,3,8,-120.43589812729896,neo3_calibrated_diag,1,150.68061594986557,yahboom_calibrated_diag,0,-120.51042904484102,logger_gyro_integral:neo3_diag,1,nan,-159.697265625,0.0,42.698402786639456,1.2611605417275202,0.0
1789298027576085051,2026-09-13T11:13:47.576085+00:00,1789298027576086768,25854792632090,1789298027400000000,1789298027,400000000,1267728,1789298027408171,1789298027400000,2,4,56.30335075125518,127.84605422410695,gnss_local_enu,56.30335075125518,127.84605422410695,110.4344337,-7.0521248,142.224,16.948,3,8,-120.4960493108746,neo3_calibrated_diag,1,150.81490712005484,yahboom_calibrated_diag,0,-120.51042904484102,logger_gyro_integral:neo3_diag,1,nan,-159.697265625,0.0,42.7395522439157,1.2594380803713283,0.0
1789298027675125575,2026-09-13T11:13:47.675126+00:00,1789298027675128160,25854891672652,1789298027600000000,1789298027,600000000,1267926,1789298027607027,1789298027600000,2,4,57.054662186447715,129.3943831752561,gnss_local_enu,57.054662186447715,129.3943831752561,110.4344405,-7.0521108,143.244,17.022,3,8,-120.47763126007402,neo3_calibrated_diag,1,150.81100196759124,yahboom_calibrated_diag,0,-120.51042904484102,logger_gyro_integral:neo3_diag,1,nan,-159.697265625,0.0,42.709826117304665,1.263653789268072,0.0
1789298027774555698,2026-09-13T11:13:47.774556+00:00,1789298027774557230,25854991102656,1789298027600000000,1789298027,600000000,1267926,1789298027607027,1789298027600000,2,4,57.054662186447715,129.3943831752561,gnss_local_enu,57.054662186447715,129.3943831752561,110.4344405,-7.0521108,143.244,17.022,3,8,-120.5054633074151,neo3_calibrated_diag,1,150.8698555266247,yahboom_calibrated_diag,0,-120.51042904484102,logger_gyro_integral:neo3_diag,1,nan,-159.697265625,0.0,42.73588279907647,1.2604660648904302,0.0
1789298027875389229,2026-09-13T11:13:47.875389+00:00,1789298027875390761,25855091936215,1789298027800000000,1789298027,800000000,1268126,1789298027807112,1789298027800000,2,4,57.52975707085875,130.51139176309078,gnss_local_enu,57.52975707085875,130.51139176309078,110.4344448,-7.0521007,143.954,17.103,3,8,-120.51763025547052,neo3_calibrated_diag,1,150.8193752593275,yahboom_calibrated_diag,0,-120.51042904484102,logger_gyro_integral:neo3_diag,1,nan,-159.697265625,0.0,42.774808193285914,1.2621448680508696,0.0
1789298027974628824,2026-09-13T11:13:47.974629+00:00,1789298027974630379,25855191175806,1789298027800000000,1789298027,800000000,1268126,1789298027807112,1789298027800000,2,4,57.52975707085875,130.51139176309078,gnss_local_enu,57.52975707085875,130.51139176309078,110.4344448,-7.0521007,143.954,17.103,3,8,-120.47976142916765,neo3_calibrated_diag,1,150.75101316484097,yahboom_calibrated_diag,0,-120.51042904484102,logger_gyro_integral:neo3_diag,1,nan,-159.697265625,0.0,42.73557370767474,1.260522579499981,0.0
1789298028074430940,2026-09-13T11:13:48.074431+00:00,1789298028074432931,25855290977923,1789298028000000000,1789298028,0,1268333,1789298028013869,1789298028000000,2,4,57.551855803763964,130.77681929772154,gnss_local_enu,57.551855803763964,130.77681929772154,110.434445,-7.0520983,144.104,17.161,3,8,-120.4957010621339,neo3_calibrated_diag,1,150.7001895912638,yahboom_calibrated_diag,0,-120.51042904484102,logger_gyro_integral:neo3_diag,1,nan,-159.697265625,0.0,42.693624400095146,1.262805871888024,0.0
1789298028174900890,2026-09-13T11:13:48.174901+00:00,1789298028174903415,25855391447958,1789298028000000000,1789298028,0,1268333,1789298028013869,1789298028000000,2,4,57.551855803763964,130.77681929772154,gnss_local_enu,57.551855803763964,130.77681929772154,110.434445,-7.0520983,144.104,17.161,3,8,-120.53719401430672,neo3_calibrated_diag,1,150.78555675045195,yahboom_calibrated_diag,0,-120.51042904484102,logger_gyro_integral:neo3_diag,1,nan,-159.697265625,0.0,42.79883685202671,1.2609571007206222,0.0
1789298028275944285,2026-09-13T11:13:48.275944+00:00,1789298028275946004,25855492491277,1789298028200000000,1789298028,200000000,1268525,1789298028206270,1789298028200000,2,4,58.0711455763887,131.91594809440028,gnss_local_enu,58.0711455763887,131.91594809440028,110.4344497,-7.052088,144.874,17.248,3,8,-120.48338484203211,neo3_calibrated_diag,1,150.7371629538011,yahboom_calibrated_diag,0,-120.51042904484102,logger_gyro_integral:neo3_diag,1,nan,-159.697265625,0.0,42.77911443169552,1.2603790080388582,0.0
1789298028375281150,2026-09-13T11:13:48.375281+00:00,1789298028375282729,25855591828109,1789298028200000000,1789298028,200000000,1268525,1789298028206270,1789298028200000,2,4,58.0711455763887,131.91594809440028,gnss_local_enu,58.0711455763887,131.91594809440028,110.4344497,-7.052088,144.874,17.248,3,8,-120.5512098953065,neo3_calibrated_diag,1,150.76526183366906,yahboom_calibrated_diag,0,-120.51042904484102,logger_gyro_integral:neo3_diag,1,nan,-159.697265625,0.0,42.753732629796204,1.260214531752729,0.0
1789298028475767601,2026-09-13T11:13:48.475768+00:00,1789298028475769138,25855692314566,1789298028400000000,1789298028,400000000,1268728,1789298028407628,1789298028400000,2,4,58.55728910476262,132.95554153104143,gnss_local_enu,58.55728910476262,132.95554153104143,110.4344541,-7.0520786,145.574,17.306,3,8,-120.52041989019052,neo3_calibrated_diag,1,150.8781729977513,yahboom_calibrated_diag,0,-120.51042904484102,logger_gyro_integral:neo3_diag,1,nan,-159.697265625,0.0,42.8319079121582,1.2591078853815367,0.0
1789298028575131626,2026-09-13T11:13:48.575132+00:00,1789298028575133232,25855791678606,1789298028400000000,1789298028,400000000,1268728,1789298028407628,1789298028400000,2,4,58.55728910476262,132.95554153104143,gnss_local_enu,58.55728910476262,132.95554153104143,110.4344541,-7.0520786,145.574,17.306,3,8,-120.55260408695901,neo3_calibrated_diag,1,150.85688737886605,yahboom_calibrated_diag,0,-120.51042904484102,logger_gyro_integral:neo3_diag,1,nan,-159.697265625,0.0,42.75977753800995,1.2594185304232544,0.0
1789298028674408628,2026-09-13T11:13:48.674409+00:00,1789298028674411688,25855890955861,1789298028600000000,1789298028,600000000,1268926,1789298028607744,1789298028600000,2,4,58.700923532460166,133.4642780375418,gnss_local_enu,58.700923532460166,133.4642780375418,110.4344554,-7.052074,145.874,17.364,3,8,-120.52320065886376,neo3_calibrated_diag,1,150.81350942517645,yahboom_calibrated_diag,0,-120.51042904484102,logger_gyro_integral:neo3_diag,1,nan,-159.697265625,0.0,42.84396439401471,1.2609436900410236,0.0
1789298028770175124,2026-09-13T11:13:48.770175+00:00,1789298028770177004,25855986722093,1789298028600000000,1789298028,600000000,1268926,1789298028607744,1789298028600000,2,4,58.700923532460166,133.4642780375418,gnss_local_enu,58.700923532460166,133.4642780375418,110.4344554,-7.052074,145.874,17.364,3,8,-120.49953914053901,neo3_calibrated_diag,1,150.71631768352742,yahboom_calibrated_diag,0,-120.51042904484102,logger_gyro_integral:neo3_diag,1,nan,-159.697265625,0.0,42.84700529258142,1.2602390672743176,0.0
1789298028870328147,2026-09-13T11:13:48.870328+00:00,1789298028870330062,25856086875214,1789298028800000000,1789298028,800000000,1269125,1789298028806754,1789298028800000,2,4,58.81141209133781,133.84030214025466,gnss_local_enu,58.81141209133781,133.84030214025466,110.4344564,-7.0520706,146.16400000000002,17.414,3,8,-120.54494830463366,neo3_calibrated_diag,1,150.7679466302339,yahboom_calibrated_diag,0,-120.51042904484102,logger_gyro_integral:neo3_diag,1,nan,-159.697265625,0.0,42.80773692367304,1.2572032640425739,0.0
1789298028970122175,2026-09-13T11:13:48.970122+00:00,1789298028970123956,25856186669171,1789298028800000000,1789298028,800000000,1269125,1789298028806754,1789298028800000,2,4,58.81141209133781,133.84030214025466,gnss_local_enu,58.81141209133781,133.84030214025466,110.4344564,-7.0520706,146.16400000000002,17.414,3,8,-120.50809065153481,neo3_calibrated_diag,1,150.73768538308556,yahboom_calibrated_diag,0,-120.51042904484102,logger_gyro_integral:neo3_diag,1,nan,-159.697265625,0.0,42.81194184769129,1.2597767487656932,0.0
1789298029070279665,2026-09-13T11:13:49.070280+00:00,1789298029070281680,25856286826683,1789298029000000000,1789298029,0,1269332,1789298029013540,1789298029000000,2,4,59.452237367075796,135.03473068025187,gnss_local_enu,59.452237367075796,135.03473068025187,110.4344622,-7.0520598,147.04500000000002,17.486,3,8,-120.5242358095335,neo3_calibrated_diag,1,150.82120029266628,yahboom_calibrated_diag,0,-120.51042904484102,logger_gyro_integral:neo3_diag,1,nan,-159.697265625,0.0,42.78153678517053,1.2601875795894835,0.0
1789298029170791523,2026-09-13T11:13:49.170791+00:00,1789298029170795297,25856387338696,1789298029000000000,1789298029,0,1269332,1789298029013540,1789298029000000,2,4,59.452237367075796,135.03473068025187,gnss_local_enu,59.452237367075796,135.03473068025187,110.4344622,-7.0520598,147.04500000000002,17.486,3,8,-120.5298045895124,neo3_calibrated_diag,1,150.72667155235695,yahboom_calibrated_diag,0,-120.51042904484102,logger_gyro_integral:neo3_diag,1,nan,-159.697265625,0.0,42.80567472778463,1.25632080692765,0.0
1789298029269482366,2026-09-13T11:13:49.269482+00:00,1789298029269484332,25856486029428,1789298029200000000,1789298029,200000000,1269526,1789298029206854,1789298029200000,2,4,73.16373386308805,161.444928150859,gnss_local_enu,73.16373386308805,161.444928150859,110.4345863,-7.051821,165.425,15.772,3,9,-120.49153004993056,neo3_calibrated_diag,1,150.79350535389838,yahboom_calibrated_diag,0,-120.51042904484102,logger_gyro_integral:neo3_diag,1,nan,-159.697265625,0.0,42.781079021871335,1.259899786466189,0.0
1789298029369568657,2026-09-13T11:13:49.369569+00:00,1789298029369570227,25856586115648,1789298029200000000,1789298029,200000000,1269526,1789298029206854,1789298029200000,2,4,73.16373386308805,161.444928150859,gnss_local_enu,73.16373386308805,161.444928150859,110.4345863,-7.051821,165.425,15.772,3,9,-120.58732804613788,neo3_calibrated_diag,1,150.82790995231582,yahboom_calibrated_diag,0,-120.51042904484102,logger_gyro_integral:neo3_diag,1,nan,-159.697265625,0.0,42.85044750585576,1.260485412694685,0.0
1789298029470693956,2026-09-13T11:13:49.470694+00:00,1789298029470695595,25856687240958,1789298029400000000,1789298029,400000000,1269728,1789298029409436,1789298029400000,2,4,74.47853753610343,164.453119557401,gnss_local_enu,74.47853753610343,164.453119557401,110.4345982,-7.0517938,166.936,15.383,3,9,-120.53541688184077,neo3_calibrated_diag,1,150.89366417754061,yahboom_calibrated_diag,0,-120.51042904484102,logger_gyro_integral:neo3_diag,1,nan,-159.697265625,0.0,42.777079460295084,1.2575960569390865,0.0
1789298029571498323,2026-09-13T11:13:49.571498+00:00,1789298029571500184,25856788045377,1789298029400000000,1789298029,400000000,1269728,1789298029409436,1789298029400000,2,4,74.47853753610343,164.453119557401,gnss_local_enu,74.47853753610343,164.453119557401,110.4345982,-7.0517938,166.936,15.383,3,9,-120.49952237841434,neo3_calibrated_diag,1,150.75787058914082,yahboom_calibrated_diag,0,-120.51042904484102,logger_gyro_integral:neo3_diag,1,nan,-159.697265625,0.0,42.771485402357726,1.260669673832201,0.0
1789298029670726913,2026-09-13T11:13:49.670727+00:00,1789298029670729191,25856887273925,1789298029600000000,1789298029,600000000,1269927,1789298029608504,1789298029600000,2,4,70.313144376107,156.63399018876316,gnss_local_enu,70.313144376107,156.63399018876316,110.4345605,-7.0518645,161.085,17.951,3,9,-120.5677915116583,neo3_calibrated_diag,1,150.6261303403303,yahboom_calibrated_diag,0,-120.51042904484102,logger_gyro_integral:neo3_diag,1,nan,-159.697265625,0.0,42.81880674834833,1.2593835716179105,0.0
1789298029771095149,2026-09-13T11:13:49.771095+00:00,1789298029771096787,25856987642185,1789298029600000000,1789298029,600000000,1269927,1789298029608504,1789298029600000,2,4,70.313144376107,156.63399018876316,gnss_local_enu,70.313144376107,156.63399018876316,110.4345605,-7.0518645,161.085,17.951,3,9,-120.52062647624068,neo3_calibrated_diag,1,150.73873174162964,yahboom_calibrated_diag,0,-120.51042904484102,logger_gyro_integral:neo3_diag,1,nan,-159.697265625,0.0,42.81344254698634,1.2585722305235045,0.0
1789298029870625258,2026-09-13T11:13:49.870625+00:00,1789298029870627169,25857087172327,1789298029800000000,1789298029,800000000,1270127,1789298029807984,1789298029800000,2,4,64.42415608011311,145.34218077179855,gnss_local_enu,64.42415608011311,145.34218077179855,110.4345072,-7.0519666,152.905,19.404,3,9,-120.54748164265959,neo3_calibrated_diag,1,150.76379065741642,yahboom_calibrated_diag,0,-120.51042904484102,logger_gyro_integral:neo3_diag,1,nan,-159.697265625,0.0,42.80833905106457,1.2618707301291217,0.0
1789298029969572137,2026-09-13T11:13:49.969572+00:00,1789298029969573978,25857186119236,1789298029800000000,1789298029,800000000,1270127,1789298029807984,1789298029800000,2,4,64.42415608011311,145.34218077179855,gnss_local_enu,64.42415608011311,145.34218077179855,110.4345072,-7.0519666,152.905,19.404,3,9,-120.519438815974,neo3_calibrated_diag,1,150.79419240304884,yahboom_calibrated_diag,0,-120.51042904484102,logger_gyro_integral:neo3_diag,1,nan,-159.697265625,0.0,42.81895776116462,1.2591469763981447,0.0
1789298030070145452,2026-09-13T11:13:50.070146+00:00,1789298030070148123,25857286692556,1789298030000000000,1789298030,0,1270334,1789298030014599,1789298030000000,2,4,58.70091662908916,134.27159301255023,gnss_local_enu,58.70091662908916,134.27159301255023,110.4344554,-7.0520667,145.024,20.019,3,9,-120.48776700726668,neo3_calibrated_diag,1,150.82274898547158,yahboom_calibrated_diag,0,-120.51042904484102,logger_gyro_integral:neo3_diag,1,nan,-159.697265625,0.0,42.77871310445886,1.2585314133978858,0.0
1789298030170381113,2026-09-13T11:13:50.170381+00:00,1789298030170383459,25857386928096,1789298030000000000,1789298030,0,1270334,1789298030014599,1789298030000000,2,4,58.70091662908916,134.27159301255023,gnss_local_enu,58.70091662908916,134.27159301255023,110.4344554,-7.0520667,145.024,20.019,3,9,-120.5724230481281,neo3_calibrated_diag,1,150.77870412007002,yahboom_calibrated_diag,0,-120.51042904484102,logger_gyro_integral:neo3_diag,1,nan,-159.697265625,0.0,42.829883924065214,1.2608099359324814,0.0
1789298030269941233,2026-09-13T11:13:50.269941+00:00,1789298030269943243,25857486488230,1789298030200000000,1789298030,200000000,1270526,1789298030207195,1789298030200000,2,4,53.76214966604438,124.66088493634224,gnss_local_enu,53.76214966604438,124.66088493634224,110.4344107,-7.0521536,138.193,19.893,3,9,-120.5110758685522,neo3_calibrated_diag,1,150.79144912390635,yahboom_calibrated_diag,0,-120.51042904484102,logger_gyro_integral:neo3_diag,1,nan,-159.697265625,0.0,42.8055380296008,1.2621582177184347,0.0
1789298030369591907,2026-09-13T11:13:50.369592+00:00,1789298030369593569,25857586138893,1789298030200000000,1789298030,200000000,1270526,1789298030207195,1789298030200000,2,4,53.76214966604438,124.66088493634224,gnss_local_enu,53.76214966604438,124.66088493634224,110.4344107,-7.0521536,138.193,19.893,3,9,-120.48079947399233,neo3_calibrated_diag,1,150.7015761520224,yahboom_calibrated_diag,0,-120.51042904484102,logger_gyro_integral:neo3_diag,1,nan,-159.697265625,0.0,42.80129344169987,1.261149639735196,0.0
1789298030470204660,2026-09-13T11:13:50.470205+00:00,1789298030470206736,25857686751681,1789298030400000000,1789298030,400000000,1270726,1789298030407412,1789298030400000,2,4,55.48574433500473,128.1114449291201,gnss_local_enu,55.48574433500473,128.1114449291201,110.4344263,-7.0521224,140.514,18.398,3,8,-120.54800713971652,neo3_calibrated_diag,1,150.75733889127724,yahboom_calibrated_diag,0,-120.51042904484102,logger_gyro_integral:neo3_diag,1,nan,-159.697265625,0.0,42.7787230638328,1.2612719291577805,0.0
1789298030571110571,2026-09-13T11:13:50.571111+00:00,1789298030571112210,25857787657559,1789298030400000000,1789298030,400000000,1270726,1789298030407412,1789298030400000,2,4,55.48574433500473,128.1114449291201,gnss_local_enu,55.48574433500473,128.1114449291201,110.4344263,-7.0521224,140.514,18.398,3,8,-120.45034028210834,neo3_calibrated_diag,1,150.75773761705446,yahboom_calibrated_diag,0,-120.51042904484102,logger_gyro_integral:neo3_diag,1,nan,-159.697265625,0.0,42.78565383164783,1.2608202376537547,0.0
1789298030671044329,2026-09-13T11:13:50.671044+00:00,1789298030671046358,25857887591330,1789298030600000000,1789298030,600000000,1270926,1789298030607658,1789298030600000,2,4,56.911026598862406,130.99797460998442,gnss_local_enu,56.911026598862406,130.99797460998442,110.4344392,-7.0520963,142.534,17.051,3,8,-120.56088591164075,neo3_calibrated_diag,1,150.7734681083182,yahboom_calibrated_diag,0,-120.51042904484102,logger_gyro_integral:neo3_diag,1,nan,-159.697265625,0.0,42.78437638124576,1.258856031579018,0.0
1789298030770967364,2026-09-13T11:13:50.770967+00:00,1789298030770970810,25857987514772,1789298030600000000,1789298030,600000000,1270926,1789298030607658,1789298030600000,2,4,56.911026598862406,130.99797460998442,gnss_local_enu,56.911026598862406,130.99797460998442,110.4344392,-7.0520963,142.534,17.051,3,8,-120.51402555148566,neo3_calibrated_diag,1,150.71708664844212,yahboom_calibrated_diag,0,-120.51042904484102,logger_gyro_integral:neo3_diag,1,nan,-159.697265625,0.0,42.79479948676474,1.2593356723970368,0.0
1789298030869561753,2026-09-13T11:13:50.869562+00:00,1789298030869563361,25858086108730,1789298030800000000,1789298030,800000000,1271126,1789298030806819,1789298030800000,2,4,58.126384050208145,133.39788783755438,gnss_local_enu,58.126384050208145,133.39788783755438,110.4344502,-7.0520746,144.225,15.835,3,8,-120.48611266326408,neo3_calibrated_diag,1,150.67498273821298,yahboom_calibrated_diag,0,-120.51042904484102,logger_gyro_integral:neo3_diag,1,nan,-159.697265625,0.0,42.75694111832136,1.2595079663035749,0.0
1789298030969595647,2026-09-13T11:13:50.969596+00:00,1789298030969597184,25858186142649,1789298030800000000,1789298030,800000000,1271126,1789298030806819,1789298030800000,2,4,58.126384050208145,133.39788783755438,gnss_local_enu,58.126384050208145,133.39788783755438,110.4344502,-7.0520746,144.225,15.835,3,8,-120.54210070443695,neo3_calibrated_diag,1,150.8349007916091,yahboom_calibrated_diag,0,-120.51042904484102,logger_gyro_integral:neo3_diag,1,nan,-159.697265625,0.0,42.814167386513546,1.260482142716149,0.0
1789298031069586528,2026-09-13T11:13:51.069587+00:00,1789298031069588590,25858286133551,1789298031000000000,1789298031,0,1271332,1789298031013642,1789298031000000,2,4,59.1097188533103,135.21164920023995,gnss_local_enu,59.1097188533103,135.21164920023995,110.4344591,-7.0520582,145.564,14.752,3,8,-120.49821624367083,neo3_calibrated_diag,1,150.7581366286227,yahboom_calibrated_diag,0,-120.51042904484102,logger_gyro_integral:neo3_diag,1,nan,-159.697265625,0.0,42.74273074606839,1.2603685462087895,0.0
1789298031170114957,2026-09-13T11:13:51.170115+00:00,1789298031170117000,25858386662004,1789298031000000000,1789298031,0,1271332,1789298031013642,1789298031000000,2,4,59.1097188533103,135.21164920023995,gnss_local_enu,59.1097188533103,135.21164920023995,110.4344591,-7.0520582,145.564,14.752,3,8,-120.51121375861196,neo3_calibrated_diag,1,150.8366097472838,yahboom_calibrated_diag,0,-120.51042904484102,logger_gyro_integral:neo3_diag,1,nan,-159.697265625,0.0,42.85821968307247,1.2586754246450231,0.0
1789298031269619812,2026-09-13T11:13:51.269620+00:00,1789298031269621534,25858486166857,1789298031200000000,1789298031,200000000,1271527,1789298031207089,1789298031200000,2,4,59.739495757124615,136.47243418320124,gnss_local_enu,59.739495757124615,136.47243418320124,110.4344648,-7.0520468,146.455,13.634,3,9,-120.54801365523389,neo3_calibrated_diag,1,150.80846720327108,yahboom_calibrated_diag,0,-120.51042904484102,logger_gyro_integral:neo3_diag,1,nan,-159.697265625,0.0,42.8241377123568,1.2588391571168622,0.0
1789298031369721620,2026-09-13T11:13:51.369722+00:00,1789298031369723332,25858586268645,1789298031200000000,1789298031,200000000,1271527,1789298031207089,1789298031200000,2,4,59.739495757124615,136.47243418320124,gnss_local_enu,59.739495757124615,136.47243418320124,110.4344648,-7.0520468,146.455,13.634,3,9,-120.47940482147791,neo3_calibrated_diag,1,150.6944640106889,yahboom_calibrated_diag,0,-120.51042904484102,logger_gyro_integral:neo3_diag,1,nan,-159.697265625,0.0,42.74255433550503,1.261303822462858,0.0
1789298031469586447,2026-09-13T11:13:51.469586+00:00,1789298031469588553,25858686133480,1789298031400000000,1789298031,400000000,1271728,1789298031408438,1789298031400000,2,4,60.391370438957324,137.82169520332764,gnss_local_enu,60.391370438957324,137.82169520332764,110.4344707,-7.0520346,147.385,12.908,3,9,-120.53435486453613,neo3_calibrated_diag,1,150.8010522723089,yahboom_calibrated_diag,0,-120.51042904484102,logger_gyro_integral:neo3_diag,1,nan,-159.697265625,0.0,42.809537622852226,1.259294180592274,0.0
1789298031569547923,2026-09-13T11:13:51.569548+00:00,1789298031569549596,25858786094943,1789298031400000000,1789298031,400000000,1271728,1789298031408438,1789298031400000,2,4,60.391370438957324,137.82169520332764,gnss_local_enu,60.391370438957324,137.82169520332764,110.4344707,-7.0520346,147.385,12.908,3,9,-120.49194255921115,neo3_calibrated_diag,1,150.85118906096707,yahboom_calibrated_diag,0,-120.51042904484102,logger_gyro_integral:neo3_diag,1,nan,-159.697265625,0.0,42.79680338195365,1.258066711883631,0.0
1789298031670089026,2026-09-13T11:13:51.670089+00:00,1789298031670091303,25858886636046,1789298031600000000,1789298031,600000000,1271927,1789298031607491,1789298031600000,2,4,60.8443688941249,138.80599313886535,gnss_local_enu,60.8443688941249,138.80599313886535,110.4344748,-7.0520257,148.095,13.005,3,9,-120.4399050126971,neo3_calibrated_diag,1,150.86359269577622,yahboom_calibrated_diag,0,-120.51042904484102,logger_gyro_integral:neo3_diag,1,nan,-159.697265625,0.0,42.84019577577115,1.2597164523219486,0.0
1789298031769948132,2026-09-13T11:13:51.769948+00:00,1789298031769950463,25858986495195,1789298031600000000,1789298031,600000000,1271927,1789298031607491,1789298031600000,2,4,60.8443688941249,138.80599313886535,gnss_local_enu,60.8443688941249,138.80599313886535,110.4344748,-7.0520257,148.095,13.005,3,9,-120.54119664630299,neo3_calibrated_diag,1,150.7091986008197,yahboom_calibrated_diag,0,-120.51042904484102,logger_gyro_integral:neo3_diag,1,nan,-159.697265625,0.0,42.782722608231694,1.2603932110731468,0.0
1789298031869560037,2026-09-13T11:13:51.869560+00:00,1789298031869561677,25859086107013,1789298031800000000,1789298031,800000000,1272127,1789298031807643,1789298031800000,2,4,61.27526962330276,139.823467612936,gnss_local_enu,61.27526962330276,139.823467612936,110.4344787,-7.0520165,148.724,13.105,3,9,-120.47244297408905,neo3_calibrated_diag,1,150.8017441663293,yahboom_calibrated_diag,0,-120.51042904484102,logger_gyro_integral:neo3_diag,1,nan,-159.697265625,0.0,42.76515376486445,1.2585413724540162,0.0
1789298031969579371,2026-09-13T11:13:51.969579+00:00,1789298031969580786,25859186126373,1789298031800000000,1789298031,800000000,1272127,1789298031807643,1789298031800000,2,4,61.27526962330276,139.823467612936,gnss_local_enu,61.27526962330276,139.823467612936,110.4344787,-7.0520165,148.724,13.105,3,9,-120.49812525173442,neo3_calibrated_diag,1,150.83419017179074,yahboom_calibrated_diag,0,-120.51042904484102,logger_gyro_integral:neo3_diag,1,nan,-159.697265625,0.0,42.81816869787988,1.2612349422316969,0.0
1789298032069624654,2026-09-13T11:13:52.069625+00:00,1789298032069626462,25859286171690,1789298032000000000,1789298032,0,1272333,1789298032014496,1789298032000000,2,4,61.52939138056533,140.58657275437747,gnss_local_enu,61.52939138056533,140.58657275437747,110.434481,-7.0520096,149.154,13.21,3,9,-120.4728212099009,neo3_calibrated_diag,1,150.78555675045195,yahboom_calibrated_diag,0,-120.51042904484102,logger_gyro_integral:neo3_diag,1,nan,-159.697265625,0.0,42.694580189251184,1.2609571007206222,0.0
1789298032170393446,2026-09-13T11:13:52.170393+00:00,1789298032170395581,25859386940470,1789298032000000000,1789298032,0,1272333,1789298032014496,1789298032000000,2,4,61.52939138056533,140.58657275437747,gnss_local_enu,61.52939138056533,140.58657275437747,110.434481,-7.0520096,149.154,13.21,3,9,-120.50845671900895,neo3_calibrated_diag,1,150.7593353811495,yahboom_calibrated_diag,0,-120.51042904484102,logger_gyro_integral:neo3_diag,1,nan,-159.697265625,0.0,42.770683246265776,1.2590134722288904,0.0
1789298032269621459,2026-09-13T11:13:52.269622+00:00,1789298032269623151,25859486168450,1789298032200000000,1789298032,200000000,1272528,1789298032208821,1789298032200000,2,4,61.71722082966164,141.13954840950433,gnss_local_enu,61.71722082966164,141.13954840950433,110.4344827,-7.0520046,149.504,13.314,3,9,-120.54376046404762,neo3_calibrated_diag,1,150.61086665875797,yahboom_calibrated_diag,0,-120.51042904484102,logger_gyro_integral:neo3_diag,1,nan,-159.697265625,0.0,42.77912221433372,1.2610474892471972,0.0
1789298032369659006,2026-09-13T11:13:52.369659+00:00,1789298032369660679,25859586206012,1789298032200000000,1789298032,200000000,1272528,1789298032208821,1789298032200000,2,4,61.71722082966164,141.13954840950433,gnss_local_enu,61.71722082966164,141.13954840950433,110.4344827,-7.0520046,149.504,13.314,3,9,-120.46257490453925,neo3_calibrated_diag,1,150.75694045098422,yahboom_calibrated_diag,0,-120.51042904484102,logger_gyro_integral:neo3_diag,1,nan,-159.697265625,0.0,42.77141523731123,1.2617236207208031,0.0
1789298032469555186,2026-09-13T11:13:52.469555+00:00,1789298032469556849,25859686102158,1789298032400000000,1789298032,400000000,1272727,1789298032407894,1789298032400000,2,4,61.90505000481457,141.52663345810254,gnss_local_enu,61.90505000481457,141.52663345810254,110.4344844,-7.0520011,149.844,13.416,3,9,-120.49727450326316,neo3_calibrated_diag,1,150.9033073065064,yahboom_calibrated_diag,0,-120.51042904484102,logger_gyro_integral:neo3_diag,1,nan,-159.697265625,0.0,42.75247948127571,1.2619560018060565,0.0
1789298032570081727,2026-09-13T11:13:52.570082+00:00,1789298032570083387,25859786628797,1789298032400000000,1789298032,400000000,1272727,1789298032407894,1789298032400000,2,4,61.90505000481457,141.52663345810254,gnss_local_enu,61.90505000481457,141.52663345810254,110.4344844,-7.0520011,149.844,13.416,3,9,-120.52457630679986,neo3_calibrated_diag,1,150.7726584188861,yahboom_calibrated_diag,0,-120.51042904484102,logger_gyro_integral:neo3_diag,1,nan,-159.697265625,0.0,42.815764822695854,1.259759409958295,0.0
1789298032670157363,2026-09-13T11:13:52.670157+00:00,1789298032670159599,25859886704408,1789298032600000000,1789298032,600000000,1272926,1789298032606856,1789298032600000,2,4,62.424341378161444,142.4335194692879,gnss_local_enu,62.424341378161444,142.4335194692879,110.4344891,-7.0519929,150.684,13.519,3,9,-120.5064549485731,neo3_calibrated_diag,1,150.84845109416693,yahboom_calibrated_diag,0,-120.51042904484102,logger_gyro_integral:neo3_diag,1,nan,-159.697265625,0.0,42.76740170546838,1.2609273346329273,0.0
1789298032770009845,2026-09-13T11:13:52.770010+00:00,1789298032770011293,25859986556794,1789298032600000000,1789298032,600000000,1272926,1789298032606856,1789298032600000,2,4,62.424341378161444,142.4335194692879,gnss_local_enu,62.424341378161444,142.4335194692879,110.4344891,-7.0519929,150.684,13.519,3,9,-120.54070909848551,neo3_calibrated_diag,1,150.70144995057217,yahboom_calibrated_diag,0,-120.51042904484102,logger_gyro_integral:neo3_diag,1,nan,-159.697265625,0.0,42.808137112474306,1.2613002062650094,0.0
1789298032869626236,2026-09-13T11:13:52.869626+00:00,1789298032869628054,25860086173247,1789298032800000000,1789298032,800000000,1273127,1789298032808115,1789298032800000,2,4,62.63426707618448,142.83166241686664,gnss_local_enu,62.63426707618448,142.83166241686664,110.434491,-7.0519893,150.954,13.634,3,9,-120.50346560898505,neo3_calibrated_diag,1,150.7028398258733,yahboom_calibrated_diag,0,-120.51042904484102,logger_gyro_integral:neo3_diag,1,nan,-159.697265625,0.0,42.79655397533311,1.2596439747627561,0.0
1789298032970131964,2026-09-13T11:13:52.970132+00:00,1789298032970133464,25860186678946,1789298032800000000,1789298032,800000000,1273127,1789298032808115,1789298032800000,2,4,62.63426707618448,142.83166241686664,gnss_local_enu,62.63426707618448,142.83166241686664,110.434491,-7.0519893,150.954,13.634,3,9,-120.48574788245074,neo3_calibrated_diag,1,150.78774113942887,yahboom_calibrated_diag,0,-120.51042904484102,logger_gyro_integral:neo3_diag,1,nan,-159.697265625,0.0,42.81665264228394,1.2585481026506549,0.0
1789298033069643375,2026-09-13T11:13:53.069643+00:00,1789298033069646228,25860286190965,1789298033000000000,1789298033,0,1273334,1789298033014915,1789298033000000,2,4,62.8220949363818,143.26298171149566,gnss_local_enu,62.8220949363818,143.26298171149566,110.4344927,-7.0519854,151.144,13.734,3,9,-120.52160666164343,neo3_calibrated_diag,1,150.79350535389838,yahboom_calibrated_diag,0,-120.51042904484102,logger_gyro_integral:neo3_diag,1,nan,-159.697265625,0.0,42.769483585623284,1.259899786466189,0.0
1789298033170602060,2026-09-13T11:13:53.170602+00:00,1789298033170604307,25860387149073,1789298033000000000,1789298033,0,1273334,1789298033014915,1789298033000000,2,4,62.8220949363818,143.26298171149566,gnss_local_enu,62.8220949363818,143.26298171149566,110.4344927,-7.0519854,151.144,13.734,3,9,-120.47801772579656,neo3_calibrated_diag,1,150.7448114348382,yahboom_calibrated_diag,0,-120.51042904484102,logger_gyro_integral:neo3_diag,1,nan,-159.697265625,0.0,42.7892527642456,1.2596226802484578,0.0
1789298033269665923,2026-09-13T11:13:53.269666+00:00,1789298033269668244,25860486213004,1789298033200000000,1789298033,200000000,1273526,1789298033207197,1789298033200000,2,4,63.418725747696925,144.45740908058627,gnss_local_enu,63.418725747696925,144.45740908058627,110.4344981,-7.0519746,151.875,13.829,3,9,-120.54785793556884,neo3_calibrated_diag,1,150.7726584188861,yahboom_calibrated_diag,0,-120.51042904484102,logger_gyro_integral:neo3_diag,1,nan,-159.697265625,0.0,42.8241377123568,1.259759409958295,0.0
1789298033370189677,2026-09-13T11:13:53.370190+00:00,1789298033370191228,25860586736684,1789298033200000000,1789298033,200000000,1273526,1789298033207197,1789298033200000,2,4,63.418725747696925,144.45740908058627,gnss_local_enu,63.418725747696925,144.45740908058627,110.4344981,-7.0519746,151.875,13.829,3,9,-120.52895720092124,neo3_calibrated_diag,1,150.67130149508668,yahboom_calibrated_diag,0,-120.51042904484102,logger_gyro_integral:neo3_diag,1,nan,-159.697265625,0.0,42.8153651433326,1.2554463151554034,0.0
1789298033469598460,2026-09-13T11:13:53.469599+00:00,1789298033469600370,25860686145486,1789298033400000000,1789298033,400000000,1273728,1789298033407570,1789298033400000,2,4,63.78333413209903,145.3089910807628,gnss_local_enu,63.78333413209903,145.3089910807628,110.4345014,-7.0519669,152.365,13.942,3,9,-120.43981712898402,neo3_calibrated_diag,1,150.70512206804634,yahboom_calibrated_diag,0,-120.51042904484102,logger_gyro_integral:neo3_diag,1,nan,-159.697265625,0.0,42.805985583360886,1.2569337793098239,0.0
1789298033591315892,2026-09-13T11:13:53.591316+00:00,1789298033591319835,25860807863611,1789298033400000000,1789298033,400000000,1273728,1789298033407570,1789298033400000,2,4,63.78333413209903,145.3089910807628,gnss_local_enu,63.78333413209903,145.3089910807628,110.4345014,-7.0519669,152.365,13.942,3,9,-120.50703636303442,neo3_calibrated_diag,1,150.85003471668097,yahboom_calibrated_diag,0,-120.51042904484102,logger_gyro_integral:neo3_diag,1,nan,-159.697265625,0.0,42.84014782201971,1.259271184281287,0.0
1789298033670165854,2026-09-13T11:13:53.670166+00:00,1789298033670169160,25860886713108,1789298033600000000,1789298033,600000000,1273927,1789298033607729,1789298033600000,2,4,63.69494532484061,145.3642871088501,gnss_local_enu,63.69494532484061,145.3642871088501,110.4345006,-7.0519664,152.32500000000002,14.036,3,9,-120.50764131534423,neo3_calibrated_diag,1,150.74376013989334,yahboom_calibrated_diag,0,-120.51042904484102,logger_gyro_integral:neo3_diag,1,nan,-159.697265625,0.0,42.79196143614358,1.260827196126584,0.0
1789298033770193482,2026-09-13T11:13:53.770193+00:00,1789298033770195386,25860986740461,1789298033600000000,1789298033,600000000,1273927,1789298033607729,1789298033600000,2,4,63.69494532484061,145.3642871088501,gnss_local_enu,63.69494532484061,145.3642871088501,110.4345006,-7.0519664,152.32500000000002,14.036,3,9,-120.52777220682107,neo3_calibrated_diag,1,150.7529994896599,yahboom_calibrated_diag,0,-120.51042904484102,logger_gyro_integral:neo3_diag,1,nan,-159.697265625,0.0,42.79086080235358,1.258264117894898,0.0
1789298033869589003,2026-09-13T11:13:53.869589+00:00,1789298033869591165,25861086136071,1789298033800000000,1789298033,800000000,1274128,1789298033807891,1789298033800000,2,4,63.87172654146439,145.90620414861428,gnss_local_enu,63.87172654146439,145.90620414861428,110.4345022,-7.0519615,152.684,14.129,3,9,-120.53059182511703,neo3_calibrated_diag,1,150.75853592628937,yahboom_calibrated_diag,0,-120.51042904484102,logger_gyro_integral:neo3_diag,1,nan,-159.697265625,0.0,42.78031703613708,1.2599168548229476,0.0
1789298033970103552,2026-09-13T11:13:53.970104+00:00,1789298033970105001,25861186650467,1789298033800000000,1789298033,800000000,1274128,1789298033807891,1789298033800000,2,4,63.87172654146439,145.90620414861428,gnss_local_enu,63.87172654146439,145.90620414861428,110.4345022,-7.0519615,152.684,14.129,3,9,-120.51880414756575,neo3_calibrated_diag,1,150.80972164988216,yahboom_calibrated_diag,0,-120.51042904484102,logger_gyro_integral:neo3_diag,1,nan,-159.697265625,0.0,42.81013472290061,1.257484106032543,0.0
1789298034069582883,2026-09-13T11:13:54.069583+00:00,1789298034069585978,25861286130507,1789298034000000000,1789298034,0,1274334,1789298034014579,1789298034000000,2,4,64.17004341396998,146.63613318499804,gnss_local_enu,64.17004341396998,146.63613318499804,110.4345049,-7.0519549,153.165,14.217,3,9,-120.48265715415944,neo3_calibrated_diag,1,150.79446745279427,yahboom_calibrated_diag,0,-120.51042904484102,logger_gyro_integral:neo3_diag,1,nan,-159.697265625,0.0,42.70649949610012,1.2588458524199673,0.0
1789298034170707734,2026-09-13T11:13:54.170708+00:00,1789298034170711015,25861387254793,1789298034000000000,1789298034,0,1274334,1789298034014579,1789298034000000,2,4,64.17004341396998,146.63613318499804,gnss_local_enu,64.17004341396998,146.63613318499804,110.4345049,-7.0519549,153.165,14.217,3,9,-120.49551936109856,neo3_calibrated_diag,1,150.79911936256656,yahboom_calibrated_diag,0,-120.51042904484102,logger_gyro_integral:neo3_diag,1,nan,-159.697265625,0.0,42.764965471193825,1.2614020443215332,0.0
1789298034269612953,2026-09-13T11:13:54.269613+00:00,1789298034269616646,25861486160325,1789298034200000000,1789298034,200000000,1274527,1789298034208127,1789298034200000,2,4,64.82191913100199,147.797387069787,gnss_local_enu,64.82191913100199,147.797387069787,110.4345108,-7.0519444,154.065,14.322,3,9,-120.49551936109856,neo3_calibrated_diag,1,150.66749770736715,yahboom_calibrated_diag,0,-120.51042904484102,logger_gyro_integral:neo3_diag,1,nan,-159.697265625,0.0,42.764965471193825,1.260113923527387,0.0
1789298034370239676,2026-09-13T11:13:54.370240+00:00,1789298034370241797,25861586786664,1789298034200000000,1789298034,200000000,1274527,1789298034208127,1789298034200000,2,4,64.82191913100199,147.797387069787,gnss_local_enu,64.82191913100199,147.797387069787,110.4345108,-7.0519444,154.065,14.322,3,9,-120.52841237646629,neo3_calibrated_diag,1,150.67987420298076,yahboom_calibrated_diag,0,-120.51042904484102,logger_gyro_integral:neo3_diag,1,nan,-159.697265625,0.0,42.7996363019699,1.2620639468264767,0.0
1789298034469613337,2026-09-13T11:13:54.469613+00:00,1789298034469616000,25861686160539,1789298034400000000,1789298034,400000000,1274727,1789298034408360,1789298034400000,2,4,65.15338153028435,148.43884090029744,gnss_local_enu,65.15338153028435,148.43884090029744,110.4345138,-7.0519386,154.525,14.44,3,9,-120.47816094486753,neo3_calibrated_diag,1,150.77292818630343,yahboom_calibrated_diag,0,-120.51042904484102,logger_gyro_integral:neo3_diag,1,nan,-159.697265625,0.0,42.74804439825991,1.2594582838048634,0.0
1789298034569640780,2026-09-13T11:13:54.569641+00:00,1789298034569644472,25861786188095,1789298034400000000,1789298034,400000000,1274727,1789298034408360,1789298034400000,2,4,65.15338153028435,148.43884090029744,gnss_local_enu,65.15338153028435,148.43884090029744,110.4345138,-7.0519386,154.525,14.44,3,9,-120.52618641916834,neo3_calibrated_diag,1,150.8363245807173,yahboom_calibrated_diag,0,-120.51042904484102,logger_gyro_integral:neo3_diag,1,nan,-159.697265625,0.0,42.80775460924808,1.2589765442482928,0.0
1789298034670211976,2026-09-13T11:13:54.670212+00:00,1789298034670216741,25861886759388,1789298034600000000,1789298034,600000000,1274925,1789298034606300,1789298034600000,2,4,65.35226017308361,148.99181789918995,gnss_local_enu,65.35226017308361,148.99181789918995,110.4345156,-7.0519336,154.895,14.539,3,8,-120.56320855460027,neo3_calibrated_diag,1,150.82218535307268,yahboom_calibrated_diag,0,-120.51042904484102,logger_gyro_integral:neo3_diag,1,nan,-159.697265625,0.0,42.83764538681369,1.2591336555464596,0.0
1789298034769659246,2026-09-13T11:13:54.769659+00:00,1789298034769662311,25861986206518,1789298034600000000,1789298034,600000000,1274925,1789298034606300,1789298034600000,2,4,65.35226017308361,148.99181789918995,gnss_local_enu,65.35226017308361,148.99181789918995,110.4345156,-7.0519336,154.895,14.539,3,8,-120.51147505101845,neo3_calibrated_diag,1,150.83319672800326,yahboom_calibrated_diag,0,-120.51042904484102,logger_gyro_integral:neo3_diag,1,nan,-159.697265625,0.0,42.821344677410586,1.2622888618680508,0.0
1789298034869589620,2026-09-13T11:13:54.869590+00:00,1789298034869592791,25862086136852,1789298034800000000,1789298034,800000000,1275127,1789298034808184,1789298034800000,2,4,65.9046960424629,149.95399720224262,gnss_local_enu,65.9046960424629,149.95399720224262,110.4345206,-7.0519249,155.51500000000001,14.629,3,9,-120.51206647656079,neo3_calibrated_diag,1,150.8010522723089,yahboom_calibrated_diag,0,-120.51042904484102,logger_gyro_integral:neo3_diag,1,nan,-159.697265625,0.0,42.79575229629221,1.259294180592274,0.0
1789298034969632434,2026-09-13T11:13:54.969633+00:00,1789298034969635213,25862186179460,1789298034800000000,1789298034,800000000,1275127,1789298034808184,1789298034800000,2,4,65.9046960424629,149.95399720224262,gnss_local_enu,65.9046960424629,149.95399720224262,110.4345206,-7.0519249,155.51500000000001,14.629,3,9,-120.52315093672124,neo3_calibrated_diag,1,150.80749338812507,yahboom_calibrated_diag,0,-120.51042904484102,logger_gyro_integral:neo3_diag,1,nan,-159.697265625,0.0,42.8325396688499,1.2598930861404654,0.0
1789298035069601773,2026-09-13T11:13:55.069602+00:00,1789298035069604734,25862286149044,1789298035000000000,1789298035,0,1275334,1789298035014767,1789298035000000,2,4,66.23615893531941,150.59545204161483,gnss_local_enu,66.23615893531941,150.59545204161483,110.4345236,-7.0519191,156.005,14.748,3,8,-120.47413336454792,neo3_calibrated_diag,1,150.75920205901087,yahboom_calibrated_diag,0,-120.51042904484102,logger_gyro_integral:neo3_diag,1,nan,-159.697265625,0.0,42.72994392783122,1.259164035978104,0.0
1789298035170208044,2026-09-13T11:13:55.170208+00:00,1789298035170211686,25862386755275,1789298035000000000,1789298035,0,1275334,1789298035014767,1789298035000000,2,4,66.23615893531941,150.59545204161483,gnss_local_enu,66.23615893531941,150.59545204161483,110.4345236,-7.0519191,156.005,14.748,3,8,-120.55275990186676,neo3_calibrated_diag,1,150.82317206389703,yahboom_calibrated_diag,0,-120.51042904484102,logger_gyro_integral:neo3_diag,1,nan,-159.697265625,0.0,42.8395491167029,1.2580797318637713,0.0
1789298035274548885,2026-09-13T11:13:55.274549+00:00,1789298035274550992,25862491095978,1789298035200000000,1789298035,200000000,1275526,1789298035207073,1789298035200000,2,4,66.51237958210264,151.24796761710607,gnss_local_enu,66.51237958210264,151.24796761710607,110.4345261,-7.0519132,156.54500000000002,14.845,3,8,-120.47093274015714,neo3_calibrated_diag,1,150.8391823996007,yahboom_calibrated_diag,0,-120.51042904484102,logger_gyro_integral:neo3_diag,1,nan,-159.697265625,0.0,42.75488560847287,1.2559653495749927,0.0
1789298035374169901,2026-09-13T11:13:55.374170+00:00,1789298035374171697,25862590716885,1789298035200000000,1789298035,200000000,1275526,1789298035207073,1789298035200000,2,4,66.51237958210264,151.24796761710607,gnss_local_enu,66.51237958210264,151.24796761710607,110.4345261,-7.0519132,156.54500000000002,14.845,3,8,-120.51640353541973,neo3_calibrated_diag,1,150.9018756744205,yahboom_calibrated_diag,0,-120.51042904484102,logger_gyro_integral:neo3_diag,1,nan,-159.697265625,0.0,42.81384289684354,1.2563885073110663,0.0
1789298035474339307,2026-09-13T11:13:55.474339+00:00,1789298035474340911,25862690886337,1789298035400000000,1789298035,400000000,1275728,1789298035407387,1789298035400000,2,4,66.7444051291772,151.78988792784884,gnss_local_enu,66.7444051291772,151.78988792784884,110.4345282,-7.0519083,157.01500000000001,14.942,3,8,-120.51763127088853,neo3_calibrated_diag,1,150.73951782584382,yahboom_calibrated_diag,0,-120.51042904484102,logger_gyro_integral:neo3_diag,1,nan,-159.697265625,0.0,42.76296552960751,1.25766884210856,0.0
1789298035575961116,2026-09-13T11:13:55.575961+00:00,1789298035575962998,25862792508152,1789298035400000000,1789298035,400000000,1275728,1789298035407387,1789298035400000,2,4,66.7444051291772,151.78988792784884,gnss_local_enu,66.7444051291772,151.78988792784884,110.4345282,-7.0519083,157.01500000000001,14.942,3,8,-120.53055519517672,neo3_calibrated_diag,1,150.73899364428388,yahboom_calibrated_diag,0,-120.51042904484102,logger_gyro_integral:neo3_diag,1,nan,-159.697265625,0.0,42.802907982126634,1.2582711010264263,0.0
1789298035676359253,2026-09-13T11:13:55.676359+00:00,1789298035676361399,25862892906253,1789298035600000000,1789298035,600000000,1275925,1789298035605549,1789298035600000,2,4,67.23055149985983,152.80736815569765,gnss_local_enu,67.23055149985983,152.80736815569765,110.4345326,-7.0518991,157.775,15.033,3,8,-120.52819338058993,neo3_calibrated_diag,1,150.71914262553466,yahboom_calibrated_diag,0,-120.51042904484102,logger_gyro_integral:neo3_diag,1,nan,-159.697265625,0.0,42.78391863406623,1.256926620465662,0.0
1789298035775411338,2026-09-13T11:13:55.775411+00:00,1789298035775413157,25862991958403,1789298035600000000,1789298035,600000000,1275925,1789298035605549,1789298035600000,2,4,67.23055149985983,152.80736815569765,gnss_local_enu,67.23055149985983,152.80736815569765,110.4345326,-7.0518991,157.775,15.033,3,8,-120.52158696374931,neo3_calibrated_diag,1,150.842607315714,yahboom_calibrated_diag,0,-120.51042904484102,logger_gyro_integral:neo3_diag,1,nan,-159.697265625,0.0,42.82219733494418,1.2597260933986243,0.0
1789298035875544960,2026-09-13T11:13:55.875545+00:00,1789298035875546464,25863092091930,1789298035800000000,1789298035,800000000,1276128,1789298035808103,1789298035800000,2,4,67.39628458871756,153.28293008642038,gnss_local_enu,67.39628458871756,153.28293008642038,110.4345341,-7.0518948,158.145,15.149,3,8,-120.47284980666373,neo3_calibrated_diag,1,150.8993190155941,yahboom_calibrated_diag,0,-120.51042904484102,logger_gyro_integral:neo3_diag,1,nan,-159.697265625,0.0,42.78838869428948,1.2589479647757988,0.0
1789298035975259133,2026-09-13T11:13:55.975259+00:00,1789298035975260748,25863191806146,1789298035800000000,1789298035,800000000,1276128,1789298035808103,1789298035800000,2,4,67.39628458871756,153.28293008642038,gnss_local_enu,67.39628458871756,153.28293008642038,110.4345341,-7.0518948,158.145,15.149,3,8,-120.5492798413761,neo3_calibrated_diag,1,150.85645266267065,yahboom_calibrated_diag,0,-120.51042904484102,logger_gyro_integral:neo3_diag,1,nan,-159.697265625,0.0,42.825835793903664,1.2598702065980656,0.0
1789298036076483665,2026-09-13T11:13:56.076483+00:00,1789298036076486134,25863293030855,1789298036000000000,1789298036,0,1276334,1789298036014918,1789298036000000,2,4,67.90452937656215,154.31147245261508,gnss_local_enu,67.90452937656215,154.31147245261508,110.4345387,-7.0518855,159.005,15.264,3,8,-120.49062200378113,neo3_calibrated_diag,1,150.76405785669633,yahboom_calibrated_diag,0,-120.51042904484102,logger_gyro_integral:neo3_diag,1,nan,-159.697265625,0.0,42.71533512276826,1.2615696030918486,0.0
1789298036175957323,2026-09-13T11:13:56.175957+00:00,1789298036175959586,25863392504354,1789298036000000000,1789298036,0,1276334,1789298036014918,1789298036000000,2,4,67.90452937656215,154.31147245261508,gnss_local_enu,67.90452937656215,154.31147245261508,110.4345387,-7.0518855,159.005,15.264,3,8,-120.52811800068099,neo3_calibrated_diag,1,150.81392838304635,yahboom_calibrated_diag,0,-120.51042904484102,logger_gyro_integral:neo3_diag,1,nan,-159.697265625,0.0,42.82957026825742,1.2604920070640249,0.0
1789298036274174437,2026-09-13T11:13:56.274174+00:00,1789298036274176601,25863490721517,1789298036200000000,1789298036,200000000,1276526,1789298036207453,1789298036200000,2,4,68.53430834394327,155.4395483727764,gnss_local_enu,68.53430834394327,155.4395483727764,110.4345444,-7.0518753,159.82500000000002,15.358,3,8,-120.51183402354464,neo3_calibrated_diag,1,150.77373826310097,yahboom_calibrated_diag,0,-120.51042904484102,logger_gyro_integral:neo3_diag,1,nan,-159.697265625,0.0,42.75732173652134,1.258554905506643,0.0
1789298036375554329,2026-09-13T11:13:56.375554+00:00,1789298036375555920,25863592101303,1789298036200000000,1789298036,200000000,1276526,1789298036207453,1789298036200000,2,4,68.53430834394327,155.4395483727764,gnss_local_enu,68.53430834394327,155.4395483727764,110.4345444,-7.0518753,159.82500000000002,15.358,3,8,-120.46947977224096,neo3_calibrated_diag,1,150.79625848857427,yahboom_calibrated_diag,0,-120.51042904484102,logger_gyro_integral:neo3_diag,1,nan,-159.697265625,0.0,42.81298197404731,1.2568885472465186,0.0
1789298036474672890,2026-09-13T11:13:56.474673+00:00,1789298036474674994,25863691219840,1789298036400000000,1789298036,400000000,1276726,1789298036407732,1789298036400000,2,4,68.81052620299289,155.79345505674985,gnss_local_enu,68.81052620299289,155.79345505674985,110.4345469,-7.0518721,160.105,15.456,3,8,-120.53498123408944,neo3_calibrated_diag,1,150.78623847489203,yahboom_calibrated_diag,0,-120.51042904484102,logger_gyro_integral:neo3_diag,1,nan,-159.697265625,0.0,42.77991854846033,1.260204288633709,0.0
1789298036575498073,2026-09-13T11:13:56.575498+00:00,1789298036575499880,25863792045059,1789298036400000000,1789298036,400000000,1276726,1789298036407732,1789298036400000,2,4,68.81052620299289,155.79345505674985,gnss_local_enu,68.81052620299289,155.79345505674985,110.4345469,-7.0518721,160.105,15.456,3,8,-120.5470011540316,neo3_calibrated_diag,1,150.8438976410099,yahboom_calibrated_diag,0,-120.51042904484102,logger_gyro_integral:neo3_diag,1,nan,-159.697265625,0.0,42.83395691974884,1.2583710584202419,0.0
1789298036675007390,2026-09-13T11:13:56.675008+00:00,1789298036675009417,25863891554405,1789298036600000000,1789298036,600000000,1276926,1789298036607764,1789298036600000,2,4,68.98730806385717,156.20266127465325,gnss_local_enu,68.98730806385717,156.20266127465325,110.4345485,-7.0518684,160.485,15.544,3,8,-120.54054868808052,neo3_calibrated_diag,1,150.84490315016748,yahboom_calibrated_diag,0,-120.51042904484102,logger_gyro_integral:neo3_diag,1,nan,-159.697265625,0.0,42.77391123327863,1.2573171427532355,0.0
1789298036775558335,2026-09-13T11:13:56.775558+00:00,1789298036775560078,25863992105331,1789298036600000000,1789298036,600000000,1276926,1789298036607764,1789298036600000,2,4,68.98730806385717,156.20266127465325,gnss_local_enu,68.98730806385717,156.20266127465325,110.4345485,-7.0518684,160.485,15.544,3,8,-120.54858728784161,neo3_calibrated_diag,1,150.7224080091661,yahboom_calibrated_diag,0,-120.51042904484102,logger_gyro_integral:neo3_diag,1,nan,-159.697265625,0.0,42.874234035981324,1.2612894664158547,0.0
1789298036874481129,2026-09-13T11:13:56.874481+00:00,1789298036874483197,25864091028228,1789298036800000000,1789298036,800000000,1277127,1789298036808097,1789298036800000,2,4,69.57289516584814,157.4413360491147,gnss_local_enu,69.57289516584814,157.4413360491147,110.4345538,-7.0518572,161.485,15.656,3,8,-120.4665453268259,neo3_calibrated_diag,1,150.71593361434293,yahboom_calibrated_diag,0,-120.51042904484102,logger_gyro_integral:neo3_diag,1,nan,-159.697265625,0.0,42.75528715936896,1.2606907647951469,0.0
1789298036974929996,2026-09-13T11:13:56.974930+00:00,1789298036974931559,25864191477019,1789298036800000000,1789298036,800000000,1277127,1789298036808097,1789298036800000,2,4,69.57289516584814,157.4413360491147,gnss_local_enu,69.57289516584814,157.4413360491147,110.4345538,-7.0518572,161.485,15.656,3,8,-120.53616464716194,neo3_calibrated_diag,1,150.871027733939,yahboom_calibrated_diag,0,-120.51042904484102,logger_gyro_integral:neo3_diag,1,nan,-159.697265625,0.0,42.77430999439851,1.2592616010454372,0.0
1789298037075304391,2026-09-13T11:13:57.075305+00:00,1789298037075306131,25864291851393,1789298037000000000,1789298037,0,1277332,1789298037012658,1789298037000000,2,4,69.81596991176005,158.01643561279673,gnss_local_enu,69.81596991176005,158.01643561279673,110.434556,-7.051852,161.965,15.744,3,8,-120.49682151121817,neo3_calibrated_diag,1,150.871027733939,yahboom_calibrated_diag,0,-120.51042904484102,logger_gyro_integral:neo3_diag,1,nan,-159.697265625,0.0,42.73668342666403,1.2592616010454372,0.0
1789298037174563011,2026-09-13T11:13:57.174563+00:00,1789298037174565713,25864391110066,1789298037000000000,1789298037,0,1277332,1789298037012658,1789298037000000,2,4,69.81596991176005,158.01643561279673,gnss_local_enu,69.81596991176005,158.01643561279673,110.434556,-7.051852,161.965,15.744,3,8,-120.4767794405604,neo3_calibrated_diag,1,150.84246411756797,yahboom_calibrated_diag,0,-120.51042904484102,logger_gyro_integral:neo3_diag,1,nan,-159.697265625,0.0,42.78323637316958,1.2598766528787402,0.0
1789298037274893140,2026-09-13T11:13:57.274893+00:00,1789298037274894813,25864491440132,1789298037200000000,1789298037,200000000,1277529,1789298037209015,1789298037200000,2,4,70.07009418887142,158.6136560194503,gnss_local_enu,70.07009418887142,158.6136560194503,110.4345583,-7.0518466,162.525,15.831,3,8,-120.49567389030148,neo3_calibrated_diag,1,150.87176150290784,yahboom_calibrated_diag,0,-120.51042904484102,logger_gyro_integral:neo3_diag,1,nan,-159.697265625,0.0,42.764965471193825,1.2585088114014276,0.0
1789298037369555378,2026-09-13T11:13:57.369555+00:00,1789298037369556983,25864586102368,1789298037200000000,1789298037,200000000,1277529,1789298037209015,1789298037200000,2,4,70.07009418887142,158.6136560194503,gnss_local_enu,70.07009418887142,158.6136560194503,110.4345583,-7.0518466,162.525,15.831,3,8,-120.50505016770234,neo3_calibrated_diag,1,150.80721545440227,yahboom_calibrated_diag,0,-120.51042904484102,logger_gyro_integral:neo3_diag,1,nan,-159.697265625,0.0,42.83683199584209,1.2601942087831806,0.0
1789298037469697576,2026-09-13T11:13:57.469697+00:00,1789298037469699386,25864686244539,1789298037400000000,1789298037,400000000,1277729,1789298037409085,1789298037400000,2,4,70.6777779856839,159.77491405762498,gnss_local_enu,70.6777779856839,159.77491405762498,110.4345638,-7.0518361,163.455,15.918,3,8,-120.50904609189737,neo3_calibrated_diag,1,150.78774113942887,yahboom_calibrated_diag,0,-120.51042904484102,logger_gyro_integral:neo3_diag,1,nan,-159.697265625,0.0,42.745240816731865,1.2585481026506549,0.0
1789298037570617462,2026-09-13T11:13:57.570617+00:00,1789298037570618923,25864787164444,1789298037400000000,1789298037,400000000,1277729,1789298037409085,1789298037400000,2,4,70.6777779856839,159.77491405762498,gnss_local_enu,70.6777779856839,159.77491405762498,110.4345638,-7.0518361,163.455,15.918,3,8,-120.563510942284,neo3_calibrated_diag,1,150.73846996427247,yahboom_calibrated_diag,0,-120.51042904484102,logger_gyro_integral:neo3_diag,1,nan,-159.697265625,0.0,42.76221689729848,1.2588733600459885,0.0
1789298037671172838,2026-09-13T11:13:57.671173+00:00,1789298037671175359,25864887719930,1789298037600000000,1789298037,600000000,1277927,1789298037607980,1789298037600000,2,4,71.2744117281814,160.85875317302123,gnss_local_enu,71.2744117281814,160.85875317302123,110.4345692,-7.0518263,164.245,15.984,3,9,-120.44271535344836,neo3_calibrated_diag,1,150.73043128733735,yahboom_calibrated_diag,0,-120.51042904484102,logger_gyro_integral:neo3_diag,1,nan,-159.697265625,0.0,42.73545593079007,1.2600814012666148,0.0
1789298037770576364,2026-09-13T11:13:57.770576+00:00,1789298037770578128,25864987123301,1789298037600000000,1789298037,600000000,1277927,1789298037607980,1789298037600000,2,4,71.2744117281814,160.85875317302123,gnss_local_enu,71.2744117281814,160.85875317302123,110.4345692,-7.0518263,164.245,15.984,3,9,-120.51877851043197,neo3_calibrated_diag,1,150.7597355389598,yahboom_calibrated_diag,0,-120.51042904484102,logger_gyro_integral:neo3_diag,1,nan,-159.697265625,0.0,42.83294049175354,1.2585617810208023,0.0
1789298037870246582,2026-09-13T11:13:57.870247+00:00,1789298037870248057,25865086793580,1789298037800000000,1789298037,800000000,1278128,1789298037808283,1789298037800000,2,4,71.66112060969132,161.61080784898147,gnss_local_enu,71.66112060969132,161.61080784898147,110.4345727,-7.0518195,164.905,16.062,3,8,-120.51763127088853,neo3_calibrated_diag,1,150.808049654329,yahboom_calibrated_diag,0,-120.51042904484102,logger_gyro_integral:neo3_diag,1,nan,-159.697265625,0.0,42.76296552960751,1.2592908409410613,0.0
1789298037969747461,2026-09-13T11:13:57.969748+00:00,1789298037969749370,25865186294824,1789298037800000000,1789298037,800000000,1278128,1789298037808283,1789298037800000,2,4,71.66112060969132,161.61080784898147,gnss_local_enu,71.66112060969132,161.61080784898147,110.4345727,-7.0518195,164.905,16.062,3,8,-120.52950598245275,neo3_calibrated_diag,1,150.74533783664782,yahboom_calibrated_diag,0,-120.51042904484102,logger_gyro_integral:neo3_diag,1,nan,-159.697265625,0.0,42.83555927501823,1.2590204224633257,0.0
1789298038072177320,2026-09-13T11:13:58.072177+00:00,1789298038072179652,25865288724383,1789298038000000000,1789298038,0,1278333,1789298038013887,1789298038000000,2,4,71.78265813750178,161.88729856396236,gnss_local_enu,71.78265813750178,161.88729856396236,110.4345738,-7.051817,165.14600000000002,16.125,3,9,-120.48396010129726,neo3_calibrated_diag,1,150.76767757195708,yahboom_calibrated_diag,0,-120.51042904484102,logger_gyro_integral:neo3_diag,1,nan,-159.697265625,0.0,42.709042102029166,1.257504390693264,0.0
1789298038174719472,2026-09-13T11:13:58.174720+00:00,1789298038174723529,25865391267147,1789298038000000000,1789298038,0,1278333,1789298038013887,1789298038000000,2,4,71.78265813750178,161.88729856396236,gnss_local_enu,71.78265813750178,161.88729856396236,110.4345738,-7.051817,165.14600000000002,16.125,3,9,-120.49690409330734,neo3_calibrated_diag,1,150.7659318292244,yahboom_calibrated_diag,0,-120.51042904484102,logger_gyro_integral:neo3_diag,1,nan,-159.697265625,0.0,42.8349491255972,1.2594617145749014,0.0
1789298038270417696,2026-09-13T11:13:58.270418+00:00,1789298038270420070,25865486964829,1789298038200000000,1789298038,200000000,1278527,1789298038208516,1789298038200000,2,4,72.30195172855,162.78312839933056,gnss_local_enu,72.30195172855,162.78312839933056,110.4345785,-7.0518089,165.925,16.186,3,9,-120.5660912420312,neo3_calibrated_diag,1,150.8726431852284,yahboom_calibrated_diag,0,-120.51042904484102,logger_gyro_integral:neo3_diag,1,nan,-159.697265625,0.0,42.79282397295252,1.2576054640923113,0.0
1789298038370351053,2026-09-13T11:13:58.370351+00:00,1789298038370352606,25865586898007,1789298038200000000,1789298038,200000000,1278527,1789298038208516,1789298038200000,2,4,72.30195172855,162.78312839933056,gnss_local_enu,72.30195172855,162.78312839933056,110.4345785,-7.0518089,165.925,16.186,3,9,-120.52613466120725,neo3_calibrated_diag,1,150.79378007500955,yahboom_calibrated_diag,0,-120.51042904484102,logger_gyro_integral:neo3_diag,1,nan,-159.697265625,0.0,42.826139147979475,1.2595986624179665,0.0
1789298038470598061,2026-09-13T11:13:58.470598+00:00,1789298038470599814,25865687145060,1789298038400000000,1789298038,400000000,1278729,1789298038409975,1789298038400000,2,4,72.96487887719763,163.86697130174667,gnss_local_enu,72.96487887719763,163.86697130174667,110.4345845,-7.0517991,166.835,16.248,3,9,-120.50624826830077,neo3_calibrated_diag,1,150.6682317235467,yahboom_calibrated_diag,0,-120.51042904484102,logger_gyro_integral:neo3_diag,1,nan,-159.697265625,0.0,42.785917596241866,1.2592105150376922,0.0
1789298038570178089,2026-09-13T11:13:58.570178+00:00,1789298038570179807,25865786725016,1789298038400000000,1789298038,400000000,1278729,1789298038409975,1789298038400000,2,4,72.96487887719763,163.86697130174667,gnss_local_enu,72.96487887719763,163.86697130174667,110.4345845,-7.0517991,166.835,16.248,3,9,-120.53472976844807,neo3_calibrated_diag,1,150.73277220716008,yahboom_calibrated_diag,0,-120.51042904484102,logger_gyro_integral:neo3_diag,1,nan,-159.697265625,0.0,42.82099846578078,1.257371229472018,0.0
1789298038670307938,2026-09-13T11:13:58.670308+00:00,1789298038670310382,25865886855187,1789298038600000000,1789298038,600000000,1278926,1789298038607682,1789298038600000,2,4,73.06431937296415,163.93333452651197,gnss_local_enu,73.06431937296415,163.93333452651197,110.4345854,-7.0517985,167.106,16.325,3,9,-120.52262049475351,neo3_calibrated_diag,1,150.7037261965474,yahboom_calibrated_diag,0,-120.51042904484102,logger_gyro_integral:neo3_diag,1,nan,-159.697265625,0.0,42.75976841011185,1.2585900096351499,0.0
1789298038771265403,2026-09-13T11:13:58.771265+00:00,1789298038771267408,25865987812598,1789298038600000000,1789298038,600000000,1278926,1789298038607682,1789298038600000,2,4,73.06431937296415,163.93333452651197,gnss_local_enu,73.06431937296415,163.93333452651197,110.4345854,-7.0517985,167.106,16.325,3,9,-120.50884388264701,neo3_calibrated_diag,1,150.80596639458386,yahboom_calibrated_diag,0,-120.51042904484102,logger_gyro_integral:neo3_diag,1,nan,-159.697265625,0.0,42.78644274211283,1.2615492610296224,0.0
1789298038870285451,2026-09-13T11:13:58.870286+00:00,1789298038870287036,25866086832428,1789298038800000000,1789298038,800000000,1279127,1789298038807815,1789298038800000,2,4,75.70498526925334,168.74426995210564,gnss_local_enu,75.70498526925334,168.74426995210564,110.4346093,-7.051755,170.986,15.346,3,10,-120.51162719449776,neo3_calibrated_diag,1,150.80763240481335,yahboom_calibrated_diag,0,-120.51042904484102,logger_gyro_integral:neo3_diag,1,nan,-159.697265625,0.0,42.77586221528328,1.2597425248298573,0.0
1789298038970093201,2026-09-13T11:13:58.970093+00:00,1789298038970095772,25866186640430,1789298038800000000,1789298038,800000000,1279127,1789298038807815,1789298038800000,2,4,75.70498526925334,168.74426995210564,gnss_local_enu,75.70498526925334,168.74426995210564,110.4346093,-7.051755,170.986,15.346,3,10,-120.50446360407888,neo3_calibrated_diag,1,150.84131976333452,yahboom_calibrated_diag,0,-120.51042904484102,logger_gyro_integral:neo3_diag,1,nan,-159.697265625,0.0,42.78684334460302,1.2610811289932082,0.0
1789298039069826651,2026-09-13T11:13:59.069827+00:00,1789298039069828405,25866286373629,1789298039000000000,1789298039,0,1279332,1789298039013481,1789298039000000,2,4,71.77161164504724,161.13526718816905,gnss_local_enu,71.77161164504724,161.13526718816905,110.4345737,-7.0518238,165.425,16.606,3,10,-120.50539702789645,neo3_calibrated_diag,1,150.8716146788967,yahboom_calibrated_diag,0,-120.51042904484102,logger_gyro_integral:neo3_diag,1,nan,-159.697265625,0.0,42.754433666350906,1.2586593693142614,0.0
1789298039170238132,2026-09-13T11:13:59.170238+00:00,1789298039170240258,25866386785110,1789298039000000000,1789298039,0,1279332,1789298039013481,1789298039000000,2,4,71.77161164504724,161.13526718816905,gnss_local_enu,71.77161164504724,161.13526718816905,110.4345737,-7.0518238,165.425,16.606,3,10,-120.50067620166318,neo3_calibrated_diag,1,150.83447431789753,yahboom_calibrated_diag,0,-120.51042904484102,logger_gyro_integral:neo3_diag,1,nan,-159.697265625,0.0,42.761768501225475,1.260933822402983,0.0
1789298039270800955,2026-09-13T11:13:59.270801+00:00,1789298039270802904,25866487348007,1789298039200000000,1789298039,200000000,1279527,1789298039207976,1789298039200000,2,4,65.88261494822534,149.7328471113776,gnss_local_enu,65.88261494822534,149.7328471113776,110.4345204,-7.0519269,157.095,18.594,3,10,-120.50765214432079,neo3_calibrated_diag,1,150.8146273138006,yahboom_calibrated_diag,0,-120.51042904484102,logger_gyro_integral:neo3_diag,1,nan,-159.697265625,0.0,42.73920430003816,1.2597392022472593,0.0
1789298039370598200,2026-09-13T11:13:59.370598+00:00,1789298039370599755,25866587145203,1789298039200000000,1789298039,200000000,1279527,1789298039207976,1789298039200000,2,4,65.88261494822534,149.7328471113776,gnss_local_enu,65.88261494822534,149.7328471113776,110.4345204,-7.0519269,157.095,18.594,3,10,-120.5440045253872,neo3_calibrated_diag,1,150.7730631183922,yahboom_calibrated_diag,0,-120.51042904484102,logger_gyro_integral:neo3_diag,1,nan,-159.697265625,0.0,42.8403499833288,1.2593077207382712,0.0
1789298039469942003,2026-09-13T11:13:59.469942+00:00,1789298039469944350,25866686489067,1789298039400000000,1789298039,400000000,1279727,1789298039408406,1789298039400000,2,4,67.37419923729269,152.9290580370152,gnss_local_enu,67.37419923729269,152.9290580370152,110.4345339,-7.051898,159.305,17.088,3,9,-120.50506190918188,neo3_calibrated_diag,1,150.77748627932576,yahboom_calibrated_diag,0,-120.51042904484102,logger_gyro_integral:neo3_diag,1,nan,-159.697265625,0.0,42.76136831717268,1.2621650012303904,0.0
1789298039570404088,2026-09-13T11:13:59.570404+00:00,1789298039570405515,25866786951078,1789298039400000000,1789298039,400000000,1279727,1789298039408406,1789298039400000,2,4,67.37419923729269,152.9290580370152,gnss_local_enu,67.37419923729269,152.9290580370152,110.4345339,-7.051898,159.305,17.088,3,9,-120.51201299350356,neo3_calibrated_diag,1,150.82790995231582,yahboom_calibrated_diag,0,-120.51042904484102,logger_gyro_integral:neo3_diag,1,nan,-159.697265625,0.0,42.8371650506018,1.260485412694685,0.0
1789298039670104573,2026-09-13T11:13:59.670105+00:00,1789298039670106674,25866886651587,1789298039600000000,1789298039,600000000,1279928,1789298039607287,1789298039600000,2,4,68.7442480600877,155.6718326662181,gnss_local_enu,68.7442480600877,155.6718326662181,110.4345463,-7.0518732,161.355,15.744,3,9,-120.51259256150452,neo3_calibrated_diag,1,150.80513517767974,yahboom_calibrated_diag,0,-120.51042904484102,logger_gyro_integral:neo3_diag,1,nan,-159.697265625,0.0,42.766146214224165,1.2624526295152851,0.0
1789298039769562267,2026-09-13T11:13:59.769562+00:00,1789298039769564051,25866986109247,1789298039600000000,1789298039,600000000,1279928,1789298039607287,1789298039600000,2,4,68.7442480600877,155.6718326662181,gnss_local_enu,68.7442480600877,155.6718326662181,110.4345463,-7.0518732,161.355,15.744,3,9,-120.51360674678263,neo3_calibrated_diag,1,150.8637384376845,yahboom_calibrated_diag,0,-120.51042904484102,logger_gyro_integral:neo3_diag,1,nan,-159.697265625,0.0,42.824788576360774,1.2595658939740526,0.0
1789298039869620436,2026-09-13T11:13:59.869621+00:00,1789298039869622123,25867086167448,1789298039800000000,1789298039,800000000,1280128,1789298039807936,1789298039800000,2,4,69.77178482678966,157.56302330921807,gnss_local_enu,69.77178482678966,157.56302330921807,110.4345556,-7.0518561,162.865,14.534,3,9,-120.54414022827278,neo3_calibrated_diag,1,150.71338016973235,yahboom_calibrated_diag,0,-120.51042904484102,logger_gyro_integral:neo3_diag,1,nan,-159.697265625,0.0,42.79481381491102,1.2637020829960905,0.0
1789298039969607504,2026-09-13T11:13:59.969607+00:00,1789298039969609820,25867186154647,1789298039800000000,1789298039,800000000,1280128,1789298039807936,1789298039800000,2,4,69.77178482678966,157.56302330921807,gnss_local_enu,69.77178482678966,157.56302330921807,110.4345556,-7.0518561,162.865,14.534,3,9,-120.4895487953392,neo3_calibrated_diag,1,150.76472641329048,yahboom_calibrated_diag,0,-120.51042904484102,logger_gyro_integral:neo3_diag,1,nan,-159.697265625,0.0,42.78915302985676,1.2608167856147852,0.0
1789298040069557386,2026-09-13T11:14:00.069557+00:00,1789298040069558921,25867286104391,1789298040000000000,1789298040,0,1280331,1789298040012413,1789298040000000,2,4,70.52310283513324,158.90123677473048,gnss_local_enu,70.52310283513324,158.90123677473048,110.4345624,-7.051844,164.01500000000001,14.221,3,9,-120.49041498196966,neo3_calibrated_diag,1,150.8029916636824,yahboom_calibrated_diag,0,-120.51042904484102,logger_gyro_integral:neo3_diag,1,nan,-159.697265625,0.0,42.733893817798766,1.2571863182529246,0.0
1789298040170131261,2026-09-13T11:14:00.170131+00:00,1789298040170133543,25867386678317,1789298040000000000,1789298040,0,1280331,1789298040012413,1789298040000000,2,4,70.52310283513324,158.90123677473048,gnss_local_enu,70.52310283513324,158.90123677473048,110.4345624,-7.051844,164.01500000000001,14.221,3,9,-120.52119346280729,neo3_calibrated_diag,1,150.83618204858215,yahboom_calibrated_diag,0,-120.51042904484102,logger_gyro_integral:neo3_diag,1,nan,-159.697265625,0.0,42.8064736117903,1.2591271040612273,0.0
1789298040269588732,2026-09-13T11:14:00.269589+00:00,1789298040269590530,25867486135722,1789298040200000000,1789298040,200000000,1280527,1789298040208342,1789298040200000,2,4,71.19707894294743,160.07355570866628,gnss_local_enu,71.19707894294743,160.07355570866628,110.4345685,-7.0518334,164.996,14.309,3,9,-120.49428007029832,neo3_calibrated_diag,1,150.8844301782953,yahboom_calibrated_diag,0,-120.51042904484102,logger_gyro_integral:neo3_diag,1,nan,-159.697265625,0.0,42.75892129640784,1.2598575317983083,0.0
1789298040369583372,2026-09-13T11:14:00.369583+00:00,1789298040369585539,25867586130387,1789298040200000000,1789298040,200000000,1280527,1789298040208342,1789298040200000,2,4,71.19707894294743,160.07355570866628,gnss_local_enu,71.19707894294743,160.07355570866628,110.4345685,-7.0518334,164.996,14.309,3,9,-120.50086198310747,neo3_calibrated_diag,1,150.7709080693809,yahboom_calibrated_diag,0,-120.51042904484102,logger_gyro_integral:neo3_diag,1,nan,-159.697265625,0.0,42.79600170758478,1.2617167306123722,0.0
1789298040469581843,2026-09-13T11:14:00.469582+00:00,1789298040469583729,25867686128864,1789298040400000000,1789298040,400000000,1280727,1789298040408614,1789298040400000,2,4,71.59483568879719,160.77031190310265,gnss_local_enu,71.59483568879719,160.77031190310265,110.4345721,-7.0518271,165.596,14.418,3,9,-120.49222359319612,neo3_calibrated_diag,1,150.80874573573965,yahboom_calibrated_diag,0,-120.51042904484102,logger_gyro_integral:neo3_diag,1,nan,-159.697265625,0.0,42.75563309655115,1.258538034603318,0.0
1789298040569586208,2026-09-13T11:14:00.569586+00:00,1789298040569588050,25867786133231,1789298040400000000,1789298040,400000000,1280727,1789298040408614,1789298040400000,2,4,71.59483568879719,160.77031190310265,gnss_local_enu,71.59483568879719,160.77031190310265,110.4345721,-7.0518271,165.596,14.418,3,9,-120.50585487584743,neo3_calibrated_diag,1,150.8220445292081,yahboom_calibrated_diag,0,-120.51042904484102,logger_gyro_integral:neo3_diag,1,nan,-159.697265625,0.0,42.79286270671314,1.2592842161019944,0.0
1789298040670169651,2026-09-13T11:14:00.670170+00:00,1789298040670174433,25867886717081,1789298040600000000,1789298040,600000000,1280926,1789298040607672,1789298040600000,2,4,71.87105675865558,161.25693767004452,gnss_local_enu,71.87105675865558,161.25693767004452,110.4345746,-7.0518227,166.106,14.53,3,9,-120.51940629451784,neo3_calibrated_diag,1,150.72447097855397,yahboom_calibrated_diag,0,-120.51042904484102,logger_gyro_integral:neo3_diag,1,nan,-159.697265625,0.0,42.78471836276242,1.2588804185499416,0.0
1789298040769649768,2026-09-13T11:14:00.769650+00:00,1789298040769651567,25867986196784,1789298040600000000,1789298040,600000000,1280926,1789298040607672,1789298040600000,2,4,71.87105675865558,161.25693767004452,gnss_local_enu,71.87105675865558,161.25693767004452,110.4345746,-7.0518227,166.106,14.53,3,9,-120.50585487584743,neo3_calibrated_diag,1,150.82134091469243,yahboom_calibrated_diag,0,-120.51042904484102,logger_gyro_integral:neo3_diag,1,nan,-159.697265625,0.0,42.79286270671314,1.2600370189898815,0.0
1789298040869581010,2026-09-13T11:14:00.869581+00:00,1789298040869582946,25868086128051,1789298040800000000,1789298040,800000000,1281126,1789298040806770,1789298040800000,2,4,72.33510671227808,162.16382524172644,gnss_local_enu,72.33510671227808,162.16382524172644,110.4345788,-7.0518145,166.815,14.62,3,9,-120.49348857202865,neo3_calibrated_diag,1,151.0013944863832,yahboom_calibrated_diag,0,-120.51042904484102,logger_gyro_integral:neo3_diag,1,nan,-159.697265625,0.0,42.80283873008425,1.2616135083787268,0.0
1789298040969565929,2026-09-13T11:14:00.969566+00:00,1789298040969567572,25868186112896,1789298040800000000,1789298040,800000000,1281126,1789298040806770,1789298040800000,2,4,72.33510671227808,162.16382524172644,gnss_local_enu,72.33510671227808,162.16382524172644,110.4345788,-7.0518145,166.815,14.62,3,9,-120.53824613129171,neo3_calibrated_diag,1,150.87669937619202,yahboom_calibrated_diag,0,-120.51042904484102,logger_gyro_integral:neo3_diag,1,nan,-159.697265625,0.0,42.83475832598568,1.2606134613752533,0.0
1789298041069628198,2026-09-13T11:14:01.069628+00:00,1789298041069629897,25868286175167,1789298041000000000,1789298041,0,1281333,1789298041013480,1789298041000000,2,4,72.66657082521377,162.78316336379788,gnss_local_enu,72.66657082521377,162.78316336379788,110.4345818,-7.0518089,167.306,14.714,3,9,-120.48303292527596,neo3_calibrated_diag,1,150.7102171970114,yahboom_calibrated_diag,0,-120.51042904484102,logger_gyro_integral:neo3_diag,1,nan,-159.697265625,0.0,42.68793825820591,1.259188681918849,0.0
1789298041170098590,2026-09-13T11:14:01.170099+00:00,1789298041170100804,25868386645608,1789298041000000000,1789298041,0,1281333,1789298041013480,1789298041000000,2,4,72.66657082521377,162.78316336379788,gnss_local_enu,72.66657082521377,162.78316336379788,110.4345818,-7.0518089,167.306,14.714,3,9,-120.57640410706348,neo3_calibrated_diag,1,150.7742789606809,yahboom_calibrated_diag,0,-120.51042904484102,logger_gyro_integral:neo3_diag,1,nan,-159.697265625,0.0,42.859450999760824,1.2579526534430843,0.0
1789298041269589832,2026-09-13T11:14:01.269590+00:00,1789298041269591599,25868486136846,1789298041200000000,1789298041,200000000,1281526,1789298041207108,1789298041200000,2,4,72.7991563595992,162.99329653609607,gnss_local_enu,72.7991563595992,162.99329653609607,110.434583,-7.051807,167.496,14.807,3,9,-120.51263332516871,neo3_calibrated_diag,1,150.7516744817809,yahboom_calibrated_diag,0,-120.51042904484102,logger_gyro_integral:neo3_diag,1,nan,-159.697265625,0.0,42.7887664831834,1.2597697588024463,0.0
1789298041370740431,2026-09-13T11:14:01.370740+00:00,1789298041370742510,25868587287488,1789298041200000000,1789298041,200000000,1281526,1789298041207108,1789298041200000,2,4,72.7991563595992,162.99329653609607,gnss_local_enu,72.7991563595992,162.99329653609607,110.434583,-7.051807,167.496,14.807,3,9,-120.53190027827438,neo3_calibrated_diag,1,150.82819276677233,yahboom_calibrated_diag,0,-120.51042904484102,logger_gyro_integral:neo3_diag,1,nan,-159.697265625,0.0,42.85496588518068,1.2601842922050621,0.0
1789298041469712810,2026-09-13T11:14:01.469713+00:00,1789298041469716799,25868686260243,1789298041400000000,1789298041,400000000,1281727,1789298041408576,1789298041400000,2,4,73.05327779155132,163.39144179815426,gnss_local_enu,73.05327779155132,163.39144179815426,110.4345853,-7.0518034,167.785,14.916,3,9,-120.48291376667714,neo3_calibrated_diag,1,150.8357546566223,yahboom_calibrated_diag,0,-120.51042904484102,logger_gyro_integral:neo3_diag,1,nan,-159.697265625,0.0,42.78188097587108,1.2595787835451984,0.0
1789298041569556074,2026-09-13T11:14:01.569556+00:00,1789298041569557755,25868786103072,1789298041400000000,1789298041,400000000,1281727,1789298041408576,1789298041400000,2,4,73.05327779155132,163.39144179815426,gnss_local_enu,73.05327779155132,163.39144179815426,110.4345853,-7.0518034,167.785,14.916,3,9,-120.49174688890055,neo3_calibrated_diag,1,150.89662327141028,yahboom_calibrated_diag,0,-120.51042904484102,logger_gyro_integral:neo3_diag,1,nan,-159.697265625,0.0,42.826799769648915,1.2616579811918356,0.0
1789298041670103128,2026-09-13T11:14:01.670103+00:00,1789298041670105191,25868886650199,1789298041600000000,1789298041,600000000,1281928,1789298041607585,1789298041600000,2,4,73.42893751666057,164.154554249044,gnss_local_enu,73.42893751666057,164.154554249044,110.4345887,-7.0517965,168.356,15.004,3,9,-120.47790087363468,neo3_calibrated_diag,1,150.7984306022793,yahboom_calibrated_diag,0,-120.51042904484102,logger_gyro_integral:neo3_diag,1,nan,-159.697265625,0.0,42.78511818837948,1.262154853131783,0.0
1789298041769587448,2026-09-13T11:14:01.769588+00:00,1789298041769590575,25868986134847,1789298041600000000,1789298041,600000000,1281928,1789298041607585,1789298041600000,2,4,73.42893751666057,164.154554249044,gnss_local_enu,73.42893751666057,164.154554249044,110.4345887,-7.0517965,168.356,15.004,3,9,-120.49209653827799,neo3_calibrated_diag,1,150.7852842885419,yahboom_calibrated_diag,0,-120.51042904484102,logger_gyro_integral:neo3_diag,1,nan,-159.697265625,0.0,42.79680338195365,1.2612582256036595,0.0
1789298041869652617,2026-09-13T11:14:01.869653+00:00,1789298041869654940,25869086199656,1789298041800000000,1789298041,800000000,1282127,1789298041807699,1789298041800000,2,4,73.6057196566257,164.6854137978125,gnss_local_enu,73.6057196566257,164.6854137978125,110.4345903,-7.0517917,168.696,15.091,3,9,-120.5170166248469,neo3_calibrated_diag,1,150.7785686751747,yahboom_calibrated_diag,0,-120.51042904484102,logger_gyro_integral:neo3_diag,1,nan,-159.697265625,0.0,42.788366551632926,1.2609604987161456,0.0
1789298041969587287,2026-09-13T11:14:01.969587+00:00,1789298041969589182,25869186134309,1789298041800000000,1789298041,800000000,1282127,1789298041807699,1789298041800000,2,4,73.6057196566257,164.6854137978125,gnss_local_enu,73.6057196566257,164.6854137978125,110.4345903,-7.0517917,168.696,15.091,3,9,-120.56015859520686,neo3_calibrated_diag,1,150.91848923183636,yahboom_calibrated_diag,0,-120.51042904484102,logger_gyro_integral:neo3_diag,1,nan,-159.697265625,0.0,42.86253611793054,1.2607454283656443,0.0
1789298042069597515,2026-09-13T11:14:02.069597+00:00,1789298042069599833,25869286144619,1789298042000000000,1789298042,0,1282335,1789298042015460,1789298042000000,2,4,73.79355073420109,165.11673986255354,gnss_local_enu,73.79355073420109,165.11673986255354,110.434592,-7.0517878,169.076,15.178,3,9,-120.48700053852076,neo3_calibrated_diag,1,150.90662049092995,yahboom_calibrated_diag,0,-120.51042904484102,logger_gyro_integral:neo3_diag,1,nan,-159.697265625,0.0,42.724683056640686,1.2586437680925613,0.0
1789298042170294315,2026-09-13T11:14:02.170294+00:00,1789298042170298488,25869386841559,1789298042000000000,1789298042,0,1282335,1789298042015460,1789298042000000,2,4,73.79355073420109,165.11673986255354,gnss_local_enu,73.79355073420109,165.11673986255354,110.434592,-7.0517878,169.076,15.178,3,9,-120.53034869666295,neo3_calibrated_diag,1,150.9049617218472,yahboom_calibrated_diag,0,-120.51042904484102,logger_gyro_integral:neo3_diag,1,nan,-159.697265625,0.0,42.82139787532514,1.2602998844401458,0.0
1789298042269600740,2026-09-13T11:14:02.269601+00:00,1789298042269602767,25869486147805,1789298042200000000,1789298042,200000000,1282528,1789298042208762,1789298042200000,2,4,73.95928353222072,165.4153511577003,gnss_local_enu,73.95928353222072,165.4153511577003,110.4345935,-7.0517851,169.376,15.26,3,9,-120.46472404628014,neo3_calibrated_diag,1,150.87684657993117,yahboom_calibrated_diag,0,-120.51042904484102,logger_gyro_integral:neo3_diag,1,nan,-159.697265625,0.0,42.78632394819635,1.2604629037396504,0.0
1789298042369597420,2026-09-13T11:14:02.369597+00:00,1789298042369599454,25869586144419,1789298042200000000,1789298042,200000000,1282528,1789298042208762,1789298042200000,2,4,73.95928353222072,165.4153511577003,gnss_local_enu,73.95928353222072,165.4153511577003,110.4345935,-7.0517851,169.376,15.26,3,9,-120.48115885450608,neo3_calibrated_diag,1,150.84332382019218,yahboom_calibrated_diag,0,-120.51042904484102,logger_gyro_integral:neo3_diag,1,nan,-159.697265625,0.0,42.782834431580156,1.25897329611221,0.0
1789298042469590356,2026-09-13T11:14:02.469590+00:00,1789298042469592429,25869686137524,1789298042400000000,1789298042,400000000,1282726,1789298042406775,1789298042400000,2,4,85.69315252293575,188.13183164710995,gnss_local_enu,85.69315252293575,188.13183164710995,110.4346997,-7.0515797,186.136,14.431,3,10,-120.5383599681331,neo3_calibrated_diag,1,150.88919312635701,yahboom_calibrated_diag,0,-120.51042904484102,logger_gyro_integral:neo3_diag,1,nan,-159.697265625,0.0,42.78916530469366,1.2621127618470387,0.0
1789298042569593583,2026-09-13T11:14:02.569594+00:00,1789298042569595456,25869786140604,1789298042400000000,1789298042,400000000,1282726,1789298042406775,1789298042400000,2,4,85.69315252293575,188.13183164710995,gnss_local_enu,85.69315252293575,188.13183164710995,110.4346997,-7.0515797,186.136,14.431,3,10,-120.49649580926405,neo3_calibrated_diag,1,150.80846720327108,yahboom_calibrated_diag,0,-120.51042904484102,logger_gyro_integral:neo3_diag,1,nan,-159.697265625,0.0,42.81915271245451,1.2588391571168622,0.0
1789298042670284784,2026-09-13T11:14:02.670285+00:00,1789298042670289361,25869886832117,1789298042600000000,1789298042,600000000,1282927,1789298042607979,1789298042600000,2,4,91.95787444105143,200.52971878741363,gnss_local_enu,91.95787444105143,200.52971878741363,110.4347564,-7.0514676,195.028,13.793,3,10,-120.52540691340303,neo3_calibrated_diag,1,150.87773054137935,yahboom_calibrated_diag,0,-120.51042904484102,logger_gyro_integral:neo3_diag,1,nan,-159.697265625,0.0,42.771838266859646,1.2595595580950518,0.0
1789298042769544508,2026-09-13T11:14:02.769544+00:00,1789298042769546200,25869986091505,1789298042600000000,1789298042,600000000,1282927,1789298042607979,1789298042600000,2,4,91.95787444105143,200.52971878741363,gnss_local_enu,91.95787444105143,200.52971878741363,110.4347564,-7.0514676,195.028,13.793,3,10,-120.51400894661964,neo3_calibrated_diag,1,150.74376013989334,yahboom_calibrated_diag,0,-120.51042904484102,logger_gyro_integral:neo3_diag,1,nan,-159.697265625,0.0,42.81754626135879,1.260827196126584,0.0
1789298042869708040,2026-09-13T11:14:02.869708+00:00,1789298042869712622,25870086255462,1789298042800000000,1789298042,800000000,1283127,1789298042808230,1789298042800000,2,4,97.72541572795336,211.932269251418,gnss_local_enu,97.72541572795336,211.932269251418,110.4348086,-7.0513645,203.308,13.172,3,10,-120.53317314972821,neo3_calibrated_diag,1,150.7532648718484,yahboom_calibrated_diag,0,-120.51042904484102,logger_gyro_integral:neo3_diag,1,nan,-159.697265625,0.0,42.78073699699901,1.2579629897915503,0.0
1789298042969565214,2026-09-13T11:14:02.969565+00:00,1789298042969567675,25870186112394,1789298042800000000,1789298042,800000000,1283127,1789298042808230,1789298042800000,2,4,97.72541572795336,211.932269251418,gnss_local_enu,97.72541572795336,211.932269251418,110.4348086,-7.0513645,203.308,13.172,3,10,-120.51777032628577,neo3_calibrated_diag,1,150.7375547289406,yahboom_calibrated_diag,0,-120.51042904484102,logger_gyro_integral:neo3_diag,1,nan,-159.697265625,0.0,42.84275509033004,1.2599273135744902,0.0
1789298043069563971,2026-09-13T11:14:03.069564+00:00,1789298043069565739,25870286111061,1789298043000000000,1789298043,0,1283334,1789298043014923,1789298043000000,2,4,103.22779999707467,222.79292408959964,gnss_local_enu,103.22779999707467,222.79292408959964,110.4348584,-7.0512663,211.269,12.6,3,10,-120.5024005141684,neo3_calibrated_diag,1,150.75022062645473,yahboom_calibrated_diag,0,-120.51042904484102,logger_gyro_integral:neo3_diag,1,nan,-159.697265625,0.0,42.760888457454904,1.2614259645509938,0.0
1789298043170116414,2026-09-13T11:14:03.170116+00:00,1789298043170119046,25870386663396,1789298043000000000,1789298043,0,1283334,1789298043014923,1789298043000000,2,4,103.22779999707467,222.79292408959964,gnss_local_enu,103.22779999707467,222.79292408959964,110.4348584,-7.0512663,211.269,12.6,3,10,-120.50407591766714,neo3_calibrated_diag,1,150.84332382019218,yahboom_calibrated_diag,0,-120.51042904484102,logger_gyro_integral:neo3_diag,1,nan,-159.697265625,0.0,42.79394152879704,1.25897329611221,0.0
1789298043269543969,2026-09-13T11:14:03.269544+00:00,1789298043269545643,25870486090957,1789298043200000000,1789298043,200000000,1283529,1789298043209679,1789298043200000,2,4,108.3655827836137,232.8904824680603,gnss_local_enu,108.3655827836137,232.8904824680603,110.4349049,-7.051175,218.699,12.093,3,10,-120.54788817038026,neo3_calibrated_diag,1,150.86315567900127,yahboom_calibrated_diag,0,-120.51042904484102,logger_gyro_integral:neo3_diag,1,nan,-159.697265625,0.0,42.81980021119202,1.2601681274128822,0.0
1789298043369577287,2026-09-13T11:14:03.369577+00:00,1789298043369579600,25870586124538,1789298043200000000,1789298043,200000000,1283529,1789298043209679,1789298043200000,2,4,108.3655827836137,232.8904824680603,gnss_local_enu,108.3655827836137,232.8904824680603,110.4349049,-7.051175,218.699,12.093,3,10,-120.47475937460418,neo3_calibrated_diag,1,150.9048111408037,yahboom_calibrated_diag,0,-120.51042904484102,logger_gyro_integral:neo3_diag,1,nan,-159.697265625,0.0,42.77991904480419,1.2604504405223003,0.0
1789298043469642413,2026-09-13T11:14:03.469642+00:00,1789298043469644448,25870686189420,1789298043400000000,1789298043,400000000,1283728,1789298043407685,1789298043400000,2,4,113.40393965562299,242.85534760082055,gnss_local_enu,113.40393965562299,242.85534760082055,110.4349505,-7.0510849,226.06,11.614,3,10,-120.53493628148442,neo3_calibrated_diag,1,150.8098611997451,yahboom_calibrated_diag,0,-120.51042904484102,logger_gyro_integral:neo3_diag,1,nan,-159.697265625,0.0,42.80250861738013,1.2573335448369594,0.0
1789298043569550486,2026-09-13T11:14:03.569551+00:00,1789298043569552655,25870786097556,1789298043400000000,1789298043,400000000,1283728,1789298043407685,1789298043400000,2,4,113.40393965562299,242.85534760082055,gnss_local_enu,113.40393965562299,242.85534760082055,110.4349505,-7.0510849,226.06,11.614,3,10,-120.57118950782977,neo3_calibrated_diag,1,150.78774113942887,yahboom_calibrated_diag,0,-120.51042904484102,logger_gyro_integral:neo3_diag,1,nan,-159.697265625,0.0,42.823845436262495,1.2585481026506549,0.0
1789298043670229636,2026-09-13T11:14:03.670230+00:00,1789298043670232306,25870886776771,1789298043600000000,1789298043,600000000,1283929,1789298043608825,1789298043600000,2,4,118.35391696925119,252.49950419799134,gnss_local_enu,118.35391696925119,252.49950419799134,110.4349953,-7.0509977,233.28,11.208,3,10,-120.47135843616464,neo3_calibrated_diag,1,150.83703775305747,yahboom_calibrated_diag,0,-120.51042904484102,logger_gyro_integral:neo3_diag,1,nan,-159.697265625,0.0,42.77061002851841,1.2582237452966587,0.0
1789298043769548142,2026-09-13T11:14:03.769548+00:00,1789298043769549996,25870986095157,1789298043600000000,1789298043,600000000,1283929,1789298043608825,1789298043600000,2,4,118.35391696925119,252.49950419799134,gnss_local_enu,118.35391696925119,252.49950419799134,110.4349953,-7.0509977,233.28,11.208,3,10,-120.5447261887583,neo3_calibrated_diag,1,150.8006375328251,yahboom_calibrated_diag,0,-120.51042904484102,logger_gyro_integral:neo3_diag,1,nan,-159.697265625,0.0,42.79200354075981,1.2597458655603453,0.0
1789298043869538529,2026-09-13T11:14:03.869539+00:00,1789298043869540434,25871086085582,1789298043800000000,1789298043,800000000,1284129,1789298043808967,1789298043800000,2,4,122.8729936042003,261.30313621979644,gnss_local_enu,122.8729936042003,261.30313621979644,110.4350362,-7.0509181,239.93,10.857,3,10,-120.48989192619156,neo3_calibrated_diag,1,150.89841914559756,yahboom_calibrated_diag,0,-120.51042904484102,logger_gyro_integral:neo3_diag,1,nan,-159.697265625,0.0,42.759321720917185,1.2598513032814163,0.0
1789298043974980149,2026-09-13T11:14:03.974980+00:00,1789298043974982767,25871191527252,1789298043800000000,1789298043,800000000,1284129,1789298043808967,1789298043800000,2,4,122.8729936042003,261.30313621979644,gnss_local_enu,122.8729936042003,261.30313621979644,110.4350362,-7.0509181,239.93,10.857,3,10,-120.51001973256717,neo3_calibrated_diag,1,150.9402319963693,yahboom_calibrated_diag,0,-120.51042904484102,logger_gyro_integral:neo3_diag,1,nan,-159.697265625,0.0,42.83374409376327,1.259983607350492,0.0
1789298044075127136,2026-09-13T11:14:04.075127+00:00,1789298044075128983,25871291674167,1789298044000000000,1789298044,0,1284335,1789298044015791,1789298044000000,2,4,126.92802007415511,269.3215356909487,gnss_local_enu,126.92802007415511,269.3215356909487,110.4350729,-7.0508456,245.991,10.559,3,10,-120.5024005141684,neo3_calibrated_diag,1,150.78210078734915,yahboom_calibrated_diag,0,-120.51042904484102,logger_gyro_integral:neo3_diag,1,nan,-159.697265625,0.0,42.760888457454904,1.2570458685610737,0.0
1789298044176412685,2026-09-13T11:14:04.176413+00:00,1789298044176415604,25871392960311,1789298044000000000,1789298044,0,1284335,1789298044015791,1789298044000000,2,4,126.92802007415511,269.3215356909487,gnss_local_enu,126.92802007415511,269.3215356909487,110.4350729,-7.0508456,245.991,10.559,3,10,-120.49012479995753,neo3_calibrated_diag,1,150.92793148202287,yahboom_calibrated_diag,0,-120.51042904484102,logger_gyro_integral:neo3_diag,1,nan,-159.697265625,0.0,42.81625079712725,1.2583335157561877,0.0
1789298044276401468,2026-09-13T11:14:04.276402+00:00,1789298044276403038,25871492948479,1789298044200000000,1789298044,200000000,1284527,1789298044208251,1789298044200000,2,4,130.70682527772294,276.72059601128706,gnss_local_enu,130.70682527772294,276.72059601128706,110.4351071,-7.0507787,251.58100000000002,10.293,3,10,-120.54862623790869,neo3_calibrated_diag,1,150.80735440465864,yahboom_calibrated_diag,0,-120.51042904484102,logger_gyro_integral:neo3_diag,1,nan,-159.697265625,0.0,42.85128291004716,1.2600436474582406,0.0
1789298044375856704,2026-09-13T11:14:04.375857+00:00,1789298044375858389,25871592403720,1789298044200000000,1789298044,200000000,1284527,1789298044208251,1789298044200000,2,4,130.70682527772294,276.72059601128706,gnss_local_enu,130.70682527772294,276.72059601128706,110.4351071,-7.0507787,251.58100000000002,10.293,3,10,-120.54984748471172,neo3_calibrated_diag,1,150.80077574626998,yahboom_calibrated_diag,0,-120.51042904484102,logger_gyro_integral:neo3_diag,1,nan,-159.697265625,0.0,42.82308512613728,1.2595953038972343,0.0
1789298044475161803,2026-09-13T11:14:04.475162+00:00,1789298044475163484,25871691708813,1789298044400000000,1789298044,400000000,1284726,1789298044407413,1789298044400000,2,4,134.44144033392152,283.86529508229785,gnss_local_enu,134.44144033392152,283.86529508229785,110.4351409,-7.0507141,257.071,10.028,3,10,-120.5060514972678,neo3_calibrated_diag,1,150.8790588634982,yahboom_calibrated_diag,0,-120.51042904484102,logger_gyro_integral:neo3_diag,1,nan,-159.697265625,0.0,42.82708560432405,1.258204540172466,0.0
1789298044574438609,2026-09-13T11:14:04.574439+00:00,1789298044574440133,25871790985579,1789298044400000000,1789298044,400000000,1284726,1789298044407413,1789298044400000,2,4,134.44144033392152,283.86529508229785,gnss_local_enu,134.44144033392152,283.86529508229785,110.4351409,-7.0507141,257.071,10.028,3,10,-120.51440920582458,neo3_calibrated_diag,1,150.7876043701574,yahboom_calibrated_diag,0,-120.51042904484102,logger_gyro_integral:neo3_diag,1,nan,-159.697265625,0.0,42.81053619804475,1.2586986649781344,0.0
1789298044676230184,2026-09-13T11:14:04.676230+00:00,1789298044676232493,25871892777314,1789298044600000000,1789298044,600000000,1284929,1789298044609684,1789298044600000,2,4,137.93298212673284,290.61184905833943,gnss_local_enu,137.93298212673284,290.61184905833943,110.4351725,-7.0506531,262.262,9.798,3,10,-120.49848585049493,neo3_calibrated_diag,1,150.77938183007103,yahboom_calibrated_diag,0,-120.51042904484102,logger_gyro_integral:neo3_diag,1,nan,-159.697265625,0.0,42.79968632027109,1.2600571221163865,0.0
1789298044775097136,2026-09-13T11:14:04.775097+00:00,1789298044775098949,25871991644141,1789298044600000000,1789298044,600000000,1284929,1789298044609684,1789298044600000,2,4,137.93298212673284,290.61184905833943,gnss_local_enu,137.93298212673284,290.61184905833943,110.4351725,-7.0506531,262.262,9.798,3,10,-120.46941195699998,neo3_calibrated_diag,1,150.79336804258196,yahboom_calibrated_diag,0,-120.51042904484102,logger_gyro_integral:neo3_diag,1,nan,-159.697265625,0.0,42.790057175265616,1.260050348500795,0.0
1789298044875195009,2026-09-13T11:14:04.875195+00:00,1789298044875196498,25872091741977,1789298044800000000,1789298044,800000000,1285127,1789298044807817,1789298044800000,2,4,141.38033404784585,297.21463765388063,gnss_local_enu,141.38033404784585,297.21463765388063,110.4352037,-7.0505934,267.412,9.579,3,10,-120.52756571727981,neo3_calibrated_diag,1,150.86112040266087,yahboom_calibrated_diag,0,-120.51042904484102,logger_gyro_integral:neo3_diag,1,nan,-159.697265625,0.0,42.809335038013614,1.262275945438946,0.0
1789298044974040011,2026-09-13T11:14:04.974040+00:00,1789298044974041794,25872190586994,1789298044800000000,1789298044,800000000,1285127,1789298044807817,1789298044800000,2,4,141.38033404784585,297.21463765388063,gnss_local_enu,141.38033404784585,297.21463765388063,110.4352037,-7.0505934,267.412,9.579,3,10,-120.48214617228957,neo3_calibrated_diag,1,150.78297360447073,yahboom_calibrated_diag,0,-120.51042904484102,logger_gyro_integral:neo3_diag,1,nan,-159.697265625,0.0,42.773089655063494,1.2638177882199975,0.0
1789298045075149419,2026-09-13T11:14:05.075149+00:00,1789298045075151229,25872291696467,1789298045000000000,1789298045,0,1285335,1789298045015915,1789298045000000,2,4,144.92713389832196,304.0496909652011,gnss_local_enu,144.92713389832196,304.0496909652011,110.4352358,-7.0505316,272.633,9.384,3,10,-120.54119326260295,neo3_calibrated_diag,1,150.76352358563253,yahboom_calibrated_diag,0,-120.51042904484102,logger_gyro_integral:neo3_diag,1,nan,-159.697265625,0.0,42.74848596116709,1.262171857192908,0.0
1789298045175930185,2026-09-13T11:14:05.175930+00:00,1789298045175932625,25872392477143,1789298045000000000,1789298045,0,1285335,1789298045015915,1789298045000000,2,4,144.92713389832196,304.0496909652011,gnss_local_enu,144.92713389832196,304.0496909652011,110.4352358,-7.0505316,272.633,9.384,3,10,-120.55563160875094,neo3_calibrated_diag,1,150.66074817270024,yahboom_calibrated_diag,0,-120.51042904484102,logger_gyro_integral:neo3_diag,1,nan,-159.697265625,0.0,42.828709827479045,1.2598164909988776,0.0
1789298045275299935,2026-09-13T11:14:05.275300+00:00,1789298045275301397,25872491846908,1789298045200000000,1789298045,200000000,1285527,1789298045208143,1789298045200000,2,4,148.62863083529584,311.21655506921246,gnss_local_enu,148.62863083529584,311.21655506921246,110.4352693,-7.0504668,278.112,9.189,3,10,-120.53215321156823,neo3_calibrated_diag,1,150.86927026266127,yahboom_calibrated_diag,0,-120.51042904484102,logger_gyro_integral:neo3_diag,1,nan,-159.697265625,0.0,42.790461325170355,1.2610682970038816,0.0
1789298045374212815,2026-09-13T11:14:05.374213+00:00,1789298045374214492,25872590759783,1789298045200000000,1789298045,200000000,1285527,1789298045208143,1789298045200000,2,4,148.62863083529584,311.21655506921246,gnss_local_enu,148.62863083529584,311.21655506921246,110.4352693,-7.0504668,278.112,9.189,3,10,-120.5186183420646,neo3_calibrated_diag,1,150.7142724899238,yahboom_calibrated_diag,0,-120.51042904484102,logger_gyro_integral:neo3_diag,1,nan,-159.697265625,0.0,42.70044518013951,1.2626481213502374,0.0
1789298045474709434,2026-09-13T11:14:05.474710+00:00,1789298045474710918,25872691256406,1789298045400000000,1789298045,400000000,1285728,1789298045407312,1789298045400000,2,4,152.62846597496576,318.8147783719976,gnss_local_enu,152.62846597496576,318.8147783719976,110.4353055,-7.0503981,284.063,9.014,3,10,-120.48792050993266,neo3_calibrated_diag,1,150.8340481496112,yahboom_calibrated_diag,0,-120.51042904484102,logger_gyro_integral:neo3_diag,1,nan,-159.697265625,0.0,42.77871310445886,1.261385502157293,0.0
1789298045576158952,2026-09-13T11:14:05.576159+00:00,1789298045576160625,25872792705927,1789298045400000000,1789298045,400000000,1285728,1789298045407312,1789298045400000,2,4,152.62846597496576,318.8147783719976,gnss_local_enu,152.62846597496576,318.8147783719976,110.4353055,-7.0503981,284.063,9.014,3,10,-120.47475937460418,neo3_calibrated_diag,1,150.8357546566223,yahboom_calibrated_diag,0,-120.51042904484102,logger_gyro_integral:neo3_diag,1,nan,-159.697265625,0.0,42.77991904480419,1.2595787835451984,0.0
1789298045675036193,2026-09-13T11:14:05.675036+00:00,1789298045675038333,25872891583191,1789298045600000000,1789298045,600000000,1285930,1789298045609803,1789298045600000,2,4,156.69460340005875,326.54573115530684,gnss_local_enu,156.69460340005875,326.54573115530684,110.4353423,-7.0503282,290.023,8.856,3,10,-120.53434455232099,neo3_calibrated_diag,1,150.77816253449012,yahboom_calibrated_diag,0,-120.51042904484102,logger_gyro_integral:neo3_diag,1,nan,-159.697265625,0.0,42.80527560617266,1.2614121871079844,0.0
1789298045775255325,2026-09-13T11:14:05.775255+00:00,1789298045775256705,25872991802260,1789298045600000000,1789298045,600000000,1285930,1789298045609803,1789298045600000,2,4,156.69460340005875,326.54573115530684,gnss_local_enu,156.69460340005875,326.54573115530684,110.4353423,-7.0503282,290.023,8.856,3,10,-120.48792050993266,neo3_calibrated_diag,1,150.7514098601811,yahboom_calibrated_diag,0,-120.51042904484102,logger_gyro_integral:neo3_diag,1,nan,-159.697265625,0.0,42.77871310445886,1.2600708870619872,0.0
1789298045875722315,2026-09-13T11:14:05.875722+00:00,1789298045875724069,25873092269347,1789298045800000000,1789298045,800000000,1286127,1789298045807680,1789298045800000,2,4,160.62816028736907,334.3098705430009,gnss_local_enu,160.62816028736907,334.3098705430009,110.4353779,-7.050258,295.853,8.718,3,10,-120.53905829387953,neo3_calibrated_diag,1,150.73651061888197,yahboom_calibrated_diag,0,-120.51042904484102,logger_gyro_integral:neo3_diag,1,nan,-159.697265625,0.0,42.843395663790474,1.2611318322725913,0.0
1789298045975416974,2026-09-13T11:14:05.975417+00:00,1789298045975418579,25873191963986,1789298045800000000,1789298045,800000000,1286127,1789298045807680,1789298045800000,2,4,160.62816028736907,334.3098705430009,gnss_local_enu,160.62816028736907,334.3098705430009,110.4353779,-7.050258,295.853,8.718,3,10,-120.52239937932326,neo3_calibrated_diag,1,150.77829788239634,yahboom_calibrated_diag,0,-120.51042904484102,logger_gyro_integral:neo3_diag,1,nan,-159.697265625,0.0,42.77827760535012,1.2612616243038994,0.0
1789298046075379564,2026-09-13T11:14:06.075379+00:00,1789298046075381181,25873291926591,1789298046000000000,1789298046,0,1286335,1789298046015533,1789298046000000,2,4,164.4622826430124,341.9634220575101,gnss_local_enu,164.4622826430124,341.9634220575101,110.4354126,-7.0501888,301.574,8.602,3,10,-120.48910502474529,neo3_calibrated_diag,1,150.7734681083182,yahboom_calibrated_diag,0,-120.51042904484102,logger_gyro_integral:neo3_diag,1,nan,-159.697265625,0.0,42.750512277680365,1.258856031579018,0.0
1789298046170933001,2026-09-13T11:14:06.170933+00:00,1789298046170935610,25873387480171,1789298046000000000,1789298046,0,1286335,1789298046015533,1789298046000000,2,4,164.4622826430124,341.9634220575101,gnss_local_enu,164.4622826430124,341.9634220575101,110.4354126,-7.0501888,301.574,8.602,3,10,-120.55452917280316,neo3_calibrated_diag,1,150.71657388264126,yahboom_calibrated_diag,0,-120.51042904484102,logger_gyro_integral:neo3_diag,1,nan,-159.697265625,0.0,42.78152720196066,1.2599379356241904,0.0
1789298046269706353,2026-09-13T11:14:06.269706+00:00,1789298046269707961,25873486253378,1789298046200000000,1789298046,200000000,1286528,1789298046208822,1789298046200000,2,4,168.3627063608252,349.5727488712763,gnss_local_enu,168.3627063608252,349.5727488712763,110.4354479,-7.05012,307.305,8.485,3,10,-120.49012479995753,neo3_calibrated_diag,1,150.74533783664782,yahboom_calibrated_diag,0,-120.51042904484102,logger_gyro_integral:neo3_diag,1,nan,-159.697265625,0.0,42.81625079712725,1.2590204224633257,0.0
1789298046370711812,2026-09-13T11:14:06.370712+00:00,1789298046370714366,25873587258930,1789298046200000000,1789298046,200000000,1286528,1789298046208822,1789298046200000,2,4,168.3627063608252,349.5727488712763,gnss_local_enu,168.3627063608252,349.5727488712763,110.4354479,-7.05012,307.305,8.485,3,10,-120.54845668589658,neo3_calibrated_diag,1,150.7462602526489,yahboom_calibrated_diag,0,-120.51042904484102,logger_gyro_integral:neo3_diag,1,nan,-159.697265625,0.0,42.81706306042487,1.257966471586837,0.0
1789298046470145568,2026-09-13T11:14:06.470145+00:00,1789298046470147163,25873686692548,1789298046400000000,1789298046,400000000,1286728,1789298046409069,1789298046400000,2,4,172.29628271186766,357.10466749121485,gnss_local_enu,172.29628271186766,357.10466749121485,110.4354835,-7.0500519,312.96500000000003,8.374,3,10,-120.51918455058713,neo3_calibrated_diag,1,150.66810931438485,yahboom_calibrated_diag,0,-120.51042904484102,logger_gyro_integral:neo3_diag,1,nan,-159.697265625,0.0,42.82588361161507,1.259361083105428,0.0
1789298046570705028,2026-09-13T11:14:06.570705+00:00,1789298046570706872,25873787252035,1789298046400000000,1789298046,400000000,1286728,1789298046409069,1789298046400000,2,4,172.29628271186766,357.10466749121485,gnss_local_enu,172.29628271186766,357.10466749121485,110.4354835,-7.0500519,312.96500000000003,8.374,3,10,-120.49390158719507,neo3_calibrated_diag,1,150.62577834628786,yahboom_calibrated_diag,0,-120.51042904484102,logger_gyro_integral:neo3_diag,1,nan,-159.697265625,0.0,42.76586383034487,1.2598352814506613,0.0
1789298046670672888,2026-09-13T11:14:06.670673+00:00,1789298046670675249,25873887220007,1789298046600000000,1789298046,600000000,1286927,1789298046608038,1789298046600000,2,4,176.08622291352208,364.2052581873431,gnss_local_enu,176.08622291352208,364.2052581873431,110.4355178,-7.0499877,318.365,8.28,3,10,-120.56438993042241,neo3_calibrated_diag,1,150.73807753297234,yahboom_calibrated_diag,0,-120.51042904484102,logger_gyro_integral:neo3_diag,1,nan,-159.697265625,0.0,42.827913097329414,1.2593250543773105,0.0
1789298046770401480,2026-09-13T11:14:06.770401+00:00,1789298046770403075,25873986948416,1789298046600000000,1789298046,600000000,1286927,1789298046608038,1789298046600000,2,4,176.08622291352208,364.2052581873431,gnss_local_enu,176.08622291352208,364.2052581873431,110.4355178,-7.0499877,318.365,8.28,3,10,-120.52474672604134,neo3_calibrated_diag,1,150.7698336279271,yahboom_calibrated_diag,0,-120.51042904484102,logger_gyro_integral:neo3_diag,1,nan,-159.697265625,0.0,42.849996573110715,1.2629212361945499,0.0
1789298046871124414,2026-09-13T11:14:06.871125+00:00,1789298046871126447,25874087671448,1789298046800000000,1789298046,800000000,1287126,1789298046807112,1789298046800000,2,4,179.62203649262528,370.9076972276422,gnss_local_enu,179.62203649262528,370.9076972276422,110.4355498,-7.0499271,323.485,8.185,3,10,-120.50903861276724,neo3_calibrated_diag,1,150.77225400948757,yahboom_calibrated_diag,0,-120.51042904484102,logger_gyro_integral:neo3_diag,1,nan,-159.697265625,0.0,42.8206631671393,1.2602110992390232,0.0
1789298046970720969,2026-09-13T11:14:06.970721+00:00,1789298046970723555,25874187268059,1789298046800000000,1789298046,800000000,1287126,1789298046807112,1789298046800000,2,4,179.62203649262528,370.9076972276422,gnss_local_enu,179.62203649262528,370.9076972276422,110.4355498,-7.0499271,323.485,8.185,3,10,-120.53911097706579,neo3_calibrated_diag,1,150.75193922991826,yahboom_calibrated_diag,0,-120.51042904484102,logger_gyro_integral:neo3_diag,1,nan,-159.697265625,0.0,42.8205992697545,1.259468630568891,0.0
1789298047071441479,2026-09-13T11:14:07.071441+00:00,1789298047071442939,25874287988431,1789298047000000000,1789298047,0,1287335,1789298047016216,1789298047000000,2,4,182.9810669782939,377.31152382749184,gnss_local_enu,182.9810669782939,377.31152382749184,110.4355802,-7.0498692,328.396,8.097,3,10,-120.46424797379018,neo3_calibrated_diag,1,150.74956104442725,yahboom_calibrated_diag,0,-120.51042904484102,logger_gyro_integral:neo3_diag,1,nan,-159.697265625,0.0,42.7177394202233,1.262178785604807,0.0
1789298047170605290,2026-09-13T11:14:07.170605+00:00,1789298047170607523,25874387152276,1789298047000000000,1789298047,0,1287335,1789298047016216,1789298047000000,2,4,182.9810669782939,377.31152382749184,gnss_local_enu,182.9810669782939,377.31152382749184,110.4355802,-7.0498692,328.396,8.097,3,10,-120.52459790887345,neo3_calibrated_diag,1,150.83348039976877,yahboom_calibrated_diag,0,-120.51042904484102,logger_gyro_integral:neo3_diag,1,nan,-159.697265625,0.0,42.763061417073494,1.2619877419345435,0.0
1789298047270086223,2026-09-13T11:14:07.270086+00:00,1789298047270088131,25874486633311,1789298047200000000,1789298047,200000000,1287527,1789298047208028,1789298047200000,2,4,186.37325358849682,383.67112853540243,gnss_local_enu,186.37325358849682,383.67112853540243,110.4356109,-7.0498117,333.427,8.008,3,10,-120.5321928772479,neo3_calibrated_diag,1,150.83917998050802,yahboom_calibrated_diag,0,-120.51042904484102,logger_gyro_integral:neo3_diag,1,nan,-159.697265625,0.0,42.76781617025705,1.2633395230147995,0.0
1789298047370042302,2026-09-13T11:14:07.370042+00:00,1789298047370044126,25874586589417,1789298047200000000,1789298047,200000000,1287527,1789298047208028,1789298047200000,2,4,186.37325358849682,383.67112853540243,gnss_local_enu,186.37325358849682,383.67112853540243,110.4356109,-7.0498117,333.427,8.008,3,10,-120.51202579567568,neo3_calibrated_diag,1,150.74389144189843,yahboom_calibrated_diag,0,-120.51042904484102,logger_gyro_integral:neo3_diag,1,nan,-159.697265625,0.0,42.81424346023295,1.2606766316193996,0.0
1789298047469714330,2026-09-13T11:14:07.469714+00:00,1789298047469715843,25874686261273,1789298047400000000,1789298047,400000000,1287729,1789298047409494,1789298047400000,2,4,189.7212516343543,390.0639241228697,gnss_local_enu,189.7212516343543,390.0639241228697,110.4356412,-7.0497539,338.487,7.914,3,10,-120.53089397626334,neo3_calibrated_diag,1,150.71593361434293,yahboom_calibrated_diag,0,-120.51042904484102,logger_gyro_integral:neo3_diag,1,nan,-159.697265625,0.0,42.841550918747096,1.2606907647951469,0.0
1789298047570315551,2026-09-13T11:14:07.570316+00:00,1789298047570317076,25874786862580,1789298047400000000,1789298047,400000000,1287729,1789298047409494,1789298047400000,2,4,189.7212516343543,390.0639241228697,gnss_local_enu,189.7212516343543,390.0639241228697,110.4356412,-7.0497539,338.487,7.914,3,10,-120.5016628817469,neo3_calibrated_diag,1,150.75353038112027,yahboom_calibrated_diag,0,-120.51042904484102,logger_gyro_integral:neo3_diag,1,nan,-159.697265625,0.0,42.75207942786409,1.2576618617143005,0.0
1789298047670707923,2026-09-13T11:14:07.670708+00:00,1789298047670710073,25874887254941,1789298047600000000,1789298047,600000000,1287928,1789298047608494,1789298047600000,2,4,193.05820638120287,396.5673248481358,gnss_local_enu,193.05820638120287,396.5673248481358,110.4356714,-7.0496951,343.517,7.812,3,10,-120.48815942886915,neo3_calibrated_diag,1,150.7100897659273,yahboom_calibrated_diag,0,-120.51042904484102,logger_gyro_integral:neo3_diag,1,nan,-159.697265625,0.0,42.78316100585019,1.2593392480420824,0.0
1789298047819729548,2026-09-13T11:14:07.819730+00:00,1789298047819733377,25875036277064,1789298047600000000,1789298047,600000000,1287928,1789298047608494,1789298047600000,2,4,193.05820638120287,396.5673248481358,gnss_local_enu,193.05820638120287,396.5673248481358,110.4356714,-7.0496951,343.517,7.812,3,10,-120.53155973647766,neo3_calibrated_diag,1,150.84217782392733,yahboom_calibrated_diag,0,-120.51042904484102,logger_gyro_integral:neo3_diag,1,nan,-159.697265625,0.0,42.79320126796311,1.2601777718617835,0.0
1789298047869977291,2026-09-13T11:14:07.869977+00:00,1789298047869979251,25875086524272,1789298047800000000,1789298047,800000000,1288127,1789298047807483,1789298047800000,2,4,196.51671001721576,403.22557875719104,gnss_local_enu,196.51671001721576,403.22557875719104,110.4357027,-7.0496349,348.66700000000003,7.722,3,10,-120.48357923363292,neo3_calibrated_diag,1,150.86578248890223,yahboom_calibrated_diag,0,-120.51042904484102,logger_gyro_integral:neo3_diag,1,nan,-159.697265625,0.0,42.801949181228885,1.2574580779321036,0.0
1789298047970509817,2026-09-13T11:14:07.970510+00:00,1789298047970511450,25875187056813,1789298047800000000,1789298047,800000000,1288127,1789298047807483,1789298047800000,2,4,196.51671001721576,403.22557875719104,gnss_local_enu,196.51671001721576,403.22557875719104,110.4357027,-7.0496349,348.66700000000003,7.722,3,10,-120.52184489621222,neo3_calibrated_diag,1,150.85147799248648,yahboom_calibrated_diag,0,-120.51042904484102,logger_gyro_integral:neo3_diag,1,nan,-159.697265625,0.0,42.78524090567798,1.2577655938614312,0.0
1789298048071031705,2026-09-13T11:14:08.071032+00:00,1789298048071033273,25875287578762,1789298048000000000,1789298048,0,1288334,1789298048015177,1789298048000000,2,4,199.95312188696124,409.8838426776936,gnss_local_enu,199.95312188696124,409.8838426776936,110.4357338,-7.0495747,353.807,7.634,3,10,-120.49533519490028,neo3_calibrated_diag,1,150.73251160673797,yahboom_calibrated_diag,0,-120.51042904484102,logger_gyro_integral:neo3_diag,1,nan,-159.697265625,0.0,42.75337687872268,1.2576723595710428,0.0
1789298048171059513,2026-09-13T11:14:08.171059+00:00,1789298048171061771,25875387606564,1789298048000000000,1789298048,0,1288334,1789298048015177,1789298048000000,2,4,199.95312188696124,409.8838426776936,gnss_local_enu,199.95312188696124,409.8838426776936,110.4357338,-7.0495747,353.807,7.634,3,10,-120.54830022352928,neo3_calibrated_diag,1,150.63940939423492,yahboom_calibrated_diag,0,-120.51042904484102,logger_gyro_integral:neo3_diag,1,nan,-159.697265625,0.0,42.81706306042487,1.2602794188778015,0.0
1789298048269627598,2026-09-13T11:14:08.269628+00:00,1789298048269629954,25875486174582,1789298048200000000,1789298048,200000000,1288528,1789298048208662,1789298048200000,2,4,203.15750316782436,416.1550131870386,gnss_local_enu,203.15750316782436,416.1550131870386,110.4357628,-7.049518,358.72700000000003,7.558,3,10,-120.53436681036861,neo3_calibrated_diag,1,150.7432352453177,yahboom_calibrated_diag,0,-120.51042904484102,logger_gyro_integral:neo3_diag,1,nan,-159.697265625,0.0,42.83951182024487,1.2614294542192843,0.0
1789298048369593567,2026-09-13T11:14:08.369594+00:00,1789298048369595615,25875586140582,1789298048200000000,1789298048,200000000,1288528,1789298048208662,1789298048200000,2,4,203.15750316782436,416.1550131870386,gnss_local_enu,203.15750316782436,416.1550131870386,110.4357628,-7.049518,358.72700000000003,7.558,3,10,-120.48477663977872,neo3_calibrated_diag,1,150.76526183366906,yahboom_calibrated_diag,0,-120.51042904484102,logger_gyro_integral:neo3_diag,1,nan,-159.697265625,0.0,42.78514183872831,1.260214531752729,0.0
1789298048469554158,2026-09-13T11:14:08.469554+00:00,1789298048469555619,25875686101128,1789298048400000000,1789298048,400000000,1288728,1789298048408771,1789298048400000,2,4,206.35083490563028,422.30452425139833,gnss_local_enu,206.35083490563028,422.30452425139833,110.4357917,-7.0494624,363.468,7.487,3,10,-120.55964674257326,neo3_calibrated_diag,1,150.81350942517645,yahboom_calibrated_diag,0,-120.51042904484102,logger_gyro_integral:neo3_diag,1,nan,-159.697265625,0.0,42.84679983856904,1.2609436900410236,0.0
1789298048569555065,2026-09-13T11:14:08.569555+00:00,1789298048569556514,25875786102043,1789298048400000000,1789298048,400000000,1288728,1789298048408771,1789298048400000,2,4,206.35083490563028,422.30452425139833,gnss_local_enu,206.35083490563028,422.30452425139833,110.4357917,-7.0494624,363.468,7.487,3,10,-120.55664423469959,neo3_calibrated_diag,1,150.73651061888197,yahboom_calibrated_diag,0,-120.51042904484102,logger_gyro_integral:neo3_diag,1,nan,-159.697265625,0.0,42.85323485946423,1.2611318322725913,0.0
1789298048670110571,2026-09-13T11:14:08.670110+00:00,1789298048670112746,25875886657569,1789298048600000000,1789298048,600000000,1288928,1789298048608814,1789298048600000,2,4,209.52207305686062,428.4319228125733,gnss_local_enu,209.52207305686062,428.4319228125733,110.4358204,-7.049407,368.178,7.414,3,10,-120.44625116937559,neo3_calibrated_diag,1,150.78719425859248,yahboom_calibrated_diag,0,-120.51042904484102,logger_gyro_integral:neo3_diag,1,nan,-159.697265625,0.0,42.72632866936382,1.2591503520021474,0.0
1789298048769561038,2026-09-13T11:14:08.769561+00:00,1789298048769562740,25875986108067,1789298048600000000,1789298048,600000000,1288928,1789298048608814,1789298048600000,2,4,209.52207305686062,428.4319228125733,gnss_local_enu,209.52207305686062,428.4319228125733,110.4358204,-7.049407,368.178,7.414,3,10,-120.50072876424488,neo3_calibrated_diag,1,150.80721545440227,yahboom_calibrated_diag,0,-120.51042904484102,logger_gyro_integral:neo3_diag,1,nan,-159.697265625,0.0,42.743283935571675,1.2601942087831806,0.0
1789298048869533689,2026-09-13T11:14:08.869534+00:00,1789298048869535309,25876086080698,1789298048800000000,1789298048,800000000,1289126,1789298048806644,1789298048800000,2,4,212.69331759661242,434.54827257903116,gnss_local_enu,212.69331759661242,434.54827257903116,110.4358491,-7.0493517,372.918,7.344,3,10,-120.49812525173442,neo3_calibrated_diag,1,150.81323028664002,yahboom_calibrated_diag,0,-120.51042904484102,logger_gyro_integral:neo3_diag,1,nan,-159.697265625,0.0,42.81816869787988,1.2612448120618711,0.0
1789298048969631563,2026-09-13T11:14:08.969631+00:00,1789298048969633243,25876186178588,1789298048800000000,1789298048,800000000,1289126,1789298048806644,1789298048800000,2,4,212.69331759661242,434.54827257903116,gnss_local_enu,212.69331759661242,434.54827257903116,110.4358491,-7.0493517,372.918,7.344,3,10,-120.5048961446668,neo3_calibrated_diag,1,150.72189349755888,yahboom_calibrated_diag,0,-120.51042904484102,logger_gyro_integral:neo3_diag,1,nan,-159.697265625,0.0,42.83683199584209,1.26189172862869,0.0
1789298049069533362,2026-09-13T11:14:09.069533+00:00,1789298049069534928,25876286080385,1789298049000000000,1789298049,0,1289334,1789298049014709,1789298049000000,2,4,215.95296155783774,440.77523135841346,gnss_local_enu,215.95296155783774,440.77523135841346,110.4358786,-7.0492954,377.699,7.282,3,10,-120.47330558237114,neo3_calibrated_diag,1,150.77225400948757,yahboom_calibrated_diag,0,-120.51042904484102,logger_gyro_integral:neo3_diag,1,nan,-159.697265625,0.0,42.732642371073894,1.2602110992390232,0.0
1789298049170158465,2026-09-13T11:14:09.170159+00:00,1789298049170160602,25876386705465,1789298049000000000,1789298049,0,1289334,1789298049014709,1789298049000000,2,4,215.95296155783774,440.77523135841346,gnss_local_enu,215.95296155783774,440.77523135841346,110.4358786,-7.0492954,377.699,7.282,3,10,-120.50369826140265,neo3_calibrated_diag,1,150.68086343503214,yahboom_calibrated_diag,0,-120.51042904484102,logger_gyro_integral:neo3_diag,1,nan,-159.697265625,0.0,42.789568300277345,1.2608594067399777,0.0
1789298049269587768,2026-09-13T11:14:09.269588+00:00,1789298049269589759,25876486134840,1789298049200000000,1789298049,200000000,1289528,1789298049208293,1789298049200000,2,4,219.26785835098786,447.1680983432969,gnss_local_enu,219.26785835098786,447.1680983432969,110.4359086,-7.0492376,382.519,7.211,3,10,-120.52817440203869,neo3_calibrated_diag,1,150.80513517767974,yahboom_calibrated_diag,0,-120.51042904484102,logger_gyro_integral:neo3_diag,1,nan,-159.697265625,0.0,42.86385253777359,1.2624526295152851,0.0
1789298049369563371,2026-09-13T11:14:09.369563+00:00,1789298049369564983,25876586110412,1789298049200000000,1789298049,200000000,1289528,1789298049208293,1789298049200000,2,4,219.26785835098786,447.1680983432969,gnss_local_enu,219.26785835098786,447.1680983432969,110.4359086,-7.0492376,382.519,7.211,3,10,-120.53301720276276,neo3_calibrated_diag,1,150.6456830935777,yahboom_calibrated_diag,0,-120.51042904484102,logger_gyro_integral:neo3_diag,1,nan,-159.697265625,0.0,42.78073699699901,1.26117907422575,0.0
1789298049469548933,2026-09-13T11:14:09.469549+00:00,1789298049469550592,25876686095970,1789298049400000000,1789298049,400000000,1289729,1789298049408453,1789298049400000,2,4,222.8700481829232,453.82643119610896,gnss_local_enu,222.8700481829232,453.82643119610896,110.4359412,-7.0491774,387.66,7.148,3,10,-120.4911974249199,neo3_calibrated_diag,1,150.73729351430958,yahboom_calibrated_diag,0,-120.51042904484102,logger_gyro_integral:neo3_diag,1,nan,-159.697265625,0.0,42.8109668700965,1.2602284432110749,0.0
1789298049569600032,2026-09-13T11:14:09.569600+00:00,1789298049569603748,25876786147255,1789298049400000000,1789298049,400000000,1289729,1789298049408453,1789298049400000,2,4,222.8700481829232,453.82643119610896,gnss_local_enu,222.8700481829232,453.82643119610896,110.4359412,-7.0491774,387.66,7.148,3,10,-120.56408475560633,neo3_calibrated_diag,1,150.7080550047571,yahboom_calibrated_diag,0,-120.51042904484102,logger_gyro_integral:neo3_diag,1,nan,-159.697265625,0.0,42.759472792120576,1.2617483068310276,0.0
1789298049670127598,2026-09-13T11:14:09.670128+00:00,1789298049670129815,25876886674638,1789298049600000000,1789298049,600000000,1289927,1789298049607364,1789298049600000,2,4,226.60484244323175,460.6396283712163,gnss_local_enu,226.60484244323175,460.6396283712163,110.435975,-7.0491158,393.04,7.084,3,10,-120.55340357516447,neo3_calibrated_diag,1,150.76245657163386,yahboom_calibrated_diag,0,-120.51042904484102,logger_gyro_integral:neo3_diag,1,nan,-159.697265625,0.0,42.81394589255235,1.2633763657128048,0.0
1789298049769559001,2026-09-13T11:14:09.769559+00:00,1789298049769560965,25876986105988,1789298049600000000,1789298049,600000000,1289927,1789298049607364,1789298049600000,2,4,226.60484244323175,460.6396283712163,gnss_local_enu,226.60484244323175,460.6396283712163,110.435975,-7.0491158,393.04,7.084,3,10,-120.47475937460418,neo3_calibrated_diag,1,150.86286450848476,yahboom_calibrated_diag,0,-120.51042904484102,logger_gyro_integral:neo3_diag,1,nan,-159.697265625,0.0,42.77991904480419,1.2604692441795151,0.0
1789298049870059283,2026-09-13T11:14:09.870059+00:00,1789298049870060863,25877086606318,1789298049800000000,1789298049,800000000,1290126,1789298049806933,1789298049800000,2,4,230.1186586798877,467.3975307227565,gnss_local_enu,230.1186586798877,467.3975307227565,110.4360068,-7.0490547,398.31,7.042,3,10,-120.58574332410328,neo3_calibrated_diag,1,150.82077862812497,yahboom_calibrated_diag,0,-120.51042904484102,logger_gyro_integral:neo3_diag,1,nan,-159.697265625,0.0,42.82869113876935,1.260639261432291,0.0
1789298049969622427,2026-09-13T11:14:09.969623+00:00,1789298049969624080,25877186169457,1789298049800000000,1789298049,800000000,1290126,1789298049806933,1789298049800000,2,4,230.1186586798877,467.3975307227565,gnss_local_enu,230.1186586798877,467.3975307227565,110.4360068,-7.0490547,398.31,7.042,3,10,-120.52501532376479,neo3_calibrated_diag,1,150.7919967320539,yahboom_calibrated_diag,0,-120.51042904484102,logger_gyro_integral:neo3_diag,1,nan,-159.697265625,0.0,42.75612300422479,1.261555969231073,0.0
1789298050070015911,2026-09-13T11:14:10.070016+00:00,1789298050070017667,25877286562881,1789298050000000000,1789298050,0,1290334,1789298050014905,1789298050000000,2,4,233.5661894981476,474.1665086506152,gnss_local_enu,233.5661894981476,474.1665086506152,110.436038,-7.0489935,403.64,7.002,3,10,-120.50536229221879,neo3_calibrated_diag,1,150.6959703935804,yahboom_calibrated_diag,0,-120.51042904484102,logger_gyro_integral:neo3_diag,1,nan,-159.697265625,0.0,42.747980290727185,1.2594970205749052,0.0
1789298050170112493,2026-09-13T11:14:10.170113+00:00,1789298050170114723,25877386659603,1789298050000000000,1789298050,0,1290334,1789298050014905,1789298050000000,2,4,233.5661894981476,474.1665086506152,gnss_local_enu,233.5661894981476,474.1665086506152,110.436038,-7.0489935,403.64,7.002,3,10,-120.54586388029516,neo3_calibrated_diag,1,150.68098722195148,yahboom_calibrated_diag,0,-120.51042904484102,logger_gyro_integral:neo3_diag,1,nan,-159.697265625,0.0,42.81011949285355,1.260708839254736,0.0
1789298050269551153,2026-09-13T11:14:10.269551+00:00,1789298050269552823,25877486098141,1789298050200000000,1789298050,200000000,1290528,1789298050208699,1789298050200000,2,4,236.95847694550116,480.80277193564217,gnss_local_enu,236.95847694550116,480.80277193564217,110.4360687,-7.0489335,408.861,6.971,3,10,-120.45868725374237,neo3_calibrated_diag,1,150.74349762993901,yahboom_calibrated_diag,0,-120.51042904484102,logger_gyro_integral:neo3_diag,1,nan,-159.697265625,0.0,42.746339072370866,1.2611283251601464,0.0
1789298050369650513,2026-09-13T11:14:10.369650+00:00,1789298050369652582,25877586197563,1789298050200000000,1789298050,200000000,1290528,1789298050208699,1789298050200000,2,4,236.95847694550116,480.80277193564217,gnss_local_enu,236.95847694550116,480.80277193564217,110.4360687,-7.0489335,408.861,6.971,3,10,-120.56598736070902,neo3_calibrated_diag,1,150.7653957687346,yahboom_calibrated_diag,0,-120.51042904484102,logger_gyro_integral:neo3_diag,1,nan,-159.697265625,0.0,42.815467843910106,1.2600639683038448,0.0
1789298050469639295,2026-09-13T11:14:10.469639+00:00,1789298050469643563,25877686186632,1789298050400000000,1789298050,400000000,1290728,1789298050408835,1789298050400000,2,4,240.51651033091127,487.48329058655537,gnss_local_enu,240.51651033091127,487.48329058655537,110.4361009,-7.0488731,414.16200000000003,6.942,3,10,-120.54890379834352,neo3_calibrated_diag,1,150.7309506211088,yahboom_calibrated_diag,0,-120.51042904484102,logger_gyro_integral:neo3_diag,1,nan,-159.697265625,0.0,42.81011949285355,1.2594791406924115,0.0
1789298050569562027,2026-09-13T11:14:10.569562+00:00,1789298050569563909,25877786109050,1789298050400000000,1789298050,400000000,1290728,1789298050408835,1789298050400000,2,4,240.51651033091127,487.48329058655537,gnss_local_enu,240.51651033091127,487.48329058655537,110.4361009,-7.0488731,414.16200000000003,6.942,3,10,-120.50184721016588,neo3_calibrated_diag,1,150.8542837488331,yahboom_calibrated_diag,0,-120.51042904484102,logger_gyro_integral:neo3_diag,1,nan,-159.697265625,0.0,42.80261427008402,1.2621285885213687,0.0
1789298050670146472,2026-09-13T11:14:10.670146+00:00,1789298050670149145,25877886693510,1789298050600000000,1789298050,600000000,1290928,1789298050607582,1789298050600000,2,4,244.01929417517783,494.0532009641561,gnss_local_enu,244.01929417517783,494.0532009641561,110.4361326,-7.0488137,419.192,6.917,3,10,-120.53288334644593,neo3_calibrated_diag,1,150.74349762993901,yahboom_calibrated_diag,0,-120.51042904484102,logger_gyro_integral:neo3_diag,1,nan,-159.697265625,0.0,42.81554333699854,1.2611283251601464,0.0
1789298050769571689,2026-09-13T11:14:10.769572+00:00,1789298050769573358,25877986118736,1789298050600000000,1789298050,600000000,1290928,1789298050607582,1789298050600000,2,4,244.01929417517783,494.0532009641561,gnss_local_enu,244.01929417517783,494.0532009641561,110.4361326,-7.0488137,419.192,6.917,3,10,-120.50560831193448,neo3_calibrated_diag,1,150.82847571641793,yahboom_calibrated_diag,0,-120.51042904484102,logger_gyro_integral:neo3_diag,1,nan,-159.697265625,0.0,42.80490932306247,1.2598831717451306,0.0
1789298050869653574,2026-09-13T11:14:10.869653+00:00,1789298050869655671,25878086200673,1789298050800000000,1789298050,800000000,1291129,1789298050807701,1789298050800000,2,4,247.45578741614156,500.61205725408496,gnss_local_enu,247.45578741614156,500.61205725408496,110.4361637,-7.0487544,424.16200000000003,6.892,3,10,-120.50984021244015,neo3_calibrated_diag,1,150.72887626036882,yahboom_calibrated_diag,0,-120.51042904484102,logger_gyro_integral:neo3_diag,1,nan,-159.697265625,0.0,42.79953786670599,1.261888183588458,0.0
1789298050969581916,2026-09-13T11:14:10.969582+00:00,1789298050969584633,25878186129248,1789298050800000000,1789298050,800000000,1291129,1789298050807701,1789298050800000,2,4,247.45578741614156,500.61205725408496,gnss_local_enu,247.45578741614156,500.61205725408496,110.4361637,-7.0487544,424.16200000000003,6.892,3,10,-120.55665154570453,neo3_calibrated_diag,1,150.71631768352742,yahboom_calibrated_diag,0,-120.51042904484102,logger_gyro_integral:neo3_diag,1,nan,-159.697265625,0.0,42.81900331526179,1.2602390672743176,0.0
1789298051069595364,2026-09-13T11:14:11.069595+00:00,1789298051069597559,25878286142478,1789298051000000000,1789298051,0,1291335,1789298051015539,1789298051000000,2,4,250.89227869694577,507.1045484883271,gnss_local_enu,250.89227869694577,507.1045484883271,110.4361948,-7.0486957,428.932,6.872,3,9,-120.4767794405604,neo3_calibrated_diag,1,150.7718498898849,yahboom_calibrated_diag,0,-120.51042904484102,logger_gyro_integral:neo3_diag,1,nan,-159.697265625,0.0,42.78323637316958,1.2606627885803914,0.0
1789298051170130470,2026-09-13T11:14:11.170130+00:00,1789298051170133542,25878386677749,1789298051000000000,1789298051,0,1291335,1789298051015539,1789298051000000,2,4,250.89227869694577,507.1045484883271,gnss_local_enu,250.89227869694577,507.1045484883271,110.4361948,-7.0486957,428.932,6.872,3,9,-120.5180003636698,neo3_calibrated_diag,1,150.8013289306256,yahboom_calibrated_diag,0,-120.51042904484102,logger_gyro_integral:neo3_diag,1,nan,-159.697265625,0.0,42.80141224216907,1.258993057315679,0.0
1789298051269586717,2026-09-13T11:14:11.269587+00:00,1789298051269588808,25878486133718,1789298051200000000,1789298051,200000000,1291528,1789298051208803,1789298051200000,2,4,254.3398272646996,513.6302328185647,gnss_local_enu,254.3398272646996,513.6302328185647,110.436226,-7.0486367,433.752,6.849,3,9,-120.5447261887583,neo3_calibrated_diag,1,150.77198456423878,yahboom_calibrated_diag,0,-120.51042904484102,logger_gyro_integral:neo3_diag,1,nan,-159.697265625,0.0,42.79200354075981,1.2605122254598682,0.0
1789298051369603140,2026-09-13T11:14:11.369603+00:00,1789298051369606286,25878586150423,1789298051200000000,1789298051,200000000,1291528,1789298051208803,1789298051200000,2,4,254.3398272646996,513.6302328185647,gnss_local_enu,254.3398272646996,513.6302328185647,110.436226,-7.0486367,433.752,6.849,3,9,-120.46941195699998,neo3_calibrated_diag,1,150.77292818630343,yahboom_calibrated_diag,0,-120.51042904484102,logger_gyro_integral:neo3_diag,1,nan,-159.697265625,0.0,42.790057175265616,1.2594582838048634,0.0
1789298051469611703,2026-09-13T11:14:11.469612+00:00,1789298051469614740,25878686158975,1789298051400000000,1789298051,400000000,1291727,1789298051408036,1789298051400000,2,4,257.20173178369566,519.0277416005226,gnss_local_enu,257.20173178369566,519.0277416005226,110.4362519,-7.0485879,437.572,6.899,3,8,-120.51263332516871,neo3_calibrated_diag,1,150.80036120502515,yahboom_calibrated_diag,0,-120.51042904484102,logger_gyro_integral:neo3_diag,1,nan,-159.697265625,0.0,42.7887664831834,1.2600469889078154,0.0
1789298051569629528,2026-09-13T11:14:11.569629+00:00,1789298051569631751,25878786176567,1789298051400000000,1789298051,400000000,1291727,1789298051408036,1789298051400000,2,4,257.20173178369566,519.0277416005226,gnss_local_enu,257.20173178369566,519.0277416005226,110.4362519,-7.0485879,437.572,6.899,3,8,-120.48931250722872,neo3_calibrated_diag,1,150.78114767177595,yahboom_calibrated_diag,0,-120.51042904484102,logger_gyro_integral:neo3_diag,1,nan,-159.697265625,0.0,42.78474056802962,1.258099806993713,0.0
1789298051670267054,2026-09-13T11:14:11.670267+00:00,1789298051670271111,25878886814348,1789298051600000000,1789298051,600000000,1291926,1789298051606891,1789298051600000,2,4,259.8868447879345,524.192983878263,gnss_local_enu,259.8868447879345,524.192983878263,110.4362762,-7.0485412,441.193,6.955,3,8,-120.51383373652897,neo3_calibrated_diag,1,150.7474484896709,yahboom_calibrated_diag,0,-120.51042904484102,logger_gyro_integral:neo3_diag,1,nan,-159.697265625,0.0,42.760568590477135,1.2566113923524471,0.0
