source_mode,sample_seq,wall_utc_ns,utc_iso8601,ros_now_ns,monotonic_ns,measurement_stamp_ns,measurement_stamp_sec,measurement_stamp_nanosec,f411_mcu_ms,dronecan_network_us,dronecan_gnss_us,dronecan_time_standard,timestamp_source_code,x_m,y_m,xy_source,gnss_east_m,gnss_north_m,longitude_deg,latitude_deg,altitude_m,hacc_m,vacc_m,fix_type,fix_valid,satellites,satellites_visible,gnss_ground_speed_mps,gnss_course_deg,gnss_vel_n_mps,gnss_vel_e_mps,gnss_vel_d_mps,gnss_sacc_mps,gnss_course_acc_deg,gnss_pdop,gnss_rate_hz,yaw_neo3_deg,yaw_neo3_source,yaw_neo3_valid,neo3_mag_x_ut,neo3_mag_y_ut,neo3_mag_z_ut,neo3_mag_norm_ut,neo3_node_id,yaw_yahboom_deg,yaw_yahboom_source,yaw_yahboom_valid,yah_mag_raw_x_lsb,yah_mag_raw_y_lsb,yah_mag_raw_z_lsb,yah_mag_corrected_x,yah_mag_corrected_y,yahboom_corrected_norm,yaw_inertial_deg,yaw_inertial_source,yaw_inertial_valid,gyro_integrated_yaw_deg,yaw_gnss_heading_deg,yaw_imu_orientation_deg,map_yaw_from_enu_deg,imu_acc_raw_x,imu_acc_raw_y,imu_acc_raw_z,imu_acc_x_mps2,imu_acc_y_mps2,imu_acc_z_mps2,imu_acc_norm_mps2,imu_gyro_raw_x,imu_gyro_raw_y,imu_gyro_raw_z,imu_gyro_x_dps,imu_gyro_y_dps,imu_gyro_z_dps,imu_gyro_x_rps,imu_gyro_y_rps,imu_gyro_z_rps,gyro_z_rps,imu_angle_raw_roll,imu_angle_raw_pitch,imu_angle_raw_yaw,imu_roll_deg,imu_pitch_deg,imu_accgyro_yaw_deg,baro_pressure_pa,baro_temperature_k,neo3_crc_ok,yahboom_checksum_ok,bad_neo3_crc,bad_yahboom_checksum,f4_line_count,gnss_count,neo3_mag_count,imu_acc_count,imu_gyro_count,imu_angle_count,imu_mag_count,raw_message_count,raw_reference
DIRECT_SERIAL,1,1789353495757772435,2026-09-14T02:38:15.757772+00:00,-1,22475959962565,1789353495757772435,1789353495,757772435,-1,-1,-1,-1,3,nan,nan,gnss_stale,nan,nan,nan,nan,nan,nan,nan,-1,0,-1,-1,nan,nan,nan,nan,nan,nan,nan,nan,nan,nan,neo3_stale,0,nan,nan,nan,nan,-1,nan,yahboom_stale,0,nan,nan,nan,nan,nan,nan,nan,imu_stale,0,nan,nan,nan,0.0,nan,nan,nan,nan,nan,nan,nan,nan,nan,nan,nan,nan,nan,nan,nan,nan,nan,nan,nan,nan,nan,nan,nan,98809.203,305.0,1,,0,0,9,0,0,0,0,0,0,11,F4line=9;YAH=0
DIRECT_SERIAL,2,1789353495811884461,2026-09-14T02:38:15.811885+00:00,-1,22476014074832,1789348395600000000,1789348395,600000000,32127381,1789348395607885,1789348395600000,2,4,3.5136086641075748,4.291211643140404,gnss_local_enu_direct,3.5136086641075748,4.291211643140404,110.4365917,-7.0490313,414.92,14.309,14.526,3,1,9,0,23.1709,39.45,17.892,14.723,-22.184,6.7892,16.788,99.0,5.01,114.69050652250863,neo3_calibrated_direct,1,27.4902,-8.14819,-32.6172,43.42793838252168,7,149.32784452030043,yahboom_calibrated_direct,0,3169,2937,2810,0.014443940749876573,0.545481826344329,0.5456730250766759,125.07887244053198,neo3_calibrated_direct:gyro_integral,1,125.07887244053198,nan,117.3284912109375,0.0,-213,-64,2032,-1.0199299072265624,-0.3064578125,9.730035546875,9.78814411162548,0,0,0,0.0,0.0,0.0,0.0,0.0,0.0,0.0,-331,1080,21359,-1.8182373046875,5.9326171875,117.3284912109375,98809.812,305.0,1,1,0,0,66,2,16,2,2,2,2,76,F4line=66;YAH=8
DIRECT_SERIAL,3,1789353495871708572,2026-09-14T02:38:15.871709+00:00,-1,22476073898950,1789353495800000000,1789353495,800000000,37227691,1789353495807859,1789353495800000,2,4,-167.49864384531833,-201.25009423733144,gnss_local_enu_direct,-167.49864384531833,-201.25009423733144,110.4350439,-7.0508898,232.13,5.958,6.921,3,1,13,0,0.1892,173.626,-0.188,0.021,-0.121,1.1241,180.0,99.0,5.01,114.60609479830212,neo3_calibrated_direct,1,27.5146,-8.17261,-32.6904,43.50295414718522,7,149.50530727000645,yahboom_calibrated_direct,0,3158,2936,2782,0.012777525633515068,0.5452964187837379,0.5454461013699564,125.07887244053198,neo3_calibrated_direct:gyro_integral,1,125.07887244053198,nan,117.3284912109375,0.0,-213,-64,2037,-1.0199299072265624,-0.3064578125,9.753977563476562,9.811944339186889,0,0,0,0.0,0.0,0.0,0.0,0.0,0.0,0.0,-331,1080,21359,-1.8182373046875,5.9326171875,117.3284912109375,98797.0,305.0,1,1,0,0,74,3,17,5,5,5,5,96,F4line=74;YAH=20
DIRECT_SERIAL,4,1789353495931614234,2026-09-14T02:38:15.931614+00:00,-1,22476133804502,1789353495800000000,1789353495,800000000,37227691,1789353495807859,1789353495800000,2,4,-167.49864384531833,-201.25009423733144,gnss_local_enu_direct,-167.49864384531833,-201.25009423733144,110.4350439,-7.0508898,232.13,5.958,6.921,3,1,13,0,0.1892,173.626,-0.188,0.021,-0.121,1.1241,180.0,99.0,5.01,114.79948035158306,neo3_calibrated_direct,1,27.4902,-8.11768,-32.6416,43.44055565001903,7,149.55353760526032,yahboom_calibrated_direct,0,3155,2928,2811,0.012298567665536296,0.544082450597692,0.544221432704569,125.07887244053198,neo3_calibrated_direct:gyro_integral,1,125.07887244053198,nan,117.3284912109375,0.0,-211,-64,2035,-1.0103531005859374,-0.3064578125,9.744400756835937,9.801432338619223,0,0,0,0.0,0.0,0.0,0.0,0.0,0.0,0.0,-332,1080,21359,-1.82373046875,5.9326171875,117.3284912109375,98797.0,305.0,1,1,0,0,78,3,19,8,8,8,8,112,F4line=78;YAH=32
DIRECT_SERIAL,5,1789353495991437759,2026-09-14T02:38:15.991438+00:00,-1,22476193628067,1789353495800000000,1789353495,800000000,37227691,1789353495807859,1789353495800000,2,4,-167.49864384531833,-201.25009423733144,gnss_local_enu_direct,-167.49864384531833,-201.25009423733144,110.4350439,-7.0508898,232.13,5.958,6.921,3,1,13,0,0.1892,173.626,-0.188,0.021,-0.121,1.1241,180.0,99.0,5.01,114.6758944036426,neo3_calibrated_direct,1,27.4658,-8.14209,-32.5928,43.39302260788133,7,149.26225636344162,yahboom_calibrated_direct,0,3173,2927,2826,0.015017076383580491,0.543988919233122,0.5441961565754856,125.07887244053198,neo3_calibrated_direct:gyro_integral,1,125.07887244053198,nan,117.3284912109375,0.0,-211,-66,2036,-1.0103531005859374,-0.316034619140625,9.749189160156249,9.806496854069097,0,0,0,0.0,0.0,0.0,0.0,0.0,0.0,0.0,-331,1080,21359,-1.8182373046875,5.9326171875,117.3284912109375,98799.438,305.0,1,1,0,0,81,3,20,11,11,11,11,127,F4line=81;YAH=44
DIRECT_SERIAL,6,1789353496041640637,2026-09-14T02:38:16.041641+00:00,-1,22476243830839,1789353495800000000,1789353495,800000000,37227691,1789353495807859,1789353495800000,2,4,-167.49864384531833,-201.25009423733144,gnss_local_enu_direct,-167.49864384531833,-201.25009423733144,110.4350439,-7.0508898,232.13,5.958,6.921,3,1,13,0,0.1892,173.626,-0.188,0.021,-0.121,1.1241,180.0,99.0,5.01,114.41061744823847,neo3_calibrated_direct,1,27.4414,-8.18481,-32.666,43.44063886150962,7,149.47335250402978,yahboom_calibrated_direct,0,3160,2943,2838,0.013102111186651545,0.5463566608560966,0.546513738326285,125.07887244053198,neo3_calibrated_direct:gyro_integral,1,125.07887244053198,nan,117.3284912109375,0.0,-213,-65,2036,-1.0199299072265624,-0.3112462158203125,9.749189160156249,9.807335035728398,0,0,0,0.0,0.0,0.0,0.0,0.0,0.0,0.0,-331,1080,21359,-1.8182373046875,5.9326171875,117.3284912109375,98799.438,305.0,1,1,0,0,86,3,22,14,14,14,14,144,F4line=86;YAH=56
DIRECT_SERIAL,7,1789353496091831182,2026-09-14T02:38:16.091831+00:00,-1,22476294021354,1789353496000000000,1789353496,0,37227898,1789353496014673,1789353496000000,2,4,-167.4544480096973,-201.21691430583283,gnss_local_enu_direct,-167.4544480096973,-201.21691430583283,110.4350443,-7.0508895,232.09,5.953,6.917,3,1,13,0,0.0732,38.904,0.057,0.046,0.694,1.5848,180.0,99.0,4.98,114.52891193936053,neo3_calibrated_direct,1,27.4902,-8.17871,-32.6904,43.48867261096963,7,149.45687959508697,yahboom_calibrated_direct,0,3161,2936,2846,0.01323113844397083,0.545305923217809,0.5454664177756047,125.07887244053198,neo3_calibrated_direct:gyro_integral,1,125.07887244053198,nan,117.3284912109375,0.0,-213,-64,2032,-1.0199299072265624,-0.3064578125,9.730035546875,9.78814411162548,0,0,0,0.0,0.0,0.0,0.0,0.0,0.0,0.0,-331,1080,21359,-1.8182373046875,5.9326171875,117.3284912109375,98799.133,304.75,1,1,0,0,94,4,23,17,17,17,16,163,F4line=94;YAH=67
DIRECT_SERIAL,8,1789353496145341279,2026-09-14T02:38:16.145341+00:00,-1,22476347531463,1789353496000000000,1789353496,0,37227898,1789353496014673,1789353496000000,2,4,-167.4544480096973,-201.21691430583283,gnss_local_enu_direct,-167.4544480096973,-201.21691430583283,110.4350443,-7.0508895,232.09,5.953,6.917,3,1,13,0,0.0732,38.904,0.057,0.046,0.694,1.5848,180.0,99.0,4.98,114.805004193268,neo3_calibrated_direct,1,27.4902,-8.11157,-32.7148,43.494445656254776,7,149.5051918870416,yahboom_calibrated_direct,0,3158,2933,2868,0.01276802119944394,0.5448447448767474,0.5449943287642152,125.07887244053198,neo3_calibrated_direct:gyro_integral,1,125.07887244053198,nan,117.3284912109375,0.0,-211,-64,2039,-1.0103531005859374,-0.3064578125,9.763554370117188,9.820474719530637,0,0,0,0.0,0.0,0.0,0.0,0.0,0.0,0.0,-331,1080,21359,-1.8182373046875,5.9326171875,117.3284912109375,98799.742,304.75,1,1,0,0,97,4,24,19,19,19,19,175,F4line=97;YAH=76
DIRECT_SERIAL,9,1789353496210968083,2026-09-14T02:38:16.210968+00:00,-1,22476413158384,1789353496000000000,1789353496,0,37227898,1789353496014673,1789353496000000,2,4,-167.4544480096973,-201.21691430583283,gnss_local_enu_direct,-167.4544480096973,-201.21691430583283,110.4350443,-7.0508895,232.09,5.953,6.917,3,1,13,0,0.0732,38.904,0.057,0.046,0.694,1.5848,180.0,99.0,4.98,114.70606471038771,neo3_calibrated_direct,1,27.4902,-8.14209,-32.6416,43.44512373291276,7,149.52148458907496,yahboom_calibrated_direct,0,3157,2937,2859,0.012629489508053525,0.5454438086080444,0.5455900038986079,125.07887244053198,neo3_calibrated_direct:gyro_integral,1,125.07887244053198,nan,117.3284912109375,0.0,-215,-64,2034,-1.0295067138671874,-0.3064578125,9.739612353515625,9.798665687811482,0,0,0,0.0,0.0,0.0,0.0,0.0,0.0,0.0,-331,1080,21359,-1.8182373046875,5.9326171875,117.3284912109375,98799.742,304.75,1,1,0,0,101,4,26,22,22,22,22,191,F4line=101;YAH=88
DIRECT_SERIAL,10,1789353496270830906,2026-09-14T02:38:16.270831+00:00,-1,22476473021166,1789353496200000000,1789353496,200000000,37228091,1789353496208004,1789353496200000,2,4,-167.37710697300764,-201.12843769018747,gnss_local_enu_direct,-167.37710697300764,-201.12843769018747,110.435045,-7.0508887,232.08,5.94,6.91,3,1,14,0,0.1335,125.238,-0.077,0.109,0.291,1.5188,180.0,99.0,5.01,114.29593687324486,neo3_calibrated_direct,1,27.4414,-8.20923,-32.6904,43.46359560957767,7,149.58604411121212,yahboom_calibrated_direct,0,3153,2937,2814,0.012024672427445843,0.545431136029283,0.5455636689674098,125.07887244053198,neo3_calibrated_direct:gyro_integral,1,125.07887244053198,nan,117.3284912109375,0.0,-212,-64,2030,-1.01514150390625,-0.3064578125,9.720458740234374,9.778125934165205,0,0,0,0.0,0.0,0.0,0.0,0.0,0.0,0.0,-331,1080,21359,-1.8182373046875,5.9326171875,117.3284912109375,98798.828,304.75,1,1,0,0,112,5,27,25,25,25,25,214,F4line=112;YAH=100
DIRECT_SERIAL,11,1789353496330701630,2026-09-14T02:38:16.330702+00:00,-1,22476532891917,1789353496200000000,1789353496,200000000,37228091,1789353496208004,1789353496200000,2,4,-167.37710697300764,-201.12843769018747,gnss_local_enu_direct,-167.37710697300764,-201.12843769018747,110.435045,-7.0508887,232.08,5.94,6.91,3,1,14,0,0.1335,125.238,-0.077,0.109,0.291,1.5188,180.0,99.0,5.01,115.0103439014741,neo3_calibrated_direct,1,27.4658,-8.06885,-32.5439,43.34261110238399,7,149.60204433373642,yahboom_calibrated_direct,0,3152,2925,2868,0.011835450421009404,0.5436212722566304,0.5437500947462773,125.07887244053198,neo3_calibrated_direct:gyro_integral,1,125.07887244053198,nan,117.3284912109375,0.0,-211,-66,2033,-1.0103531005859374,-0.316034619140625,9.734823950195311,9.792215715028709,0,0,0,0.0,0.0,0.0,0.0,0.0,0.0,0.0,-331,1080,21359,-1.8182373046875,5.9326171875,117.3284912109375,98798.828,304.75,1,1,0,0,116,5,29,28,28,28,28,230,F4line=116;YAH=112
DIRECT_SERIAL,12,1789353496390689896,2026-09-14T02:38:16.390690+00:00,-1,22476592880033,1789353496200000000,1789353496,200000000,37228091,1789353496208004,1789353496200000,2,4,-167.37710697300764,-201.12843769018747,gnss_local_enu_direct,-167.37710697300764,-201.12843769018747,110.435045,-7.0508887,232.08,5.94,6.91,3,1,14,0,0.1335,125.238,-0.077,0.109,0.291,1.5188,180.0,99.0,5.01,115.32294031638203,neo3_calibrated_direct,1,27.4902,-8.00781,-32.5439,43.34675932807549,7,149.4571382254065,yahboom_calibrated_direct,0,3161,2941,2889,0.013246979167422712,0.5460587130627933,0.5462193703713336,125.07887244053198,neo3_calibrated_direct:gyro_integral,1,125.07887244053198,nan,117.3284912109375,0.0,-215,-64,2036,-1.0295067138671874,-0.3064578125,9.749189160156249,9.808184834374197,0,0,0,0.0,0.0,0.0,0.0,0.0,0.0,0.0,-331,1080,21359,-1.8182373046875,5.9326171875,117.3284912109375,98800.352,304.75,1,1,0,0,119,5,30,32,31,31,31,246,F4line=119;YAH=125
DIRECT_SERIAL,13,1789353496445316620,2026-09-14T02:38:16.445317+00:00,-1,22476647506756,1789353496400000000,1789353496,400000000,37228294,1789353496410433,1789353496400000,2,4,-167.37710595928291,-201.11737691480215,gnss_local_enu_direct,-167.37710595928291,-201.11737691480215,110.435045,-7.0508886,232.04,5.927,6.906,3,1,14,0,0.2746,213.111,-0.23,-0.15,0.01,0.7949,165.859,99.0,5.0,114.58096154311268,neo3_calibrated_direct,1,27.4902,-8.1665,-32.6904,43.486377987250215,7,149.4082599077444,yahboom_calibrated_direct,0,3164,2933,2880,0.013675246820355463,0.5448637537448896,0.5450353406161561,125.07887244053198,neo3_calibrated_direct:gyro_integral,1,125.07887244053198,nan,117.3284912109375,0.0,-212,-65,2036,-1.01514150390625,-0.3112462158203125,9.749189160156249,9.806838214242326,0,0,0,0.0,0.0,0.0,0.0,0.0,0.0,0.0,-331,1080,21359,-1.8182373046875,5.9326171875,117.3284912109375,98798.523,304.75,1,1,0,0,128,6,32,34,34,34,34,266,F4line=128;YAH=136
DIRECT_SERIAL,14,1789353496510233401,2026-09-14T02:38:16.510233+00:00,-1,22476712423621,1789353496400000000,1789353496,400000000,37228294,1789353496410433,1789353496400000,2,4,-167.37710595928291,-201.11737691480215,gnss_local_enu_direct,-167.37710595928291,-201.11737691480215,110.435045,-7.0508886,232.04,5.927,6.906,3,1,14,0,0.2746,213.111,-0.23,-0.15,0.01,0.7949,165.859,99.0,5.0,114.71858754255352,neo3_calibrated_direct,1,27.4414,-8.11768,-32.6172,43.391345892728424,7,149.44045618818794,yahboom_calibrated_direct,0,3162,2931,2849,0.01336650199067087,0.5445563015175152,0.5447203217229017,125.07887244053198,neo3_calibrated_direct:gyro_integral,1,125.07887244053198,nan,117.3284912109375,0.0,-215,-64,2038,-1.0295067138671874,-0.3064578125,9.758765966796874,9.817704093088812,0,0,0,0.0,0.0,0.0,0.0,0.0,0.0,0.0,-331,1080,21359,-1.8182373046875,5.9326171875,117.3284912109375,98798.523,304.75,1,1,0,0,131,6,33,37,37,37,37,281,F4line=131;YAH=148
DIRECT_SERIAL,15,1789353496570068346,2026-09-14T02:38:16.570068+00:00,-1,22476772258698,1789353496400000000,1789353496,400000000,37228294,1789353496410433,1789353496400000,2,4,-167.37710595928291,-201.11737691480215,gnss_local_enu_direct,-167.37710595928291,-201.11737691480215,110.435045,-7.0508886,232.04,5.927,6.906,3,1,14,0,0.2746,213.111,-0.23,-0.15,0.01,0.7949,165.859,99.0,5.0,115.47712776564819,neo3_calibrated_direct,1,27.4658,-7.96509,-32.4951,43.28676879091462,7,149.37558102841845,yahboom_calibrated_direct,0,3166,2928,2866,0.013961814637207423,0.5441173001892862,0.5442963977772051,125.07887244053198,neo3_calibrated_direct:gyro_integral,1,125.07887244053198,nan,117.3284912109375,0.0,-212,-63,2038,-1.01514150390625,-0.3016694091796875,9.758765966796874,9.816059795055285,0,0,0,0.0,0.0,0.0,0.0,0.0,0.0,0.0,-331,1080,21359,-1.8182373046875,5.9326171875,117.3284912109375,98796.391,304.5,1,1,0,0,137,6,35,40,40,40,40,299,F4line=137;YAH=160
DIRECT_SERIAL,16,1789353496629961774,2026-09-14T02:38:16.629962+00:00,-1,22476832152154,1789353496400000000,1789353496,400000000,37228294,1789353496410433,1789353496400000,2,4,-167.37710595928291,-201.11737691480215,gnss_local_enu_direct,-167.37710595928291,-201.11737691480215,110.435045,-7.0508886,232.04,5.927,6.906,3,1,14,0,0.2746,213.111,-0.23,-0.15,0.01,0.7949,165.859,99.0,5.0,115.09045293022817,neo3_calibrated_direct,1,27.4414,-8.03833,-32.5439,43.32147978034568,7,149.50503774519197,yahboom_calibrated_direct,0,3158,2929,2860,0.012755348620682434,0.54424251300076,0.5443919652932229,125.07887244053198,neo3_calibrated_direct:gyro_integral,1,125.07887244053198,nan,117.3284912109375,0.0,-210,-65,2033,-1.005564697265625,-0.3112462158203125,9.734823950195311,9.791569430308178,0,0,0,0.0,0.0,0.0,0.0,0.0,0.0,0.0,-331,1080,21359,-1.8182373046875,5.9326171875,117.3284912109375,98796.391,304.5,1,1,0,0,139,6,36,43,43,43,43,313,F4line=139;YAH=172
DIRECT_SERIAL,17,1789353496689911182,2026-09-14T02:38:16.689911+00:00,-1,22476892101455,1789353496600000000,1789353496,600000000,37228495,1789353496611511,1789353496600000,2,4,-167.2997688553064,-201.02890505868154,gnss_local_enu_direct,-167.2997688553064,-201.02890505868154,110.4350457,-7.0508878,232.18,5.911,6.899,3,1,14,0,0.2015,234.495,-0.117,-0.164,-0.136,1.2751,180.0,99.0,5.0,114.90426605978772,neo3_calibrated_direct,1,27.4902,-8.09326,-32.666,43.4543382122844,7,149.45698313284964,yahboom_calibrated_direct,0,3161,2938,2856,0.013237474733351583,0.5456070391558027,0.5457675988126061,125.07887244053198,neo3_calibrated_direct:gyro_integral,1,125.07887244053198,nan,117.3284912109375,0.0,-209,-67,2033,-1.0007762939453124,-0.32082302246093747,9.734823950195311,9.79138794776104,0,0,0,0.0,0.0,0.0,0.0,0.0,0.0,0.0,-331,1080,21359,-1.8182373046875,5.9326171875,117.3284912109375,98798.219,304.5,1,1,0,0,149,7,38,46,46,46,46,335,F4line=149;YAH=184
DIRECT_SERIAL,18,1789353496745284759,2026-09-14T02:38:16.745285+00:00,-1,22476947474895,1789353496600000000,1789353496,600000000,37228495,1789353496611511,1789353496600000,2,4,-167.2997688553064,-201.02890505868154,gnss_local_enu_direct,-167.2997688553064,-201.02890505868154,110.4350457,-7.0508878,232.18,5.911,6.899,3,1,14,0,0.2015,234.495,-0.117,-0.164,-0.136,1.2751,180.0,99.0,5.0,115.04702021532331,neo3_calibrated_direct,1,27.4658,-8.06274,-32.5195,43.32315577376145,7,149.4892071849078,yahboom_calibrated_direct,0,3159,2937,2801,0.012931898048357366,0.5454501448974252,0.5456034224193935,125.07887244053198,neo3_calibrated_direct:gyro_integral,1,125.07887244053198,nan,117.3284912109375,0.0,-212,-64,2034,-1.01514150390625,-0.3064578125,9.739612353515625,9.79716680783529,0,0,0,0.0,0.0,0.0,0.0,0.0,0.0,0.0,-331,1080,21359,-1.8182373046875,5.9326171875,117.3284912109375,98801.266,304.5,1,1,0,0,152,7,39,49,49,49,49,350,F4line=152;YAH=196
DIRECT_SERIAL,19,1789353496796345363,2026-09-14T02:38:16.796345+00:00,-1,22476998535723,1789353496600000000,1789353496,600000000,37228495,1789353496611511,1789353496600000,2,4,-167.2997688553064,-201.02890505868154,gnss_local_enu_direct,-167.2997688553064,-201.02890505868154,110.4350457,-7.0508878,232.18,5.911,6.899,3,1,14,0,0.2015,234.495,-0.117,-0.164,-0.136,1.2751,180.0,99.0,5.0,115.26705924145594,neo3_calibrated_direct,1,27.4658,-8.01392,-32.4951,43.295780480508725,7,149.39203625426924,yahboom_calibrated_direct,0,3165,2932,2802,0.013823282945817007,0.5447163639205831,0.5448917326169128,125.07887244053198,neo3_calibrated_direct:gyro_integral,1,125.07887244053198,nan,117.3284912109375,0.0,-214,-65,2033,-1.024718310546875,-0.3112462158203125,9.734823950195311,9.793554980911107,0,0,0,0.0,0.0,0.0,0.0,0.0,0.0,0.0,-331,1080,21359,-1.8182373046875,5.9326171875,117.3284912109375,98801.266,304.5,1,1,0,0,159,7,40,52,52,52,52,369,F4line=159;YAH=208
DIRECT_SERIAL,20,1789353496849479080,2026-09-14T02:38:16.849479+00:00,-1,22477051669484,1789353496800000000,1789353496,800000000,37228692,1789353496808499,1789353496800000,2,4,-167.27767319777567,-200.96254985368643,gnss_local_enu_direct,-167.27767319777567,-200.96254985368643,110.4350459,-7.0508872,232.24,5.892,6.892,3,1,14,0,0.1859,231.774,-0.115,-0.146,-0.072,1.173,180.0,99.0,5.01,114.575081137215,neo3_calibrated_direct,1,27.5146,-8.18481,-32.6416,43.46859071164028,7,149.44023030344596,yahboom_calibrated_direct,0,3162,2927,2852,0.013353829411909364,0.5439540696415278,0.5441179602251174,125.07887244053198,neo3_calibrated_direct:gyro_integral,1,125.07887244053198,nan,117.3284912109375,0.0,-208,-65,2032,-0.9959878906249999,-0.3112462158203125,9.730035546875,9.78582943999052,0,0,0,0.0,0.0,0.0,0.0,0.0,0.0,0.0,-331,1080,21359,-1.8182373046875,5.9326171875,117.3284912109375,98796.695,304.5,1,1,0,0,168,8,42,54,54,54,54,386,F4line=168;YAH=216
DIRECT_SERIAL,21,1789353496909333559,2026-09-14T02:38:16.909333+00:00,-1,22477111523782,1789353496800000000,1789353496,800000000,37228692,1789353496808499,1789353496800000,2,4,-167.27767319777567,-200.96254985368643,gnss_local_enu_direct,-167.27767319777567,-200.96254985368643,110.4350459,-7.0508872,232.24,5.892,6.892,3,1,14,0,0.1859,231.774,-0.115,-0.146,-0.072,1.173,180.0,99.0,5.01,114.8103230539777,neo3_calibrated_direct,1,27.4902,-8.11768,-32.6416,43.44055565001903,7,149.5210415999224,yahboom_calibrated_direct,0,3157,2924,2840,0.012588303627078632,0.5434865550110854,0.5436323213956517,125.07887244053198,neo3_calibrated_direct:gyro_integral,1,125.07887244053198,nan,117.3284912109375,0.0,-213,-66,2034,-1.0199299072265624,-0.316034619140625,9.739612353515625,9.797968345167519,0,0,0,0.0,0.0,0.0,0.0,0.0,0.0,0.0,-331,1080,21359,-1.8182373046875,5.9326171875,117.3284912109375,98796.695,304.5,1,1,0,0,171,8,43,57,57,57,57,401,F4line=171;YAH=228
DIRECT_SERIAL,22,1789353496969295177,2026-09-14T02:38:16.969295+00:00,-1,22477171485406,1789353496800000000,1789353496,800000000,37228692,1789353496808499,1789353496800000,2,4,-167.27767319777567,-200.96254985368643,gnss_local_enu_direct,-167.27767319777567,-200.96254985368643,110.4350459,-7.0508872,232.24,5.892,6.892,3,1,14,0,0.1859,231.774,-0.115,-0.146,-0.072,1.173,180.0,99.0,5.01,115.38454588286909,neo3_calibrated_direct,1,27.4414,-7.97729,-32.4707,43.255218739408775,7,149.60210304121114,yahboom_calibrated_direct,0,3152,2930,2774,0.011851291144461287,0.5443740621016147,0.5445030510390216,125.07887244053198,neo3_calibrated_direct:gyro_integral,1,125.07887244053198,nan,117.3284912109375,0.0,-216,-64,2037,-1.0342951171875,-0.3064578125,9.753977563476562,9.813447971487104,0,0,0,0.0,0.0,0.0,0.0,0.0,0.0,0.0,-331,1080,21359,-1.8182373046875,5.9326171875,117.3284912109375,98798.523,304.5,1,1,0,0,176,8,45,60,60,60,60,418,F4line=176;YAH=240
DIRECT_SERIAL,23,1789353497029082002,2026-09-14T02:38:17.029082+00:00,-1,22477231272198,1789353496800000000,1789353496,800000000,37228692,1789353496808499,1789353496800000,2,4,-167.27767319777567,-200.96254985368643,gnss_local_enu_direct,-167.27767319777567,-200.96254985368643,110.4350459,-7.0508872,232.24,5.892,6.892,3,1,14,0,0.1859,231.774,-0.115,-0.146,-0.072,1.173,180.0,99.0,5.01,115.22686547453507,neo3_calibrated_direct,1,27.4414,-8.01392,-32.4707,43.261989161576935,7,149.79598788398062,yahboom_calibrated_direct,0,3140,2935,2803,0.01005268062609012,0.5450888342103143,0.5451815235025208,125.07887244053198,neo3_calibrated_direct:gyro_integral,1,125.07887244053198,nan,117.3284912109375,0.0,-212,-65,2037,-1.01514150390625,-0.3112462158203125,9.753977563476562,9.811598482847721,0,0,0,0.0,0.0,0.0,0.0,0.0,0.0,0.0,-331,1080,21359,-1.8182373046875,5.9326171875,117.3284912109375,98798.523,304.5,1,1,0,0,178,8,46,63,63,63,63,432,F4line=178;YAH=252
DIRECT_SERIAL,24,1789353497089006658,2026-09-14T02:38:17.089007+00:00,-1,22477291196841,1789353497000000000,1789353497,0,37228898,1789353497015231,1789353497000000,2,4,-167.22243304937513,-200.86301792310152,gnss_local_enu_direct,-167.22243304937513,-200.86301792310152,110.4350464,-7.0508863,232.36,5.879,6.887,3,1,14,0,0.0988,238.241,-0.052,-0.084,-0.039,1.1801,180.0,99.0,4.99,114.59144326394755,neo3_calibrated_direct,1,27.4902,-8.1665,-32.666,43.468038537412745,7,149.56980055445592,yahboom_calibrated_direct,0,3154,2932,2862,0.01216003597414588,0.544681514328989,0.5448172340580033,125.07887244053198,neo3_calibrated_direct:gyro_integral,1,125.07887244053198,nan,117.3284912109375,0.0,-207,-67,2032,-0.9911994873046874,-0.32082302246093747,9.730035546875,9.785652537200834,0,0,0,0.0,0.0,0.0,0.0,0.0,0.0,0.0,-331,1080,21359,-1.8182373046875,5.9326171875,117.3284912109375,98797.914,304.5,1,1,0,0,189,9,48,66,66,66,66,455,F4line=189;YAH=264
DIRECT_SERIAL,25,1789353497145348100,2026-09-14T02:38:17.145348+00:00,-1,22477347538289,1789353497000000000,1789353497,0,37228898,1789353497015231,1789353497000000,2,4,-167.22243304937513,-200.86301792310152,gnss_local_enu_direct,-167.22243304937513,-200.86301792310152,110.4350464,-7.0508863,232.36,5.879,6.887,3,1,14,0,0.0988,238.241,-0.052,-0.084,-0.039,1.1801,180.0,99.0,4.99,114.63212147399642,neo3_calibrated_direct,1,27.5146,-8.1665,-32.6904,43.50180671615835,7,149.47316365936211,yahboom_calibrated_direct,0,3160,2939,2845,0.013089438607890039,0.5457544289801092,0.5459113757327967,125.07887244053198,neo3_calibrated_direct:gyro_integral,1,125.07887244053198,nan,117.3284912109375,0.0,-207,-65,2033,-0.9911994873046874,-0.3112462158203125,9.734823950195311,9.79010459452767,0,0,0,0.0,0.0,0.0,0.0,0.0,0.0,0.0,-331,1080,21359,-1.8182373046875,5.9326171875,117.3284912109375,98797.609,304.5,1,1,0,0,192,9,49,69,69,69,69,470,F4line=192;YAH=276
DIRECT_SERIAL,26,1789353497197259416,2026-09-14T02:38:17.197259+00:00,-1,22477399449680,1789353497000000000,1789353497,0,37228898,1789353497015231,1789353497000000,2,4,-167.22243304937513,-200.86301792310152,gnss_local_enu_direct,-167.22243304937513,-200.86301792310152,110.4350464,-7.0508863,232.36,5.879,6.887,3,1,14,0,0.0988,238.241,-0.052,-0.084,-0.039,1.1801,180.0,99.0,4.99,114.78425817820748,neo3_calibrated_direct,1,27.4902,-8.12378,-32.6416,43.441695962386184,7,149.61830449809565,yahboom_calibrated_direct,0,3151,2934,2827,0.01171275945307087,0.5449731258329117,0.5450989787314778,125.07887244053198,neo3_calibrated_direct:gyro_integral,1,125.07887244053198,nan,117.3284912109375,0.0,-213,-65,2031,-1.0199299072265624,-0.3112462158203125,9.725247143554688,9.783535313256465,0,0,0,0.0,0.0,0.0,0.0,0.0,0.0,0.0,-331,1080,21359,-1.8182373046875,5.9326171875,117.3284912109375,98797.609,304.5,1,1,0,0,194,9,50,72,72,72,72,484,F4line=194;YAH=288
DIRECT_SERIAL,27,1789353497248710598,2026-09-14T02:38:17.248711+00:00,-1,22477450900809,1789353497200000000,1789353497,200000000,37229092,1789353497208538,1789353497200000,2,4,-167.22243083335076,-200.81877704525127,gnss_local_enu_direct,-167.22243083335076,-200.81877704525127,110.4350464,-7.0508859,232.27,5.855,6.874,3,1,15,0,0.0283,98.13,-0.004,0.028,0.633,1.4889,180.0,99.0,5.01,114.37298195900914,neo3_calibrated_direct,1,27.4902,-8.21533,-32.6904,43.49557443245117,7,149.5051148587322,yahboom_calibrated_direct,0,3158,2931,2832,0.012761684910063187,0.5445436289387537,0.5446931470282428,125.07887244053198,neo3_calibrated_direct:gyro_integral,1,125.07887244053198,nan,117.3284912109375,0.0,-210,-64,2034,-1.005564697265625,-0.3064578125,9.739612353515625,9.796179130047763,0,0,0,0.0,0.0,0.0,0.0,0.0,0.0,0.0,-331,1080,21359,-1.8182373046875,5.9326171875,117.3284912109375,98802.797,304.5,1,1,0,0,206,10,52,74,74,74,74,504,F4line=206;YAH=296
DIRECT_SERIAL,28,1789353497308488588,2026-09-14T02:38:17.308489+00:00,-1,22477510678871,1789353497200000000,1789353497,200000000,37229092,1789353497208538,1789353497200000,2,4,-167.22243083335076,-200.81877704525127,gnss_local_enu_direct,-167.22243083335076,-200.81877704525127,110.4350464,-7.0508859,232.27,5.855,6.874,3,1,15,0,0.0283,98.13,-0.004,0.028,0.633,1.4889,180.0,99.0,5.01,114.74366494685711,neo3_calibrated_direct,1,27.4658,-8.12378,-32.6172,43.407922168290895,7,149.34464094791792,yahboom_calibrated_direct,0,3168,2945,2841,0.014318081637247662,0.5466831219516133,0.5468705909888859,125.07887244053198,neo3_calibrated_direct:gyro_integral,1,125.07887244053198,nan,117.3284912109375,0.0,-210,-65,2033,-1.005564697265625,-0.3112462158203125,9.734823950195311,9.791569430308178,0,0,0,0.0,0.0,0.0,0.0,0.0,0.0,0.0,-331,1080,21359,-1.8182373046875,5.9326171875,117.3284912109375,98802.797,304.5,1,1,0,0,209,10,53,77,77,77,77,519,F4line=209;YAH=308
DIRECT_SERIAL,29,1789353497368367167,2026-09-14T02:38:17.368367+00:00,-1,22477570557425,1789353497200000000,1789353497,200000000,37229092,1789353497208538,1789353497200000,2,4,-167.22243083335076,-200.81877704525127,gnss_local_enu_direct,-167.22243083335076,-200.81877704525127,110.4350464,-7.0508859,232.27,5.855,6.874,3,1,15,0,0.0283,98.13,-0.004,0.028,0.633,1.4889,180.0,99.0,5.01,114.79872787505153,neo3_calibrated_direct,1,27.5146,-8.12988,-32.666,43.47661116019049,7,149.21444104516672,yahboom_calibrated_direct,0,3176,2933,2782,0.015489698062178512,0.5449017714811741,0.5451218866541493,125.07887244053198,neo3_calibrated_direct:gyro_integral,1,125.07887244053198,nan,117.3284912109375,0.0,-214,-65,2038,-1.024718310546875,-0.3112462158203125,9.758765966796874,9.817353768584763,0,0,0,0.0,0.0,0.0,0.0,0.0,0.0,0.0,-331,1080,21359,-1.8182373046875,5.9326171875,117.3284912109375,98800.352,304.5,1,1,0,0,214,10,55,80,80,80,80,536,F4line=214;YAH=320
DIRECT_SERIAL,30,1789353497428157112,2026-09-14T02:38:17.428157+00:00,-1,22477630347410,1789353497200000000,1789353497,200000000,37229092,1789353497208538,1789353497200000,2,4,-167.22243083335076,-200.81877704525127,gnss_local_enu_direct,-167.22243083335076,-200.81877704525127,110.4350464,-7.0508859,232.27,5.855,6.874,3,1,15,0,0.0283,98.13,-0.004,0.028,0.633,1.4889,180.0,99.0,5.01,114.86126554588243,neo3_calibrated_direct,1,27.5146,-8.11768,-32.6416,43.45600064780927,7,149.42410975374412,yahboom_calibrated_direct,0,3163,2928,2794,0.013508201826751661,0.544107795755215,0.5442754494905966,125.07887244053198,neo3_calibrated_direct:gyro_integral,1,125.07887244053198,nan,117.3284912109375,0.0,-213,-63,2037,-1.0199299072265624,-0.3016694091796875,9.753977563476562,9.811795949615655,0,0,0,0.0,0.0,0.0,0.0,0.0,0.0,0.0,-331,1080,21359,-1.8182373046875,5.9326171875,117.3284912109375,98800.352,304.5,1,1,0,0,216,10,56,83,83,83,83,550,F4line=216;YAH=332
DIRECT_SERIAL,31,1789353497478279202,2026-09-14T02:38:17.478279+00:00,-1,22477680469646,1789353497400000000,1789353497,400000000,37229293,1789353497409952,1789353497400000,2,4,-167.24452375204373,-200.84089074112765,gnss_local_enu_direct,-167.24452375204373,-200.84089074112765,110.4350462,-7.0508861,232.1,5.839,6.865,3,1,14,0,0.188,185.802,-0.187,-0.019,0.39,1.269,180.0,99.0,5.01,114.63212147399642,neo3_calibrated_direct,1,27.5146,-8.1665,-32.6904,43.50180671615835,7,149.39203625426924,yahboom_calibrated_direct,0,3165,2932,2804,0.013823282945817007,0.5447163639205831,0.5448917326169128,125.07887244053198,neo3_calibrated_direct:gyro_integral,1,125.07887244053198,nan,117.3284912109375,0.0,-211,-65,2036,-1.0103531005859374,-0.3112462158203125,9.749189160156249,9.80634370574651,0,0,0,0.0,0.0,0.0,0.0,0.0,0.0,0.0,-331,1080,21359,-1.8182373046875,5.9326171875,117.3284912109375,98793.336,304.5,1,1,0,0,224,11,57,86,86,86,86,570,F4line=224;YAH=344
DIRECT_SERIAL,32,1789353497528711045,2026-09-14T02:38:17.528711+00:00,-1,22477730901191,1789353497400000000,1789353497,400000000,37229293,1789353497409952,1789353497400000,2,4,-167.24452375204373,-200.84089074112765,gnss_local_enu_direct,-167.24452375204373,-200.84089074112765,110.4350462,-7.0508861,232.1,5.839,6.865,3,1,14,0,0.188,185.802,-0.187,-0.019,0.39,1.269,180.0,99.0,5.01,114.8573862005371,neo3_calibrated_direct,1,27.4902,-8.11157,-32.5928,43.40275654546494,7,149.24695952866676,yahboom_calibrated_direct,0,3174,2935,2787,0.015193625811255423,0.545196551129787,0.5454082192533469,125.07887244053198,neo3_calibrated_direct:gyro_integral,1,125.07887244053198,nan,117.3284912109375,0.0,-208,-66,2033,-0.9959878906249999,-0.316034619140625,9.734823950195311,9.790743950286068,0,0,0,0.0,0.0,0.0,0.0,0.0,0.0,0.0,-331,1080,21359,-1.8182373046875,5.9326171875,117.3284912109375,98793.336,304.5,1,1,0,0,228,11,59,89,89,89,89,586,F4line=228;YAH=356
DIRECT_SERIAL,33,1789353497587871004,2026-09-14T02:38:17.587871+00:00,-1,22477790061241,1789353497400000000,1789353497,400000000,37229293,1789353497409952,1789353497400000,2,4,-167.24452375204373,-200.84089074112765,gnss_local_enu_direct,-167.24452375204373,-200.84089074112765,110.4350462,-7.0508861,232.1,5.839,6.865,3,1,14,0,0.188,185.802,-0.187,-0.019,0.39,1.269,180.0,99.0,5.01,114.83643798131813,neo3_calibrated_direct,1,27.4902,-8.11157,-32.6416,43.43941429698264,7,149.58596332376624,yahboom_calibrated_direct,0,3153,2932,2772,0.01200883170399396,0.5446783461842987,0.5448107128544349,125.07887244053198,neo3_calibrated_direct:gyro_integral,1,125.07887244053198,nan,117.3284912109375,0.0,-209,-66,2033,-1.0007762939453124,-0.316034619140625,9.734823950195311,9.791232221345508,0,0,0,0.0,0.0,0.0,0.0,0.0,0.0,0.0,-331,1080,21359,-1.8182373046875,5.9326171875,117.3284912109375,98797.914,304.5,1,1,0,0,232,11,60,91,91,91,91,598,F4line=232;YAH=364
DIRECT_SERIAL,34,1789353497637988151,2026-09-14T02:38:17.637988+00:00,-1,22477840178302,1789353497600000000,1789353497,600000000,37229492,1789353497609062,1789353497600000,2,4,-167.21137679511045,-200.84088968296342,gnss_local_enu_direct,-167.21137679511045,-200.84088968296342,110.4350465,-7.0508861,232.07,5.828,6.858,3,1,14,0,0.2696,163.85,-0.259,0.075,0.073,0.7562,160.676,99.0,5.01,114.53389996978184,neo3_calibrated_direct,1,27.4902,-8.17261,-32.7393,43.52429683225336,7,149.45594258434306,yahboom_calibrated_direct,0,3161,2918,2773,0.013174111839544056,0.5425958797758658,0.5427557885204971,125.07887244053198,neo3_calibrated_direct:gyro_integral,1,125.07887244053198,nan,117.3284912109375,0.0,-209,-67,2038,-1.0007762939453124,-0.32082302246093747,9.758765966796874,9.815191989817459,0,0,0,0.0,0.0,0.0,0.0,0.0,0.0,0.0,-331,1080,21359,-1.8182373046875,5.9326171875,117.3284912109375,98797.914,304.5,1,1,0,0,238,12,61,94,94,94,94,616,F4line=238;YAH=376
DIRECT_SERIAL,35,1789353497688771642,2026-09-14T02:38:17.688771+00:00,-1,22477890961788,1789353497600000000,1789353497,600000000,37229492,1789353497609062,1789353497600000,2,4,-167.21137679511045,-200.84088968296342,gnss_local_enu_direct,-167.21137679511045,-200.84088968296342,110.4350465,-7.0508861,232.07,5.828,6.858,3,1,14,0,0.2696,163.85,-0.259,0.075,0.073,0.7562,160.676,99.0,5.01,114.74663759805091,neo3_calibrated_direct,1,27.5146,-8.14209,-32.666,43.47889601551654,7,149.5210415999224,yahboom_calibrated_direct,0,3157,2924,2755,0.012588303627078632,0.5434865550110854,0.5436323213956517,125.07887244053198,neo3_calibrated_direct:gyro_integral,1,125.07887244053198,nan,117.3284912109375,0.0,-212,-64,2034,-1.01514150390625,-0.3064578125,9.739612353515625,9.79716680783529,0,0,0,0.0,0.0,0.0,0.0,0.0,0.0,0.0,-331,1080,21359,-1.8182373046875,5.9326171875,117.3284912109375,98800.961,304.5,1,1,0,0,244,12,63,97,97,97,97,634,F4line=244;YAH=388
DIRECT_SERIAL,36,1789353497745258467,2026-09-14T02:38:17.745259+00:00,-1,22477947448647,1789353497600000000,1789353497,600000000,37229492,1789353497609062,1789353497600000,2,4,-167.21137679511045,-200.84088968296342,gnss_local_enu_direct,-167.21137679511045,-200.84088968296342,110.4350465,-7.0508861,232.07,5.828,6.858,3,1,14,0,0.2696,163.85,-0.259,0.075,0.073,0.7562,160.676,99.0,5.01,114.66443596662204,neo3_calibrated_direct,1,27.4902,-8.1543,-32.6172,43.42908518919089,7,149.42429253477374,yahboom_calibrated_direct,0,3163,2931,2751,0.01351770626082279,0.5445594696622056,0.5447272201582518,125.07887244053198,neo3_calibrated_direct:gyro_integral,1,125.07887244053198,nan,117.3284912109375,0.0,-208,-65,2033,-0.9959878906249999,-0.3112462158203125,9.734823950195311,9.79059055555028,0,0,0,0.0,0.0,0.0,0.0,0.0,0.0,0.0,-331,1080,21359,-1.8182373046875,5.9326171875,117.3284912109375,98799.438,304.5,1,1,0,0,247,12,64,99,99,99,99,645,F4line=247;YAH=396
DIRECT_SERIAL,37,1789353497798241709,2026-09-14T02:38:17.798242+00:00,-1,22478000431976,1789353497600000000,1789353497,600000000,37229492,1789353497609062,1789353497600000,2,4,-167.21137679511045,-200.84088968296342,gnss_local_enu_direct,-167.21137679511045,-200.84088968296342,110.4350465,-7.0508861,232.07,5.828,6.858,3,1,14,0,0.2696,163.85,-0.259,0.075,0.073,0.7562,160.676,99.0,5.01,114.69146870099928,neo3_calibrated_direct,1,27.4658,-8.13599,-32.6172,43.41020892324868,7,149.4394357530226,yahboom_calibrated_direct,0,3162,2913,2779,0.013309475386244095,0.541846258075572,0.5420096950475668,125.07887244053198,neo3_calibrated_direct:gyro_integral,1,125.07887244053198,nan,117.3284912109375,0.0,-210,-65,2027,-1.005564697265625,-0.3112462158203125,9.706093530273437,9.763006001517425,0,0,0,0.0,0.0,0.0,0.0,0.0,0.0,0.0,-331,1080,21359,-1.8182373046875,5.9326171875,117.3284912109375,98799.438,304.5,1,1,0,0,254,12,65,102,102,102,102,664,F4line=254;YAH=408
DIRECT_SERIAL,38,1789353497848729316,2026-09-14T02:38:17.848729+00:00,-1,22478050919502,1789353497800000000,1789353497,800000000,37229693,1789353497810341,1789353497800000,2,4,-167.15613620624754,-200.7966549663501,gnss_local_enu_direct,-167.15613620624754,-200.7966549663501,110.435047,-7.0508857,232.18,5.82,6.851,3,1,14,0,0.2502,197.204,-0.239,-0.074,-0.429,1.4321,180.0,99.0,5.0,114.58096154311268,neo3_calibrated_direct,1,27.4902,-8.1665,-32.6904,43.486377987250215,7,149.60200903114347,yahboom_calibrated_direct,0,3152,2922,2777,0.011825945986938275,0.5431695983496398,0.5432983209708963,125.07887244053198,neo3_calibrated_direct:gyro_integral,1,125.07887244053198,nan,117.3284912109375,0.0,-214,-65,2034,-1.024718310546875,-0.3112462158203125,9.739612353515625,9.798314682616938,0,0,0,0.0,0.0,0.0,0.0,0.0,0.0,0.0,-331,1080,21359,-1.8182373046875,5.9326171875,117.3284912109375,98800.047,304.5,1,1,0,0,263,13,67,105,105,105,105,685,F4line=263;YAH=420
DIRECT_SERIAL,39,1789353497907169819,2026-09-14T02:38:17.907170+00:00,-1,22478109360180,1789353497800000000,1789353497,800000000,37229693,1789353497810341,1789353497800000,2,4,-167.15613620624754,-200.7966549663501,gnss_local_enu_direct,-167.15613620624754,-200.7966549663501,110.435047,-7.0508857,232.18,5.82,6.851,3,1,14,0,0.2502,197.204,-0.239,-0.074,-0.429,1.4321,180.0,99.0,5.0,114.7726577554915,neo3_calibrated_direct,1,27.5146,-8.13599,-32.666,43.47775410989049,7,149.682958583916,yahboom_calibrated_direct,0,3147,2931,2760,0.01109843793839206,0.5445087793471596,0.5446218744329006,125.07887244053198,neo3_calibrated_direct:gyro_integral,1,125.07887244053198,nan,117.3284912109375,0.0,-212,-66,2034,-1.01514150390625,-0.316034619140625,9.739612353515625,9.797471048704486,0,0,0,0.0,0.0,0.0,0.0,0.0,0.0,0.0,-331,1080,21359,-1.8182373046875,5.9326171875,117.3284912109375,98800.047,304.5,1,1,0,0,266,13,68,107,107,107,107,696,F4line=266;YAH=428
DIRECT_SERIAL,40,1789353497958360367,2026-09-14T02:38:17.958360+00:00,-1,22478160550584,1789353497800000000,1789353497,800000000,37229693,1789353497810341,1789353497800000,2,4,-167.15613620624754,-200.7966549663501,gnss_local_enu_direct,-167.15613620624754,-200.7966549663501,110.435047,-7.0508857,232.18,5.82,6.851,3,1,14,0,0.2502,197.204,-0.239,-0.074,-0.429,1.4321,180.0,99.0,5.0,114.98223336938102,neo3_calibrated_direct,1,27.4902,-8.07495,-32.6416,43.43259103602386,7,149.34356366519302,yahboom_calibrated_direct,0,3168,2932,2743,0.01427689575627277,0.5447258683546543,0.5449129301155989,125.07887244053198,neo3_calibrated_direct:gyro_integral,1,125.07887244053198,nan,117.3284912109375,0.0,-214,-62,2036,-1.024718310546875,-0.296881005859375,9.749189160156249,9.807388807838619,0,0,0,0.0,0.0,0.0,0.0,0.0,0.0,0.0,-332,1080,21359,-1.82373046875,5.9326171875,117.3284912109375,98798.523,304.5,1,1,0,0,269,13,69,110,110,110,110,711,F4line=269;YAH=440
DIRECT_SERIAL,41,1789353498026954701,2026-09-14T02:38:18.026955+00:00,-1,22478229145085,1789353497800000000,1789353497,800000000,37229693,1789353497810341,1789353497800000,2,4,-167.15613620624754,-200.7966549663501,gnss_local_enu_direct,-167.15613620624754,-200.7966549663501,110.435047,-7.0508857,232.18,5.82,6.851,3,1,14,0,0.2502,197.204,-0.239,-0.074,-0.429,1.4321,180.0,99.0,5.0,115.28425498782212,neo3_calibrated_direct,1,27.4414,-7.99561,-32.4951,43.27691922078211,7,149.66681992699796,yahboom_calibrated_direct,0,3148,2926,2826,0.011233801485092098,0.5437591576468657,0.5438751877229144,125.07887244053198,neo3_calibrated_direct:gyro_integral,1,125.07887244053198,nan,117.3284912109375,0.0,-215,-63,2032,-1.0295067138671874,-0.3016694091796875,9.730035546875,9.788997918570802,0,0,0,0.0,0.0,0.0,0.0,0.0,0.0,0.0,-332,1080,21359,-1.82373046875,5.9326171875,117.3284912109375,98798.523,304.5,1,1,0,0,273,13,71,113,113,113,113,727,F4line=273;YAH=452
DIRECT_SERIAL,42,1789353498078528513,2026-09-14T02:38:18.078528+00:00,-1,22478280718796,1789353498000000000,1789353498,0,37229897,1789353498013686,1789353498000000,2,4,-167.11194452783855,-200.7745396129058,gnss_local_enu_direct,-167.11194452783855,-200.7745396129058,110.4350474,-7.0508855,232.3,5.799,6.844,3,1,14,0,0.2644,198.983,-0.25,-0.086,-0.329,1.3401,180.0,99.0,4.99,114.63934454837243,neo3_calibrated_direct,1,27.4658,-8.14819,-32.6172,43.41249711495642,7,149.63446225887478,yahboom_calibrated_direct,0,3150,2935,2808,0.011564723327609328,0.545120515657218,0.5452431745707922,125.07887244053198,neo3_calibrated_direct:gyro_integral,1,125.07887244053198,nan,117.3284912109375,0.0,-210,-65,2033,-1.005564697265625,-0.3112462158203125,9.734823950195311,9.791569430308178,0,0,0,0.0,0.0,0.0,0.0,0.0,0.0,0.0,-331,1080,21359,-1.8182373046875,5.9326171875,117.3284912109375,98795.469,304.75,1,1,0,0,282,14,72,116,116,116,116,748,F4line=282;YAH=464
DIRECT_SERIAL,43,1789353498145397806,2026-09-14T02:38:18.145398+00:00,-1,22478347588020,1789353498000000000,1789353498,0,37229897,1789353498013686,1789353498000000,2,4,-167.11194452783855,-200.7745396129058,gnss_local_enu_direct,-167.11194452783855,-200.7745396129058,110.4350474,-7.0508855,232.3,5.799,6.844,3,1,14,0,0.2644,198.983,-0.25,-0.086,-0.329,1.3401,180.0,99.0,4.99,114.70606471038771,neo3_calibrated_direct,1,27.4902,-8.14209,-32.6416,43.44512373291276,7,149.2468497356175,yahboom_calibrated_direct,0,3174,2934,2780,0.015190457666565045,0.5450459931607903,0.545257631459434,125.07887244053198,neo3_calibrated_direct:gyro_integral,1,125.07887244053198,nan,117.3284912109375,0.0,-209,-65,2037,-1.0007762939453124,-0.3112462158203125,9.753977563476562,9.8101226142281,0,0,0,0.0,0.0,0.0,0.0,0.0,0.0,0.0,-331,1080,21359,-1.8182373046875,5.9326171875,117.3284912109375,98800.656,304.75,1,1,0,0,287,14,74,119,119,119,119,765,F4line=287;YAH=476
DIRECT_SERIAL,44,1789353498198262983,2026-09-14T02:38:18.198263+00:00,-1,22478400453581,1789353498000000000,1789353498,0,37229897,1789353498013686,1789353498000000,2,4,-167.11194452783855,-200.7745396129058,gnss_local_enu_direct,-167.11194452783855,-200.7745396129058,110.4350474,-7.0508855,232.3,5.799,6.844,3,1,14,0,0.2644,198.983,-0.25,-0.086,-0.329,1.3401,180.0,99.0,4.99,115.17226977279837,neo3_calibrated_direct,1,27.4658,-8.02612,-32.5684,43.35307890397635,7,149.55396348914752,yahboom_calibrated_direct,0,3155,2945,2838,0.012352426125272693,0.5466419360706384,0.5467814816745683,125.07887244053198,neo3_calibrated_direct:gyro_integral,1,125.07887244053198,nan,117.3284912109375,0.0,-210,-65,2035,-1.005564697265625,-0.3112462158203125,9.744400756835937,9.801090790165865,0,0,0,0.0,0.0,0.0,0.0,0.0,0.0,0.0,-332,1080,21359,-1.82373046875,5.9326171875,117.3284912109375,98800.656,304.75,1,1,0,0,289,14,75,122,122,122,122,779,F4line=289;YAH=488
DIRECT_SERIAL,45,1789353498254090796,2026-09-14T02:38:18.254091+00:00,-1,22478456280925,1789353498200000000,1789353498,200000000,37230091,1789353498208092,1789353498200000,2,4,-167.14509032845467,-200.8077179223492,gnss_local_enu_direct,-167.14509032845467,-200.8077179223492,110.4350471,-7.0508858,232.29,5.796,6.842,3,1,14,0,0.2766,223.681,-0.2,-0.191,-0.111,1.0698,180.0,99.0,5.01,114.42584309369087,neo3_calibrated_direct,1,27.4414,-8.17871,-32.666,43.43948995124252,7,149.68282083248715,yahboom_calibrated_direct,0,3147,2944,2883,0.011139623819366952,0.5464660329441186,0.5465795608880005,125.07887244053198,neo3_calibrated_direct:gyro_integral,1,125.07887244053198,nan,117.3284912109375,0.0,-213,-64,2033,-1.0199299072265624,-0.3064578125,9.734823950195311,9.792904101837907,0,0,0,0.0,0.0,0.0,0.0,0.0,0.0,0.0,-332,1080,21359,-1.82373046875,5.9326171875,117.3284912109375,98800.047,304.75,1,1,0,0,302,15,77,125,125,125,125,804,F4line=302;YAH=500
DIRECT_SERIAL,46,1789353498306310606,2026-09-14T02:38:18.306311+00:00,-1,22478508501054,1789353498200000000,1789353498,200000000,37230091,1789353498208092,1789353498200000,2,4,-167.14509032845467,-200.8077179223492,gnss_local_enu_direct,-167.14509032845467,-200.8077179223492,110.4350471,-7.0508858,232.29,5.796,6.842,3,1,14,0,0.2766,223.681,-0.2,-0.191,-0.111,1.0698,180.0,99.0,5.01,114.65458128289227,neo3_calibrated_direct,1,27.4658,-8.14209,-32.6172,43.411352605604215,7,149.63449541318667,yahboom_calibrated_direct,0,3150,2947,2860,0.011602741063893843,0.5469272112851802,0.5470502701254976,125.07887244053198,neo3_calibrated_direct:gyro_integral,1,125.07887244053198,nan,117.3284912109375,0.0,-209,-64,2037,-1.0007762939453124,-0.3064578125,9.753977563476562,9.809971859805174,0,0,0,0.0,0.0,0.0,0.0,0.0,0.0,0.0,-332,1080,21359,-1.82373046875,5.9326171875,117.3284912109375,98800.047,304.75,1,1,0,0,304,15,78,127,127,127,127,814,F4line=304;YAH=508
DIRECT_SERIAL,47,1789353498358233567,2026-09-14T02:38:18.358234+00:00,-1,22478560423800,1789353498200000000,1789353498,200000000,37230091,1789353498208092,1789353498200000,2,4,-167.14509032845467,-200.8077179223492,gnss_local_enu_direct,-167.14509032845467,-200.8077179223492,110.4350471,-7.0508858,232.29,5.796,6.842,3,1,14,0,0.2766,223.681,-0.2,-0.191,-0.111,1.0698,180.0,99.0,5.01,114.70163723871929,neo3_calibrated_direct,1,27.4658,-8.13599,-32.5684,43.37355394108373,7,149.36074023293003,yahboom_calibrated_direct,0,3167,2945,2841,0.01416687736709574,0.5466799538069229,0.5468634859895783,125.07887244053198,neo3_calibrated_direct:gyro_integral,1,125.07887244053198,nan,117.3284912109375,0.0,-213,-64,2037,-1.0199299072265624,-0.3064578125,9.753977563476562,9.811944339186889,0,0,0,0.0,0.0,0.0,0.0,0.0,0.0,0.0,-332,1080,21359,-1.82373046875,5.9326171875,117.3284912109375,98795.773,304.75,1,1,0,0,307,15,79,130,130,130,130,829,F4line=307;YAH=520
DIRECT_SERIAL,48,1789353498425980030,2026-09-14T02:38:18.425980+00:00,-1,22478628170260,1789353498200000000,1789353498,200000000,37230091,1789353498208092,1789353498200000,2,4,-167.14509032845467,-200.8077179223492,gnss_local_enu_direct,-167.14509032845467,-200.8077179223492,110.4350471,-7.0508858,232.29,5.796,6.842,3,1,14,0,0.2766,223.681,-0.2,-0.191,-0.111,1.0698,180.0,99.0,5.01,115.06440395403409,neo3_calibrated_direct,1,27.5146,-8.07495,-32.5684,43.393072133953595,7,149.39238463621174,yahboom_calibrated_direct,0,3165,2937,2810,0.01383912366926889,0.5454691537655674,0.5456446820538595,125.07887244053198,neo3_calibrated_direct:gyro_integral,1,125.07887244053198,nan,117.3284912109375,0.0,-214,-64,2036,-1.024718310546875,-0.3064578125,9.749189160156249,9.807683380254504,0,0,0,0.0,0.0,0.0,0.0,0.0,0.0,0.0,-332,1080,21359,-1.82373046875,5.9326171875,117.3284912109375,98795.773,304.75,1,1,0,0,311,15,81,133,133,133,133,845,F4line=311;YAH=532
DIRECT_SERIAL,49,1789353498478450707,2026-09-14T02:38:18.478451+00:00,-1,22478680641007,1789353498400000000,1789353498,400000000,37230292,1789353498409360,1789353498400000,2,4,-167.17823658232095,-200.86301587793594,gnss_local_enu_direct,-167.17823658232095,-200.86301587793594,110.4350468,-7.0508863,232.3,5.791,6.84,3,1,14,0,0.3986,185.181,-0.397,-0.036,-0.566,1.3961,180.0,99.0,5.01,114.63265788487499,neo3_calibrated_direct,1,27.4902,-8.1543,-32.666,43.46574813033821,7,149.489335663928,yahboom_calibrated_direct,0,3159,2940,2825,0.012941402482428494,0.5459018188044157,0.5460551947122024,125.07887244053198,neo3_calibrated_direct:gyro_integral,1,125.07887244053198,nan,117.3284912109375,0.0,-212,-64,2034,-1.01514150390625,-0.3064578125,9.739612353515625,9.79716680783529,0,0,0,0.0,0.0,0.0,0.0,0.0,0.0,0.0,-332,1080,21359,-1.82373046875,5.9326171875,117.3284912109375,98797.0,304.75,1,1,0,0,319,16,82,136,136,136,136,865,F4line=319;YAH=544
DIRECT_SERIAL,50,1789353498545291027,2026-09-14T02:38:18.545291+00:00,-1,22478747481183,1789353498400000000,1789353498,400000000,37230292,1789353498409360,1789353498400000,2,4,-167.17823658232095,-200.86301587793594,gnss_local_enu_direct,-167.17823658232095,-200.86301587793594,110.4350468,-7.0508863,232.3,5.791,6.84,3,1,14,0,0.3986,185.181,-0.397,-0.036,-0.566,1.3961,180.0,99.0,5.01,114.94855073958821,neo3_calibrated_direct,1,27.4414,-8.06885,-32.5439,43.32715316625938,7,149.58607636378588,yahboom_calibrated_direct,0,3153,2939,2861,0.012031008716826594,0.5457322519672766,0.5458648514128926,125.07887244053198,neo3_calibrated_direct:gyro_integral,1,125.07887244053198,nan,117.3284912109375,0.0,-208,-66,2030,-0.9959878906249999,-0.316034619140625,9.720458740234374,9.776460907678496,0,0,0,0.0,0.0,0.0,0.0,0.0,0.0,0.0,-332,1080,21359,-1.82373046875,5.9326171875,117.3284912109375,98800.047,304.75,1,1,0,0,324,16,84,139,139,139,139,882,F4line=324;YAH=556
DIRECT_SERIAL,51,1789353498598325901,2026-09-14T02:38:18.598326+00:00,-1,22478800516153,1789353498400000000,1789353498,400000000,37230292,1789353498409360,1789353498400000,2,4,-167.17823658232095,-200.86301587793594,gnss_local_enu_direct,-167.17823658232095,-200.86301587793594,110.4350468,-7.0508863,232.3,5.791,6.84,3,1,14,0,0.3986,185.181,-0.397,-0.036,-0.566,1.3961,180.0,99.0,5.01,115.16183721737443,neo3_calibrated_direct,1,27.4658,-8.03833,-32.4707,43.28199715030373,7,149.5218569505123,yahboom_calibrated_direct,0,3157,2948,2833,0.012664339099647664,0.5470999462670096,0.5472465045024917,125.07887244053198,neo3_calibrated_direct:gyro_integral,1,125.07887244053198,nan,117.3284912109375,0.0,-209,-66,2034,-1.0007762939453124,-0.316034619140625,9.739612353515625,9.795993051639657,0,0,0,0.0,0.0,0.0,0.0,0.0,0.0,0.0,-332,1080,21359,-1.82373046875,5.9326171875,117.3284912109375,98800.047,304.5,1,1,0,0,327,16,85,142,142,142,142,897,F4line=327;YAH=568
DIRECT_SERIAL,52,1789353498654075787,2026-09-14T02:38:18.654076+00:00,-1,22478856265913,1789353498600000000,1789353498,600000000,37230492,1789353498608551,1789353498600000,2,4,-167.2445264322578,-200.98466812413108,gnss_local_enu_direct,-167.2445264322578,-200.98466812413108,110.4350462,-7.0508874,232.22,5.785,6.835,3,1,14,0,0.3958,183.621,-0.395,-0.025,-0.175,0.989,143.164,99.0,5.01,114.88822830473738,neo3_calibrated_direct,1,27.4902,-8.09937,-32.6172,43.41880498444078,7,149.74684789477186,yahboom_calibrated_direct,0,3143,2959,2842,0.010582328909114914,0.5487117299003097,0.5488137646008262,125.07887244053198,neo3_calibrated_direct:gyro_integral,1,125.07887244053198,nan,117.3284912109375,0.0,-213,-63,2035,-1.0199299072265624,-0.3016694091796875,9.744400756835937,9.802275631602836,0,0,0,0.0,0.0,0.0,0.0,0.0,0.0,0.0,-332,1080,21359,-1.82373046875,5.9326171875,117.3284912109375,98798.828,304.5,1,1,0,0,340,17,87,145,145,145,145,922,F4line=340;YAH=580
DIRECT_SERIAL,53,1789353498705284355,2026-09-14T02:38:18.705284+00:00,-1,22478907474723,1789353498600000000,1789353498,600000000,37230492,1789353498608551,1789353498600000,2,4,-167.2445264322578,-200.98466812413108,gnss_local_enu_direct,-167.2445264322578,-200.98466812413108,110.4350462,-7.0508874,232.22,5.785,6.835,3,1,14,0,0.3958,183.621,-0.395,-0.025,-0.175,0.989,143.164,99.0,5.01,114.86604753577043,neo3_calibrated_direct,1,27.5146,-8.11157,-32.666,43.47319101497956,7,149.53771230932333,yahboom_calibrated_direct,0,3156,2940,2793,0.012487789671972734,0.5458923143703446,0.5460351305360329,125.07887244053198,neo3_calibrated_direct:gyro_integral,1,125.07887244053198,nan,117.3284912109375,0.0,-209,-62,2036,-1.0007762939453124,-0.296881005859375,9.749189160156249,9.804916154800667,0,0,0,0.0,0.0,0.0,0.0,0.0,0.0,0.0,-332,1080,21359,-1.82373046875,5.9326171875,117.3284912109375,98798.828,304.5,1,1,0,0,342,17,88,147,147,147,147,932,F4line=342;YAH=588
DIRECT_SERIAL,54,1789353498755289143,2026-09-14T02:38:18.755289+00:00,-1,22478957479265,1789353498600000000,1789353498,600000000,37230492,1789353498608551,1789353498600000,2,4,-167.2445264322578,-200.98466812413108,gnss_local_enu_direct,-167.2445264322578,-200.98466812413108,110.4350462,-7.0508874,232.22,5.785,6.835,3,1,14,0,0.3958,183.621,-0.395,-0.025,-0.175,0.989,143.164,99.0,5.01,114.81114213377346,neo3_calibrated_direct,1,27.4658,-8.10547,-32.6172,43.404499183850746,7,149.32854208245604,yahboom_calibrated_direct,0,3169,2945,2792,0.014469285907399583,0.5466862900963037,0.546877737720169,125.07887244053198,neo3_calibrated_direct:gyro_integral,1,125.07887244053198,nan,117.3284912109375,0.0,-214,-67,2035,-1.024718310546875,-0.32082302246093747,9.744400756835937,9.80338314754329,0,0,0,0.0,0.0,0.0,0.0,0.0,0.0,0.0,-332,1080,21359,-1.82373046875,5.9326171875,117.3284912109375,98797.914,304.5,1,1,0,0,349,17,89,150,150,150,150,951,F4line=349;YAH=600
DIRECT_SERIAL,55,1789353498805788452,2026-09-14T02:38:18.805789+00:00,-1,22479007978598,1789353498600000000,1789353498,600000000,37230492,1789353498608551,1789353498600000,2,4,-167.2445264322578,-200.98466812413108,gnss_local_enu_direct,-167.2445264322578,-200.98466812413108,110.4350462,-7.0508874,232.22,5.785,6.835,3,1,14,0,0.3958,183.621,-0.395,-0.025,-0.175,0.989,143.164,99.0,5.01,114.89870806923466,neo3_calibrated_direct,1,27.4902,-8.09937,-32.5928,43.40047813419686,7,149.4076053814452,yahboom_calibrated_direct,0,3164,2923,2799,0.0136435653734517,0.5433581740549212,0.5435294400383457,125.07887244053198,neo3_calibrated_direct:gyro_integral,1,125.07887244053198,nan,117.3284912109375,0.0,-215,-66,2037,-1.0295067138671874,-0.316034619140625,9.753977563476562,9.813248201446713,0,0,0,0.0,0.0,0.0,0.0,0.0,0.0,0.0,-332,1080,21359,-1.82373046875,5.9326171875,117.3284912109375,98797.914,304.5,1,1,0,0,355,17,91,153,153,153,153,969,F4line=355;YAH=612
DIRECT_SERIAL,56,1789353498864943566,2026-09-14T02:38:18.864944+00:00,-1,22479067133998,1789353498800000000,1789353498,800000000,37230691,1789353498808020,1789353498800000,2,4,-167.3108163875624,-201.07314184940532,gnss_local_enu_direct,-167.3108163875624,-201.07314184940532,110.4350456,-7.0508882,232.14,5.777,6.828,3,1,14,0,0.3756,235.083,-0.215,-0.308,-0.087,1.0049,153.28,99.0,5.01,114.41033032721512,neo3_calibrated_direct,1,27.4414,-8.18481,-32.6416,43.42229380463566,7,149.40819461791702,yahboom_calibrated_direct,0,3164,2932,2789,0.013672078675665087,0.5447131957758927,0.5448847505552891,125.07887244053198,neo3_calibrated_direct:gyro_integral,1,125.07887244053198,nan,117.3284912109375,0.0,-214,-65,2033,-1.024718310546875,-0.3112462158203125,9.734823950195311,9.793554980911107,0,0,0,0.0,0.0,0.0,0.0,0.0,0.0,0.0,-332,1080,21359,-1.82373046875,5.9326171875,117.3284912109375,98799.742,304.5,1,1,0,0,363,18,92,155,155,155,155,985,F4line=363;YAH=620
DIRECT_SERIAL,57,1789353498918231443,2026-09-14T02:38:18.918231+00:00,-1,22479120421742,1789353498800000000,1789353498,800000000,37230691,1789353498808020,1789353498800000,2,4,-167.3108163875624,-201.07314184940532,gnss_local_enu_direct,-167.3108163875624,-201.07314184940532,110.4350456,-7.0508882,232.14,5.777,6.828,3,1,14,0,0.3756,235.083,-0.215,-0.308,-0.087,1.0049,153.28,99.0,5.01,114.65362962528495,neo3_calibrated_direct,1,27.4902,-8.1543,-32.6172,43.42908518919089,7,149.4076053814452,yahboom_calibrated_direct,0,3164,2923,2775,0.0136435653734517,0.5433581740549212,0.5435294400383457,125.07887244053198,neo3_calibrated_direct:gyro_integral,1,125.07887244053198,nan,117.3284912109375,0.0,-213,-63,2041,-1.0199299072265624,-0.3016694091796875,9.773131176757811,9.830836914841255,0,0,0,0.0,0.0,0.0,0.0,0.0,0.0,0.0,-332,1080,21359,-1.82373046875,5.9326171875,117.3284912109375,98799.742,304.5,1,1,0,0,365,18,93,158,158,158,158,999,F4line=365;YAH=632
DIRECT_SERIAL,58,1789353498984790915,2026-09-14T02:38:18.984791+00:00,-1,22479186981305,1789353498800000000,1789353498,800000000,37230691,1789353498808020,1789353498800000,2,4,-167.3108163875624,-201.07314184940532,gnss_local_enu_direct,-167.3108163875624,-201.07314184940532,110.4350456,-7.0508882,232.14,5.777,6.828,3,1,14,0,0.3756,235.083,-0.215,-0.308,-0.087,1.0049,153.28,99.0,5.01,114.77851059458362,neo3_calibrated_direct,1,27.4902,-8.11768,-32.6904,43.4772363057083,7,149.58597949911484,yahboom_calibrated_direct,0,3153,2933,2790,0.012011999848684337,0.5448289041532955,0.5449613040769461,125.07887244053198,neo3_calibrated_direct:gyro_integral,1,125.07887244053198,nan,117.3284912109375,0.0,-212,-65,2039,-1.01514150390625,-0.3112462158203125,9.763554370117188,9.821119102121202,0,0,0,0.0,0.0,0.0,0.0,0.0,0.0,0.0,-332,1080,21359,-1.82373046875,5.9326171875,117.3284912109375,98797.914,304.5,1,1,0,0,370,18,95,161,161,161,161,1016,F4line=370;YAH=644
DIRECT_SERIAL,59,1789353499036751851,2026-09-14T02:38:19.036752+00:00,-1,22479238942112,1789353498800000000,1789353498,800000000,37230691,1789353498808020,1789353498800000,2,4,-167.3108163875624,-201.07314184940532,gnss_local_enu_direct,-167.3108163875624,-201.07314184940532,110.4350456,-7.0508882,232.14,5.777,6.828,3,1,14,0,0.3756,235.083,-0.215,-0.308,-0.087,1.0049,153.28,99.0,5.01,114.92483920942854,neo3_calibrated_direct,1,27.4902,-8.09326,-32.5928,43.39933830495115,7,149.81274659334454,yahboom_calibrated_direct,0,3139,2922,2784,0.009860290474963307,0.543128412468665,0.5432179100130838,125.07887244053198,neo3_calibrated_direct:gyro_integral,1,125.07887244053198,nan,117.3284912109375,0.0,-209,-66,2031,-1.0007762939453124,-0.316034619140625,9.725247143554688,9.781710641510353,0,0,0,0.0,0.0,0.0,0.0,0.0,0.0,0.0,-332,1080,21359,-1.82373046875,5.9326171875,117.3284912109375,98797.914,304.5,1,1,0,0,372,18,96,164,164,164,164,1030,F4line=372;YAH=656
DIRECT_SERIAL,60,1789353499104459763,2026-09-14T02:38:19.104460+00:00,-1,22479306650034,1789353499000000000,1789353499,0,37230898,1789353499014701,1789353499000000,2,4,-167.38815517219263,-201.12843709123325,gnss_local_enu_direct,-167.38815517219263,-201.12843709123325,110.4350449,-7.0508887,232.06,5.772,6.819,3,1,14,0,0.4296,236.68,-0.236,-0.359,0.052,0.8321,110.97,99.0,4.98,114.44623056042745,neo3_calibrated_direct,1,27.4658,-8.19092,-32.6172,43.420537490067986,7,149.36027062255488,yahboom_calibrated_direct,0,3167,2939,2757,0.014147868498953482,0.5457766059929419,0.5459599489268774,125.07887244053198,neo3_calibrated_direct:gyro_integral,1,125.07887244053198,nan,117.3284912109375,0.0,-209,-64,2034,-1.0007762939453124,-0.3064578125,9.739612353515625,9.795688764865867,0,0,0,0.0,0.0,0.0,0.0,0.0,0.0,0.0,-332,1080,21359,-1.82373046875,5.9326171875,117.3284912109375,98795.773,304.75,1,1,0,0,383,19,98,167,167,167,167,1053,F4line=383;YAH=668
DIRECT_SERIAL,61,1789353499158284656,2026-09-14T02:38:19.158284+00:00,-1,22479360474907,1789353499000000000,1789353499,0,37230898,1789353499014701,1789353499000000,2,4,-167.38815517219263,-201.12843709123325,gnss_local_enu_direct,-167.38815517219263,-201.12843709123325,110.4350449,-7.0508887,232.06,5.772,6.819,3,1,14,0,0.4296,236.68,-0.236,-0.359,0.052,0.8321,110.97,99.0,4.98,114.69017850589728,neo3_calibrated_direct,1,27.4902,-8.14819,-32.5928,43.409615388253556,7,149.57027243841193,yahboom_calibrated_direct,0,3154,2955,2720,0.012232903302024535,0.5481443476159165,0.5482808310952293,125.07887244053198,neo3_calibrated_direct:gyro_integral,1,125.07887244053198,nan,117.3284912109375,0.0,-211,-63,2032,-1.0103531005859374,-0.3016694091796875,9.730035546875,9.787002072327844,0,0,0,0.0,0.0,0.0,0.0,0.0,0.0,0.0,-332,1080,21359,-1.82373046875,5.9326171875,117.3284912109375,98798.523,304.75,1,1,0,0,386,19,99,170,170,170,170,1068,F4line=386;YAH=680
DIRECT_SERIAL,62,1789353499224253832,2026-09-14T02:38:19.224254+00:00,-1,22479426444346,1789353499000000000,1789353499,0,37230898,1789353499014701,1789353499000000,2,4,-167.38815517219263,-201.12843709123325,gnss_local_enu_direct,-167.38815517219263,-201.12843709123325,110.4350449,-7.0508887,232.06,5.772,6.819,3,1,14,0,0.4296,236.68,-0.236,-0.359,0.052,0.8321,110.97,99.0,4.98,114.85042854404453,neo3_calibrated_direct,1,27.5146,-8.11768,-32.6416,43.45600064780927,7,149.60240572143942,yahboom_calibrated_direct,0,3152,2956,2705,0.01193366290641107,0.5482885692955326,0.5484184237701227,125.07887244053198,neo3_calibrated_direct:gyro_integral,1,125.07887244053198,nan,117.3284912109375,0.0,-214,-66,2031,-1.024718310546875,-0.316034619140625,9.725247143554688,9.784189159030197,0,0,0,0.0,0.0,0.0,0.0,0.0,0.0,0.0,-332,1080,21359,-1.82373046875,5.9326171875,117.3284912109375,98798.523,304.75,1,1,0,0,390,19,101,173,173,173,173,1084,F4line=390;YAH=692
DIRECT_SERIAL,63,1789353499278359355,2026-09-14T02:38:19.278359+00:00,-1,22479480549655,1789353499200000000,1789353499,200000000,37231091,1789353499208120,1789353499200000,2,4,-167.39920258171546,-201.12843554002475,gnss_local_enu_direct,-167.39920258171546,-201.12843554002475,110.4350448,-7.0508887,232.01,5.764,6.812,3,1,14,0,0.256,192.407,-0.25,-0.055,0.233,0.9599,180.0,99.0,5.01,114.60609479830212,neo3_calibrated_direct,1,27.5146,-8.17261,-32.6904,43.50295414718522,7,149.45806341979275,yahboom_calibrated_direct,0,3161,2959,2754,0.013304005771849486,0.5487687565047364,0.548929999804467,125.07887244053198,neo3_calibrated_direct:gyro_integral,1,125.07887244053198,nan,117.3284912109375,0.0,-212,-65,2040,-1.01514150390625,-0.3112462158203125,9.7683427734375,9.825879452709774,0,0,0,0.0,0.0,0.0,0.0,0.0,0.0,0.0,-331,1080,21359,-1.8182373046875,5.9326171875,117.3284912109375,98797.914,304.75,1,1,0,0,401,20,102,176,176,176,176,1107,F4line=401;YAH=704
DIRECT_SERIAL,64,1789353499343857888,2026-09-14T02:38:19.343858+00:00,-1,22479546048136,1789353499200000000,1789353499,200000000,37231091,1789353499208120,1789353499200000,2,4,-167.39920258171546,-201.12843554002475,gnss_local_enu_direct,-167.39920258171546,-201.12843554002475,110.4350448,-7.0508887,232.01,5.764,6.812,3,1,14,0,0.256,192.407,-0.25,-0.055,0.233,0.9599,180.0,99.0,5.01,114.57639995994504,neo3_calibrated_direct,1,27.4658,-8.1604,-32.6172,43.41479049402404,7,149.53780058837097,yahboom_calibrated_direct,0,3156,2943,2773,0.01249729410604386,0.5463439882773351,0.5464869036735993,125.07887244053198,neo3_calibrated_direct:gyro_integral,1,125.07887244053198,nan,117.3284912109375,0.0,-210,-65,2039,-1.005564697265625,-0.3112462158203125,9.763554370117188,9.820133833379453,0,0,0,0.0,0.0,0.0,0.0,0.0,0.0,0.0,-332,1080,21359,-1.82373046875,5.9326171875,117.3284912109375,98797.914,304.75,1,1,0,0,405,20,104,179,179,179,179,1123,F4line=405;YAH=716
DIRECT_SERIAL,65,1789353499398264603,2026-09-14T02:38:19.398265+00:00,-1,22479600454951,1789353499200000000,1789353499,200000000,37231091,1789353499208120,1789353499200000,2,4,-167.39920258171546,-201.12843554002475,gnss_local_enu_direct,-167.39920258171546,-201.12843554002475,110.4350448,-7.0508887,232.01,5.764,6.812,3,1,14,0,0.256,192.407,-0.25,-0.055,0.233,0.9599,180.0,99.0,5.01,114.76833296184027,neo3_calibrated_direct,1,27.4902,-8.12988,-32.5928,43.406182240487354,7,149.40852070666813,yahboom_calibrated_direct,0,3164,2937,2798,0.013687919399116968,0.545465985620877,0.5456377008664555,125.07887244053198,neo3_calibrated_direct:gyro_integral,1,125.07887244053198,nan,117.3284912109375,0.0,-210,-65,2031,-1.005564697265625,-0.3112462158203125,9.725247143554688,9.782048178703068,0,0,0,0.0,0.0,0.0,0.0,0.0,0.0,0.0,-332,1080,21359,-1.82373046875,5.9326171875,117.3284912109375,98800.047,304.75,1,1,0,0,408,20,105,182,182,182,182,1138,F4line=408;YAH=728
DIRECT_SERIAL,66,1789353499454081908,2026-09-14T02:38:19.454082+00:00,-1,22479656272146,1789353499400000000,1789353499,400000000,37231293,1789353499410426,1789353499400000,2,4,-167.28871819006628,-201.06208132011938,gnss_local_enu_direct,-167.28871819006628,-201.06208132011938,110.4350458,-7.0508881,232.11,5.758,6.805,3,1,14,0,0.1521,165.141,-0.147,0.039,-0.021,0.7359,180.0,99.0,5.0,114.7408845195142,neo3_calibrated_direct,1,27.5146,-8.13599,-32.7148,43.51443077279191,7,149.71514245620475,yahboom_calibrated_direct,0,3145,2939,2767,0.010821374555611229,0.5457069068097535,0.5458141902581334,125.07887244053198,neo3_calibrated_direct:gyro_integral,1,125.07887244053198,nan,117.3284912109375,0.0,-212,-65,2035,-1.01514150390625,-0.3112462158203125,9.744400756835937,9.802077973044302,0,0,0,0.0,0.0,0.0,0.0,0.0,0.0,0.0,-332,1080,21359,-1.82373046875,5.9326171875,117.3284912109375,98799.438,304.75,1,1,0,0,418,21,107,185,185,185,185,1160,F4line=418;YAH=740
DIRECT_SERIAL,67,1789353499504845237,2026-09-14T02:38:19.504845+00:00,-1,22479707035409,1789353499400000000,1789353499,400000000,37231293,1789353499410426,1789353499400000,2,4,-167.28871819006628,-201.06208132011938,gnss_local_enu_direct,-167.28871819006628,-201.06208132011938,110.4350458,-7.0508881,232.11,5.758,6.805,3,1,14,0,0.1521,165.141,-0.147,0.039,-0.021,0.7359,180.0,99.0,5.0,114.82949066248418,neo3_calibrated_direct,1,27.5146,-8.11768,-32.6904,43.49266827756605,7,149.61827551983652,yahboom_calibrated_direct,0,3151,2930,2768,0.011700086874309366,0.5443708939569243,0.5444966135985855,125.07887244053198,neo3_calibrated_direct:gyro_integral,1,125.07887244053198,nan,117.3284912109375,0.0,-214,-64,2037,-1.024718310546875,-0.3064578125,9.753977563476562,9.812443238848136,0,0,0,0.0,0.0,0.0,0.0,0.0,0.0,0.0,-332,1080,21359,-1.82373046875,5.9326171875,117.3284912109375,98799.438,304.75,1,1,0,0,420,21,108,188,188,188,188,1174,F4line=420;YAH=752
DIRECT_SERIAL,68,1789353499558172880,2026-09-14T02:38:19.558173+00:00,-1,22479760363216,1789353499400000000,1789353499,400000000,37231293,1789353499410426,1789353499400000,2,4,-167.28871819006628,-201.06208132011938,gnss_local_enu_direct,-167.28871819006628,-201.06208132011938,110.4350458,-7.0508881,232.11,5.758,6.805,3,1,14,0,0.1521,165.141,-0.147,0.039,-0.021,0.7359,180.0,99.0,5.0,114.83724701068044,neo3_calibrated_direct,1,27.4658,-8.09937,-32.6172,43.403360467559416,7,149.50507631262477,yahboom_calibrated_direct,0,3158,2930,2777,0.012758516765372811,0.5443930709697569,0.5445425561606136,125.07887244053198,neo3_calibrated_direct:gyro_integral,1,125.07887244053198,nan,117.3284912109375,0.0,-211,-65,2033,-1.0103531005859374,-0.3112462158203125,9.734823950195311,9.792062343348428,0,0,0,0.0,0.0,0.0,0.0,0.0,0.0,0.0,-332,1080,21359,-1.82373046875,5.9326171875,117.3284912109375,98796.078,304.5,1,1,0,0,424,21,109,190,190,190,190,1186,F4line=424;YAH=760
DIRECT_SERIAL,69,1789353499623274900,2026-09-14T02:38:19.623275+00:00,-1,22479825465278,1789353499400000000,1789353499,400000000,37231293,1789353499410426,1789353499400000,2,4,-167.28871819006628,-201.06208132011938,gnss_local_enu_direct,-167.28871819006628,-201.06208132011938,110.4350458,-7.0508881,232.11,5.758,6.805,3,1,14,0,0.1521,165.141,-0.147,0.039,-0.021,0.7359,180.0,99.0,5.0,115.14086854977907,neo3_calibrated_direct,1,27.4658,-8.03833,-32.5195,43.318619542627395,7,149.60226656168933,yahboom_calibrated_direct,0,3152,2944,2760,0.011895645170126555,0.5464818736675705,0.5466113286616296,125.07887244053198,neo3_calibrated_direct:gyro_integral,1,125.07887244053198,nan,117.3284912109375,0.0,-213,-65,2033,-1.0199299072265624,-0.3112462158203125,9.734823950195311,9.793055119002133,0,0,0,0.0,0.0,0.0,0.0,0.0,0.0,0.0,-332,1080,21359,-1.82373046875,5.9326171875,117.3284912109375,98796.078,304.5,1,1,0,0,428,21,111,193,193,193,193,1202,F4line=428;YAH=772
DIRECT_SERIAL,70,1789353499678232739,2026-09-14T02:38:19.678233+00:00,-1,22479880422971,1789353499600000000,1789353499,600000000,37231491,1789353499608100,1789353499600000,2,4,-167.32186125842895,-201.1284349717707,gnss_local_enu_direct,-167.32186125842895,-201.1284349717707,110.4350455,-7.0508887,232.0,5.755,6.803,3,1,14,0,0.2655,189.32,-0.262,-0.043,0.108,0.7289,157.289,99.0,5.01,114.97846042304577,neo3_calibrated_direct,1,27.4658,-8.06885,-32.5928,43.37933980367267,7,149.48869113408426,yahboom_calibrated_direct,0,3159,2925,2757,0.012893880312072848,0.543643449269463,0.5437963332747852,125.07887244053198,neo3_calibrated_direct:gyro_integral,1,125.07887244053198,nan,117.3284912109375,0.0,-214,-64,2035,-1.024718310546875,-0.3064578125,9.744400756835937,9.802923549464063,0,0,0,0.0,0.0,0.0,0.0,0.0,0.0,0.0,-332,1080,21359,-1.82373046875,5.9326171875,117.3284912109375,98797.609,304.5,1,1,0,0,436,22,112,196,196,196,196,1222,F4line=436;YAH=784
DIRECT_SERIAL,71,1789353499742984337,2026-09-14T02:38:19.742985+00:00,-1,22479945174860,1789353499600000000,1789353499,600000000,37231491,1789353499608100,1789353499600000,2,4,-167.32186125842895,-201.1284349717707,gnss_local_enu_direct,-167.32186125842895,-201.1284349717707,110.4350455,-7.0508887,232.0,5.755,6.803,3,1,14,0,0.2655,189.32,-0.262,-0.043,0.108,0.7289,157.289,99.0,5.01,114.78936785680301,neo3_calibrated_direct,1,27.4902,-8.11768,-32.6904,43.4772363057083,7,149.4083251615033,yahboom_calibrated_direct,0,3164,2934,2716,0.013678414965045838,0.5450143117138865,0.5451859306777068,125.07887244053198,neo3_calibrated_direct:gyro_integral,1,125.07887244053198,nan,117.3284912109375,0.0,-212,-65,2036,-1.01514150390625,-0.3112462158203125,9.749189160156249,9.806838214242326,0,0,0,0.0,0.0,0.0,0.0,0.0,0.0,0.0,-331,1080,21359,-1.8182373046875,5.9326171875,117.3284912109375,98797.609,304.5,1,1,0,0,440,22,114,199,199,199,199,1238,F4line=440;YAH=796
DIRECT_SERIAL,72,1789353499798233181,2026-09-14T02:38:19.798233+00:00,-1,22480000423522,1789353499600000000,1789353499,600000000,37231491,1789353499608100,1789353499600000,2,4,-167.32186125842895,-201.1284349717707,gnss_local_enu_direct,-167.32186125842895,-201.1284349717707,110.4350455,-7.0508887,232.0,5.755,6.803,3,1,14,0,0.2655,189.32,-0.262,-0.043,0.108,0.7289,157.289,99.0,5.01,115.13960495455935,neo3_calibrated_direct,1,27.4902,-8.05054,-32.5439,43.35467353748152,7,149.42520191100718,yahboom_calibrated_direct,0,3163,2946,2778,0.013565228431178435,0.5468178391971582,0.5469860735765028,125.07887244053198,neo3_calibrated_direct:gyro_integral,1,125.07887244053198,nan,117.3284912109375,0.0,-212,-65,2037,-1.01514150390625,-0.3112462158203125,9.753977563476562,9.811598482847721,0,0,0,0.0,0.0,0.0,0.0,0.0,0.0,0.0,-331,1080,21359,-1.8182373046875,5.9326171875,117.3284912109375,98798.219,304.5,1,1,0,0,448,22,115,202,202,202,202,1258,F4line=448;YAH=808
DIRECT_SERIAL,73,1789353499854123172,2026-09-14T02:38:19.854123+00:00,-1,22480056313502,1789353499800000000,1789353499,800000000,37231692,1789353499808700,1789353499800000,2,4,-167.4102447294115,-201.29432085589121,gnss_local_enu_direct,-167.4102447294115,-201.29432085589121,110.4350447,-7.0508902,231.78,5.755,6.801,3,1,14,0,0.4015,174.999,-0.4,0.035,0.027,0.6919,98.734,99.0,5.0,114.9764718788695,neo3_calibrated_direct,1,27.417,-8.05054,-32.5684,43.32670956640487,7,149.57008849995398,yahboom_calibrated_direct,0,3154,2946,2756,0.01220438999981115,0.5467893258949449,0.5469255105111808,125.07887244053198,neo3_calibrated_direct:gyro_integral,1,125.07887244053198,nan,117.3284912109375,0.0,-209,-67,2036,-1.0007762939453124,-0.32082302246093747,9.749189160156249,9.805670292375325,0,0,0,0.0,0.0,0.0,0.0,0.0,0.0,0.0,-331,1080,21359,-1.8182373046875,5.9326171875,117.3284912109375,98800.047,304.5,1,1,0,0,458,23,117,205,205,205,205,1280,F4line=458;YAH=820
DIRECT_SERIAL,74,1789353499918337058,2026-09-14T02:38:19.918337+00:00,-1,22480120527353,1789353499800000000,1789353499,800000000,37231692,1789353499808700,1789353499800000,2,4,-167.4102447294115,-201.29432085589121,gnss_local_enu_direct,-167.4102447294115,-201.29432085589121,110.4350447,-7.0508902,231.78,5.755,6.801,3,1,14,0,0.4015,174.999,-0.4,0.035,0.027,0.6919,98.734,99.0,5.0,114.6695501251893,neo3_calibrated_direct,1,27.4902,-8.14819,-32.666,43.46460229101493,7,149.537446593526,yahboom_calibrated_direct,0,3156,2931,2748,0.012459276369759346,0.544537292649373,0.5446798111308762,125.07887244053198,neo3_calibrated_direct:gyro_integral,1,125.07887244053198,nan,117.3284912109375,0.0,-212,-65,2037,-1.01514150390625,-0.3112462158203125,9.753977563476562,9.811598482847721,0,0,0,0.0,0.0,0.0,0.0,0.0,0.0,0.0,-331,1080,21359,-1.8182373046875,5.9326171875,117.3284912109375,98800.047,304.5,1,1,0,0,460,23,118,208,208,208,208,1294,F4line=460;YAH=832
DIRECT_SERIAL,75,1789353499982457161,2026-09-14T02:38:19.982457+00:00,-1,22480184647476,1789353499800000000,1789353499,800000000,37231692,1789353499808700,1789353499800000,2,4,-167.4102447294115,-201.29432085589121,gnss_local_enu_direct,-167.4102447294115,-201.29432085589121,110.4350447,-7.0508902,231.78,5.755,6.801,3,1,14,0,0.4015,174.999,-0.4,0.035,0.027,0.6919,98.734,99.0,5.0,114.98793783524835,neo3_calibrated_direct,1,27.4902,-8.08105,-32.5928,43.39706299949917,7,149.39328594560908,yahboom_calibrated_direct,0,3165,2950,2711,0.013880309550243781,0.5474264073625263,0.5476023506807227,125.07887244053198,neo3_calibrated_direct:gyro_integral,1,125.07887244053198,nan,117.3284912109375,0.0,-215,-64,2033,-1.0295067138671874,-0.3064578125,9.734823950195311,9.793906156689278,0,0,0,0.0,0.0,0.0,0.0,0.0,0.0,0.0,-331,1080,21359,-1.8182373046875,5.9326171875,117.3284912109375,98797.0,304.5,1,1,0,0,465,23,120,211,211,211,211,1311,F4line=465;YAH=844
DIRECT_SERIAL,76,1789353500038308657,2026-09-14T02:38:20.038309+00:00,-1,22480240498909,1789353499800000000,1789353499,800000000,37231692,1789353499808700,1789353499800000,2,4,-167.4102447294115,-201.29432085589121,gnss_local_enu_direct,-167.4102447294115,-201.29432085589121,110.4350447,-7.0508902,231.78,5.755,6.801,3,1,14,0,0.4015,174.999,-0.4,0.035,0.027,0.6919,98.734,99.0,5.0,115.27051629805851,neo3_calibrated_direct,1,27.4902,-8.02002,-32.5439,43.34901664456069,7,149.47297439748894,yahboom_calibrated_direct,0,3160,2935,2701,0.013076766029128533,0.5451521971041218,0.5453090131450532,125.07887244053198,neo3_calibrated_direct:gyro_integral,1,125.07887244053198,nan,117.3284912109375,0.0,-212,-63,2035,-1.01514150390625,-0.3016694091796875,9.744400756835937,9.801778553671403,0,0,0,0.0,0.0,0.0,0.0,0.0,0.0,0.0,-331,1080,21359,-1.8182373046875,5.9326171875,117.3284912109375,98797.0,304.5,1,1,0,0,467,23,121,214,214,214,214,1325,F4line=467;YAH=856
DIRECT_SERIAL,77,1789353500102211353,2026-09-14T02:38:20.102211+00:00,-1,22480304401618,1789353500000000000,1789353500,0,37231901,1789353500016395,1789353500000000,2,4,-167.48758194261913,-201.4270310388464,gnss_local_enu_direct,-167.48758194261913,-201.4270310388464,110.435044,-7.0508914,231.65,5.758,6.796,3,1,14,0,0.3974,204.372,-0.362,-0.164,-0.247,1.1941,172.148,99.0,4.97,114.38346686497464,neo3_calibrated_direct,1,27.4902,-8.21533,-32.666,43.47723886183321,7,149.2149157345495,yahboom_calibrated_direct,0,3176,2937,2705,0.015502370640940018,0.5455040033571615,0.5457242354652936,125.07887244053198,neo3_calibrated_direct:gyro_integral,1,125.07887244053198,nan,117.3284912109375,0.0,-210,-66,2034,-1.005564697265625,-0.316034619140625,9.739612353515625,9.796483401590411,0,0,0,0.0,0.0,0.0,0.0,0.0,0.0,0.0,-331,1080,21359,-1.8182373046875,5.9326171875,117.3284912109375,98798.523,304.5,1,1,0,0,478,24,123,217,217,217,217,1348,F4line=478;YAH=868
DIRECT_SERIAL,78,1789353500158301209,2026-09-14T02:38:20.158301+00:00,-1,22480360491590,1789353500000000000,1789353500,0,37231901,1789353500016395,1789353500000000,2,4,-167.48758194261913,-201.4270310388464,gnss_local_enu_direct,-167.48758194261913,-201.4270310388464,110.435044,-7.0508914,231.65,5.758,6.796,3,1,14,0,0.3974,204.372,-0.362,-0.164,-0.247,1.1941,172.148,99.0,4.97,114.6758944036426,neo3_calibrated_direct,1,27.4658,-8.14209,-32.5928,43.39302260788133,7,149.58607636378588,yahboom_calibrated_direct,0,3153,2939,2717,0.012031008716826594,0.5457322519672766,0.5458648514128926,125.07887244053198,neo3_calibrated_direct:gyro_integral,1,125.07887244053198,nan,117.3284912109375,0.0,-210,-67,2037,-1.005564697265625,-0.32082302246093747,9.753977563476562,9.810920756021428,0,0,0,0.0,0.0,0.0,0.0,0.0,0.0,0.0,-331,1080,21359,-1.8182373046875,5.9326171875,117.3284912109375,98800.656,304.5,1,1,0,0,481,24,124,220,220,220,220,1363,F4line=481;YAH=880
DIRECT_SERIAL,79,1789353500221945392,2026-09-14T02:38:20.221945+00:00,-1,22480424135765,1789353500000000000,1789353500,0,37231901,1789353500016395,1789353500000000,2,4,-167.48758194261913,-201.4270310388464,gnss_local_enu_direct,-167.48758194261913,-201.4270310388464,110.435044,-7.0508914,231.65,5.758,6.796,3,1,14,0,0.3974,204.372,-0.362,-0.164,-0.247,1.1941,172.148,99.0,4.97,115.13074035724568,neo3_calibrated_direct,1,27.4658,-8.03833,-32.5684,43.35534104800583,7,149.5536130521479,yahboom_calibrated_direct,0,3155,2931,2760,0.012308072099607425,0.5445341245046826,0.5446732060500961,125.07887244053198,neo3_calibrated_direct:gyro_integral,1,125.07887244053198,nan,117.3284912109375,0.0,-211,-64,2037,-1.0103531005859374,-0.3064578125,9.753977563476562,9.81095347494371,0,0,0,0.0,0.0,0.0,0.0,0.0,0.0,0.0,-331,1080,21359,-1.8182373046875,5.9326171875,117.3284912109375,98800.656,304.5,1,1,0,0,485,24,126,223,223,223,223,1379,F4line=485;YAH=892
DIRECT_SERIAL,80,1789353500278267942,2026-09-14T02:38:20.278268+00:00,-1,22480480458368,1789353500200000000,1789353500,200000000,37232091,1789353500207626,1789353500200000,2,4,-167.55387421737296,-201.52656711825267,gnss_local_enu_direct,-167.55387421737296,-201.52656711825267,110.4350434,-7.0508923,231.66,5.758,6.792,3,1,14,0,0.4976,212.86,-0.418,-0.27,-0.48,1.3129,151.164,99.0,5.02,115.02970508655895,neo3_calibrated_direct,1,27.4902,-8.06885,-32.6172,43.413122119959304,7,149.44028682150545,yahboom_calibrated_direct,0,3162,2928,2728,0.013356997556599741,0.5441046276105246,0.5442685505987964,125.07887244053198,neo3_calibrated_direct:gyro_integral,1,125.07887244053198,nan,117.3284912109375,0.0,-212,-66,2034,-1.01514150390625,-0.316034619140625,9.739612353515625,9.797471048704486,0,0,0,0.0,0.0,0.0,0.0,0.0,0.0,0.0,-331,1080,21359,-1.8182373046875,5.9326171875,117.3284912109375,98798.219,304.5,1,1,0,0,496,25,127,226,226,226,226,1402,F4line=496;YAH=904
DIRECT_SERIAL,81,1789353500341631920,2026-09-14T02:38:20.341632+00:00,-1,22480543822220,1789353500200000000,1789353500,200000000,37232091,1789353500207626,1789353500200000,2,4,-167.55387421737296,-201.52656711825267,gnss_local_enu_direct,-167.55387421737296,-201.52656711825267,110.4350434,-7.0508923,231.66,5.758,6.792,3,1,14,0,0.4976,212.86,-0.418,-0.27,-0.48,1.3129,151.164,99.0,5.02,114.79700770774036,neo3_calibrated_direct,1,27.4414,-8.09937,-32.6172,43.387924174785084,7,149.23070455598832,yahboom_calibrated_direct,0,3175,2934,2811,0.015341661936716967,0.5450491613054806,0.545265031732999,125.07887244053198,neo3_calibrated_direct:gyro_integral,1,125.07887244053198,nan,117.3284912109375,0.0,-215,-64,2034,-1.0295067138671874,-0.3064578125,9.739612353515625,9.798665687811482,0,0,0,0.0,0.0,0.0,0.0,0.0,0.0,0.0,-331,1080,21359,-1.8182373046875,5.9326171875,117.3284912109375,98798.219,304.5,1,1,0,0,500,25,129,229,229,229,229,1418,F4line=500;YAH=916
DIRECT_SERIAL,82,1789353500398305126,2026-09-14T02:38:20.398305+00:00,-1,22480600495413,1789353500200000000,1789353500,200000000,37232091,1789353500207626,1789353500200000,2,4,-167.55387421737296,-201.52656711825267,gnss_local_enu_direct,-167.55387421737296,-201.52656711825267,110.4350434,-7.0508923,231.66,5.758,6.792,3,1,14,0,0.4976,212.86,-0.418,-0.27,-0.48,1.3129,151.164,99.0,5.02,114.62885116027813,neo3_calibrated_direct,1,27.4658,-8.14819,-32.6416,43.43083260169093,7,149.58586608357928,yahboom_calibrated_direct,0,3153,2926,2816,0.011989822835851703,0.5437749983703176,0.5439071655202513,125.07887244053198,neo3_calibrated_direct:gyro_integral,1,125.07887244053198,nan,117.3284912109375,0.0,-209,-64,2035,-1.0007762939453124,-0.3064578125,9.744400756835937,9.800449769841688,0,0,0,0.0,0.0,0.0,0.0,0.0,0.0,0.0,-331,1080,21359,-1.8182373046875,5.9326171875,117.3284912109375,98798.219,304.5,1,1,0,0,503,25,130,232,232,232,232,1433,F4line=503;YAH=928
DIRECT_SERIAL,83,1789353500454034681,2026-09-14T02:38:20.454035+00:00,-1,22480656224832,1789353500400000000,1789353500,400000000,37232291,1789353500407723,1789353500400000,2,4,-167.66435883370443,-201.68139800297834,gnss_local_enu_direct,-167.66435883370443,-201.68139800297834,110.4350424,-7.0508937,231.58,5.761,6.787,3,1,14,0,0.4456,211.978,-0.378,-0.236,-0.204,1.0762,138.372,99.0,5.01,114.58096154311268,neo3_calibrated_direct,1,27.4902,-8.1665,-32.6904,43.486377987250215,7,149.39294005184124,yahboom_calibrated_direct,0,3165,2945,2816,0.0138644688267919,0.5466736175175421,0.5468494011933861,125.07887244053198,neo3_calibrated_direct:gyro_integral,1,125.07887244053198,nan,117.3284912109375,0.0,-209,-65,2035,-1.0007762939453124,-0.3112462158203125,9.744400756835937,9.80060067073494,0,0,0,0.0,0.0,0.0,0.0,0.0,0.0,0.0,-331,1080,21359,-1.8182373046875,5.9326171875,117.3284912109375,98797.0,304.5,1,1,0,0,513,26,132,235,235,235,235,1455,F4line=513;YAH=940
DIRECT_SERIAL,84,1789353500518742067,2026-09-14T02:38:20.518742+00:00,-1,22480720932425,1789353500400000000,1789353500,400000000,37232291,1789353500407723,1789353500400000,2,4,-167.66435883370443,-201.68139800297834,gnss_local_enu_direct,-167.66435883370443,-201.68139800297834,110.4350424,-7.0508937,231.58,5.761,6.787,3,1,14,0,0.4456,211.978,-0.378,-0.236,-0.204,1.0762,138.372,99.0,5.01,114.82476261872164,neo3_calibrated_direct,1,27.5146,-8.12378,-32.666,43.47547090772451,7,149.37676620808716,yahboom_calibrated_direct,0,3166,2944,2822,0.014012504952253445,0.5465262276932358,0.546705833014095,125.07887244053198,neo3_calibrated_direct:gyro_integral,1,125.07887244053198,nan,117.3284912109375,0.0,-213,-65,2037,-1.0199299072265624,-0.3112462158203125,9.753977563476562,9.812095063304362,0,0,0,0.0,0.0,0.0,0.0,0.0,0.0,0.0,-331,1080,21359,-1.8182373046875,5.9326171875,117.3284912109375,98797.0,304.5,1,1,0,0,515,26,133,238,238,238,238,1469,F4line=515;YAH=952
DIRECT_SERIAL,85,1789353500581130693,2026-09-14T02:38:20.581131+00:00,-1,22480783321030,1789353500400000000,1789353500,400000000,37232291,1789353500407723,1789353500400000,2,4,-167.66435883370443,-201.68139800297834,gnss_local_enu_direct,-167.66435883370443,-201.68139800297834,110.4350424,-7.0508937,231.58,5.761,6.787,3,1,14,0,0.4456,211.978,-0.378,-0.236,-0.204,1.0762,138.372,99.0,5.01,114.70195972769747,neo3_calibrated_direct,1,27.4658,-8.13599,-32.5928,43.391878442400944,7,149.57004750087194,yahboom_calibrated_direct,0,3154,2944,2784,0.012198053710430397,0.5464882099569512,0.5466243281599122,125.07887244053198,neo3_calibrated_direct:gyro_integral,1,125.07887244053198,nan,117.3284912109375,0.0,-215,-64,2041,-1.0295067138671874,-0.3064578125,9.773131176757811,9.831983190732958,0,0,0,0.0,0.0,0.0,0.0,0.0,0.0,0.0,-331,1080,21359,-1.8182373046875,5.9326171875,117.3284912109375,98796.391,304.5,1,1,0,0,521,26,135,241,241,241,241,1487,F4line=521;YAH=964
DIRECT_SERIAL,86,1789353500635191130,2026-09-14T02:38:20.635191+00:00,-1,22480837381361,1789353500400000000,1789353500,400000000,37232291,1789353500407723,1789353500400000,2,4,-167.66435883370443,-201.68139800297834,gnss_local_enu_direct,-167.66435883370443,-201.68139800297834,110.4350424,-7.0508937,231.58,5.761,6.787,3,1,14,0,0.4456,211.978,-0.378,-0.236,-0.204,1.0762,138.372,99.0,5.01,114.76975269583343,neo3_calibrated_direct,1,27.4658,-8.11768,-32.6172,43.406780968673544,7,149.60240572143942,yahboom_calibrated_direct,0,3152,2956,2748,0.01193366290641107,0.5482885692955326,0.5484184237701227,125.07887244053198,neo3_calibrated_direct:gyro_integral,1,125.07887244053198,nan,117.3284912109375,0.0,-213,-65,2034,-1.0199299072265624,-0.3112462158203125,9.739612353515625,9.797815063536962,0,0,0,0.0,0.0,0.0,0.0,0.0,0.0,0.0,-331,1080,21359,-1.8182373046875,5.9326171875,117.3284912109375,98796.391,304.5,1,1,0,0,524,26,136,244,244,244,244,1502,F4line=524;YAH=976
DIRECT_SERIAL,87,1789353500700946141,2026-09-14T02:38:20.700946+00:00,-1,22480903136507,1789353500600000000,1789353500,600000000,37232492,1789353500608758,1789353500600000,2,4,-167.6312156304842,-201.65928238593835,gnss_local_enu_direct,-167.6312156304842,-201.65928238593835,110.4350427,-7.0508935,231.69,5.766,6.782,3,1,14,0,0.3557,225.114,-0.251,-0.252,0.021,0.8179,131.754,99.0,5.01,114.79473391765346,neo3_calibrated_direct,1,27.4902,-8.12378,-32.6172,43.42336506269867,7,149.55408799119516,yahboom_calibrated_direct,0,3155,2950,2775,0.012368266848724574,0.5473947259156227,0.5475344372595032,125.07887244053198,neo3_calibrated_direct:gyro_integral,1,125.07887244053198,nan,117.3284912109375,0.0,-211,-66,2033,-1.0103531005859374,-0.316034619140625,9.734823950195311,9.792215715028709,0,0,0,0.0,0.0,0.0,0.0,0.0,0.0,0.0,-331,1080,21359,-1.8182373046875,5.9326171875,117.3284912109375,98799.133,304.5,1,1,0,0,533,27,138,247,247,247,247,1523,F4line=533;YAH=988
DIRECT_SERIAL,88,1789353500754125592,2026-09-14T02:38:20.754126+00:00,-1,22480956315807,1789353500600000000,1789353500,600000000,37232492,1789353500608758,1789353500600000,2,4,-167.6312156304842,-201.65928238593835,gnss_local_enu_direct,-167.6312156304842,-201.65928238593835,110.4350427,-7.0508935,231.69,5.766,6.782,3,1,14,0,0.3557,225.114,-0.251,-0.252,0.021,0.8179,131.754,99.0,5.01,114.82712120981684,neo3_calibrated_direct,1,27.4658,-8.09937,-32.666,43.44004512010663,7,149.6990379876379,yahboom_calibrated_direct,0,3146,2937,2829,0.010966242536382398,0.5454089590164503,0.5455191940259982,125.07887244053198,neo3_calibrated_direct:gyro_integral,1,125.07887244053198,nan,117.3284912109375,0.0,-208,-65,2031,-0.9959878906249999,-0.3112462158203125,9.725247143554688,9.78106835107253,0,0,0,0.0,0.0,0.0,0.0,0.0,0.0,0.0,-331,1080,21359,-1.8182373046875,5.9326171875,117.3284912109375,98798.828,304.5,1,1,0,0,537,27,139,250,250,250,250,1539,F4line=537;YAH=1000
DIRECT_SERIAL,89,1789353500820615366,2026-09-14T02:38:20.820616+00:00,-1,22481022805796,1789353500600000000,1789353500,600000000,37232492,1789353500608758,1789353500600000,2,4,-167.6312156304842,-201.65928238593835,gnss_local_enu_direct,-167.6312156304842,-201.65928238593835,110.4350427,-7.0508935,231.69,5.766,6.782,3,1,14,0,0.3557,225.114,-0.251,-0.252,0.021,0.8179,131.754,99.0,5.01,114.86251747553072,neo3_calibrated_direct,1,27.4902,-8.10547,-32.6416,43.43827563935866,7,149.74738428662454,yahboom_calibrated_direct,0,3143,2940,2889,0.010522134159997764,0.5458511284893697,0.5459525343657627,125.07887244053198,neo3_calibrated_direct:gyro_integral,1,125.07887244053198,nan,117.3284912109375,0.0,-209,-65,2030,-1.0007762939453124,-0.3112462158203125,9.720458740234374,9.776796280887938,0,0,0,0.0,0.0,0.0,0.0,0.0,0.0,0.0,-331,1080,21359,-1.8182373046875,5.9326171875,117.3284912109375,98798.828,304.5,1,1,0,0,545,27,141,253,253,253,253,1559,F4line=545;YAH=1012
DIRECT_SERIAL,90,1789353500878244314,2026-09-14T02:38:20.878244+00:00,-1,22481080434922,1789353500800000000,1789353500,800000000,37232692,1789353500809121,1789353500800000,2,4,-167.6422625962845,-201.7145780378462,gnss_local_enu_direct,-167.6422625962845,-201.7145780378462,110.4350426,-7.050894,231.63,5.766,6.78,3,1,14,0,0.3172,186.699,-0.315,-0.037,0.179,0.8271,149.414,99.0,5.01,114.42552012996418,neo3_calibrated_direct,1,27.4658,-8.19092,-32.6904,43.47555166120839,7,149.45698313284964,yahboom_calibrated_direct,0,3161,2938,2864,0.013237474733351583,0.5456070391558027,0.5457675988126061,125.07887244053198,neo3_calibrated_direct:gyro_integral,1,125.07887244053198,nan,117.3284912109375,0.0,-216,-65,2039,-1.0342951171875,-0.3112462158203125,9.763554370117188,9.823117353189607,0,0,0,0.0,0.0,0.0,0.0,0.0,0.0,0.0,-331,1080,21359,-1.8182373046875,5.9326171875,117.3284912109375,98799.742,304.5,1,1,0,0,553,28,142,256,256,256,256,1579,F4line=553;YAH=1024
DIRECT_SERIAL,91,1789353500940272687,2026-09-14T02:38:20.940273+00:00,-1,22481142462974,1789353500800000000,1789353500,800000000,37232692,1789353500809121,1789353500800000,2,4,-167.6422625962845,-201.7145780378462,gnss_local_enu_direct,-167.6422625962845,-201.7145780378462,110.4350426,-7.050894,231.63,5.766,6.78,3,1,14,0,0.3172,186.699,-0.315,-0.037,0.179,0.8271,149.414,99.0,5.01,114.70606471038771,neo3_calibrated_direct,1,27.4902,-8.14209,-32.6416,43.44512373291276,7,149.45646429813118,yahboom_calibrated_direct,0,3161,2928,2887,0.01320579328644782,0.5441014594658342,0.5442616936448634,125.07887244053198,neo3_calibrated_direct:gyro_integral,1,125.07887244053198,nan,117.3284912109375,0.0,-215,-64,2041,-1.0295067138671874,-0.3064578125,9.773131176757811,9.831983190732958,0,0,0,0.0,0.0,0.0,0.0,0.0,0.0,0.0,-331,1080,21359,-1.8182373046875,5.9326171875,117.3284912109375,98799.742,304.5,1,1,0,0,557,28,144,259,259,259,259,1595,F4line=557;YAH=1036
DIRECT_SERIAL,92,1789353500998289578,2026-09-14T02:38:20.998290+00:00,-1,22481200479934,1789353500800000000,1789353500,800000000,37232692,1789353500809121,1789353500800000,2,4,-167.6422625962845,-201.7145780378462,gnss_local_enu_direct,-167.6422625962845,-201.7145780378462,110.4350426,-7.050894,231.63,5.766,6.78,3,1,14,0,0.3172,186.699,-0.315,-0.037,0.179,0.8271,149.414,99.0,5.01,114.98120948514425,neo3_calibrated_direct,1,27.5146,-8.08716,-32.666,43.46864302029222,7,149.4569313782565,yahboom_calibrated_direct,0,3161,2937,2900,0.013234306588661208,0.5454564811868059,0.5456170082938901,125.07887244053198,neo3_calibrated_direct:gyro_integral,1,125.07887244053198,nan,117.3284912109375,0.0,-211,-66,2034,-1.0103531005859374,-0.316034619140625,9.739612353515625,9.796976067395141,0,0,0,0.0,0.0,0.0,0.0,0.0,0.0,0.0,-331,1080,21359,-1.8182373046875,5.9326171875,117.3284912109375,98799.133,304.5,1,1,0,0,560,28,145,262,262,262,262,1610,F4line=560;YAH=1048
DIRECT_SERIAL,93,1789353501053939808,2026-09-14T02:38:21.053940+00:00,-1,22481256129955,1789353501000000000,1789353501,0,37232901,1789353501018176,1789353501000000,2,4,-167.63121113833606,-201.74775333351405,gnss_local_enu_direct,-167.63121113833606,-201.74775333351405,110.4350427,-7.0508943,231.53,5.75,6.766,3,1,14,0,0.2688,207.232,-0.239,-0.123,0.663,1.2771,180.0,99.0,4.97,114.40942225615903,neo3_calibrated_direct,1,27.4902,-8.20923,-32.666,43.47608663659713,7,149.42404875928642,yahboom_calibrated_direct,0,3163,2927,2864,0.013505033682061284,0.5439572377862182,0.544124859269236,125.07887244053198,neo3_calibrated_direct:gyro_integral,1,125.07887244053198,nan,117.3284912109375,0.0,-209,-66,2033,-1.0007762939453124,-0.316034619140625,9.734823950195311,9.791232221345508,0,0,0,0.0,0.0,0.0,0.0,0.0,0.0,0.0,-331,1080,21359,-1.8182373046875,5.9326171875,117.3284912109375,98796.695,304.5,1,1,0,0,571,29,147,265,265,265,265,1633,F4line=571;YAH=1060
DIRECT_SERIAL,94,1789353501119222794,2026-09-14T02:38:21.119223+00:00,-1,22481321413072,1789353501000000000,1789353501,0,37232901,1789353501018176,1789353501000000,2,4,-167.63121113833606,-201.74775333351405,gnss_local_enu_direct,-167.63121113833606,-201.74775333351405,110.4350427,-7.0508943,231.53,5.75,6.766,3,1,14,0,0.2688,207.232,-0.239,-0.123,0.663,1.2771,180.0,99.0,4.97,114.62793712878336,neo3_calibrated_direct,1,27.4902,-8.1604,-32.6416,43.44855894917575,7,149.27904046773466,yahboom_calibrated_direct,0,3172,2933,2861,0.01488488098157083,0.5448890989024127,0.5450923681216963,125.07887244053198,neo3_calibrated_direct:gyro_integral,1,125.07887244053198,nan,117.3284912109375,0.0,-209,-64,2033,-1.0007762939453124,-0.3064578125,9.734823950195311,9.790927786612535,0,0,0,0.0,0.0,0.0,0.0,0.0,0.0,0.0,-331,1080,21359,-1.8182373046875,5.9326171875,117.3284912109375,98796.695,304.5,1,1,0,0,573,29,148,268,268,268,268,1647,F4line=573;YAH=1072
DIRECT_SERIAL,95,1789353501179822542,2026-09-14T02:38:21.179823+00:00,-1,22481382012811,1789353501000000000,1789353501,0,37232901,1789353501018176,1789353501000000,2,4,-167.63121113833606,-201.74775333351405,gnss_local_enu_direct,-167.63121113833606,-201.74775333351405,110.4350427,-7.0508943,231.53,5.75,6.766,3,1,14,0,0.2688,207.232,-0.239,-0.123,0.663,1.2771,180.0,99.0,4.97,114.95941453167582,neo3_calibrated_direct,1,27.4414,-8.06885,-32.5439,43.32715316625938,7,149.58604411121212,yahboom_calibrated_direct,0,3153,2937,2858,0.012024672427445843,0.545431136029283,0.5455636689674098,125.07887244053198,neo3_calibrated_direct:gyro_integral,1,125.07887244053198,nan,117.3284912109375,0.0,-213,-65,2030,-1.0199299072265624,-0.3112462158203125,9.720458740234374,9.778775452126737,0,0,0,0.0,0.0,0.0,0.0,0.0,0.0,0.0,-331,1080,21359,-1.8182373046875,5.9326171875,117.3284912109375,98797.914,304.5,1,1,0,0,578,29,150,271,271,271,271,1664,F4line=578;YAH=1084
DIRECT_SERIAL,96,1789353501231595529,2026-09-14T02:38:21.231596+00:00,-1,22481433785947,1789353501000000000,1789353501,0,37232901,1789353501018176,1789353501000000,2,4,-167.63121113833606,-201.74775333351405,gnss_local_enu_direct,-167.63121113833606,-201.74775333351405,110.4350427,-7.0508943,231.53,5.75,6.766,3,1,14,0,0.2688,207.232,-0.239,-0.123,0.663,1.2771,180.0,99.0,4.97,115.28097815152226,neo3_calibrated_direct,1,27.4902,-8.02002,-32.5195,43.3307015531759,7,149.5700269843838,yahboom_calibrated_direct,0,3154,2943,2955,0.01219488556574002,0.5463376519879544,0.5464737369843794,125.07887244053198,neo3_calibrated_direct:gyro_integral,1,125.07887244053198,nan,117.3284912109375,0.0,-213,-65,2037,-1.0199299072265624,-0.3112462158203125,9.753977563476562,9.812095063304362,0,0,0,0.0,0.0,0.0,0.0,0.0,0.0,0.0,-331,1080,21359,-1.8182373046875,5.9326171875,117.3284912109375,98797.914,304.5,1,1,0,0,580,29,151,274,274,274,274,1678,F4line=580;YAH=1096
DIRECT_SERIAL,97,1789353501299488559,2026-09-14T02:38:21.299489+00:00,-1,22481501678998,1789353501200000000,1789353501,200000000,37233092,1789353501208242,1789353501200000,2,4,-167.70854822347974,-201.83622516486437,gnss_local_enu_direct,-167.70854822347974,-201.83622516486437,110.435042,-7.0508951,231.39,5.747,6.764,3,1,14,0,0.4212,219.51,-0.325,-0.268,0.134,0.7699,104.72,99.0,5.01,114.6800290848297,neo3_calibrated_direct,1,27.4902,-8.14819,-32.6416,43.44626735262881,7,149.4732109095881,yahboom_calibrated_direct,0,3160,2940,2867,0.013092606752580414,0.545904986949106,0.546061966380631,125.07887244053198,neo3_calibrated_direct:gyro_integral,1,125.07887244053198,nan,117.3284912109375,0.0,-214,-65,2037,-1.024718310546875,-0.3112462158203125,9.753977563476562,9.812593955302374,0,0,0,0.0,0.0,0.0,0.0,0.0,0.0,0.0,-331,1080,21359,-1.8182373046875,5.9326171875,117.3284912109375,98797.609,304.5,1,1,0,0,593,30,153,277,277,277,277,1703,F4line=593;YAH=1108
DIRECT_SERIAL,98,1789353501359229953,2026-09-14T02:38:21.359230+00:00,-1,22481561420402,1789353501200000000,1789353501,200000000,37233092,1789353501208242,1789353501200000,2,4,-167.70854822347974,-201.83622516486437,gnss_local_enu_direct,-167.70854822347974,-201.83622516486437,110.435042,-7.0508951,231.39,5.747,6.764,3,1,14,0,0.4212,219.51,-0.325,-0.268,0.134,0.7699,104.72,99.0,5.01,114.74366494685711,neo3_calibrated_direct,1,27.4658,-8.12378,-32.6172,43.407922168290895,7,149.32810646675864,yahboom_calibrated_direct,0,3169,2940,2863,0.014453445183947701,0.5459335002513195,0.5461247923088118,125.07887244053198,neo3_calibrated_direct:gyro_integral,1,125.07887244053198,nan,117.3284912109375,0.0,-211,-65,2034,-1.0103531005859374,-0.3112462158203125,9.739612353515625,9.796822770239352,0,0,0,0.0,0.0,0.0,0.0,0.0,0.0,0.0,-331,1080,21359,-1.8182373046875,5.9326171875,117.3284912109375,98799.742,304.5,1,1,0,0,596,30,154,280,280,280,280,1718,F4line=596;YAH=1120
DIRECT_SERIAL,99,1789353501419125598,2026-09-14T02:38:21.419126+00:00,-1,22481621316002,1789353501200000000,1789353501,200000000,37233092,1789353501208242,1789353501200000,2,4,-167.70854822347974,-201.83622516486437,gnss_local_enu_direct,-167.70854822347974,-201.83622516486437,110.435042,-7.0508951,231.39,5.747,6.764,3,1,14,0,0.4212,219.51,-0.325,-0.268,0.134,0.7699,104.72,99.0,5.01,114.91887926327955,neo3_calibrated_direct,1,27.417,-8.06885,-32.5195,43.29337258256164,7,149.60218495942934,yahboom_calibrated_direct,0,3152,2937,2836,0.01187346815729392,0.5454279678845926,0.5455571898497887,125.07887244053198,neo3_calibrated_direct:gyro_integral,1,125.07887244053198,nan,117.3284912109375,0.0,-209,-67,2034,-1.0007762939453124,-0.32082302246093747,9.739612353515625,9.796148702373706,0,0,0,0.0,0.0,0.0,0.0,0.0,0.0,0.0,-331,1080,21359,-1.8182373046875,5.9326171875,117.3284912109375,98799.742,304.5,1,1,0,0,600,30,156,283,283,283,283,1734,F4line=600;YAH=1132
DIRECT_SERIAL,100,1789353501478983550,2026-09-14T02:38:21.478983+00:00,-1,22481681173854,1789353501400000000,1789353501,400000000,37233292,1789353501408414,1789353501400000,2,4,-167.67540393371135,-201.8251677818888,gnss_local_enu_direct,-167.67540393371135,-201.8251677818888,110.4350423,-7.050895,231.46,5.75,6.759,3,1,14,0,0.3865,212.21,-0.327,-0.206,-0.123,1.0121,150.05,99.0,5.01,115.11508266085615,neo3_calibrated_direct,1,27.4658,-8.04443,-32.5439,43.33807161001629,7,149.60202080519613,yahboom_calibrated_direct,0,3152,2923,2852,0.01182911413162865,0.5433201563186367,0.5434489122293346,125.07887244053198,neo3_calibrated_direct:gyro_integral,1,125.07887244053198,nan,117.3284912109375,0.0,-212,-66,2034,-1.01514150390625,-0.316034619140625,9.739612353515625,9.797471048704486,0,0,0,0.0,0.0,0.0,0.0,0.0,0.0,0.0,-331,1080,21359,-1.8182373046875,5.9326171875,117.3284912109375,98797.305,304.5,1,1,0,0,608,31,157,286,286,286,286,1754,F4line=608;YAH=1144
DIRECT_SERIAL,101,1789353501538948553,2026-09-14T02:38:21.538949+00:00,-1,22481741138999,1789353501400000000,1789353501,400000000,37233292,1789353501408414,1789353501400000,2,4,-167.67540393371135,-201.8251677818888,gnss_local_enu_direct,-167.67540393371135,-201.8251677818888,110.4350423,-7.050895,231.46,5.75,6.759,3,1,14,0,0.3865,212.21,-0.327,-0.206,-0.123,1.0121,150.05,99.0,5.01,114.85080464637535,neo3_calibrated_direct,1,27.5146,-8.11768,-32.666,43.47433148125914,7,149.71539674760396,yahboom_calibrated_direct,0,3145,2926,2852,0.010780188674636336,0.5437496532127946,0.5438565048217178,125.07887244053198,neo3_calibrated_direct:gyro_integral,1,125.07887244053198,nan,117.3284912109375,0.0,-213,-64,2035,-1.0199299072265624,-0.3064578125,9.744400756835937,9.802424165293106,0,0,0,0.0,0.0,0.0,0.0,0.0,0.0,0.0,-331,1080,21359,-1.8182373046875,5.9326171875,117.3284912109375,98797.305,304.5,1,1,0,0,612,31,159,289,289,289,289,1770,F4line=612;YAH=1156
DIRECT_SERIAL,102,1789353501598854090,2026-09-14T02:38:21.598854+00:00,-1,22481801044451,1789353501400000000,1789353501,400000000,37233292,1789353501408414,1789353501400000,2,4,-167.67540393371135,-201.8251677818888,gnss_local_enu_direct,-167.67540393371135,-201.8251677818888,110.4350423,-7.050895,231.46,5.75,6.759,3,1,14,0,0.3865,212.21,-0.327,-0.206,-0.123,1.0121,150.05,99.0,5.01,114.96178723239483,neo3_calibrated_direct,1,27.4902,-8.08716,-32.5928,43.39820116946784,7,149.68291609349995,yahboom_calibrated_direct,0,3147,2935,2855,0.011111110517153565,0.5451110112231469,0.5452242394956832,125.07887244053198,neo3_calibrated_direct:gyro_integral,1,125.07887244053198,nan,117.3284912109375,0.0,-213,-64,2038,-1.0199299072265624,-0.3064578125,9.758765966796874,9.81670446744784,0,0,0,0.0,0.0,0.0,0.0,0.0,0.0,0.0,-331,1080,21359,-1.8182373046875,5.9326171875,117.3284912109375,98799.133,304.5,1,1,0,0,616,31,160,292,292,292,292,1786,F4line=616;YAH=1168
DIRECT_SERIAL,103,1789353501654037597,2026-09-14T02:38:21.654037+00:00,-1,22481856227747,1789353501600000000,1789353501,600000000,37233492,1789353501608485,1789353501600000,2,4,-167.7527428224642,-201.9247013461008,gnss_local_enu_direct,-167.7527428224642,-201.9247013461008,110.4350416,-7.0508959,231.39,5.75,6.757,3,1,14,0,0.3901,215.401,-0.318,-0.226,0.116,0.7398,108.656,99.0,5.01,115.02082550733896,neo3_calibrated_direct,1,27.4658,-8.06885,-32.5195,43.32429330309382,7,149.58614076227843,yahboom_calibrated_direct,0,3153,2943,2862,0.0120436812955881,0.546334483843264,0.5464672163043592,125.07887244053198,neo3_calibrated_direct:gyro_integral,1,125.07887244053198,nan,117.3284912109375,0.0,-211,-66,2038,-1.0103531005859374,-0.316034619140625,9.758765966796874,9.816017749732929,0,0,0,0.0,0.0,0.0,0.0,0.0,0.0,0.0,-331,1080,21359,-1.8182373046875,5.9326171875,117.3284912109375,98797.914,304.5,1,1,0,0,626,32,162,295,295,295,295,1808,F4line=626;YAH=1180
DIRECT_SERIAL,104,1789353501718604791,2026-09-14T02:38:21.718605+00:00,-1,22481920795064,1789353501600000000,1789353501,600000000,37233492,1789353501608485,1789353501600000,2,4,-167.7527428224642,-201.9247013461008,gnss_local_enu_direct,-167.7527428224642,-201.9247013461008,110.4350416,-7.0508959,231.39,5.75,6.757,3,1,14,0,0.3901,215.401,-0.318,-0.226,0.116,0.7398,108.656,99.0,5.01,114.65490998512011,neo3_calibrated_direct,1,27.4658,-8.14209,-32.6416,43.429688575536666,7,149.6183261897951,yahboom_calibrated_direct,0,3151,2937,2849,0.011722263887142,0.5454247997399022,0.5455507525812353,125.07887244053198,neo3_calibrated_direct:gyro_integral,1,125.07887244053198,nan,117.3284912109375,0.0,-209,-66,2032,-1.0007762939453124,-0.316034619140625,9.730035546875,9.78647141795598,0,0,0,0.0,0.0,0.0,0.0,0.0,0.0,0.0,-331,1080,21359,-1.8182373046875,5.9326171875,117.3284912109375,98797.914,304.5,1,1,0,0,628,32,163,298,298,298,298,1822,F4line=628;YAH=1192
DIRECT_SERIAL,105,1789353501778421257,2026-09-14T02:38:21.778421+00:00,-1,22481980611573,1789353501600000000,1789353501,600000000,37233492,1789353501608485,1789353501600000,2,4,-167.7527428224642,-201.9247013461008,gnss_local_enu_direct,-167.7527428224642,-201.9247013461008,110.4350416,-7.0508959,231.39,5.75,6.757,3,1,14,0,0.3901,215.401,-0.318,-0.226,0.116,0.7398,108.656,99.0,5.01,114.7882645871484,neo3_calibrated_direct,1,27.5146,-8.12988,-32.6904,43.49494699542005,7,149.2617267590819,yahboom_calibrated_direct,0,3173,2922,2804,0.01500123566012861,0.5432361293881377,0.5434432163013319,125.07887244053198,neo3_calibrated_direct:gyro_integral,1,125.07887244053198,nan,117.3284912109375,0.0,-209,-65,2034,-1.0007762939453124,-0.3112462158203125,9.739612353515625,9.79583973910045,0,0,0,0.0,0.0,0.0,0.0,0.0,0.0,0.0,-331,1080,21359,-1.8182373046875,5.9326171875,117.3284912109375,98799.133,304.5,1,1,0,0,638,32,165,301,301,301,301,1844,F4line=638;YAH=1204
DIRECT_SERIAL,106,1789353501831755810,2026-09-14T02:38:21.831756+00:00,-1,22482033946000,1789353501600000000,1789353501,600000000,37233492,1789353501608485,1789353501600000,2,4,-167.7527428224642,-201.9247013461008,gnss_local_enu_direct,-167.7527428224642,-201.9247013461008,110.4350416,-7.0508959,231.39,5.75,6.757,3,1,14,0,0.3901,215.401,-0.318,-0.226,0.116,0.7398,108.656,99.0,5.01,115.29859213313021,neo3_calibrated_direct,1,27.4658,-8.00171,-32.5439,43.330162240339,7,149.21324971942644,yahboom_calibrated_direct,0,3176,2923,2787,0.015458016615274748,0.5433961917912057,0.5436160147851266,125.07887244053198,neo3_calibrated_direct:gyro_integral,1,125.07887244053198,nan,117.3284912109375,0.0,-215,-65,2035,-1.0295067138671874,-0.3112462158203125,9.744400756835937,9.80357610214685,0,0,0,0.0,0.0,0.0,0.0,0.0,0.0,0.0,-331,1080,21359,-1.8182373046875,5.9326171875,117.3284912109375,98799.133,304.5,1,1,0,0,640,32,166,304,304,304,304,1858,F4line=640;YAH=1216
DIRECT_SERIAL,107,1789353501898093992,2026-09-14T02:38:21.898094+00:00,-1,22482100284413,1789353501800000000,1789353501,800000000,37233692,1789353501808835,1789353501800000,2,4,-167.84112686676832,-202.06846881650694,gnss_local_enu_direct,-167.84112686676832,-202.06846881650694,110.4350408,-7.0508972,231.19,5.75,6.752,3,1,14,0,0.3676,169.974,-0.362,0.064,0.465,1.1409,177.826,99.0,5.01,114.81150255269023,neo3_calibrated_direct,1,27.4658,-8.10547,-32.6416,43.42283804774741,7,149.44051258133644,yahboom_calibrated_direct,0,3162,2932,2853,0.013369670135361245,0.544706859486512,0.5448709120986246,125.07887244053198,neo3_calibrated_direct:gyro_integral,1,125.07887244053198,nan,117.3284912109375,0.0,-213,-64,2037,-1.0199299072265624,-0.3064578125,9.753977563476562,9.811944339186889,0,0,0,0.0,0.0,0.0,0.0,0.0,0.0,0.0,-331,1080,21359,-1.8182373046875,5.9326171875,117.3284912109375,98799.742,304.5,1,1,0,0,650,33,168,307,307,307,307,1880,F4line=650;YAH=1228
DIRECT_SERIAL,108,1789353501957904911,2026-09-14T02:38:21.957905+00:00,-1,22482160095356,1789353501800000000,1789353501,800000000,37233692,1789353501808835,1789353501800000,2,4,-167.84112686676832,-202.06846881650694,gnss_local_enu_direct,-167.84112686676832,-202.06846881650694,110.4350408,-7.0508972,231.19,5.75,6.752,3,1,14,0,0.3676,169.974,-0.362,0.064,0.465,1.1409,177.826,99.0,5.01,114.76353285993979,neo3_calibrated_direct,1,27.4902,-8.13599,-32.5684,43.38900906773626,7,149.6506013643716,yahboom_calibrated_direct,0,3149,2942,2842,0.011435696070290042,0.5461712532955055,0.54629096008537,125.07887244053198,neo3_calibrated_direct:gyro_integral,1,125.07887244053198,nan,117.3284912109375,0.0,-209,-64,2035,-1.0007762939453124,-0.3064578125,9.744400756835937,9.800449769841688,0,0,0,0.0,0.0,0.0,0.0,0.0,0.0,0.0,-331,1080,21359,-1.8182373046875,5.9326171875,117.3284912109375,98797.914,304.5,1,1,0,0,653,33,169,310,310,310,310,1895,F4line=653;YAH=1240
DIRECT_SERIAL,109,1789353502017840199,2026-09-14T02:38:22.017840+00:00,-1,22482220030583,1789353501800000000,1789353501,800000000,37233692,1789353501808835,1789353501800000,2,4,-167.84112686676832,-202.06846881650694,gnss_local_enu_direct,-167.84112686676832,-202.06846881650694,110.4350408,-7.0508972,231.19,5.75,6.752,3,1,14,0,0.3676,169.974,-0.362,0.064,0.465,1.1409,177.826,99.0,5.01,114.75820060884385,neo3_calibrated_direct,1,27.4902,-8.12988,-32.6416,43.44283710134963,7,149.58614076227843,yahboom_calibrated_direct,0,3153,2943,2843,0.0120436812955881,0.546334483843264,0.5464672163043592,125.07887244053198,neo3_calibrated_direct:gyro_integral,1,125.07887244053198,nan,117.3284912109375,0.0,-209,-66,2036,-1.0007762939453124,-0.316034619140625,9.749189160156249,9.805514792785047,0,0,0,0.0,0.0,0.0,0.0,0.0,0.0,0.0,-331,1080,21359,-1.8182373046875,5.9326171875,117.3284912109375,98797.914,304.5,1,1,0,0,657,33,171,313,313,313,313,1911,F4line=657;YAH=1252
DIRECT_SERIAL,110,1789353502077663874,2026-09-14T02:38:22.077664+00:00,-1,22482279854102,1789353502000000000,1789353502,0,37233901,1789353502017822,1789353502000000,2,4,-167.94055962478848,-202.21223631402188,gnss_local_enu_direct,-167.94055962478848,-202.21223631402188,110.4350399,-7.0508985,230.99,5.747,6.748,3,1,14,0,0.403,219.259,-0.312,-0.255,0.392,0.986,140.198,99.0,4.97,114.31011054656703,neo3_calibrated_direct,1,27.5146,-8.23975,-32.7148,43.53395034065367,7,149.65061823315148,yahboom_calibrated_direct,0,3149,2932,2874,0.011404014623386277,0.5446656736055371,0.5447850471091363,125.07887244053198,neo3_calibrated_direct:gyro_integral,1,125.07887244053198,nan,117.3284912109375,0.0,-210,-65,2037,-1.005564697265625,-0.3112462158203125,9.753977563476562,9.810612257960946,0,0,0,0.0,0.0,0.0,0.0,0.0,0.0,0.0,-331,1080,21359,-1.8182373046875,5.9326171875,117.3284912109375,98799.438,304.75,1,1,0,0,666,34,172,316,316,316,316,1932,F4line=666;YAH=1264
DIRECT_SERIAL,111,1789353502137563164,2026-09-14T02:38:22.137563+00:00,-1,22482339753551,1789353502000000000,1789353502,0,37233901,1789353502017822,1789353502000000,2,4,-167.94055962478848,-202.21223631402188,gnss_local_enu_direct,-167.94055962478848,-202.21223631402188,110.4350399,-7.0508985,230.99,5.747,6.748,3,1,14,0,0.403,219.259,-0.312,-0.255,0.392,0.986,140.198,99.0,4.97,114.36903465254592,neo3_calibrated_direct,1,27.4414,-8.19702,-32.6416,43.42459696301625,7,149.53785936002623,yahboom_calibrated_direct,0,3156,2945,2867,0.012503630395424615,0.5466451042153287,0.5467880857660059,125.07887244053198,neo3_calibrated_direct:gyro_integral,1,125.07887244053198,nan,117.3284912109375,0.0,-214,-62,2034,-1.024718310546875,-0.296881005859375,9.739612353515625,9.797868887894158,0,0,0,0.0,0.0,0.0,0.0,0.0,0.0,0.0,-331,1080,21359,-1.8182373046875,5.9326171875,117.3284912109375,98799.438,304.75,1,1,0,0,670,34,174,319,319,319,319,1948,F4line=670;YAH=1276
DIRECT_SERIAL,112,1789353502197475274,2026-09-14T02:38:22.197475+00:00,-1,22482399665670,1789353502000000000,1789353502,0,37233901,1789353502017822,1789353502000000,2,4,-167.94055962478848,-202.21223631402188,gnss_local_enu_direct,-167.94055962478848,-202.21223631402188,110.4350399,-7.0508985,230.99,5.747,6.748,3,1,14,0,0.403,219.259,-0.312,-0.255,0.392,0.986,140.198,99.0,4.97,114.66540295708558,neo3_calibrated_direct,1,27.4658,-8.14209,-32.6172,43.411352605604215,7,149.6506131627335,yahboom_calibrated_direct,0,3149,2935,2834,0.011413519057457407,0.5451173475125276,0.5452368210020015,125.07887244053198,neo3_calibrated_direct:gyro_integral,1,125.07887244053198,nan,117.3284912109375,0.0,-213,-66,2035,-1.0199299072265624,-0.316034619140625,9.744400756835937,9.802728242993137,0,0,0,0.0,0.0,0.0,0.0,0.0,0.0,0.0,-331,1080,21359,-1.8182373046875,5.9326171875,117.3284912109375,98801.883,304.75,1,1,0,0,673,34,175,322,322,322,322,1963,F4line=673;YAH=1288
DIRECT_SERIAL,113,1789353502253908948,2026-09-14T02:38:22.253909+00:00,-1,22482456099119,1789353502200000000,1789353502,200000000,37234092,1789353502209092,1789353502200000,2,4,-167.99580222522786,-202.27859256005075,gnss_local_enu_direct,-167.99580222522786,-202.27859256005075,110.4350394,-7.0508991,230.96,5.745,6.743,3,1,14,0,0.5578,222.384,-0.412,-0.376,0.035,0.7989,82.06,99.0,5.01,114.42989891062376,neo3_calibrated_direct,1,27.4902,-8.19702,-32.7393,43.528886930524656,7,149.8609669293824,yahboom_calibrated_direct,0,3136,2929,2808,0.00942885467734018,0.5441728138175717,0.5442544943302351,125.07887244053198,neo3_calibrated_direct:gyro_integral,1,125.07887244053198,nan,117.3284912109375,0.0,-211,-64,2033,-1.0103531005859374,-0.3064578125,9.734823950195311,9.791911310872978,0,0,0,0.0,0.0,0.0,0.0,0.0,0.0,0.0,-331,1080,21359,-1.8182373046875,5.9326171875,117.3284912109375,98800.047,304.75,1,1,0,0,686,35,177,325,325,325,325,1988,F4line=686;YAH=1300
DIRECT_SERIAL,114,1789353502317182599,2026-09-14T02:38:22.317183+00:00,-1,22482519373087,1789353502200000000,1789353502,200000000,37234092,1789353502209092,1789353502200000,2,4,-167.99580222522786,-202.27859256005075,gnss_local_enu_direct,-167.99580222522786,-202.27859256005075,110.4350394,-7.0508991,230.96,5.745,6.743,3,1,14,0,0.5578,222.384,-0.412,-0.376,0.035,0.7989,82.06,99.0,5.01,114.64858764004495,neo3_calibrated_direct,1,27.4902,-8.14819,-32.7148,43.50129004243552,7,149.65062670256177,yahboom_calibrated_direct,0,3149,2927,2774,0.011388173899934396,0.5439128837605529,0.5440320906210367,125.07887244053198,neo3_calibrated_direct:gyro_integral,1,125.07887244053198,nan,117.3284912109375,0.0,-210,-65,2033,-1.005564697265625,-0.3112462158203125,9.734823950195311,9.791569430308178,0,0,0,0.0,0.0,0.0,0.0,0.0,0.0,0.0,-331,1080,21359,-1.8182373046875,5.9326171875,117.3284912109375,98800.047,304.75,1,1,0,0,688,35,178,328,328,328,328,2002,F4line=688;YAH=1312
DIRECT_SERIAL,115,1789353502376997170,2026-09-14T02:38:22.376997+00:00,-1,22482579187557,1789353502200000000,1789353502,200000000,37234092,1789353502209092,1789353502200000,2,4,-167.99580222522786,-202.27859256005075,gnss_local_enu_direct,-167.99580222522786,-202.27859256005075,110.4350394,-7.0508991,230.96,5.745,6.743,3,1,14,0,0.5578,222.384,-0.412,-0.376,0.035,0.7989,82.06,99.0,5.01,114.62885116027813,neo3_calibrated_direct,1,27.4658,-8.14819,-32.6416,43.43083260169093,7,149.50465089406154,yahboom_calibrated_direct,0,3158,2919,2763,0.012723667173778671,0.5427369333107915,0.5428860566324684,125.07887244053198,neo3_calibrated_direct:gyro_integral,1,125.07887244053198,nan,117.3284912109375,0.0,-210,-66,2036,-1.005564697265625,-0.316034619140625,9.749189160156249,9.80600466660048,0,0,0,0.0,0.0,0.0,0.0,0.0,0.0,0.0,-331,1080,21359,-1.8182373046875,5.9326171875,117.3284912109375,98801.266,304.75,1,1,0,0,693,35,180,331,331,331,331,2019,F4line=693;YAH=1324
DIRECT_SERIAL,116,1789353502430871365,2026-09-14T02:38:22.430871+00:00,-1,22482633061609,1789353502200000000,1789353502,200000000,37234092,1789353502209092,1789353502200000,2,4,-167.99580222522786,-202.27859256005075,gnss_local_enu_direct,-167.99580222522786,-202.27859256005075,110.4350394,-7.0508991,230.96,5.745,6.743,3,1,14,0,0.5578,222.384,-0.412,-0.376,0.035,0.7989,82.06,99.0,5.01,114.52536891099692,neo3_calibrated_direct,1,27.4414,-8.1604,-32.6416,43.417699302012764,7,149.4403433082983,yahboom_calibrated_direct,0,3162,2929,2752,0.013360165701290116,0.5442551855795215,0.5444191409729872,125.07887244053198,neo3_calibrated_direct:gyro_integral,1,125.07887244053198,nan,117.3284912109375,0.0,-216,-65,2036,-1.0342951171875,-0.3112462158203125,9.749189160156249,9.80883937460536,0,0,0,0.0,0.0,0.0,0.0,0.0,0.0,0.0,-331,1080,21359,-1.8182373046875,5.9326171875,117.3284912109375,98801.266,304.75,1,1,0,0,695,35,181,334,334,334,334,2033,F4line=695;YAH=1336
DIRECT_SERIAL,117,1789353502496825360,2026-09-14T02:38:22.496825+00:00,-1,22482699015830,1789353502400000000,1789353502,400000000,37234292,1789353502409026,1789353502400000,2,4,-167.98475636411925,-202.28965553966955,gnss_local_enu_direct,-167.98475636411925,-202.28965553966955,110.4350395,-7.0508992,231.07,5.739,6.736,3,1,14,0,0.4754,218.509,-0.372,-0.296,-0.2,1.0542,127.054,99.0,5.01,114.70606471038771,neo3_calibrated_direct,1,27.4902,-8.14209,-32.6416,43.44512373291276,7,149.65061823315148,yahboom_calibrated_direct,0,3149,2932,2803,0.011404014623386277,0.5446656736055371,0.5447850471091363,125.07887244053198,neo3_calibrated_direct:gyro_integral,1,125.07887244053198,nan,117.3284912109375,0.0,-215,-64,2034,-1.0295067138671874,-0.3064578125,9.739612353515625,9.798665687811482,0,0,0,0.0,0.0,0.0,0.0,0.0,0.0,0.0,-331,1080,21359,-1.8182373046875,5.9326171875,117.3284912109375,98800.656,304.75,1,1,0,0,705,36,183,337,337,337,337,2055,F4line=705;YAH=1348
DIRECT_SERIAL,118,1789353502556837242,2026-09-14T02:38:22.556837+00:00,-1,22482759027549,1789353502400000000,1789353502,400000000,37234292,1789353502409026,1789353502400000,2,4,-167.98475636411925,-202.28965553966955,gnss_local_enu_direct,-167.98475636411925,-202.28965553966955,110.4350395,-7.0508992,231.07,5.739,6.736,3,1,14,0,0.4754,218.509,-0.372,-0.296,-0.2,1.0542,127.054,99.0,5.01,114.69558617004492,neo3_calibrated_direct,1,27.4902,-8.14209,-32.666,43.463459153731655,7,149.42496014587584,yahboom_calibrated_direct,0,3163,2942,2764,0.01355255585241693,0.5462156073211708,0.5463837126519863,125.07887244053198,neo3_calibrated_direct:gyro_integral,1,125.07887244053198,nan,117.3284912109375,0.0,-209,-64,2033,-1.0007762939453124,-0.3064578125,9.734823950195311,9.790927786612535,0,0,0,0.0,0.0,0.0,0.0,0.0,0.0,0.0,-331,1080,21359,-1.8182373046875,5.9326171875,117.3284912109375,98802.492,304.5,1,1,0,0,709,36,184,340,340,340,340,2071,F4line=709;YAH=1360
DIRECT_SERIAL,119,1789353502616502693,2026-09-14T02:38:22.616503+00:00,-1,22482818693132,1789353502400000000,1789353502,400000000,37234292,1789353502409026,1789353502400000,2,4,-167.98475636411925,-202.28965553966955,gnss_local_enu_direct,-167.98475636411925,-202.28965553966955,110.4350395,-7.0508992,231.07,5.739,6.736,3,1,14,0,0.4754,218.509,-0.372,-0.296,-0.2,1.0542,127.054,99.0,5.01,114.6800290848297,neo3_calibrated_direct,1,27.4902,-8.14819,-32.6416,43.44626735262881,7,149.66673987010688,yahboom_calibrated_direct,0,3148,2939,2758,0.01127498736606699,0.5457164112438246,0.5458328744597051,125.07887244053198,neo3_calibrated_direct:gyro_integral,1,125.07887244053198,nan,117.3284912109375,0.0,-209,-66,2034,-1.0007762939453124,-0.316034619140625,9.739612353515625,9.795993051639657,0,0,0,0.0,0.0,0.0,0.0,0.0,0.0,0.0,-331,1080,21359,-1.8182373046875,5.9326171875,117.3284912109375,98802.492,304.5,1,1,0,0,713,36,186,343,343,343,343,2087,F4line=713;YAH=1372
DIRECT_SERIAL,120,1789353502676380237,2026-09-14T02:38:22.676380+00:00,-1,22482878570481,1789353502600000000,1789353502,600000000,37234492,1789353502609172,1789353502600000,2,4,-167.9074202708341,-202.2233040075255,gnss_local_enu_direct,-167.9074202708341,-202.2233040075255,110.4350402,-7.0508986,231.25,5.736,6.729,3,1,14,0,0.3267,225.496,-0.229,-0.233,-0.062,0.932,163.457,99.0,5.01,114.4620697943667,neo3_calibrated_direct,1,27.4658,-8.18481,-32.666,43.456056429180265,7,149.77964703993493,yahboom_calibrated_direct,0,3141,2940,2785,0.010219725619693924,0.5458447921999889,0.5459404545951793,125.07887244053198,neo3_calibrated_direct:gyro_integral,1,125.07887244053198,nan,117.3284912109375,0.0,-210,-66,2036,-1.005564697265625,-0.316034619140625,9.749189160156249,9.80600466660048,0,0,0,0.0,0.0,0.0,0.0,0.0,0.0,0.0,-331,1080,21359,-1.8182373046875,5.9326171875,117.3284912109375,98800.352,304.5,1,1,0,0,721,37,187,346,346,346,346,2107,F4line=721;YAH=1384
DIRECT_SERIAL,121,1789353502736229226,2026-09-14T02:38:22.736229+00:00,-1,22482938419598,1789353502600000000,1789353502,600000000,37234492,1789353502609172,1789353502600000,2,4,-167.9074202708341,-202.2233040075255,gnss_local_enu_direct,-167.9074202708341,-202.2233040075255,110.4350402,-7.0508986,231.25,5.736,6.729,3,1,14,0,0.3267,225.496,-0.229,-0.233,-0.062,0.932,163.457,99.0,5.01,114.68097614789926,neo3_calibrated_direct,1,27.4658,-8.13599,-32.6416,43.42854537605537,7,149.32810646675864,yahboom_calibrated_direct,0,3169,2940,2825,0.014453445183947701,0.5459335002513195,0.5461247923088118,125.07887244053198,neo3_calibrated_direct:gyro_integral,1,125.07887244053198,nan,117.3284912109375,0.0,-213,-66,2035,-1.0199299072265624,-0.316034619140625,9.744400756835937,9.802728242993137,0,0,0,0.0,0.0,0.0,0.0,0.0,0.0,0.0,-331,1080,21359,-1.8182373046875,5.9326171875,117.3284912109375,98800.352,304.5,1,1,0,0,725,37,189,349,349,349,349,2123,F4line=725;YAH=1396
DIRECT_SERIAL,122,1789353502796065470,2026-09-14T02:38:22.796066+00:00,-1,22482998256013,1789353502600000000,1789353502,600000000,37234492,1789353502609172,1789353502600000,2,4,-167.9074202708341,-202.2233040075255,gnss_local_enu_direct,-167.9074202708341,-202.2233040075255,110.4350402,-7.0508986,231.25,5.736,6.729,3,1,14,0,0.3267,225.496,-0.229,-0.233,-0.062,0.932,163.457,99.0,5.01,114.8154836505112,neo3_calibrated_direct,1,27.4902,-8.11157,-32.6904,43.476095915628164,7,149.3605056218774,yahboom_calibrated_direct,0,3167,2942,2847,0.014157372933024612,0.5462282798999324,0.5464117174537929,125.07887244053198,neo3_calibrated_direct:gyro_integral,1,125.07887244053198,nan,117.3284912109375,0.0,-213,-64,2039,-1.0199299072265624,-0.3064578125,9.763554370117188,9.821464623198105,0,0,0,0.0,0.0,0.0,0.0,0.0,0.0,0.0,-331,1080,21359,-1.8182373046875,5.9326171875,117.3284912109375,98799.438,304.5,1,1,0,0,733,37,190,352,352,352,352,2143,F4line=733;YAH=1408
DIRECT_SERIAL,123,1789353502846164827,2026-09-14T02:38:22.846165+00:00,-1,22483048355139,1789353502800000000,1789353502,800000000,37234692,1789353502808124,1789353502800000,2,4,-167.91847113512168,-202.2122470920164,gnss_local_enu_direct,-167.91847113512168,-202.2122470920164,110.4350401,-7.0508985,231.33,5.734,6.724,3,1,14,0,0.446,240.446,-0.22,-0.388,0.011,0.888,114.072,99.0,5.01,114.49355728081046,neo3_calibrated_direct,1,27.4658,-8.18481,-32.5928,43.4010586992541,7,149.5214166439331,yahboom_calibrated_direct,0,3157,2935,2873,0.012623153218672772,0.5451426926700507,0.5452888219730305,125.07887244053198,neo3_calibrated_direct:gyro_integral,1,125.07887244053198,nan,117.3284912109375,0.0,-211,-63,2035,-1.0103531005859374,-0.3016694091796875,9.744400756835937,9.801283789898301,0,0,0,0.0,0.0,0.0,0.0,0.0,0.0,0.0,-331,1080,21359,-1.8182373046875,5.9326171875,117.3284912109375,98799.742,304.5,1,1,0,0,742,38,192,355,355,355,355,2164,F4line=742;YAH=1420
DIRECT_SERIAL,124,1789353502896940079,2026-09-14T02:38:22.896940+00:00,-1,22483099130255,1789353502800000000,1789353502,800000000,37234692,1789353502808124,1789353502800000,2,4,-167.91847113512168,-202.2122470920164,gnss_local_enu_direct,-167.91847113512168,-202.2122470920164,110.4350401,-7.0508985,231.33,5.734,6.724,3,1,14,0,0.446,240.446,-0.22,-0.388,0.011,0.888,114.072,99.0,5.01,114.68638432478595,neo3_calibrated_direct,1,27.4658,-8.14209,-32.5684,43.3746985899395,7,149.6829267072996,yahboom_calibrated_direct,0,3147,2934,2829,0.011107942372463188,0.5449604532541501,0.5450736482299605,125.07887244053198,neo3_calibrated_direct:gyro_integral,1,125.07887244053198,nan,117.3284912109375,0.0,-210,-64,2032,-1.005564697265625,-0.3064578125,9.730035546875,9.786657677403468,0,0,0,0.0,0.0,0.0,0.0,0.0,0.0,0.0,-331,1080,21359,-1.8182373046875,5.9326171875,117.3284912109375,98799.742,304.5,1,1,0,0,745,38,193,358,358,358,358,2179,F4line=745;YAH=1432
DIRECT_SERIAL,125,1789353502955741104,2026-09-14T02:38:22.955741+00:00,-1,22483157931478,1789353502800000000,1789353502,800000000,37234692,1789353502808124,1789353502800000,2,4,-167.91847113512168,-202.2122470920164,gnss_local_enu_direct,-167.91847113512168,-202.2122470920164,110.4350401,-7.0508985,231.33,5.734,6.724,3,1,14,0,0.446,240.446,-0.22,-0.388,0.011,0.888,114.072,99.0,5.01,114.86907806866937,neo3_calibrated_direct,1,27.4658,-8.09937,-32.5684,43.3666996968515,7,149.44073784255806,yahboom_calibrated_direct,0,3162,2936,2802,0.01338234271412275,0.5453090913624994,0.5454732736066112,125.07887244053198,neo3_calibrated_direct:gyro_integral,1,125.07887244053198,nan,117.3284912109375,0.0,-212,-65,2034,-1.01514150390625,-0.3112462158203125,9.739612353515625,9.797317759293596,0,0,0,0.0,0.0,0.0,0.0,0.0,0.0,0.0,-331,1080,21359,-1.8182373046875,5.9326171875,117.3284912109375,98797.914,304.5,1,1,0,0,748,38,194,360,360,360,360,2190,F4line=748;YAH=1440
DIRECT_SERIAL,126,1789353503015634365,2026-09-14T02:38:23.015635+00:00,-1,22483217824808,1789353502800000000,1789353502,800000000,37234692,1789353502808124,1789353502800000,2,4,-167.91847113512168,-202.2122470920164,gnss_local_enu_direct,-167.91847113512168,-202.2122470920164,110.4350401,-7.0508985,231.33,5.734,6.724,3,1,14,0,0.446,240.446,-0.22,-0.388,0.011,0.888,114.072,99.0,5.01,115.27236690653828,neo3_calibrated_direct,1,27.4658,-8.00781,-32.5439,43.33128913205907,7,149.4731163830608,yahboom_calibrated_direct,0,3160,2938,2754,0.013086270463199663,0.5456038710111123,0.5457607850853214,125.07887244053198,neo3_calibrated_direct:gyro_integral,1,125.07887244053198,nan,117.3284912109375,0.0,-210,-65,2033,-1.005564697265625,-0.3112462158203125,9.734823950195311,9.791569430308178,0,0,0,0.0,0.0,0.0,0.0,0.0,0.0,0.0,-331,1080,21359,-1.8182373046875,5.9326171875,117.3284912109375,98797.914,304.5,1,1,0,0,752,38,196,363,363,363,363,2206,F4line=752;YAH=1452
DIRECT_SERIAL,127,1789353503075469762,2026-09-14T02:38:23.075470+00:00,-1,22483277660046,1789353503000000000,1789353503,0,37234902,1789353503017381,1789353503000000,2,4,-167.99581031750867,-202.30072146508834,gnss_local_enu_direct,-167.99581031750867,-202.30072146508834,110.4350394,-7.0508993,231.27,5.731,6.72,3,1,14,0,0.3825,202.274,-0.354,-0.145,0.067,0.6919,103.633,99.0,4.97,114.84174439792872,neo3_calibrated_direct,1,27.4902,-8.11768,-32.5684,43.38557943813128,7,149.60218495942934,yahboom_calibrated_direct,0,3152,2937,2754,0.01187346815729392,0.5454279678845926,0.5455571898497887,125.07887244053198,neo3_calibrated_direct:gyro_integral,1,125.07887244053198,nan,117.3284912109375,0.0,-209,-66,2035,-1.0007762939453124,-0.316034619140625,9.744400756835937,9.800753908799212,0,0,0,0.0,0.0,0.0,0.0,0.0,0.0,0.0,-331,1080,21359,-1.8182373046875,5.9326171875,117.3284912109375,98799.742,304.5,1,1,0,0,761,39,197,366,366,366,366,2227,F4line=761;YAH=1464
DIRECT_SERIAL,128,1789353503135313671,2026-09-14T02:38:23.135314+00:00,-1,22483337504300,1789353503000000000,1789353503,0,37234902,1789353503017381,1789353503000000,2,4,-167.99581031750867,-202.30072146508834,gnss_local_enu_direct,-167.99581031750867,-202.30072146508834,110.4350394,-7.0508993,231.27,5.731,6.72,3,1,14,0,0.3825,202.274,-0.354,-0.145,0.067,0.6919,103.633,99.0,4.97,114.50907730041106,neo3_calibrated_direct,1,27.4658,-8.17871,-32.6172,43.4182358317804,7,149.55376357107332,yahboom_calibrated_direct,0,3155,2937,2719,0.012327080967749683,0.5454374723186637,0.5455767527438815,125.07887244053198,neo3_calibrated_direct:gyro_integral,1,125.07887244053198,nan,117.3284912109375,0.0,-211,-63,2033,-1.0103531005859374,-0.3016694091796875,9.734823950195311,9.791762617710598,0,0,0,0.0,0.0,0.0,0.0,0.0,0.0,0.0,-331,1080,21359,-1.8182373046875,5.9326171875,117.3284912109375,98799.742,304.5,1,1,0,0,765,39,199,369,369,369,369,2243,F4line=765;YAH=1476
DIRECT_SERIAL,129,1789353503195185504,2026-09-14T02:38:23.195185+00:00,-1,22483397375789,1789353503000000000,1789353503,0,37234902,1789353503017381,1789353503000000,2,4,-167.99581031750867,-202.30072146508834,gnss_local_enu_direct,-167.99581031750867,-202.30072146508834,110.4350394,-7.0508993,231.27,5.731,6.72,3,1,14,0,0.3825,202.274,-0.354,-0.145,0.067,0.6919,103.633,99.0,4.97,114.70195972769747,neo3_calibrated_direct,1,27.4658,-8.13599,-32.5928,43.391878442400944,7,149.56961426690467,yahboom_calibrated_direct,0,3154,2923,2730,0.012131522671932493,0.5433264926080175,0.5434619134880287,125.07887244053198,neo3_calibrated_direct:gyro_integral,1,125.07887244053198,nan,117.3284912109375,0.0,-214,-65,2034,-1.024718310546875,-0.3112462158203125,9.739612353515625,9.798314682616938,0,0,0,0.0,0.0,0.0,0.0,0.0,0.0,0.0,-331,1080,21359,-1.8182373046875,5.9326171875,117.3284912109375,98800.656,304.5,1,1,0,0,768,39,200,372,372,372,372,2258,F4line=768;YAH=1488
DIRECT_SERIAL,130,1789353503247215232,2026-09-14T02:38:23.247215+00:00,-1,22483449405402,1789353503200000000,1789353503,200000000,37235092,1789353503208790,1789353503200000,2,4,-168.0841957401385,-202.42237151031418,gnss_local_enu_direct,-168.0841957401385,-202.42237151031418,110.4350386,-7.0509004,231.12,5.728,6.713,3,1,14,0,0.2775,211.743,-0.236,-0.146,0.373,1.0689,180.0,99.0,5.02,115.06634781137052,neo3_calibrated_direct,1,27.4902,-8.06274,-32.5928,43.39365718843711,7,149.747611821548,yahboom_calibrated_direct,0,3143,2932,2756,0.010496789002474752,0.5446466647373949,0.5447478058596755,125.07887244053198,neo3_calibrated_direct:gyro_integral,1,125.07887244053198,nan,117.3284912109375,0.0,-213,-64,2039,-1.0199299072265624,-0.3064578125,9.763554370117188,9.821464623198105,0,0,0,0.0,0.0,0.0,0.0,0.0,0.0,0.0,-331,1080,21359,-1.8182373046875,5.9326171875,117.3284912109375,98798.828,304.5,1,1,0,0,780,40,202,375,375,375,375,2282,F4line=780;YAH=1500
DIRECT_SERIAL,131,1789353503314901063,2026-09-14T02:38:23.314901+00:00,-1,22483517091421,1789353503200000000,1789353503,200000000,37235092,1789353503208790,1789353503200000,2,4,-168.0841957401385,-202.42237151031418,gnss_local_enu_direct,-168.0841957401385,-202.42237151031418,110.4350386,-7.0509004,231.12,5.728,6.713,3,1,14,0,0.2775,211.743,-0.236,-0.146,0.373,1.0689,180.0,99.0,5.02,115.24954507084338,neo3_calibrated_direct,1,27.4902,-8.02002,-32.5928,43.38573992316369,7,149.45698313284964,yahboom_calibrated_direct,0,3161,2938,2786,0.013237474733351583,0.5456070391558027,0.5457675988126061,125.07887244053198,neo3_calibrated_direct:gyro_integral,1,125.07887244053198,nan,117.3284912109375,0.0,-208,-66,2036,-0.9959878906249999,-0.316034619140625,9.749189160156249,9.80502723296958,0,0,0,0.0,0.0,0.0,0.0,0.0,0.0,0.0,-331,1080,21359,-1.8182373046875,5.9326171875,117.3284912109375,98798.828,304.5,1,1,0,0,783,40,203,378,378,378,378,2297,F4line=783;YAH=1512
DIRECT_SERIAL,132,1789353503374820988,2026-09-14T02:38:23.374821+00:00,-1,22483577011207,1789353503200000000,1789353503,200000000,37235092,1789353503208790,1789353503200000,2,4,-168.0841957401385,-202.42237151031418,gnss_local_enu_direct,-168.0841957401385,-202.42237151031418,110.4350386,-7.0509004,231.12,5.728,6.713,3,1,14,0,0.2775,211.743,-0.236,-0.146,0.373,1.0689,180.0,99.0,5.02,114.76975269583343,neo3_calibrated_direct,1,27.4658,-8.11768,-32.6172,43.406780968673544,7,149.56977990162167,yahboom_calibrated_direct,0,3154,2931,2819,0.012156867829455504,0.5445309563599923,0.5446666428832875,125.07887244053198,neo3_calibrated_direct:gyro_integral,1,125.07887244053198,nan,117.3284912109375,0.0,-208,-66,2031,-0.9959878906249999,-0.316034619140625,9.725247143554688,9.781221895140996,0,0,0,0.0,0.0,0.0,0.0,0.0,0.0,0.0,-331,1080,21359,-1.8182373046875,5.9326171875,117.3284912109375,98800.656,304.5,1,1,0,0,788,40,205,381,381,381,381,2314,F4line=788;YAH=1524
DIRECT_SERIAL,133,1789353503431093939,2026-09-14T02:38:23.431094+00:00,-1,22483633284329,1789353503200000000,1789353503,200000000,37235092,1789353503208790,1789353503200000,2,4,-168.0841957401385,-202.42237151031418,gnss_local_enu_direct,-168.0841957401385,-202.42237151031418,110.4350386,-7.0509004,231.12,5.728,6.713,3,1,14,0,0.2775,211.743,-0.236,-0.146,0.373,1.0689,180.0,99.0,5.02,115.12716028828515,neo3_calibrated_direct,1,27.4414,-8.03223,-32.5195,43.3020211189143,7,149.6182319320304,yahboom_calibrated_direct,0,3151,2924,2830,0.011681078006167108,0.5434675461429432,0.5435930658995002,125.07887244053198,neo3_calibrated_direct:gyro_integral,1,125.07887244053198,nan,117.3284912109375,0.0,-211,-65,2037,-1.0103531005859374,-0.3112462158203125,9.753977563476562,9.81110421428344,0,0,0,0.0,0.0,0.0,0.0,0.0,0.0,0.0,-331,1080,21359,-1.8182373046875,5.9326171875,117.3284912109375,98800.656,304.5,1,1,0,0,790,40,206,384,384,384,384,2328,F4line=790;YAH=1536
DIRECT_SERIAL,134,1789353503482646848,2026-09-14T02:38:23.482647+00:00,-1,22483684837154,1789353503400000000,1789353503,400000000,37235292,1789353503409021,1789353503400000,2,4,-168.0289518346026,-202.43343051523829,gnss_local_enu_direct,-168.0289518346026,-202.43343051523829,110.4350391,-7.0509005,231.11,5.728,6.708,3,1,14,0,0.3925,162.35,-0.374,0.119,0.326,1.0449,152.539,99.0,5.01,115.02601341346929,neo3_calibrated_direct,1,27.4658,-8.06274,-32.5684,43.359873437402925,7,149.45651631076694,yahboom_calibrated_direct,0,3161,2929,2843,0.013208961431138196,0.5442520174348311,0.5444122841596918,125.07887244053198,neo3_calibrated_direct:gyro_integral,1,125.07887244053198,nan,117.3284912109375,0.0,-213,-64,2033,-1.0199299072265624,-0.3064578125,9.734823950195311,9.792904101837907,0,0,0,0.0,0.0,0.0,0.0,0.0,0.0,0.0,-331,1080,21359,-1.8182373046875,5.9326171875,117.3284912109375,98801.578,304.5,1,1,0,0,798,41,207,387,387,387,387,2348,F4line=798;YAH=1548
DIRECT_SERIAL,135,1789353503534451665,2026-09-14T02:38:23.534452+00:00,-1,22483736641874,1789353503400000000,1789353503,400000000,37235292,1789353503409021,1789353503400000,2,4,-168.0289518346026,-202.43343051523829,gnss_local_enu_direct,-168.0289518346026,-202.43343051523829,110.4350391,-7.0509005,231.11,5.728,6.708,3,1,14,0,0.3925,162.35,-0.374,0.119,0.326,1.0449,152.539,99.0,5.01,114.84034222243268,neo3_calibrated_direct,1,27.5146,-8.11768,-32.6904,43.49266827756605,7,149.63445948609274,yahboom_calibrated_direct,0,3150,2934,2856,0.01156155518291895,0.5449699576882212,0.5450925832745749,125.07887244053198,neo3_calibrated_direct:gyro_integral,1,125.07887244053198,nan,117.3284912109375,0.0,-209,-65,2032,-1.0007762939453124,-0.3112462158203125,9.730035546875,9.78631795625078,0,0,0,0.0,0.0,0.0,0.0,0.0,0.0,0.0,-331,1080,21359,-1.8182373046875,5.9326171875,117.3284912109375,98801.578,304.5,1,1,0,0,802,41,209,389,389,389,389,2360,F4line=802;YAH=1556
DIRECT_SERIAL,136,1789353503594223572,2026-09-14T02:38:23.594223+00:00,-1,22483796413840,1789353503400000000,1789353503,400000000,37235292,1789353503409021,1789353503400000,2,4,-168.0289518346026,-202.43343051523829,gnss_local_enu_direct,-168.0289518346026,-202.43343051523829,110.4350391,-7.0509005,231.11,5.728,6.708,3,1,14,0,0.3925,162.35,-0.374,0.119,0.326,1.0449,152.539,99.0,5.01,114.79358062403227,neo3_calibrated_direct,1,27.5146,-8.13599,-32.6172,43.44110130141845,7,149.48946393053276,yahboom_calibrated_direct,0,3159,2943,2895,0.012950906916499623,0.5463534927114062,0.5465069670076608,125.07887244053198,neo3_calibrated_direct:gyro_integral,1,125.07887244053198,nan,117.3284912109375,0.0,-214,-64,2029,-1.024718310546875,-0.3064578125,9.715670336914062,9.774365150862952,0,0,0,0.0,0.0,0.0,0.0,0.0,0.0,0.0,-331,1080,21359,-1.8182373046875,5.9326171875,117.3284912109375,98801.883,304.5,1,1,0,0,806,41,210,392,392,392,392,2376,F4line=806;YAH=1568
DIRECT_SERIAL,137,1789353503644620069,2026-09-14T02:38:23.644620+00:00,-1,22483846810311,1789353503600000000,1789353503,600000000,37235494,1789353503610218,1789353503600000,2,4,-168.172578077563,-202.59931555276705,gnss_local_enu_direct,-168.172578077563,-202.59931555276705,110.4350378,-7.050902,230.86,5.715,6.697,3,1,15,0,0.3376,232.825,-0.204,-0.269,0.597,1.178,180.0,99.0,5.0,114.72701722221625,neo3_calibrated_direct,1,27.4902,-8.14209,-32.5928,43.408470802921634,7,149.47349386456852,yahboom_calibrated_direct,0,3160,2946,2880,0.013111615620722675,0.5468083347630871,0.5469655102751597,125.07887244053198,neo3_calibrated_direct:gyro_integral,1,125.07887244053198,nan,117.3284912109375,0.0,-214,-64,2035,-1.024718310546875,-0.3064578125,9.744400756835937,9.802923549464063,0,0,0,0.0,0.0,0.0,0.0,0.0,0.0,0.0,-331,1080,21359,-1.8182373046875,5.9326171875,117.3284912109375,98801.883,304.5,1,1,0,0,812,42,211,395,395,395,395,2394,F4line=812;YAH=1580
DIRECT_SERIAL,138,1789353503694862562,2026-09-14T02:38:23.694863+00:00,-1,22483897052728,1789353503600000000,1789353503,600000000,37235494,1789353503610218,1789353503600000,2,4,-168.172578077563,-202.59931555276705,gnss_local_enu_direct,-168.172578077563,-202.59931555276705,110.4350378,-7.050902,230.86,5.715,6.697,3,1,15,0,0.3376,232.825,-0.204,-0.269,0.597,1.178,180.0,99.0,5.0,114.53908129161543,neo3_calibrated_direct,1,27.4902,-8.17871,-32.6416,43.4520016094092,7,149.47330533190038,yahboom_calibrated_direct,0,3160,2942,2827,0.013098943041961169,0.5462061028870997,0.5463631476773754,125.07887244053198,neo3_calibrated_direct:gyro_integral,1,125.07887244053198,nan,117.3284912109375,0.0,-210,-64,2039,-1.005564697265625,-0.3064578125,9.763554370117188,9.819983232646766,0,0,0,0.0,0.0,0.0,0.0,0.0,0.0,0.0,-332,1080,21359,-1.82373046875,5.9326171875,117.3284912109375,98800.961,304.5,1,1,0,0,821,42,213,398,398,398,398,2415,F4line=821;YAH=1592
DIRECT_SERIAL,139,1789353503747068840,2026-09-14T02:38:23.747069+00:00,-1,22483949259018,1789353503600000000,1789353503,600000000,37235494,1789353503610218,1789353503600000,2,4,-168.172578077563,-202.59931555276705,gnss_local_enu_direct,-168.172578077563,-202.59931555276705,110.4350378,-7.050902,230.86,5.715,6.697,3,1,15,0,0.3376,232.825,-0.204,-0.269,0.597,1.178,180.0,99.0,5.0,114.71079411522167,neo3_calibrated_direct,1,27.4902,-8.13599,-32.666,43.46231684252577,7,149.3284550553044,yahboom_calibrated_direct,0,3169,2944,2862,0.014466117762709207,0.5465357321273069,0.5467271486354559,125.07887244053198,neo3_calibrated_direct:gyro_integral,1,125.07887244053198,nan,117.3284912109375,0.0,-214,-62,2038,-1.024718310546875,-0.296881005859375,9.758765966796874,9.816908838444158,0,0,0,0.0,0.0,0.0,0.0,0.0,0.0,0.0,-332,1080,21359,-1.82373046875,5.9326171875,117.3284912109375,98799.133,304.5,1,1,0,0,825,42,214,400,400,400,400,2427,F4line=825;YAH=1600
