source_mode,sample_seq,wall_utc_ns,utc_iso8601,ros_now_ns,monotonic_ns,measurement_stamp_ns,measurement_stamp_sec,measurement_stamp_nanosec,f411_mcu_ms,dronecan_network_us,dronecan_gnss_us,dronecan_time_standard,timestamp_source_code,x_m,y_m,xy_source,gnss_east_m,gnss_north_m,longitude_deg,latitude_deg,altitude_m,hacc_m,vacc_m,fix_type,fix_valid,satellites,satellites_visible,gnss_ground_speed_mps,gnss_course_deg,gnss_vel_n_mps,gnss_vel_e_mps,gnss_vel_d_mps,gnss_sacc_mps,gnss_course_acc_deg,gnss_pdop,gnss_rate_hz,yaw_neo3_deg,yaw_neo3_source,yaw_neo3_valid,neo3_mag_x_ut,neo3_mag_y_ut,neo3_mag_z_ut,neo3_mag_norm_ut,neo3_node_id,yaw_yahboom_deg,yaw_yahboom_source,yaw_yahboom_valid,yah_mag_raw_x_lsb,yah_mag_raw_y_lsb,yah_mag_raw_z_lsb,yah_mag_corrected_x,yah_mag_corrected_y,yahboom_corrected_norm,yaw_inertial_deg,yaw_inertial_source,yaw_inertial_valid,gyro_integrated_yaw_deg,yaw_gnss_heading_deg,yaw_imu_orientation_deg,map_yaw_from_enu_deg,imu_acc_raw_x,imu_acc_raw_y,imu_acc_raw_z,imu_acc_x_mps2,imu_acc_y_mps2,imu_acc_z_mps2,imu_acc_norm_mps2,imu_gyro_raw_x,imu_gyro_raw_y,imu_gyro_raw_z,imu_gyro_x_dps,imu_gyro_y_dps,imu_gyro_z_dps,imu_gyro_x_rps,imu_gyro_y_rps,imu_gyro_z_rps,gyro_z_rps,imu_angle_raw_roll,imu_angle_raw_pitch,imu_angle_raw_yaw,imu_roll_deg,imu_pitch_deg,imu_accgyro_yaw_deg,baro_pressure_pa,baro_temperature_k,neo3_crc_ok,yahboom_checksum_ok,bad_neo3_crc,bad_yahboom_checksum,f4_line_count,gnss_count,neo3_mag_count,imu_acc_count,imu_gyro_count,imu_angle_count,imu_mag_count,raw_message_count,raw_reference
DIRECT_SERIAL,1,1789356781119465379,2026-09-14T03:33:01.119466+00:00,-1,25761321656388,1789356781119465379,1789356781,119465379,-1,-1,-1,-1,3,nan,nan,gnss_stale,nan,nan,nan,nan,nan,nan,nan,-1,0,-1,-1,nan,nan,nan,nan,nan,nan,nan,nan,nan,nan,neo3_stale,0,nan,nan,nan,nan,-1,nan,yahboom_stale,0,nan,nan,nan,nan,nan,nan,nan,imu_stale,0,nan,nan,nan,0.0,nan,nan,nan,nan,nan,nan,nan,nan,nan,nan,nan,nan,nan,nan,nan,nan,nan,nan,nan,nan,nan,nan,nan,nan,nan,,,0,0,0,0,0,0,0,0,0,1,F4line=0;YAH=0
DIRECT_SERIAL,2,1789356781179318223,2026-09-14T03:33:01.179318+00:00,-1,25761381509287,1789356781179318223,1789356781,179318223,-1,-1,-1,-1,3,nan,nan,gnss_stale,nan,nan,nan,nan,nan,nan,nan,-1,0,-1,-1,nan,nan,nan,nan,nan,nan,nan,nan,nan,nan,neo3_stale,0,nan,nan,nan,nan,-1,149.0034803195782,yahboom_calibrated_direct,0,3189,2927,2850,0.01743634470601122,0.544039609548168,0.5443189532562962,nan,none:gyro_integral,0,nan,nan,117.432861328125,0.0,-208,-64,2037,-0.9959878906249999,-0.3064578125,9.753977563476562,9.80948452151886,0,0,0,0.0,0.0,0.0,0.0,0.0,0.0,0.0,-328,1065,21378,-1.8017578125,5.8502197265625,117.432861328125,nan,nan,,1,0,0,0,0,0,3,3,3,3,13,F4line=0;YAH=12
DIRECT_SERIAL,3,1789356781239174456,2026-09-14T03:33:01.239174+00:00,-1,25761441365580,1789356781239174456,1789356781,239174456,-1,-1,-1,-1,3,nan,nan,gnss_stale,nan,nan,nan,nan,nan,nan,nan,-1,0,-1,-1,nan,nan,nan,nan,nan,nan,nan,nan,nan,nan,neo3_stale,0,nan,nan,nan,nan,-1,149.0686412745084,yahboom_calibrated_direct,0,3185,2930,2872,0.016841032059474667,0.544478610876397,0.5447389999465058,nan,none:gyro_integral,0,nan,nan,117.432861328125,0.0,-213,-67,2032,-1.0199299072265624,-0.32082302246093747,9.730035546875,9.788604403634219,0,0,0,0.0,0.0,0.0,0.0,0.0,0.0,0.0,-328,1064,21378,-1.8017578125,5.8447265625,117.432861328125,nan,nan,,1,0,0,0,0,0,6,6,6,6,25,F4line=0;YAH=24
DIRECT_SERIAL,4,1789356781299102186,2026-09-14T03:33:01.299102+00:00,-1,25761501293280,1789356781299102186,1789356781,299102186,-1,-1,-1,-1,3,nan,nan,gnss_stale,nan,nan,nan,nan,nan,nan,nan,-1,0,-1,-1,nan,nan,nan,nan,nan,nan,nan,nan,nan,nan,neo3_stale,0,nan,nan,nan,nan,-1,149.1666561042773,yahboom_calibrated_direct,0,3179,2938,2887,0.015959151596086154,0.5456640657602294,0.545897396203399,nan,none:gyro_integral,0,nan,nan,117.432861328125,0.0,-211,-65,2029,-1.0103531005859374,-0.3112462158203125,9.715670336914062,9.773020909131315,0,0,0,0.0,0.0,0.0,0.0,0.0,0.0,0.0,-328,1065,21378,-1.8017578125,5.8502197265625,117.432861328125,nan,nan,,1,0,0,0,0,0,9,9,9,9,37,F4line=0;YAH=36
DIRECT_SERIAL,5,1789356781358930491,2026-09-14T03:33:01.358930+00:00,-1,25761561121390,1789356781358930491,1789356781,358930491,-1,-1,-1,-1,3,nan,nan,gnss_stale,nan,nan,nan,nan,nan,nan,nan,-1,0,-1,-1,nan,nan,nan,nan,nan,nan,nan,nan,nan,nan,neo3_stale,0,nan,nan,nan,nan,-1,149.02274659668865,yahboom_calibrated_direct,0,3188,2945,2864,0.017342167040286075,0.5467464848454208,0.5470214524572844,nan,none:gyro_integral,0,nan,nan,117.432861328125,0.0,-207,-63,2033,-0.9911994873046874,-0.3016694091796875,9.734823950195311,9.789804808951205,0,0,0,0.0,0.0,0.0,0.0,0.0,0.0,0.0,-328,1065,21378,-1.8017578125,5.8502197265625,117.432861328125,nan,nan,,1,0,0,0,0,0,12,12,12,12,49,F4line=0;YAH=48
DIRECT_SERIAL,6,1789356781418798182,2026-09-14T03:33:01.418798+00:00,-1,25761620989084,1789356781418798182,1789356781,418798182,-1,-1,-1,-1,3,nan,nan,gnss_stale,nan,nan,nan,nan,nan,nan,nan,-1,0,-1,-1,nan,nan,nan,nan,nan,nan,nan,nan,nan,nan,neo3_stale,0,nan,nan,nan,nan,-1,149.26257342319963,yahboom_calibrated_direct,0,3173,2930,2832,0.015026580817651621,0.5444405931401125,0.5446479207615016,nan,none:gyro_integral,0,nan,nan,117.432861328125,0.0,-203,-63,2037,-0.9720458740234375,-0.3016694091796875,9.753977563476562,9.806934073523946,0,0,0,0.0,0.0,0.0,0.0,0.0,0.0,0.0,-328,1065,21378,-1.8017578125,5.8502197265625,117.432861328125,nan,nan,,1,0,0,0,0,0,15,15,15,15,61,F4line=0;YAH=60
DIRECT_SERIAL,7,1789356781478690376,2026-09-14T03:33:01.478690+00:00,-1,25761680881599,1789356781478690376,1789356781,478690376,-1,-1,-1,-1,3,nan,nan,gnss_stale,nan,nan,nan,nan,nan,nan,nan,-1,0,-1,-1,nan,nan,nan,nan,nan,nan,nan,nan,nan,nan,neo3_stale,0,nan,nan,nan,nan,-1,148.97170005353112,yahboom_calibrated_direct,0,3191,2930,2823,0.017748257680386192,0.5444976197445393,0.5447868010131653,nan,none:gyro_integral,0,nan,nan,117.432861328125,0.0,-206,-62,2037,-0.9864110839843749,-0.296881005859375,9.753977563476562,9.808222237849806,0,0,0,0.0,0.0,0.0,0.0,0.0,0.0,0.0,-328,1064,21378,-1.8017578125,5.8447265625,117.432861328125,nan,nan,,1,0,0,0,0,0,18,18,18,18,73,F4line=0;YAH=72
DIRECT_SERIAL,8,1789356781538615530,2026-09-14T03:33:01.538615+00:00,-1,25761740806368,1789356781538615530,1789356781,538615530,-1,-1,-1,-1,3,nan,nan,gnss_stale,nan,nan,nan,nan,nan,nan,nan,-1,0,-1,-1,nan,nan,nan,nan,nan,nan,nan,nan,nan,nan,neo3_stale,0,nan,nan,nan,nan,-1,149.06720497913787,yahboom_calibrated_direct,0,3185,2921,2909,0.01681251875726128,0.5431235891554254,0.5433837445894334,nan,none:gyro_integral,0,nan,nan,117.432861328125,0.0,-212,-65,2038,-1.01514150390625,-0.3112462158203125,9.758765966796874,9.816358778820609,0,0,0,0.0,0.0,0.0,0.0,0.0,0.0,0.0,-328,1064,21378,-1.8017578125,5.8447265625,117.432861328125,nan,nan,,1,0,0,0,0,0,21,21,21,21,85,F4line=0;YAH=84
DIRECT_SERIAL,9,1789356781598392773,2026-09-14T03:33:01.598393+00:00,-1,25761800583640,1789356781598392773,1789356781,598392773,-1,-1,-1,-1,3,nan,nan,gnss_stale,nan,nan,nan,nan,nan,nan,nan,-1,0,-1,-1,nan,nan,nan,nan,nan,nan,nan,nan,nan,nan,neo3_stale,0,nan,nan,nan,nan,-1,149.18099161569734,yahboom_calibrated_direct,0,3178,2924,2948,0.015763593300268965,0.5435530860495833,0.5437816181407403,nan,none:gyro_integral,0,nan,nan,117.432861328125,0.0,-211,-63,2035,-1.0103531005859374,-0.3016694091796875,9.744400756835937,9.801283789898301,0,0,0,0.0,0.0,0.0,0.0,0.0,0.0,0.0,-328,1064,21378,-1.8017578125,5.8447265625,117.432861328125,nan,nan,,1,0,0,0,0,0,24,24,24,24,97,F4line=0;YAH=96
DIRECT_SERIAL,10,1789356781658362656,2026-09-14T03:33:01.658363+00:00,-1,25761860553884,1789356781658362656,1789356781,658362656,-1,-1,-1,-1,3,nan,nan,gnss_stale,nan,nan,nan,nan,nan,nan,nan,-1,0,-1,-1,nan,nan,nan,nan,nan,nan,nan,nan,nan,nan,neo3_stale,0,nan,nan,nan,nan,-1,149.19568866646568,yahboom_calibrated_direct,0,3177,2912,3008,0.01557437129383253,0.5417432222769307,0.5419670468987853,nan,none:gyro_integral,0,nan,nan,117.432861328125,0.0,-208,-65,2031,-0.9959878906249999,-0.3112462158203125,9.725247143554688,9.78106835107253,0,0,0,0.0,0.0,0.0,0.0,0.0,0.0,0.0,-328,1064,21378,-1.8017578125,5.8447265625,117.432861328125,nan,nan,,1,0,0,0,0,0,27,27,27,27,110,F4line=0;YAH=108
DIRECT_SERIAL,11,1789356781718137557,2026-09-14T03:33:01.718138+00:00,-1,25761920328491,1789356781718137557,1789356781,718137557,-1,-1,-1,-1,3,nan,nan,gnss_stale,nan,nan,nan,nan,nan,nan,nan,-1,0,-1,-1,nan,nan,nan,nan,nan,nan,nan,nan,nan,nan,neo3_stale,0,nan,nan,nan,nan,-1,148.96852359433012,yahboom_calibrated_direct,0,3191,2913,2925,0.017694399220649793,0.5419381342715929,0.5422269203401421,nan,none:gyro_integral,0,nan,nan,117.432861328125,0.0,-203,-64,2034,-0.9720458740234375,-0.3064578125,9.739612353515625,9.792795227553901,0,0,0,0.0,0.0,0.0,0.0,0.0,0.0,0.0,-328,1064,21378,-1.8017578125,5.8447265625,117.432861328125,nan,nan,,1,0,0,0,0,0,30,30,30,30,122,F4line=0;YAH=120
DIRECT_SERIAL,12,1789356781777995124,2026-09-14T03:33:01.777995+00:00,-1,25761980185977,1789356781777995124,1789356781,777995124,-1,-1,-1,-1,3,nan,nan,gnss_stale,nan,nan,nan,nan,nan,nan,nan,-1,0,-1,-1,nan,nan,nan,nan,nan,nan,nan,nan,nan,nan,neo3_stale,0,nan,nan,nan,nan,-1,149.2631006889046,yahboom_calibrated_direct,0,3173,2935,2859,0.015042421541103503,0.5451933829850967,0.5454008611072727,nan,none:gyro_integral,0,nan,nan,117.432861328125,0.0,-206,-64,2035,-0.9864110839843749,-0.3064578125,9.744400756835937,9.798993281315907,0,0,0,0.0,0.0,0.0,0.0,0.0,0.0,0.0,-328,1064,21378,-1.8017578125,5.8447265625,117.432861328125,nan,nan,,1,0,0,0,0,0,33,33,33,33,134,F4line=0;YAH=132
DIRECT_SERIAL,13,1789356781837866438,2026-09-14T03:33:01.837867+00:00,-1,25762040057246,1789356781837866438,1789356781,837866438,-1,-1,-1,-1,3,nan,nan,gnss_stale,nan,nan,nan,nan,nan,nan,nan,-1,0,-1,-1,nan,nan,nan,nan,nan,nan,nan,nan,nan,nan,neo3_stale,0,nan,nan,nan,nan,-1,149.0989983113419,yahboom_calibrated_direct,0,3183,2917,2815,0.016497437638195934,0.5425150209900573,0.5427657998146793,nan,none:gyro_integral,0,nan,nan,117.432861328125,0.0,-209,-64,2038,-1.0007762939453124,-0.3064578125,9.758765966796874,9.814732944715212,0,0,0,0.0,0.0,0.0,0.0,0.0,0.0,0.0,-328,1064,21378,-1.8017578125,5.8447265625,117.432861328125,nan,nan,,1,0,0,0,0,0,36,36,36,36,146,F4line=0;YAH=144
DIRECT_SERIAL,14,1789356781897705518,2026-09-14T03:33:01.897706+00:00,-1,25762099896549,1789356781897705518,1789356781,897705518,-1,-1,-1,-1,3,nan,nan,gnss_stale,nan,nan,nan,nan,nan,nan,nan,-1,0,-1,-1,nan,nan,nan,nan,nan,nan,nan,nan,nan,nan,neo3_stale,0,nan,nan,nan,nan,-1,149.2147971604703,yahboom_calibrated_direct,0,3176,2936,2816,0.01549920249624964,0.5453534453881647,0.545573648259116,nan,none:gyro_integral,0,nan,nan,117.432861328125,0.0,-213,-66,2037,-1.0199299072265624,-0.316034619140625,9.753977563476562,9.81224812186049,0,0,0,0.0,0.0,0.0,0.0,0.0,0.0,0.0,-328,1064,21378,-1.8017578125,5.8447265625,117.432861328125,nan,nan,,1,0,0,0,0,0,39,39,39,39,158,F4line=0;YAH=156
DIRECT_SERIAL,15,1789356781957615657,2026-09-14T03:33:01.957616+00:00,-1,25762159806984,1789356781957615657,1789356781,957615657,-1,-1,-1,-1,3,nan,nan,gnss_stale,nan,nan,nan,nan,nan,nan,nan,-1,0,-1,-1,nan,nan,nan,nan,nan,nan,nan,nan,nan,nan,neo3_stale,0,nan,nan,nan,nan,-1,149.1510754004097,yahboom_calibrated_direct,0,3180,2942,2833,0.016123028444999583,0.5462694657809073,0.5465073478836274,nan,none:gyro_integral,0,nan,nan,117.432861328125,0.0,-210,-64,2036,-1.005564697265625,-0.3064578125,9.749189160156249,9.80570069050332,0,0,0,0.0,0.0,0.0,0.0,0.0,0.0,0.0,-328,1064,21378,-1.8017578125,5.8447265625,117.432861328125,nan,nan,,1,0,0,0,0,0,42,42,42,42,170,F4line=0;YAH=168
DIRECT_SERIAL,16,1789356782017500547,2026-09-14T03:33:02.017501+00:00,-1,25762219691802,1789356782017500547,1789356782,17500547,-1,-1,-1,-1,3,nan,nan,gnss_stale,nan,nan,nan,nan,nan,nan,nan,-1,0,-1,-1,nan,nan,nan,nan,nan,nan,nan,nan,nan,nan,neo3_stale,0,nan,nan,nan,nan,-1,148.89072053918045,yahboom_calibrated_direct,0,3196,2929,2872,0.018501110886455417,0.5443629024989943,0.5446772078223602,nan,none:gyro_integral,0,nan,nan,117.432861328125,0.0,-204,-64,2034,-0.97683427734375,-0.3064578125,9.739612353515625,9.793271689940504,0,0,0,0.0,0.0,0.0,0.0,0.0,0.0,0.0,-328,1064,21378,-1.8017578125,5.8447265625,117.432861328125,nan,nan,,1,0,0,0,0,0,45,45,45,45,182,F4line=0;YAH=180
DIRECT_SERIAL,17,1789356782077331607,2026-09-14T03:33:02.077332+00:00,-1,25762279522954,1789356782077331607,1789356782,77331607,-1,-1,-1,-1,3,nan,nan,gnss_stale,nan,nan,nan,nan,nan,nan,nan,-1,0,-1,-1,nan,nan,nan,nan,nan,nan,nan,nan,nan,nan,neo3_stale,0,nan,nan,nan,nan,-1,149.1494384403231,yahboom_calibrated_direct,0,3180,2930,2868,0.016085010708715066,0.5444627701529452,0.544700317286596,nan,none:gyro_integral,0,nan,nan,117.432861328125,0.0,-205,-63,2032,-0.9816226806640624,-0.3016694091796875,9.730035546875,9.784077844287626,0,0,0,0.0,0.0,0.0,0.0,0.0,0.0,0.0,-328,1064,21378,-1.8017578125,5.8447265625,117.432861328125,nan,nan,,1,0,0,0,0,0,48,48,48,48,194,F4line=0;YAH=192
DIRECT_SERIAL,18,1789356782137183699,2026-09-14T03:33:02.137184+00:00,-1,25762339374620,1789356782137183699,1789356782,137183699,-1,-1,-1,-1,3,nan,nan,gnss_stale,nan,nan,nan,nan,nan,nan,nan,-1,0,-1,-1,nan,nan,nan,nan,nan,nan,nan,nan,nan,nan,neo3_stale,0,nan,nan,nan,nan,-1,149.08449016238555,yahboom_calibrated_direct,0,3184,2928,2816,0.016683491499941996,0.5441743267937129,0.5444300109564307,nan,none:gyro_integral,0,nan,nan,117.432861328125,0.0,-209,-62,2032,-1.0007762939453124,-0.296881005859375,9.730035546875,9.785871615017951,0,0,0,0.0,0.0,0.0,0.0,0.0,0.0,0.0,-328,1064,21378,-1.8017578125,5.8447265625,117.432861328125,nan,nan,,1,0,0,0,0,0,51,51,51,51,207,F4line=0;YAH=204
DIRECT_SERIAL,19,1789356782197076406,2026-09-14T03:33:02.197077+00:00,-1,25762399267414,1789356782197076406,1789356782,197076406,-1,-1,-1,-1,3,nan,nan,gnss_stale,nan,nan,nan,nan,nan,nan,nan,-1,0,-1,-1,nan,nan,nan,nan,nan,nan,nan,nan,nan,nan,neo3_stale,0,nan,nan,nan,nan,-1,148.9597090986307,yahboom_calibrated_direct,0,3192,2952,2758,0.017969161133726392,0.5478130632071602,0.5481076928599542,nan,none:gyro_integral,0,nan,nan,117.432861328125,0.0,-213,-64,2036,-1.0199299072265624,-0.3064578125,9.749189160156249,9.807184238455275,0,0,0,0.0,0.0,0.0,0.0,0.0,0.0,0.0,-328,1064,21378,-1.8017578125,5.8447265625,117.432861328125,nan,nan,,1,0,0,0,0,0,54,54,54,54,219,F4line=0;YAH=216
DIRECT_SERIAL,20,1789356782256896035,2026-09-14T03:33:02.256896+00:00,-1,25762459086889,1789356782256896035,1789356782,256896035,-1,-1,-1,-1,3,nan,nan,gnss_stale,nan,nan,nan,nan,nan,nan,nan,-1,0,-1,-1,nan,nan,nan,nan,nan,nan,nan,nan,nan,nan,neo3_stale,0,nan,nan,nan,nan,-1,149.0866503699222,yahboom_calibrated_direct,0,3184,2942,2844,0.016727845525607264,0.5462821383596688,0.5465381921757535,nan,none:gyro_integral,0,nan,nan,117.432861328125,0.0,-212,-66,2036,-1.01514150390625,-0.316034619140625,9.749189160156249,9.80699135484255,0,0,0,0.0,0.0,0.0,0.0,0.0,0.0,0.0,-328,1064,21378,-1.8017578125,5.8447265625,117.432861328125,nan,nan,,1,0,0,0,0,0,57,57,57,57,231,F4line=0;YAH=228
DIRECT_SERIAL,21,1789356782316781256,2026-09-14T03:33:02.316781+00:00,-1,25762518972106,1789356782316781256,1789356782,316781256,-1,-1,-1,-1,3,nan,nan,gnss_stale,nan,nan,nan,nan,nan,nan,nan,-1,0,-1,-1,nan,nan,nan,nan,nan,nan,nan,nan,nan,nan,neo3_stale,0,nan,nan,nan,nan,-1,149.23150297771176,yahboom_calibrated_direct,0,3175,2941,2843,0.0153638389495496,0.5461030670884586,0.5463191443018349,nan,none:gyro_integral,0,nan,nan,117.432861328125,0.0,-208,-64,2037,-0.9959878906249999,-0.3064578125,9.753977563476562,9.80948452151886,0,0,0,0.0,0.0,0.0,0.0,0.0,0.0,0.0,-328,1064,21378,-1.8017578125,5.8447265625,117.432861328125,nan,nan,,1,0,0,0,0,0,60,60,60,60,243,F4line=0;YAH=240
DIRECT_SERIAL,22,1789356782376699449,2026-09-14T03:33:02.376699+00:00,-1,25762578890434,1789356782376699449,1789356782,376699449,-1,-1,-1,-1,3,nan,nan,gnss_stale,nan,nan,nan,nan,nan,nan,nan,-1,0,-1,-1,nan,nan,nan,nan,nan,nan,nan,nan,nan,nan,neo3_stale,0,nan,nan,nan,nan,-1,149.34222710553254,yahboom_calibrated_direct,0,3168,2916,2787,0.014226205441226748,0.5423169408507048,0.5425035016061397,nan,none:gyro_integral,0,nan,nan,117.432861328125,0.0,-203,-64,2034,-0.9720458740234375,-0.3064578125,9.739612353515625,9.792795227553901,0,0,0,0.0,0.0,0.0,0.0,0.0,0.0,0.0,-328,1065,21378,-1.8017578125,5.8502197265625,117.432861328125,nan,nan,,1,0,0,0,0,0,63,63,63,63,255,F4line=0;YAH=252
DIRECT_SERIAL,23,1789356782436539715,2026-09-14T03:33:02.436540+00:00,-1,25762638731300,1789356782436539715,1789356782,436539715,-1,-1,-1,-1,3,nan,nan,gnss_stale,nan,nan,nan,nan,nan,nan,nan,-1,0,-1,-1,nan,nan,nan,nan,nan,nan,nan,nan,nan,nan,neo3_stale,0,nan,nan,nan,nan,-1,149.0011665703085,yahboom_calibrated_direct,0,3189,2914,2777,0.01739515882503633,0.542082355951209,0.542361385225904,nan,none:gyro_integral,0,nan,nan,117.432861328125,0.0,-208,-64,2033,-0.9959878906249999,-0.3064578125,9.734823950195311,9.790439500370255,0,0,0,0.0,0.0,0.0,0.0,0.0,0.0,0.0,-328,1065,21378,-1.8017578125,5.8502197265625,117.432861328125,nan,nan,,1,0,0,0,0,0,66,66,66,66,267,F4line=0;YAH=264
DIRECT_SERIAL,24,1789356782496483397,2026-09-14T03:33:02.496483+00:00,-1,25762698675694,1789356782496483397,1789356782,496483397,-1,-1,-1,-1,3,nan,nan,gnss_stale,nan,nan,nan,nan,nan,nan,nan,-1,0,-1,-1,nan,nan,nan,nan,nan,nan,nan,nan,nan,nan,neo3_stale,0,nan,nan,nan,nan,-1,149.13143415484106,yahboom_calibrated_direct,0,3181,2917,2807,0.016195029097892093,0.5425086847006766,0.5427503587683197,nan,none:gyro_integral,0,nan,nan,117.432861328125,0.0,-213,-64,2037,-1.0199299072265624,-0.3064578125,9.753977563476562,9.811944339186889,0,0,0,0.0,0.0,0.0,0.0,0.0,0.0,0.0,-328,1065,21378,-1.8017578125,5.8502197265625,117.432861328125,nan,nan,,1,0,0,0,0,0,69,69,69,69,279,F4line=0;YAH=276
DIRECT_SERIAL,25,1789356782556349327,2026-09-14T03:33:02.556350+00:00,-1,25762758540555,1789356782556349327,1789356782,556349327,-1,-1,-1,-1,3,nan,nan,gnss_stale,nan,nan,nan,nan,nan,nan,nan,-1,0,-1,-1,nan,nan,nan,nan,nan,nan,nan,nan,nan,nan,neo3_stale,0,nan,nan,nan,nan,-1,149.05133541690225,yahboom_calibrated_direct,0,3186,2923,2779,0.016970059316793955,0.5434278732381095,0.543692777518067,nan,none:gyro_integral,0,nan,nan,117.432861328125,0.0,-211,-65,2040,-1.0103531005859374,-0.3112462158203125,9.7683427734375,9.82538590255338,0,0,0,0.0,0.0,0.0,0.0,0.0,0.0,0.0,-328,1065,21378,-1.8017578125,5.8502197265625,117.432861328125,nan,nan,,1,0,0,0,0,0,72,72,72,72,291,F4line=0;YAH=288
DIRECT_SERIAL,26,1789356782616121576,2026-09-14T03:33:02.616122+00:00,-1,25762818312333,1789356782616121576,1789356782,616121576,-1,-1,-1,-1,3,nan,nan,gnss_stale,nan,nan,nan,nan,nan,nan,nan,-1,0,-1,-1,nan,nan,nan,nan,nan,nan,nan,nan,nan,nan,neo3_stale,0,nan,nan,nan,nan,-1,149.06704494838533,yahboom_calibrated_direct,0,3185,2920,2807,0.016809350612570904,0.5429730311864286,0.5432331606812996,nan,none:gyro_integral,0,nan,nan,117.432861328125,0.0,-206,-64,2037,-0.9864110839843749,-0.3064578125,9.753977563476562,9.808516785235865,0,0,0,0.0,0.0,0.0,0.0,0.0,0.0,0.0,-328,1065,21378,-1.8017578125,5.8502197265625,117.432861328125,nan,nan,,1,0,0,0,0,0,75,75,75,75,303,F4line=0;YAH=300
DIRECT_SERIAL,27,1789356782675982971,2026-09-14T03:33:02.675983+00:00,-1,25762878174471,1789356782675982971,1789356782,675982971,-1,-1,-1,-1,3,nan,nan,gnss_stale,nan,nan,nan,nan,nan,nan,nan,-1,0,-1,-1,nan,nan,nan,nan,nan,nan,nan,nan,nan,nan,neo3_stale,0,nan,nan,nan,nan,-1,149.02223268948575,yahboom_calibrated_direct,0,3188,2942,2836,0.017332662606214945,0.5462948109384302,0.5465697042933098,nan,none:gyro_integral,0,nan,nan,117.432861328125,0.0,-205,-62,2034,-0.9816226806640624,-0.296881005859375,9.739612353515625,9.7934554788179,0,0,0,0.0,0.0,0.0,0.0,0.0,0.0,0.0,-328,1065,21378,-1.8017578125,5.8502197265625,117.432861328125,nan,nan,,1,0,0,0,0,0,78,78,78,78,316,F4line=0;YAH=312
DIRECT_SERIAL,28,1789356782735855137,2026-09-14T03:33:02.735855+00:00,-1,25762938046443,1789356782735855137,1789356782,735855137,-1,-1,-1,-1,3,nan,nan,gnss_stale,nan,nan,nan,nan,nan,nan,nan,-1,0,-1,-1,nan,nan,nan,nan,nan,nan,nan,nan,nan,nan,neo3_stale,0,nan,nan,nan,nan,-1,149.1009587625485,yahboom_calibrated_direct,0,3183,2930,2811,0.016538623519170827,0.5444722745870163,0.5447234012431155,nan,none:gyro_integral,0,nan,nan,117.432861328125,0.0,-203,-63,2031,-0.9720458740234375,-0.3016694091796875,9.725247143554688,9.778359249734049,0,0,0,0.0,0.0,0.0,0.0,0.0,0.0,0.0,-328,1064,21378,-1.8017578125,5.8447265625,117.432861328125,nan,nan,,1,0,0,0,0,0,81,81,81,81,328,F4line=0;YAH=324
DIRECT_SERIAL,29,1789356782795709125,2026-09-14T03:33:02.795709+00:00,-1,25762997899979,1789356782795709125,1789356782,795709125,-1,-1,-1,-1,3,nan,nan,gnss_stale,nan,nan,nan,nan,nan,nan,nan,-1,0,-1,-1,nan,nan,nan,nan,nan,nan,nan,nan,nan,nan,neo3_stale,0,nan,nan,nan,nan,-1,149.19792219377678,yahboom_calibrated_direct,0,3177,2930,2864,0.015631397898259305,0.544453265718874,0.5446776102908953,nan,none:gyro_integral,0,nan,nan,117.432861328125,0.0,-212,-64,2029,-1.01514150390625,-0.3064578125,9.715670336914062,9.773365784589622,0,0,0,0.0,0.0,0.0,0.0,0.0,0.0,0.0,-328,1064,21378,-1.8017578125,5.8447265625,117.432861328125,nan,nan,,1,0,0,0,0,0,84,84,84,84,340,F4line=0;YAH=336
DIRECT_SERIAL,30,1789356782855636858,2026-09-14T03:33:02.855637+00:00,-1,25763057827910,1789356782855636858,1789356782,855636858,-1,-1,-1,-1,3,nan,nan,gnss_stale,nan,nan,nan,nan,nan,nan,nan,-1,0,-1,-1,nan,nan,nan,nan,nan,nan,nan,nan,nan,nan,neo3_stale,0,nan,nan,nan,nan,-1,149.13440624877146,yahboom_calibrated_direct,0,3181,2938,2808,0.016261560136389998,0.5456704020496103,0.5459126541957539,nan,none:gyro_integral,0,nan,nan,117.432861328125,0.0,-213,-64,2037,-1.0199299072265624,-0.3064578125,9.753977563476562,9.811944339186889,0,0,0,0.0,0.0,0.0,0.0,0.0,0.0,0.0,-328,1064,21378,-1.8017578125,5.8447265625,117.432861328125,nan,nan,,1,0,0,0,0,0,87,87,87,87,352,F4line=0;YAH=348
DIRECT_SERIAL,31,1789356782915464458,2026-09-14T03:33:02.915464+00:00,-1,25763117655794,1789356782915464458,1789356782,915464458,-1,-1,-1,-1,3,nan,nan,gnss_stale,nan,nan,nan,nan,nan,nan,nan,-1,0,-1,-1,nan,nan,nan,nan,nan,nan,nan,nan,nan,nan,neo3_stale,0,nan,nan,nan,nan,-1,148.98876203432863,yahboom_calibrated_direct,0,3190,2935,2782,0.017612894133686153,0.545247241444833,0.5455316382602979,nan,none:gyro_integral,0,nan,nan,117.432861328125,0.0,-209,-64,2041,-1.0007762939453124,-0.3064578125,9.773131176757811,9.829016358694329,0,0,0,0.0,0.0,0.0,0.0,0.0,0.0,0.0,-328,1064,21378,-1.8017578125,5.8447265625,117.432861328125,nan,nan,,1,0,0,0,0,0,90,90,90,90,364,F4line=0;YAH=360
DIRECT_SERIAL,32,1789356782975332290,2026-09-14T03:33:02.975332+00:00,-1,25763177523235,1789356782975332290,1789356782,975332290,-1,-1,-1,-1,3,nan,nan,gnss_stale,nan,nan,nan,nan,nan,nan,nan,-1,0,-1,-1,nan,nan,nan,nan,nan,nan,nan,nan,nan,nan,neo3_stale,0,nan,nan,nan,nan,-1,149.0068321734528,yahboom_calibrated_direct,0,3189,2946,2771,0.01749653945512837,0.546900210959108,0.5471800157535194,nan,none:gyro_integral,0,nan,nan,117.432861328125,0.0,-206,-64,2038,-0.9864110839843749,-0.3064578125,9.758765966796874,9.813278576100979,0,0,0,0.0,0.0,0.0,0.0,0.0,0.0,0.0,-328,1064,21378,-1.8017578125,5.8447265625,117.432861328125,nan,nan,,1,0,0,0,0,0,93,93,93,93,376,F4line=0;YAH=372
DIRECT_SERIAL,33,1789356783035276526,2026-09-14T03:33:03.035277+00:00,-1,25763237467509,1789356783035276526,1789356783,35276526,-1,-1,-1,-1,3,nan,nan,gnss_stale,nan,nan,nan,nan,nan,nan,nan,-1,0,-1,-1,nan,nan,nan,nan,nan,nan,nan,nan,nan,nan,neo3_stale,0,nan,nan,nan,nan,-1,149.2147971604703,yahboom_calibrated_direct,0,3176,2936,2728,0.01549920249624964,0.5453534453881647,0.545573648259116,nan,none:gyro_integral,0,nan,nan,117.432861328125,0.0,-208,-63,2037,-0.9959878906249999,-0.3016694091796875,9.753977563476562,9.809336094737025,0,0,0,0.0,0.0,0.0,0.0,0.0,0.0,0.0,-328,1064,21378,-1.8017578125,5.8447265625,117.432861328125,nan,nan,,1,0,0,0,0,0,96,96,96,96,388,F4line=0;YAH=384
DIRECT_SERIAL,34,1789356783095092327,2026-09-14T03:33:03.095092+00:00,-1,25763297283404,1789356783095092327,1789356783,95092327,-1,-1,-1,-1,3,nan,nan,gnss_stale,nan,nan,nan,nan,nan,nan,nan,-1,0,-1,-1,nan,nan,nan,nan,nan,nan,nan,nan,nan,nan,neo3_stale,0,nan,nan,nan,nan,-1,148.97392434655143,yahboom_calibrated_direct,0,3191,2942,2768,0.01778627541667071,0.5463043153725013,0.5465937765725247,nan,none:gyro_integral,0,nan,nan,117.432861328125,0.0,-211,-65,2033,-1.0103531005859374,-0.3112462158203125,9.734823950195311,9.792062343348428,0,0,0,0.0,0.0,0.0,0.0,0.0,0.0,0.0,-328,1064,21378,-1.8017578125,5.8447265625,117.432861328125,nan,nan,,1,0,0,0,0,0,99,99,99,99,400,F4line=0;YAH=396
DIRECT_SERIAL,35,1789356783154970431,2026-09-14T03:33:03.154970+00:00,-1,25763357161946,1789356783154970431,1789356783,154970431,-1,-1,-1,-1,3,nan,nan,gnss_stale,nan,nan,nan,nan,nan,nan,nan,-1,0,-1,-1,nan,nan,nan,nan,nan,nan,nan,nan,nan,nan,neo3_stale,0,nan,nan,nan,nan,-1,149.07007044089994,yahboom_calibrated_direct,0,3185,2939,2764,0.016869545361688054,0.5458336325973686,0.5460942556328067,nan,none:gyro_integral,0,nan,nan,117.432861328125,0.0,-212,-65,2033,-1.01514150390625,-0.3112462158203125,9.734823950195311,9.792557573030232,0,0,0,0.0,0.0,0.0,0.0,0.0,0.0,0.0,-328,1064,21378,-1.8017578125,5.8447265625,117.432861328125,nan,nan,,1,0,0,0,0,0,102,102,102,102,413,F4line=0;YAH=408
DIRECT_SERIAL,36,1789356783214861451,2026-09-14T03:33:03.214862+00:00,-1,25763417052414,1789356783214861451,1789356783,214861451,-1,-1,-1,-1,3,nan,nan,gnss_stale,nan,nan,nan,nan,nan,nan,nan,-1,0,-1,-1,nan,nan,nan,nan,nan,nan,nan,nan,nan,nan,neo3_stale,0,nan,nan,nan,nan,-1,148.98948527207483,yahboom_calibrated_direct,0,3190,2939,2843,0.01762556671244766,0.5458494733208205,0.5461339653661471,nan,none:gyro_integral,0,nan,nan,117.432861328125,0.0,-211,-65,2035,-1.0103531005859374,-0.3112462158203125,9.744400756835937,9.801583224385276,0,0,0,0.0,0.0,0.0,0.0,0.0,0.0,0.0,-328,1064,21378,-1.8017578125,5.8447265625,117.432861328125,nan,nan,,1,0,0,0,0,0,105,105,105,105,425,F4line=0;YAH=420
DIRECT_SERIAL,37,1789356783274646317,2026-09-14T03:33:03.274646+00:00,-1,25763476837128,1789356783274646317,1789356783,274646317,-1,-1,-1,-1,3,nan,nan,gnss_stale,nan,nan,nan,nan,nan,nan,nan,-1,0,-1,-1,nan,nan,nan,nan,nan,nan,nan,nan,nan,nan,neo3_stale,0,nan,nan,nan,nan,-1,149.08371459965798,yahboom_calibrated_direct,0,3184,2923,2865,0.016667650776490114,0.5434215369487287,0.5436770892746222,nan,none:gyro_integral,0,nan,nan,117.432861328125,0.0,-204,-65,2038,-0.97683427734375,-0.3112462158203125,9.758765966796874,9.812471279293971,0,0,0,0.0,0.0,0.0,0.0,0.0,0.0,0.0,-328,1064,21378,-1.8017578125,5.8447265625,117.432861328125,nan,nan,,1,0,0,0,0,0,108,108,108,108,437,F4line=0;YAH=432
DIRECT_SERIAL,38,1789356783334582733,2026-09-14T03:33:03.334583+00:00,-1,25763536773697,1789356783334582733,1789356783,334582733,-1,-1,-1,-1,3,nan,nan,gnss_stale,nan,nan,nan,nan,nan,nan,nan,-1,0,-1,-1,nan,nan,nan,nan,nan,nan,nan,nan,nan,nan,neo3_stale,0,nan,nan,nan,nan,-1,149.4076709972384,yahboom_calibrated_direct,0,3164,2924,2854,0.013646733518142076,0.543508732023918,0.543680030093034,nan,none:gyro_integral,0,nan,nan,117.432861328125,0.0,-205,-64,2034,-0.9816226806640624,-0.3064578125,9.739612353515625,9.793750470314759,0,0,0,0.0,0.0,0.0,0.0,0.0,0.0,0.0,-328,1064,21378,-1.8017578125,5.8447265625,117.432861328125,nan,nan,,1,0,0,0,0,0,111,111,111,111,449,F4line=0;YAH=444
DIRECT_SERIAL,39,1789356783394497222,2026-09-14T03:33:03.394497+00:00,-1,25763596687991,1789356783394497222,1789356783,394497222,-1,-1,-1,-1,3,nan,nan,gnss_stale,nan,nan,nan,nan,nan,nan,nan,-1,0,-1,-1,nan,nan,nan,nan,nan,nan,nan,nan,nan,nan,neo3_stale,0,nan,nan,nan,nan,-1,149.18278170561524,yahboom_calibrated_direct,0,3178,2938,2898,0.015807947325934234,0.545660897615539,0.5458898298972562,nan,none:gyro_integral,0,nan,nan,117.432861328125,0.0,-209,-62,2034,-1.0007762939453124,-0.296881005859375,9.739612353515625,9.795393831741384,0,0,0,0.0,0.0,0.0,0.0,0.0,0.0,0.0,-328,1064,21378,-1.8017578125,5.8447265625,117.432861328125,nan,nan,,1,0,0,0,0,0,114,114,114,114,461,F4line=0;YAH=456
DIRECT_SERIAL,40,1789356783454238913,2026-09-14T03:33:03.454239+00:00,-1,25763656430015,1789356783454238913,1789356783,454238913,-1,-1,-1,-1,3,nan,nan,gnss_stale,nan,nan,nan,nan,nan,nan,nan,-1,0,-1,-1,nan,nan,nan,nan,nan,nan,nan,nan,nan,nan,neo3_stale,0,nan,nan,nan,nan,-1,149.0048959117047,yahboom_calibrated_direct,0,3189,2935,2862,0.017461689863534233,0.5452440733001427,0.5455236109297393,nan,none:gyro_integral,0,nan,nan,117.432861328125,0.0,-212,-64,2034,-1.01514150390625,-0.3064578125,9.739612353515625,9.79716680783529,0,0,0,0.0,0.0,0.0,0.0,0.0,0.0,0.0,-328,1064,21378,-1.8017578125,5.8447265625,117.432861328125,nan,nan,,1,0,0,0,0,0,117,117,117,117,473,F4line=0;YAH=468
DIRECT_SERIAL,41,1789356783514107654,2026-09-14T03:33:03.514108+00:00,-1,25763716298566,1789356783514107654,1789356783,514107654,-1,-1,-1,-1,3,nan,nan,gnss_stale,nan,nan,nan,nan,nan,nan,nan,-1,0,-1,-1,nan,nan,nan,nan,nan,nan,nan,nan,nan,nan,neo3_stale,0,nan,nan,nan,nan,-1,149.16599611268305,yahboom_calibrated_direct,0,3179,2933,2826,0.015943310872634273,0.5449112759152452,0.5451444650559721,nan,none:gyro_integral,0,nan,nan,117.432861328125,0.0,-207,-64,2033,-0.9911994873046874,-0.3064578125,9.734823950195311,9.789953531849454,0,0,0,0.0,0.0,0.0,0.0,0.0,0.0,0.0,-328,1064,21378,-1.8017578125,5.8447265625,117.432861328125,nan,nan,,1,0,0,0,0,0,120,120,120,120,485,F4line=0;YAH=480
DIRECT_SERIAL,42,1789356783573996258,2026-09-14T03:33:03.573996+00:00,-1,25763776187363,1789356783573996258,1789356783,573996258,-1,-1,-1,-1,3,nan,nan,gnss_stale,nan,nan,nan,nan,nan,nan,nan,-1,0,-1,-1,nan,nan,nan,nan,nan,nan,nan,nan,nan,nan,neo3_stale,0,nan,nan,nan,nan,-1,148.92542219373524,yahboom_calibrated_direct,0,3194,2941,2757,0.018236720082436094,0.5461632618375758,0.5464676445503663,nan,none:gyro_integral,0,nan,nan,117.432861328125,0.0,-204,-63,2038,-0.97683427734375,-0.3016694091796875,9.758765966796874,9.812172177073812,0,0,0,0.0,0.0,0.0,0.0,0.0,0.0,0.0,-328,1064,21378,-1.8017578125,5.8447265625,117.432861328125,nan,nan,,1,0,0,0,0,0,123,123,123,123,497,F4line=0;YAH=492
DIRECT_SERIAL,43,1789356783633851353,2026-09-14T03:33:03.633851+00:00,-1,25763836042216,1789356783633851353,1789356783,633851353,-1,-1,-1,-1,3,nan,nan,gnss_stale,nan,nan,nan,nan,nan,nan,nan,-1,0,-1,-1,nan,nan,nan,nan,nan,nan,nan,nan,nan,nan,neo3_stale,0,nan,nan,nan,nan,-1,148.81224011989343,yahboom_calibrated_direct,0,3201,2939,2770,0.019288813684118784,0.5458843229124146,0.5462250015651847,nan,none:gyro_integral,0,nan,nan,117.432861328125,0.0,-208,-65,2036,-0.9959878906249999,-0.3112462158203125,9.749189160156249,9.804874061692082,0,0,0,0.0,0.0,0.0,0.0,0.0,0.0,0.0,-327,1064,21378,-1.7962646484375,5.8447265625,117.432861328125,nan,nan,,1,0,0,0,0,0,126,126,126,126,509,F4line=0;YAH=504
DIRECT_SERIAL,44,1789356783693731530,2026-09-14T03:33:03.693732+00:00,-1,25763895922471,1789356783693731530,1789356783,693731530,-1,-1,-1,-1,3,nan,nan,gnss_stale,nan,nan,nan,nan,nan,nan,nan,-1,0,-1,-1,nan,nan,nan,nan,nan,nan,nan,nan,nan,nan,neo3_stale,0,nan,nan,nan,nan,-1,149.03816935621424,yahboom_calibrated_direct,0,3187,2941,2801,0.01717829019137265,0.5461410848247431,0.5464111805110198,nan,none:gyro_integral,0,nan,nan,117.432861328125,0.0,-208,-64,2035,-0.9959878906249999,-0.3064578125,9.744400756835937,9.799961958035281,0,0,0,0.0,0.0,0.0,0.0,0.0,0.0,0.0,-327,1064,21378,-1.7962646484375,5.8447265625,117.432861328125,nan,nan,,1,0,0,0,0,0,129,129,129,129,522,F4line=0;YAH=516
DIRECT_SERIAL,45,1789356783753597134,2026-09-14T03:33:03.753597+00:00,-1,25763955788203,1789356783753597134,1789356783,753597134,-1,-1,-1,-1,3,nan,nan,gnss_stale,nan,nan,nan,nan,nan,nan,nan,-1,0,-1,-1,nan,nan,nan,nan,nan,nan,nan,nan,nan,nan,neo3_stale,0,nan,nan,nan,nan,-1,149.24706926110477,yahboom_calibrated_direct,0,3174,2936,2781,0.015196793955945798,0.5453471090987839,0.5455588070491947,nan,none:gyro_integral,0,nan,nan,117.432861328125,0.0,-211,-63,2036,-1.0103531005859374,-0.3016694091796875,9.749189160156249,9.806044416624195,0,0,0,0.0,0.0,0.0,0.0,0.0,0.0,0.0,-327,1064,21378,-1.7962646484375,5.8447265625,117.432861328125,nan,nan,,1,0,0,0,0,0,132,132,132,132,534,F4line=0;YAH=528
DIRECT_SERIAL,46,1789356783813468193,2026-09-14T03:33:03.813468+00:00,-1,25764015659306,1789356783813468193,1789356783,813468193,-1,-1,-1,-1,3,nan,nan,gnss_stale,nan,nan,nan,nan,nan,nan,nan,-1,0,-1,-1,nan,nan,nan,nan,nan,nan,nan,nan,nan,nan,neo3_stale,0,nan,nan,nan,nan,-1,148.97114167284917,yahboom_calibrated_direct,0,3191,2927,2786,0.01773875324631506,0.5440459458375487,0.5443350572478376,nan,none:gyro_integral,0,nan,nan,117.432861328125,0.0,-210,-65,2032,-1.005564697265625,-0.3112462158203125,9.730035546875,9.786808790954304,0,0,0,0.0,0.0,0.0,0.0,0.0,0.0,0.0,-327,1064,21378,-1.7962646484375,5.8447265625,117.432861328125,nan,nan,,1,0,0,0,0,0,135,135,135,135,546,F4line=0;YAH=540
DIRECT_SERIAL,47,1789356783873304256,2026-09-14T03:33:03.873304+00:00,-1,25764075495345,1789356783873304256,1789356783,873304256,-1,-1,-1,-1,3,nan,nan,gnss_stale,nan,nan,nan,nan,nan,nan,nan,-1,0,-1,-1,nan,nan,nan,nan,nan,nan,nan,nan,nan,nan,neo3_stale,0,nan,nan,nan,nan,-1,148.7800201559693,yahboom_calibrated_direct,0,3203,2939,2825,0.019591222224422625,0.5458906592017954,0.5462420963199536,nan,none:gyro_integral,0,nan,nan,117.432861328125,0.0,-205,-64,2032,-0.9816226806640624,-0.3064578125,9.730035546875,9.784226654237292,0,0,0,0.0,0.0,0.0,0.0,0.0,0.0,0.0,-327,1065,21378,-1.7962646484375,5.8502197265625,117.432861328125,nan,nan,,1,0,0,0,0,0,138,138,138,138,558,F4line=0;YAH=552
DIRECT_SERIAL,48,1789356783933177425,2026-09-14T03:33:03.933177+00:00,-1,25764135368587,1789356783933177425,1789356783,933177425,-1,-1,-1,-1,3,nan,nan,gnss_stale,nan,nan,nan,nan,nan,nan,nan,-1,0,-1,-1,nan,nan,nan,nan,nan,nan,nan,nan,nan,nan,neo3_stale,0,nan,nan,nan,nan,-1,148.78073451301734,yahboom_calibrated_direct,0,3203,2942,2889,0.01960072665849376,0.5463423331087859,0.5466938205543324,nan,none:gyro_integral,0,nan,nan,117.432861328125,0.0,-204,-63,2032,-0.97683427734375,-0.3016694091796875,9.730035546875,9.783598590563678,0,0,0,0.0,0.0,0.0,0.0,0.0,0.0,0.0,-327,1065,21378,-1.7962646484375,5.8502197265625,117.432861328125,nan,nan,,1,0,0,0,0,0,141,141,141,141,570,F4line=0;YAH=564
DIRECT_SERIAL,49,1789356783993096107,2026-09-14T03:33:03.993096+00:00,-1,25764195287099,1789356783993096107,1789356783,993096107,-1,-1,-1,-1,3,nan,nan,gnss_stale,nan,nan,nan,nan,nan,nan,nan,-1,0,-1,-1,nan,nan,nan,nan,nan,nan,nan,nan,nan,nan,neo3_stale,0,nan,nan,nan,nan,-1,149.19767512246534,yahboom_calibrated_direct,0,3177,2928,2872,0.01562506160887855,0.5441521497808802,0.5443764365413283,nan,none:gyro_integral,0,nan,nan,117.432861328125,0.0,-208,-63,2036,-0.9959878906249999,-0.3016694091796875,9.749189160156249,9.804574727708212,0,0,0,0.0,0.0,0.0,0.0,0.0,0.0,0.0,-327,1065,21378,-1.7962646484375,5.8502197265625,117.432861328125,nan,nan,,1,0,0,0,0,0,144,144,144,144,582,F4line=0;YAH=576
DIRECT_SERIAL,50,1789356784052943944,2026-09-14T03:33:04.052944+00:00,-1,25764255134869,1789356784052943944,1789356784,52943944,-1,-1,-1,-1,3,nan,nan,gnss_stale,nan,nan,nan,nan,nan,nan,nan,-1,0,-1,-1,nan,nan,nan,nan,nan,nan,nan,nan,nan,nan,neo3_stale,0,nan,nan,nan,nan,-1,148.92243756972525,yahboom_calibrated_direct,0,3194,2926,2871,0.01818919791208045,0.5439048923026231,0.5442089477318549,nan,none:gyro_integral,0,nan,nan,117.432861328125,0.0,-214,-64,2036,-1.024718310546875,-0.3064578125,9.749189160156249,9.807683380254504,0,0,0,0.0,0.0,0.0,0.0,0.0,0.0,0.0,-327,1064,21378,-1.7962646484375,5.8447265625,117.432861328125,nan,nan,,1,0,0,0,0,0,147,147,147,147,594,F4line=0;YAH=588
DIRECT_SERIAL,51,1789356784112838884,2026-09-14T03:33:04.112839+00:00,-1,25764315029769,1789356784112838884,1789356784,112838884,-1,-1,-1,-1,3,nan,nan,gnss_stale,nan,nan,nan,nan,nan,nan,nan,-1,0,-1,-1,nan,nan,nan,nan,nan,nan,nan,nan,nan,nan,neo3_stale,0,nan,nan,nan,nan,-1,149.19878479582889,yahboom_calibrated_direct,0,3177,2937,2837,0.015653574911091938,0.5455071715018519,0.5457317184912821,nan,none:gyro_integral,0,nan,nan,117.432861328125,0.0,-212,-66,2038,-1.01514150390625,-0.316034619140625,9.758765966796874,9.816511770897101,0,0,0,0.0,0.0,0.0,0.0,0.0,0.0,0.0,-327,1064,21378,-1.7962646484375,5.8447265625,117.432861328125,nan,nan,,1,0,0,0,0,0,150,150,150,150,606,F4line=0;YAH=600
DIRECT_SERIAL,52,1789356784172644832,2026-09-14T03:33:04.172645+00:00,-1,25764374835626,1789356784172644832,1789356784,172644832,-1,-1,-1,-1,3,nan,nan,gnss_stale,nan,nan,nan,nan,nan,nan,nan,-1,0,-1,-1,nan,nan,nan,nan,nan,nan,nan,nan,nan,nan,neo3_stale,0,nan,nan,nan,nan,-1,149.11915148536093,yahboom_calibrated_direct,0,3182,2944,2789,0.016431773274684175,0.5465769180082818,0.5468238568976144,nan,none:gyro_integral,0,nan,nan,117.432861328125,0.0,-209,-65,2037,-1.0007762939453124,-0.3112462158203125,9.753977563476562,9.8101226142281,0,0,0,0.0,0.0,0.0,0.0,0.0,0.0,0.0,-327,1064,21378,-1.7962646484375,5.8447265625,117.432861328125,nan,nan,,1,0,0,0,0,0,153,153,153,153,618,F4line=0;YAH=612
DIRECT_SERIAL,53,1789356784232594473,2026-09-14T03:33:04.232594+00:00,-1,25764434785398,1789356784232594473,1789356784,232594473,-1,-1,-1,-1,3,nan,nan,gnss_stale,nan,nan,nan,nan,nan,nan,nan,-1,0,-1,-1,nan,nan,nan,nan,nan,nan,nan,nan,nan,nan,neo3_stale,0,nan,nan,nan,nan,-1,149.10424454300218,yahboom_calibrated_direct,0,3183,2952,2822,0.016608322702359107,0.5477845499049468,0.5480362665896764,nan,none:gyro_integral,0,nan,nan,117.432861328125,0.0,-203,-64,2033,-0.9720458740234375,-0.3064578125,9.734823950195311,9.788032841860744,0,0,0,0.0,0.0,0.0,0.0,0.0,0.0,0.0,-327,1064,21378,-1.7962646484375,5.8447265625,117.432861328125,nan,nan,,1,0,0,0,0,0,156,156,156,156,631,F4line=0;YAH=624
DIRECT_SERIAL,54,1789356784292426558,2026-09-14T03:33:04.292427+00:00,-1,25764494617604,1789356784292426558,1789356784,292426558,-1,-1,-1,-1,3,nan,nan,gnss_stale,nan,nan,nan,nan,nan,nan,nan,-1,0,-1,-1,nan,nan,nan,nan,nan,nan,nan,nan,nan,nan,neo3_stale,0,nan,nan,nan,nan,-1,149.4251415196582,yahboom_calibrated_direct,0,3163,2945,2901,0.013562060286488058,0.5466672812281613,0.5468354833444918,nan,none:gyro_integral,0,nan,nan,117.432861328125,0.0,-208,-64,2033,-0.9959878906249999,-0.3064578125,9.734823950195311,9.790439500370255,0,0,0,0.0,0.0,0.0,0.0,0.0,0.0,0.0,-327,1064,21378,-1.7962646484375,5.8447265625,117.432861328125,nan,nan,,1,0,0,0,0,0,159,159,159,159,643,F4line=0;YAH=636
DIRECT_SERIAL,55,1789356784352324684,2026-09-14T03:33:04.352325+00:00,-1,25764554515743,1789356784352324684,1789356784,352324684,-1,-1,-1,-1,3,nan,nan,gnss_stale,nan,nan,nan,nan,nan,nan,nan,-1,0,-1,-1,nan,nan,nan,nan,nan,nan,nan,nan,nan,nan,neo3_stale,0,nan,nan,nan,nan,-1,148.94191472032264,yahboom_calibrated_direct,0,3193,2943,2883,0.018091852101664925,0.546461209630879,0.5467606137458256,nan,none:gyro_integral,0,nan,nan,117.432861328125,0.0,-210,-63,2034,-1.005564697265625,-0.3016694091796875,9.739612353515625,9.79603050166627,0,0,0,0.0,0.0,0.0,0.0,0.0,0.0,0.0,-327,1064,21378,-1.7962646484375,5.8447265625,117.432861328125,nan,nan,,1,0,0,0,0,0,162,162,162,162,655,F4line=0;YAH=648
DIRECT_SERIAL,56,1789356784412113029,2026-09-14T03:33:04.412113+00:00,-1,25764614303918,1789356784412113029,1789356784,412113029,-1,-1,-1,-1,3,nan,nan,gnss_stale,nan,nan,nan,nan,nan,nan,nan,-1,0,-1,-1,nan,nan,nan,nan,nan,nan,nan,nan,nan,nan,neo3_stale,0,nan,nan,nan,nan,-1,148.94230151573814,yahboom_calibrated_direct,0,3193,2945,2869,0.01809818839104568,0.5467623255688726,0.5470617744684046,nan,none:gyro_integral,0,nan,nan,117.432861328125,0.0,-213,-65,2035,-1.0199299072265624,-0.3112462158203125,9.744400756835937,9.802575035792506,0,0,0,0.0,0.0,0.0,0.0,0.0,0.0,0.0,-327,1064,21378,-1.7962646484375,5.8447265625,117.432861328125,nan,nan,,1,0,0,0,0,0,165,165,165,165,667,F4line=0;YAH=660
DIRECT_SERIAL,57,1789356784471992209,2026-09-14T03:33:04.471992+00:00,-1,25764674183122,1789356784471992209,1789356784,471992209,-1,-1,-1,-1,3,nan,nan,gnss_stale,nan,nan,nan,nan,nan,nan,nan,-1,0,-1,-1,nan,nan,nan,nan,nan,nan,nan,nan,nan,nan,neo3_stale,0,nan,nan,nan,nan,-1,149.00418889800392,yahboom_calibrated_direct,0,3189,2931,2871,0.017449017284772727,0.5446418414241554,0.5449212820528293,nan,none:gyro_integral,0,nan,nan,117.432861328125,0.0,-207,-64,2034,-0.9911994873046874,-0.3064578125,9.739612353515625,9.79471498366489,0,0,0,0.0,0.0,0.0,0.0,0.0,0.0,0.0,-327,1064,21378,-1.7962646484375,5.8447265625,117.432861328125,nan,nan,,1,0,0,0,0,0,168,168,168,168,679,F4line=0;YAH=672
DIRECT_SERIAL,58,1789356784531830446,2026-09-14T03:33:04.531831+00:00,-1,25764734021246,1789356784531830446,1789356784,531830446,-1,-1,-1,-1,3,nan,nan,gnss_stale,nan,nan,nan,nan,nan,nan,nan,-1,0,-1,-1,nan,nan,nan,nan,nan,nan,nan,nan,nan,nan,neo3_stale,0,nan,nan,nan,nan,-1,149.1317187027192,yahboom_calibrated_direct,0,3181,2919,2909,0.016201365387272848,0.5428098006386702,0.5430515297002715,nan,none:gyro_integral,0,nan,nan,117.432861328125,0.0,-204,-62,2035,-0.97683427734375,-0.296881005859375,9.744400756835937,9.79773900687595,0,0,0,0.0,0.0,0.0,0.0,0.0,0.0,0.0,-327,1064,21378,-1.7962646484375,5.8447265625,117.432861328125,nan,nan,,1,0,0,0,0,0,171,171,171,171,691,F4line=0;YAH=684
DIRECT_SERIAL,59,1789356784591714486,2026-09-14T03:33:04.591715+00:00,-1,25764793905607,1789356784591714486,1789356784,591714486,-1,-1,-1,-1,3,nan,nan,gnss_stale,nan,nan,nan,nan,nan,nan,nan,-1,0,-1,-1,nan,nan,nan,nan,nan,nan,nan,nan,nan,nan,neo3_stale,0,nan,nan,nan,nan,-1,148.95363521990402,yahboom_calibrated_direct,0,3192,2920,2910,0.01786778050363435,0.5429952081992612,0.5432891069287926,nan,none:gyro_integral,0,nan,nan,117.432861328125,0.0,-208,-64,2032,-0.9959878906249999,-0.3064578125,9.730035546875,9.785678311316236,0,0,0,0.0,0.0,0.0,0.0,0.0,0.0,0.0,-327,1064,21378,-1.7962646484375,5.8447265625,117.432861328125,nan,nan,,1,0,0,0,0,0,174,174,174,174,703,F4line=0;YAH=696
DIRECT_SERIAL,60,1789356784651591147,2026-09-14T03:33:04.651591+00:00,-1,25764853782813,1789356784651591147,1789356784,651591147,-1,-1,-1,-1,3,nan,nan,gnss_stale,nan,nan,nan,nan,nan,nan,nan,-1,0,-1,-1,nan,nan,nan,nan,nan,nan,nan,nan,nan,nan,neo3_stale,0,nan,nan,nan,nan,-1,148.69581807544003,yahboom_calibrated_direct,0,3208,2925,2881,0.02030288954951696,0.5437986883592913,0.5441775636548658,nan,none:gyro_integral,0,nan,nan,117.432861328125,0.0,-209,-64,2035,-1.0007762939453124,-0.3064578125,9.744400756835937,9.800449769841688,0,0,0,0.0,0.0,0.0,0.0,0.0,0.0,0.0,-327,1064,21378,-1.7962646484375,5.8447265625,117.432861328125,nan,nan,,1,0,0,0,0,0,177,177,177,177,715,F4line=0;YAH=708
DIRECT_SERIAL,61,1789356784711492786,2026-09-14T03:33:04.711493+00:00,-1,25764913683811,1789356784711492786,1789356784,711492786,-1,-1,-1,-1,3,nan,nan,gnss_stale,nan,nan,nan,nan,nan,nan,nan,-1,0,-1,-1,nan,nan,nan,nan,nan,nan,nan,nan,nan,nan,neo3_stale,0,nan,nan,nan,nan,-1,148.77474521599038,yahboom_calibrated_direct,0,3203,2917,2887,0.019521523041234348,0.5425783838838648,0.542929454459671,nan,none:gyro_integral,0,nan,nan,117.432861328125,0.0,-211,-65,2039,-1.0103531005859374,-0.3112462158203125,9.763554370117188,9.8206253127263,0,0,0,0.0,0.0,0.0,0.0,0.0,0.0,0.0,-327,1064,21378,-1.7962646484375,5.8447265625,117.432861328125,nan,nan,,1,0,0,0,0,0,180,180,180,180,728,F4line=0;YAH=720
DIRECT_SERIAL,62,1789356784771355265,2026-09-14T03:33:04.771355+00:00,-1,25764973546602,1789356784771355265,1789356784,771355265,-1,-1,-1,-1,3,nan,nan,gnss_stale,nan,nan,nan,nan,nan,nan,nan,-1,0,-1,-1,nan,nan,nan,nan,nan,nan,nan,nan,nan,nan,neo3_stale,0,nan,nan,nan,nan,-1,149.08231315999433,yahboom_calibrated_direct,0,3184,2914,2845,0.016639137474276727,0.5420665152277572,0.5423218304909476,nan,none:gyro_integral,0,nan,nan,117.432861328125,0.0,-207,-65,2039,-0.9911994873046874,-0.3112462158203125,9.763554370117188,9.81867325908801,0,0,0,0.0,0.0,0.0,0.0,0.0,0.0,0.0,-327,1064,21378,-1.7962646484375,5.8447265625,117.432861328125,nan,nan,,1,0,0,0,0,0,183,183,183,183,740,F4line=0;YAH=732
DIRECT_SERIAL,63,1789356784831234185,2026-09-14T03:33:04.831234+00:00,-1,25765033424981,1789356784831234185,1789356784,831234185,-1,-1,-1,-1,3,nan,nan,gnss_stale,nan,nan,nan,nan,nan,nan,nan,-1,0,-1,-1,nan,nan,nan,nan,nan,nan,nan,nan,nan,nan,neo3_stale,0,nan,nan,nan,nan,-1,149.06752477470155,yahboom_calibrated_direct,0,3185,2923,2876,0.01681885504664203,0.5434247050934191,0.5436849124179827,nan,none:gyro_integral,0,nan,nan,117.432861328125,0.0,-207,-64,2037,-0.9911994873046874,-0.3064578125,9.753977563476562,9.808999496548031,0,0,0,0.0,0.0,0.0,0.0,0.0,0.0,0.0,-327,1064,21378,-1.7962646484375,5.8447265625,117.432861328125,nan,nan,,1,0,0,0,0,0,186,186,186,186,752,F4line=0;YAH=744
DIRECT_SERIAL,64,1789356784891092944,2026-09-14T03:33:04.891093+00:00,-1,25765093284610,1789356784891092944,1789356784,891092944,-1,-1,-1,-1,3,nan,nan,gnss_stale,nan,nan,nan,nan,nan,nan,nan,-1,0,-1,-1,nan,nan,nan,nan,nan,nan,nan,nan,nan,nan,neo3_stale,0,nan,nan,nan,nan,-1,148.90870910865905,yahboom_calibrated_direct,0,3195,2938,2889,0.018378419918516888,0.5457147560752755,0.5460241398665436,nan,none:gyro_integral,0,nan,nan,117.432861328125,0.0,-204,-64,2031,-0.97683427734375,-0.3064578125,9.725247143554688,9.778985305207007,0,0,0,0.0,0.0,0.0,0.0,0.0,0.0,0.0,-327,1064,21378,-1.7962646484375,5.8447265625,117.432861328125,nan,nan,,1,0,0,0,0,0,189,189,189,189,764,F4line=0;YAH=756
DIRECT_SERIAL,65,1789356784950924184,2026-09-14T03:33:04.950924+00:00,-1,25765153115549,1789356784950924184,1789356784,950924184,-1,-1,-1,-1,3,nan,nan,gnss_stale,nan,nan,nan,nan,nan,nan,nan,-1,0,-1,-1,nan,nan,nan,nan,nan,nan,nan,nan,nan,nan,neo3_stale,0,nan,nan,nan,nan,-1,148.8281257898748,yahboom_calibrated_direct,0,3200,2938,2893,0.01913444126927649,0.5457305967987274,0.5460659402718526,nan,none:gyro_integral,0,nan,nan,117.432861328125,0.0,-210,-64,2032,-1.005564697265625,-0.3064578125,9.730035546875,9.786657677403468,0,0,0,0.0,0.0,0.0,0.0,0.0,0.0,0.0,-327,1064,21378,-1.7962646484375,5.8447265625,117.432861328125,nan,nan,,1,0,0,0,0,0,192,192,192,192,776,F4line=0;YAH=768
DIRECT_SERIAL,66,1789356785010791480,2026-09-14T03:33:05.010792+00:00,-1,25765212982495,1789356785010791480,1789356785,10791480,-1,-1,-1,-1,3,nan,nan,gnss_stale,nan,nan,nan,nan,nan,nan,nan,-1,0,-1,-1,nan,nan,nan,nan,nan,nan,nan,nan,nan,nan,neo3_stale,0,nan,nan,nan,nan,-1,149.0692773365329,yahboom_calibrated_direct,0,3185,2934,2910,0.016853704638236173,0.5450808427523844,0.5453413357665844,nan,none:gyro_integral,0,nan,nan,117.432861328125,0.0,-214,-64,2034,-1.024718310546875,-0.3064578125,9.739612353515625,9.798163746517329,0,0,0,0.0,0.0,0.0,0.0,0.0,0.0,0.0,-327,1064,21378,-1.7962646484375,5.8447265625,117.432861328125,nan,nan,,1,0,0,0,0,0,195,195,195,195,788,F4line=0;YAH=780
DIRECT_SERIAL,67,1789356785070696094,2026-09-14T03:33:05.070696+00:00,-1,25765272887135,1789356785070696094,1789356785,70696094,-1,-1,-1,-1,3,nan,nan,gnss_stale,nan,nan,nan,nan,nan,nan,nan,-1,0,-1,-1,nan,nan,nan,nan,nan,nan,nan,nan,nan,nan,neo3_stale,0,nan,nan,nan,nan,-1,149.16691959143026,yahboom_calibrated_direct,0,3179,2940,2940,0.01596548788546691,0.5459651816982232,0.5461985686819353,nan,none:gyro_integral,0,nan,nan,117.432861328125,0.0,-209,-66,2037,-1.0007762939453124,-0.316034619140625,9.753977563476562,9.810275703558103,0,0,0,0.0,0.0,0.0,0.0,0.0,0.0,0.0,-327,1064,21378,-1.7962646484375,5.8447265625,117.432861328125,nan,nan,,1,0,0,0,0,0,198,198,198,198,800,F4line=0;YAH=792
DIRECT_SERIAL,68,1789356785130515220,2026-09-14T03:33:05.130515+00:00,-1,25765332706040,1789356785130515220,1789356785,130515220,-1,-1,-1,-1,3,nan,nan,gnss_stale,nan,nan,nan,nan,nan,nan,nan,-1,0,-1,-1,nan,nan,nan,nan,nan,nan,nan,nan,nan,nan,neo3_stale,0,nan,nan,nan,nan,-1,149.07149253125587,yahboom_calibrated_direct,0,3185,2948,2921,0.01689805866390144,0.5471886543183402,0.5474495116458911,nan,none:gyro_integral,0,nan,nan,117.432861328125,0.0,-209,-64,2038,-1.0007762939453124,-0.3064578125,9.758765966796874,9.814732944715212,0,0,0,0.0,0.0,0.0,0.0,0.0,0.0,0.0,-327,1064,21378,-1.7962646484375,5.8447265625,117.432861328125,nan,nan,,1,0,0,0,0,0,201,201,201,201,812,F4line=0;YAH=804
DIRECT_SERIAL,69,1789356785190464985,2026-09-14T03:33:05.190465+00:00,-1,25765392655767,1789356785190464985,1789356785,190464985,-1,-1,-1,-1,3,nan,nan,gnss_stale,nan,nan,nan,nan,nan,nan,nan,-1,0,-1,-1,nan,nan,nan,nan,nan,nan,nan,nan,nan,nan,neo3_stale,0,nan,nan,nan,nan,-1,149.18176049388316,yahboom_calibrated_direct,0,3178,2930,2905,0.015782602168411226,0.5444564338635643,0.5446851374020005,nan,none:gyro_integral,0,nan,nan,117.432861328125,0.0,-204,-62,2037,-0.97683427734375,-0.296881005859375,9.753977563476562,9.807263728779702,0,0,0,0.0,0.0,0.0,0.0,0.0,0.0,0.0,-327,1064,21378,-1.7962646484375,5.8447265625,117.432861328125,nan,nan,,1,0,0,0,0,0,204,204,204,204,824,F4line=0;YAH=816
DIRECT_SERIAL,70,1789356785250291001,2026-09-14T03:33:05.250291+00:00,-1,25765452482423,1789356785250291001,1789356785,250291001,-1,-1,-1,-1,3,nan,nan,gnss_stale,nan,nan,nan,nan,nan,nan,nan,-1,0,-1,-1,nan,nan,nan,nan,nan,nan,nan,nan,nan,nan,neo3_stale,0,nan,nan,nan,nan,-1,149.03531525406888,yahboom_calibrated_direct,0,3187,2924,2870,0.01712443173163625,0.5435815993517967,0.5438512676421641,nan,none:gyro_integral,0,nan,nan,117.432861328125,0.0,-209,-64,2031,-1.0007762939453124,-0.3064578125,9.725247143554688,9.78140591042943,0,0,0,0.0,0.0,0.0,0.0,0.0,0.0,0.0,-327,1064,21378,-1.7962646484375,5.8447265625,117.432861328125,nan,nan,,1,0,0,0,0,0,207,207,207,207,837,F4line=0;YAH=828
DIRECT_SERIAL,71,1789356785310147088,2026-09-14T03:33:05.310147+00:00,-1,25765512337941,1789356785310147088,1789356785,310147088,-1,-1,-1,-1,3,nan,nan,gnss_stale,nan,nan,nan,nan,nan,nan,nan,-1,0,-1,-1,nan,nan,nan,nan,nan,nan,nan,nan,nan,nan,neo3_stale,0,nan,nan,nan,nan,-1,148.82405327457354,yahboom_calibrated_direct,0,3200,2920,2836,0.019077414664849714,0.5430205533567842,0.5433555641734082,nan,none:gyro_integral,0,nan,nan,117.432861328125,0.0,-211,-64,2033,-1.0103531005859374,-0.3064578125,9.734823950195311,9.791911310872978,0,0,0,0.0,0.0,0.0,0.0,0.0,0.0,0.0,-327,1064,21378,-1.7962646484375,5.8447265625,117.432861328125,nan,nan,,1,0,0,0,0,0,210,210,210,210,849,F4line=0;YAH=840
DIRECT_SERIAL,72,1789356785369960437,2026-09-14T03:33:05.369961+00:00,-1,25765572151340,1789356785369960437,1789356785,369960437,-1,-1,-1,-1,3,nan,nan,gnss_stale,nan,nan,nan,nan,nan,nan,nan,-1,0,-1,-1,nan,nan,nan,nan,nan,nan,nan,nan,nan,nan,neo3_stale,0,nan,nan,nan,nan,-1,149.05034803141558,yahboom_calibrated_direct,0,3186,2917,2801,0.016951050448651698,0.5425245254241284,0.5427892766055613,nan,none:gyro_integral,0,nan,nan,117.432861328125,0.0,-213,-64,2032,-1.0199299072265624,-0.3064578125,9.730035546875,9.78814411162548,0,0,0,0.0,0.0,0.0,0.0,0.0,0.0,0.0,-327,1064,21378,-1.7962646484375,5.8447265625,117.432861328125,nan,nan,,1,0,0,0,0,0,213,213,213,213,861,F4line=0;YAH=852
DIRECT_SERIAL,73,1789356785429885753,2026-09-14T03:33:05.429886+00:00,-1,25765632076579,1789356785429885753,1789356785,429885753,-1,-1,-1,-1,3,nan,nan,gnss_stale,nan,nan,nan,nan,nan,nan,nan,-1,0,-1,-1,nan,nan,nan,nan,nan,nan,nan,nan,nan,nan,neo3_stale,0,nan,nan,nan,nan,-1,148.9563057479099,yahboom_calibrated_direct,0,3192,2934,2830,0.017912134529299618,0.545103019765217,0.545397237543934,nan,none:gyro_integral,0,nan,nan,117.432861328125,0.0,-205,-65,2037,-0.9816226806640624,-0.3112462158203125,9.753977563476562,9.808187172095604,0,0,0,0.0,0.0,0.0,0.0,0.0,0.0,0.0,-327,1064,21378,-1.7962646484375,5.8447265625,117.432861328125,nan,nan,,1,0,0,0,0,0,216,216,216,216,873,F4line=0;YAH=864
DIRECT_SERIAL,74,1789356785489752728,2026-09-14T03:33:05.489753+00:00,-1,25765691943870,1789356785489752728,1789356785,489752728,-1,-1,-1,-1,3,nan,nan,gnss_stale,nan,nan,nan,nan,nan,nan,nan,-1,0,-1,-1,nan,nan,nan,nan,nan,nan,nan,nan,nan,nan,neo3_stale,0,nan,nan,nan,nan,-1,148.910328915127,yahboom_calibrated_direct,0,3195,2946,2903,0.0184037650760399,0.5469192198272503,0.5472287744494274,nan,none:gyro_integral,0,nan,nan,117.432861328125,0.0,-205,-62,2040,-0.9816226806640624,-0.296881005859375,9.7683427734375,9.822028403451235,0,0,0,0.0,0.0,0.0,0.0,0.0,0.0,0.0,-327,1064,21378,-1.7962646484375,5.8447265625,117.432861328125,nan,nan,,1,0,0,0,0,0,219,219,219,219,885,F4line=0;YAH=876
DIRECT_SERIAL,75,1789356785549552536,2026-09-14T03:33:05.549553+00:00,-1,25765751743800,1789356785549552536,1789356785,549552536,-1,-1,-1,-1,3,nan,nan,gnss_stale,nan,nan,nan,nan,nan,nan,nan,-1,0,-1,-1,nan,nan,nan,nan,nan,nan,nan,nan,nan,nan,neo3_stale,0,nan,nan,nan,nan,-1,148.71379043439373,yahboom_calibrated_direct,0,3207,2932,2882,0.020173862292197677,0.5448494259975789,0.5452227817412583,nan,none:gyro_integral,0,nan,nan,117.432861328125,0.0,-209,-62,2037,-1.0007762939453124,-0.296881005859375,9.753977563476562,9.809677356109486,0,0,0,0.0,0.0,0.0,0.0,0.0,0.0,0.0,-327,1064,21378,-1.7962646484375,5.8447265625,117.432861328125,nan,nan,,1,0,0,0,0,0,222,222,222,222,897,F4line=0;YAH=888
DIRECT_SERIAL,76,1789356785609472153,2026-09-14T03:33:05.609472+00:00,-1,25765811663154,1789356785609472153,1789356785,609472153,-1,-1,-1,-1,3,nan,nan,gnss_stale,nan,nan,nan,nan,nan,nan,nan,-1,0,-1,-1,nan,nan,nan,nan,nan,nan,nan,nan,nan,nan,neo3_stale,0,nan,nan,nan,nan,-1,148.90972232411204,yahboom_calibrated_direct,0,3195,2943,2853,0.018394260641968765,0.5464675459202598,0.5467770364313739,nan,none:gyro_integral,0,nan,nan,117.432861328125,0.0,-212,-64,2031,-1.01514150390625,-0.3064578125,9.725247143554688,9.782886111317762,0,0,0,0.0,0.0,0.0,0.0,0.0,0.0,0.0,-327,1064,21378,-1.7962646484375,5.8447265625,117.432861328125,nan,nan,,1,0,0,0,0,0,225,225,225,225,909,F4line=0;YAH=900
DIRECT_SERIAL,77,1789356785669356758,2026-09-14T03:33:05.669357+00:00,-1,25765871547661,1789356785669356758,1789356785,669356758,-1,-1,-1,-1,3,nan,nan,gnss_stale,nan,nan,nan,nan,nan,nan,nan,-1,0,-1,-1,nan,nan,nan,nan,nan,nan,nan,nan,nan,nan,neo3_stale,0,nan,nan,nan,nan,-1,149.0212023223477,yahboom_calibrated_direct,0,3188,2936,2827,0.017313653738072688,0.5453914631244492,0.5456662080931797,nan,none:gyro_integral,0,nan,nan,117.432861328125,0.0,-210,-65,2032,-1.005564697265625,-0.3112462158203125,9.730035546875,9.786808790954304,0,0,0,0.0,0.0,0.0,0.0,0.0,0.0,0.0,-327,1064,21378,-1.7962646484375,5.8447265625,117.432861328125,nan,nan,,1,0,0,0,0,0,228,228,228,228,921,F4line=0;YAH=912
DIRECT_SERIAL,78,1789356785729142690,2026-09-14T03:33:05.729143+00:00,-1,25765931334339,1789356785729142690,1789356785,729142690,-1,-1,-1,-1,3,nan,nan,gnss_stale,nan,nan,nan,nan,nan,nan,nan,-1,0,-1,-1,nan,nan,nan,nan,nan,nan,nan,nan,nan,nan,neo3_stale,0,nan,nan,nan,nan,-1,149.0196503580319,yahboom_calibrated_direct,0,3188,2927,2799,0.0172851404358593,0.5440364414034776,0.5443109641141237,nan,none:gyro_integral,0,nan,nan,117.432861328125,0.0,-208,-64,2032,-0.9959878906249999,-0.3064578125,9.730035546875,9.785678311316236,0,0,0,0.0,0.0,0.0,0.0,0.0,0.0,0.0,-327,1064,21378,-1.7962646484375,5.8447265625,117.432861328125,nan,nan,,1,0,0,0,0,0,231,231,231,231,934,F4line=0;YAH=924
DIRECT_SERIAL,79,1789356785788983738,2026-09-14T03:33:05.788984+00:00,-1,25765991174815,1789356785788983738,1789356785,788983738,-1,-1,-1,-1,3,nan,nan,gnss_stale,nan,nan,nan,nan,nan,nan,nan,-1,0,-1,-1,nan,nan,nan,nan,nan,nan,nan,nan,nan,nan,neo3_stale,0,nan,nan,nan,nan,-1,149.13384279325402,yahboom_calibrated_direct,0,3181,2934,2863,0.01624888755762849,0.545068170173623,0.545310312100626,nan,none:gyro_integral,0,nan,nan,117.432861328125,0.0,-205,-64,2034,-0.9816226806640624,-0.3064578125,9.739612353515625,9.793750470314759,0,0,0,0.0,0.0,0.0,0.0,0.0,0.0,0.0,-327,1064,21378,-1.7962646484375,5.8447265625,117.432861328125,nan,nan,,1,0,0,0,0,0,234,234,234,234,946,F4line=0;YAH=936
DIRECT_SERIAL,80,1789356785848883009,2026-09-14T03:33:05.848883+00:00,-1,25766051074450,1789356785848883009,1789356785,848883009,-1,-1,-1,-1,3,nan,nan,gnss_stale,nan,nan,nan,nan,nan,nan,nan,-1,0,-1,-1,nan,nan,nan,nan,nan,nan,nan,nan,nan,nan,neo3_stale,0,nan,nan,nan,nan,-1,149.06752477470155,yahboom_calibrated_direct,0,3185,2923,2823,0.01681885504664203,0.5434247050934191,0.5436849124179827,nan,none:gyro_integral,0,nan,nan,117.432861328125,0.0,-207,-65,2036,-0.9911994873046874,-0.3112462158203125,9.749189160156249,9.804388808640937,0,0,0,0.0,0.0,0.0,0.0,0.0,0.0,0.0,-327,1064,21378,-1.7962646484375,5.8447265625,117.432861328125,nan,nan,,1,0,0,0,0,0,237,237,237,237,958,F4line=0;YAH=948
DIRECT_SERIAL,81,1789356785908783521,2026-09-14T03:33:05.908784+00:00,-1,25766110974711,1789356785908783521,1789356785,908783521,-1,-1,-1,-1,3,nan,nan,gnss_stale,nan,nan,nan,nan,nan,nan,nan,-1,0,-1,-1,nan,nan,nan,nan,nan,nan,nan,nan,nan,nan,neo3_stale,0,nan,nan,nan,nan,-1,149.1666561042773,yahboom_calibrated_direct,0,3179,2938,2831,0.015959151596086154,0.5456640657602294,0.545897396203399,nan,none:gyro_integral,0,nan,nan,117.432861328125,0.0,-213,-64,2037,-1.0199299072265624,-0.3064578125,9.753977563476562,9.811944339186889,0,0,0,0.0,0.0,0.0,0.0,0.0,0.0,0.0,-327,1064,21378,-1.7962646484375,5.8447265625,117.432861328125,nan,nan,,1,0,0,0,0,0,240,240,240,240,970,F4line=0;YAH=960
DIRECT_SERIAL,82,1789356785968606036,2026-09-14T03:33:05.968606+00:00,-1,25766170797005,1789356785968606036,1789356785,968606036,-1,-1,-1,-1,3,nan,nan,gnss_stale,nan,nan,nan,nan,nan,nan,nan,-1,0,-1,-1,nan,nan,nan,nan,nan,nan,nan,nan,nan,nan,neo3_stale,0,nan,nan,nan,nan,-1,149.00648099828416,yahboom_calibrated_direct,0,3189,2944,2781,0.01749020316574762,0.5465990950211144,0.5468788511952902,nan,none:gyro_integral,0,nan,nan,117.432861328125,0.0,-214,-65,2036,-1.024718310546875,-0.3112462158203125,9.749189160156249,9.807834169853232,0,0,0,0.0,0.0,0.0,0.0,0.0,0.0,0.0,-327,1065,21378,-1.7962646484375,5.8502197265625,117.432861328125,nan,nan,,1,0,0,0,0,0,243,243,243,243,982,F4line=0;YAH=972
DIRECT_SERIAL,83,1789356786028480808,2026-09-14T03:33:06.028481+00:00,-1,25766230672073,1789356786028480808,1789356786,28480808,-1,-1,-1,-1,3,nan,nan,gnss_stale,nan,nan,nan,nan,nan,nan,nan,-1,0,-1,-1,nan,nan,nan,nan,nan,nan,nan,nan,nan,nan,neo3_stale,0,nan,nan,nan,nan,-1,149.10275594457772,yahboom_calibrated_direct,0,3183,2942,2774,0.016576641255455344,0.5462789702149784,0.5465304184896292,nan,none:gyro_integral,0,nan,nan,117.432861328125,0.0,-208,-64,2030,-0.9959878906249999,-0.3064578125,9.720458740234374,9.776156012958914,0,0,0,0.0,0.0,0.0,0.0,0.0,0.0,0.0,-327,1065,21378,-1.7962646484375,5.8502197265625,117.432861328125,nan,nan,,1,0,0,0,0,0,246,246,246,246,994,F4line=0;YAH=984
DIRECT_SERIAL,84,1789356786088303798,2026-09-14T03:33:06.088304+00:00,-1,25766290494751,1789356786088303798,1789356786,88303798,-1,-1,-1,-1,3,nan,nan,gnss_stale,nan,nan,nan,nan,nan,nan,nan,-1,0,-1,-1,nan,nan,nan,nan,nan,nan,nan,nan,nan,nan,neo3_stale,0,nan,nan,nan,nan,-1,149.1342655014927,yahboom_calibrated_direct,0,3181,2937,2762,0.016258391991699622,0.5455198440806135,0.5457620686671918,nan,none:gyro_integral,0,nan,nan,117.432861328125,0.0,-205,-64,2033,-0.9816226806640624,-0.3064578125,9.734823950195311,9.78898854935139,0,0,0,0.0,0.0,0.0,0.0,0.0,0.0,0.0,-327,1065,21378,-1.7962646484375,5.8502197265625,117.432861328125,nan,nan,,1,0,0,0,0,0,249,249,249,249,1006,F4line=0;YAH=996
DIRECT_SERIAL,85,1789356786148182843,2026-09-14T03:33:06.148183+00:00,-1,25766350373645,1789356786148182843,1789356786,148182843,-1,-1,-1,-1,3,nan,nan,gnss_stale,nan,nan,nan,nan,nan,nan,nan,-1,0,-1,-1,nan,nan,nan,nan,nan,nan,nan,nan,nan,nan,neo3_stale,0,nan,nan,nan,nan,-1,149.45672407388255,yahboom_calibrated_direct,0,3161,2933,2764,0.013221634009899702,0.5448542493108185,0.5450146462233353,nan,none:gyro_integral,0,nan,nan,117.432861328125,0.0,-206,-63,2034,-0.9864110839843749,-0.3016694091796875,9.739612353515625,9.794082910400352,0,0,0,0.0,0.0,0.0,0.0,0.0,0.0,0.0,-327,1065,21378,-1.7962646484375,5.8502197265625,117.432861328125,nan,nan,,1,0,0,0,0,0,252,252,252,252,1018,F4line=0;YAH=1008
DIRECT_SERIAL,86,1789356786208019707,2026-09-14T03:33:06.208020+00:00,-1,25766410210457,1789356786208019707,1789356786,208019707,-1,-1,-1,-1,3,nan,nan,gnss_stale,nan,nan,nan,nan,nan,nan,nan,-1,0,-1,-1,nan,nan,nan,nan,nan,nan,nan,nan,nan,nan,neo3_stale,0,nan,nan,nan,nan,-1,149.15202530426035,yahboom_calibrated_direct,0,3180,2949,2764,0.016145205457832216,0.5473233715638852,0.5475614492633082,nan,none:gyro_integral,0,nan,nan,117.432861328125,0.0,-213,-65,2039,-1.0199299072265624,-0.3112462158203125,9.763554370117188,9.821615201215739,0,0,0,0.0,0.0,0.0,0.0,0.0,0.0,0.0,-327,1065,21378,-1.7962646484375,5.8502197265625,117.432861328125,nan,nan,,1,0,0,0,0,0,255,255,255,255,1030,F4line=0;YAH=1020
DIRECT_SERIAL,87,1789356786268332242,2026-09-14T03:33:06.268332+00:00,-1,25766470523278,1789356786268332242,1789356786,268332242,-1,-1,-1,-1,3,nan,nan,gnss_stale,nan,nan,nan,nan,nan,nan,nan,-1,0,-1,-1,nan,nan,nan,nan,nan,nan,nan,nan,nan,nan,neo3_stale,0,nan,nan,nan,nan,-1,nan,yahboom_stale,0,nan,nan,nan,nan,nan,nan,nan,imu_stale,0,nan,nan,nan,0.0,nan,nan,nan,nan,nan,nan,nan,nan,nan,nan,nan,nan,nan,nan,nan,nan,nan,nan,nan,nan,nan,nan,nan,nan,nan,,,0,0,0,0,0,256,256,256,256,1036,F4line=0;YAH=1024
DIRECT_SERIAL,88,1789356786328740977,2026-09-14T03:33:06.328741+00:00,-1,25766530932275,1789356786328740977,1789356786,328740977,-1,-1,-1,-1,3,nan,nan,gnss_stale,nan,nan,nan,nan,nan,nan,nan,-1,0,-1,-1,nan,nan,nan,nan,nan,nan,nan,nan,nan,nan,neo3_stale,0,nan,nan,nan,nan,-1,nan,yahboom_stale,0,nan,nan,nan,nan,nan,nan,nan,imu_stale,0,nan,nan,nan,0.0,nan,nan,nan,nan,nan,nan,nan,nan,nan,nan,nan,nan,nan,nan,nan,nan,nan,nan,nan,nan,nan,nan,nan,nan,nan,,,0,0,0,0,0,256,256,256,256,1036,F4line=0;YAH=1024
DIRECT_SERIAL,89,1789356786389083301,2026-09-14T03:33:06.389083+00:00,-1,25766591274527,1789356786389083301,1789356786,389083301,-1,-1,-1,-1,3,nan,nan,gnss_stale,nan,nan,nan,nan,nan,nan,nan,-1,0,-1,-1,nan,nan,nan,nan,nan,nan,nan,nan,nan,nan,neo3_stale,0,nan,nan,nan,nan,-1,nan,yahboom_stale,0,nan,nan,nan,nan,nan,nan,nan,imu_stale,0,nan,nan,nan,0.0,nan,nan,nan,nan,nan,nan,nan,nan,nan,nan,nan,nan,nan,nan,nan,nan,nan,nan,nan,nan,nan,nan,nan,nan,nan,,,0,0,0,0,0,256,256,256,256,1036,F4line=0;YAH=1024
DIRECT_SERIAL,90,1789356786449450356,2026-09-14T03:33:06.449450+00:00,-1,25766651641505,1789356786449450356,1789356786,449450356,-1,-1,-1,-1,3,nan,nan,gnss_stale,nan,nan,nan,nan,nan,nan,nan,-1,0,-1,-1,nan,nan,nan,nan,nan,nan,nan,nan,nan,nan,neo3_stale,0,nan,nan,nan,nan,-1,nan,yahboom_stale,0,nan,nan,nan,nan,nan,nan,nan,imu_stale,0,nan,nan,nan,0.0,nan,nan,nan,nan,nan,nan,nan,nan,nan,nan,nan,nan,nan,nan,nan,nan,nan,nan,nan,nan,nan,nan,nan,nan,nan,,,0,0,0,0,0,256,256,256,256,1036,F4line=0;YAH=1024
DIRECT_SERIAL,91,1789356786509795469,2026-09-14T03:33:06.509796+00:00,-1,25766711986511,1789356786509795469,1789356786,509795469,-1,-1,-1,-1,3,nan,nan,gnss_stale,nan,nan,nan,nan,nan,nan,nan,-1,0,-1,-1,nan,nan,nan,nan,nan,nan,nan,nan,nan,nan,neo3_stale,0,nan,nan,nan,nan,-1,nan,yahboom_stale,0,nan,nan,nan,nan,nan,nan,nan,imu_stale,0,nan,nan,nan,0.0,nan,nan,nan,nan,nan,nan,nan,nan,nan,nan,nan,nan,nan,nan,nan,nan,nan,nan,nan,nan,nan,nan,nan,nan,nan,,,0,0,0,0,0,256,256,256,256,1036,F4line=0;YAH=1024
DIRECT_SERIAL,92,1789356786570141352,2026-09-14T03:33:06.570142+00:00,-1,25766772332949,1789356786570141352,1789356786,570141352,-1,-1,-1,-1,3,nan,nan,gnss_stale,nan,nan,nan,nan,nan,nan,nan,-1,0,-1,-1,nan,nan,nan,nan,nan,nan,nan,nan,nan,nan,neo3_stale,0,nan,nan,nan,nan,-1,nan,yahboom_stale,0,nan,nan,nan,nan,nan,nan,nan,imu_stale,0,nan,nan,nan,0.0,nan,nan,nan,nan,nan,nan,nan,nan,nan,nan,nan,nan,nan,nan,nan,nan,nan,nan,nan,nan,nan,nan,nan,nan,nan,,,0,0,0,0,0,256,256,256,256,1036,F4line=0;YAH=1024
DIRECT_SERIAL,93,1789356786630531446,2026-09-14T03:33:06.630531+00:00,-1,25766832722667,1789356786630531446,1789356786,630531446,-1,-1,-1,-1,3,nan,nan,gnss_stale,nan,nan,nan,nan,nan,nan,nan,-1,0,-1,-1,nan,nan,nan,nan,nan,nan,nan,nan,nan,nan,neo3_stale,0,nan,nan,nan,nan,-1,nan,yahboom_stale,0,nan,nan,nan,nan,nan,nan,nan,imu_stale,0,nan,nan,nan,0.0,nan,nan,nan,nan,nan,nan,nan,nan,nan,nan,nan,nan,nan,nan,nan,nan,nan,nan,nan,nan,nan,nan,nan,nan,nan,,,0,0,0,0,0,256,256,256,256,1036,F4line=0;YAH=1024
DIRECT_SERIAL,94,1789356786690835686,2026-09-14T03:33:06.690836+00:00,-1,25766893026911,1789356786690835686,1789356786,690835686,-1,-1,-1,-1,3,nan,nan,gnss_stale,nan,nan,nan,nan,nan,nan,nan,-1,0,-1,-1,nan,nan,nan,nan,nan,nan,nan,nan,nan,nan,neo3_stale,0,nan,nan,nan,nan,-1,nan,yahboom_stale,0,nan,nan,nan,nan,nan,nan,nan,imu_stale,0,nan,nan,nan,0.0,nan,nan,nan,nan,nan,nan,nan,nan,nan,nan,nan,nan,nan,nan,nan,nan,nan,nan,nan,nan,nan,nan,nan,nan,nan,,,0,0,0,0,0,256,256,256,256,1036,F4line=0;YAH=1024
DIRECT_SERIAL,95,1789356786746880934,2026-09-14T03:33:06.746881+00:00,-1,25766949071777,1789356786746880934,1789356786,746880934,-1,-1,-1,-1,3,nan,nan,gnss_stale,nan,nan,nan,nan,nan,nan,nan,-1,0,-1,-1,nan,nan,nan,nan,nan,nan,nan,nan,nan,nan,neo3_stale,0,nan,nan,nan,nan,-1,nan,yahboom_stale,0,nan,nan,nan,nan,nan,nan,nan,imu_stale,0,nan,nan,nan,0.0,nan,nan,nan,nan,nan,nan,nan,nan,nan,nan,nan,nan,nan,nan,nan,nan,nan,nan,nan,nan,nan,nan,nan,nan,nan,,,0,0,0,0,0,256,256,256,256,1038,F4line=0;YAH=1024
DIRECT_SERIAL,96,1789356786806733683,2026-09-14T03:33:06.806734+00:00,-1,25767008924579,1789356786806733683,1789356786,806733683,-1,-1,-1,-1,3,nan,nan,gnss_stale,nan,nan,nan,nan,nan,nan,nan,-1,0,-1,-1,nan,nan,nan,nan,nan,nan,nan,nan,nan,nan,neo3_stale,0,nan,nan,nan,nan,-1,148.9062659534444,yahboom_calibrated_direct,0,3195,2926,2874,0.01834040218223237,0.5439080604473134,0.5442171887874954,nan,none:gyro_integral,0,nan,nan,117.432861328125,0.0,-208,-64,2033,-0.9959878906249999,-0.3064578125,9.734823950195311,9.790439500370255,0,0,0,0.0,0.0,0.0,0.0,0.0,0.0,0.0,-327,1065,21378,-1.7962646484375,5.8502197265625,117.432861328125,nan,nan,,1,0,0,0,0,0,259,259,259,259,1050,F4line=0;YAH=1036
DIRECT_SERIAL,97,1789356786866611552,2026-09-14T03:33:06.866611+00:00,-1,25767068802407,1789356786866611552,1789356786,866611552,-1,-1,-1,-1,3,nan,nan,gnss_stale,nan,nan,nan,nan,nan,nan,nan,-1,0,-1,-1,nan,nan,nan,nan,nan,nan,nan,nan,nan,nan,neo3_stale,0,nan,nan,nan,nan,-1,148.89051208419724,yahboom_calibrated_direct,0,3196,2928,2886,0.01849794274176504,0.5442123445299974,0.5445266291234196,nan,none:gyro_integral,0,nan,nan,117.432861328125,0.0,-213,-64,2036,-1.0199299072265624,-0.3064578125,9.749189160156249,9.807184238455275,0,0,0,0.0,0.0,0.0,0.0,0.0,0.0,0.0,-327,1065,21378,-1.7962646484375,5.8502197265625,117.432861328125,nan,nan,,1,0,0,0,0,0,262,262,262,262,1062,F4line=0;YAH=1048
DIRECT_SERIAL,98,1789356786926470153,2026-09-14T03:33:06.926470+00:00,-1,25767128661204,1789356786926470153,1789356786,926470153,-1,-1,-1,-1,3,nan,nan,gnss_stale,nan,nan,nan,nan,nan,nan,nan,-1,0,-1,-1,nan,nan,nan,nan,nan,nan,nan,nan,nan,nan,neo3_stale,0,nan,nan,nan,nan,-1,148.81521220792058,yahboom_calibrated_direct,0,3201,2952,2813,0.019329999565093677,0.5478415765093736,0.5481824895374371,nan,none:gyro_integral,0,nan,nan,117.432861328125,0.0,-212,-64,2037,-1.01514150390625,-0.3064578125,9.753977563476562,9.811447751101745,0,0,0,0.0,0.0,0.0,0.0,0.0,0.0,0.0,-327,1065,21378,-1.7962646484375,5.8502197265625,117.432861328125,nan,nan,,1,0,0,0,0,0,265,265,265,265,1074,F4line=0;YAH=1060
DIRECT_SERIAL,99,1789356786986326925,2026-09-14T03:33:06.986327+00:00,-1,25767188517773,1789356786986326925,1789356786,986326925,-1,-1,-1,-1,3,nan,nan,gnss_stale,nan,nan,nan,nan,nan,nan,nan,-1,0,-1,-1,nan,nan,nan,nan,nan,nan,nan,nan,nan,nan,neo3_stale,0,nan,nan,nan,nan,-1,149.0849544712108,yahboom_calibrated_direct,0,3184,2931,2837,0.016692995934013126,0.5446260007007035,0.5448817640116943,nan,none:gyro_integral,0,nan,nan,117.432861328125,0.0,-206,-65,2034,-0.9864110839843749,-0.3112462158203125,9.739612353515625,9.794382565033075,0,0,0,0.0,0.0,0.0,0.0,0.0,0.0,0.0,-327,1065,21378,-1.7962646484375,5.8502197265625,117.432861328125,nan,nan,,1,0,0,0,0,0,268,268,268,268,1086,F4line=0;YAH=1072
DIRECT_SERIAL,100,1789356787046268191,2026-09-14T03:33:07.046268+00:00,-1,25767248458846,1789356787046268191,1789356787,46268191,-1,-1,-1,-1,3,nan,nan,gnss_stale,nan,nan,nan,nan,nan,nan,nan,-1,0,-1,-1,nan,nan,nan,nan,nan,nan,nan,nan,nan,nan,neo3_stale,0,nan,nan,nan,nan,-1,149.3609744566743,yahboom_calibrated_direct,0,3167,2948,2794,0.014176381801166869,0.5471316277139134,0.5473152545342116,nan,none:gyro_integral,0,nan,nan,117.432861328125,0.0,-205,-64,2037,-0.9816226806640624,-0.3064578125,9.753977563476562,9.808036387923964,0,0,0,0.0,0.0,0.0,0.0,0.0,0.0,0.0,-327,1065,21378,-1.7962646484375,5.8502197265625,117.432861328125,nan,nan,,1,0,0,0,0,0,271,271,271,271,1098,F4line=0;YAH=1084
DIRECT_SERIAL,101,1789356787106075260,2026-09-14T03:33:07.106075+00:00,-1,25767308266057,1789356787106075260,1789356787,106075260,-1,-1,-1,-1,3,nan,nan,gnss_stale,nan,nan,nan,nan,nan,nan,nan,-1,0,-1,-1,nan,nan,nan,nan,nan,nan,nan,nan,nan,nan,neo3_stale,0,nan,nan,nan,nan,-1,149.0874178393875,yahboom_calibrated_direct,0,3184,2947,2789,0.016743686249059146,0.547034928204653,0.5472911142208293,nan,none:gyro_integral,0,nan,nan,117.432861328125,0.0,-207,-63,2033,-0.9911994873046874,-0.3016694091796875,9.734823950195311,9.789804808951205,0,0,0,0.0,0.0,0.0,0.0,0.0,0.0,0.0,-327,1065,21378,-1.7962646484375,5.8502197265625,117.432861328125,nan,nan,,1,0,0,0,0,0,274,274,274,274,1110,F4line=0;YAH=1096
DIRECT_SERIAL,102,1789356787165893633,2026-09-14T03:33:07.165894+00:00,-1,25767368084382,1789356787165893633,1789356787,165893633,-1,-1,-1,-1,3,nan,nan,gnss_stale,nan,nan,nan,nan,nan,nan,nan,-1,0,-1,-1,nan,nan,nan,nan,nan,nan,nan,nan,nan,nan,neo3_stale,0,nan,nan,nan,nan,-1,149.26373148926143,yahboom_calibrated_direct,0,3173,2941,2796,0.01506143040924576,0.5460967307990778,0.5463043895809487,nan,none:gyro_integral,0,nan,nan,117.432861328125,0.0,-211,-64,2032,-1.0103531005859374,-0.3064578125,9.730035546875,9.787150837815721,0,0,0,0.0,0.0,0.0,0.0,0.0,0.0,0.0,-327,1065,21378,-1.7962646484375,5.8502197265625,117.432861328125,nan,nan,,1,0,0,0,0,0,277,277,277,277,1122,F4line=0;YAH=1108
DIRECT_SERIAL,103,1789356787225829639,2026-09-14T03:33:07.225830+00:00,-1,25767428020820,1789356787225829639,1789356787,225829639,-1,-1,-1,-1,3,nan,nan,gnss_stale,nan,nan,nan,nan,nan,nan,nan,-1,0,-1,-1,nan,nan,nan,nan,nan,nan,nan,nan,nan,nan,neo3_stale,0,nan,nan,nan,nan,-1,149.1820162200766,yahboom_calibrated_direct,0,3178,2932,2768,0.015788938457791977,0.544757549801558,0.5449863105101089,nan,none:gyro_integral,0,nan,nan,117.432861328125,0.0,-213,-65,2037,-1.0199299072265624,-0.3112462158203125,9.753977563476562,9.812095063304362,0,0,0,0.0,0.0,0.0,0.0,0.0,0.0,0.0,-327,1065,21378,-1.7962646484375,5.8502197265625,117.432861328125,nan,nan,,1,0,0,0,0,0,280,280,280,280,1134,F4line=0;YAH=1120
DIRECT_SERIAL,104,1789356787285726505,2026-09-14T03:33:07.285727+00:00,-1,25767487917606,1789356787285726505,1789356787,285726505,-1,-1,-1,-1,3,nan,nan,gnss_stale,nan,nan,nan,nan,nan,nan,nan,-1,0,-1,-1,nan,nan,nan,nan,nan,nan,nan,nan,nan,nan,neo3_stale,0,nan,nan,nan,nan,-1,148.8745633089474,yahboom_calibrated_direct,0,3197,2929,2770,0.01865231515660734,0.5443660706436847,0.5446855310440571,nan,none:gyro_integral,0,nan,nan,117.432861328125,0.0,-206,-63,2037,-0.9864110839843749,-0.3016694091796875,9.753977563476562,9.808368343809597,0,0,0,0.0,0.0,0.0,0.0,0.0,0.0,0.0,-327,1065,21378,-1.7962646484375,5.8502197265625,117.432861328125,nan,nan,,1,0,0,0,0,0,283,283,283,283,1147,F4line=0;YAH=1132
DIRECT_SERIAL,105,1789356787345523579,2026-09-14T03:33:07.345523+00:00,-1,25767547714356,1789356787345523579,1789356787,345523579,-1,-1,-1,-1,3,nan,nan,gnss_stale,nan,nan,nan,nan,nan,nan,nan,-1,0,-1,-1,nan,nan,nan,nan,nan,nan,nan,nan,nan,nan,neo3_stale,0,nan,nan,nan,nan,-1,148.8900948281733,yahboom_calibrated_direct,0,3196,2926,2759,0.01849160645238429,0.5439112285920038,0.5442254717464563,nan,none:gyro_integral,0,nan,nan,117.432861328125,0.0,-206,-64,2036,-0.9864110839843749,-0.3064578125,9.749189160156249,9.803755020294908,0,0,0,0.0,0.0,0.0,0.0,0.0,0.0,0.0,-327,1065,21378,-1.7962646484375,5.8502197265625,117.432861328125,nan,nan,,1,0,0,0,0,0,286,286,286,286,1159,F4line=0;YAH=1144
DIRECT_SERIAL,106,1789356787405403760,2026-09-14T03:33:07.405404+00:00,-1,25767607594758,1789356787405403760,1789356787,405403760,-1,-1,-1,-1,3,nan,nan,gnss_stale,nan,nan,nan,nan,nan,nan,nan,-1,0,-1,-1,nan,nan,nan,nan,nan,nan,nan,nan,nan,nan,neo3_stale,0,nan,nan,nan,nan,-1,148.82382583210554,yahboom_calibrated_direct,0,3200,2919,2801,0.01907424652015934,0.5428699953877874,0.5432049878017028,nan,none:gyro_integral,0,nan,nan,117.432861328125,0.0,-206,-64,2038,-0.9864110839843749,-0.3064578125,9.758765966796874,9.813278576100979,0,0,0,0.0,0.0,0.0,0.0,0.0,0.0,0.0,-327,1065,21378,-1.7962646484375,5.8502197265625,117.432861328125,nan,nan,,1,0,0,0,0,0,289,289,289,289,1171,F4line=0;YAH=1156
DIRECT_SERIAL,107,1789356787465244890,2026-09-14T03:33:07.465245+00:00,-1,25767667435792,1789356787465244890,1789356787,465244890,-1,-1,-1,-1,3,nan,nan,gnss_stale,nan,nan,nan,nan,nan,nan,nan,-1,0,-1,-1,nan,nan,nan,nan,nan,nan,nan,nan,nan,nan,neo3_stale,0,nan,nan,nan,nan,-1,148.84069481774617,yahboom_calibrated_direct,0,3199,2922,2757,0.018932546684078545,0.5433185011500875,0.5436482640604332,nan,none:gyro_integral,0,nan,nan,117.432861328125,0.0,-212,-62,2034,-1.01514150390625,-0.296881005859375,9.739612353515625,9.796871919207032,0,0,0,0.0,0.0,0.0,0.0,0.0,0.0,0.0,-327,1065,21378,-1.7962646484375,5.8502197265625,117.432861328125,nan,nan,,1,0,0,0,0,0,292,292,292,292,1183,F4line=0;YAH=1168
DIRECT_SERIAL,108,1789356787525129947,2026-09-14T03:33:07.525130+00:00,-1,25767727320931,1789356787525129947,1789356787,525129947,-1,-1,-1,-1,3,nan,nan,gnss_stale,nan,nan,nan,nan,nan,nan,nan,-1,0,-1,-1,nan,nan,nan,nan,nan,nan,nan,nan,nan,nan,neo3_stale,0,nan,nan,nan,nan,-1,148.90442291352377,yahboom_calibrated_direct,0,3195,2917,2744,0.018311888880018983,0.5425530387263419,0.5428619761095278,nan,none:gyro_integral,0,nan,nan,117.432861328125,0.0,-211,-65,2030,-1.0103531005859374,-0.3112462158203125,9.720458740234374,9.777781226603759,0,0,0,0.0,0.0,0.0,0.0,0.0,0.0,0.0,-327,1065,21378,-1.7962646484375,5.8502197265625,117.432861328125,nan,nan,,1,0,0,0,0,0,295,295,295,295,1195,F4line=0;YAH=1180
DIRECT_SERIAL,109,1789356787584963528,2026-09-14T03:33:07.584964+00:00,-1,25767787154419,1789356787584963528,1789356787,584963528,-1,-1,-1,-1,3,nan,nan,gnss_stale,nan,nan,nan,nan,nan,nan,nan,-1,0,-1,-1,nan,nan,nan,nan,nan,nan,nan,nan,nan,nan,neo3_stale,0,nan,nan,nan,nan,-1,148.87307039405604,yahboom_calibrated_direct,0,3197,2922,2775,0.018630138143774705,0.5433121648607068,0.5436314841258588,nan,none:gyro_integral,0,nan,nan,117.432861328125,0.0,-208,-65,2034,-0.9959878906249999,-0.3112462158203125,9.739612353515625,9.795351697712965,0,0,0,0.0,0.0,0.0,0.0,0.0,0.0,0.0,-327,1065,21378,-1.7962646484375,5.8502197265625,117.432861328125,nan,nan,,1,0,0,0,0,0,298,298,298,298,1207,F4line=0;YAH=1192
DIRECT_SERIAL,110,1789356787644835205,2026-09-14T03:33:07.644835+00:00,-1,25767847026261,1789356787644835205,1789356787,644835205,-1,-1,-1,-1,3,nan,nan,gnss_stale,nan,nan,nan,nan,nan,nan,nan,-1,0,-1,-1,nan,nan,nan,nan,nan,nan,nan,nan,nan,nan,neo3_stale,0,nan,nan,nan,nan,-1,148.89092887893872,yahboom_calibrated_direct,0,3196,2930,2777,0.018504279031145796,0.5445134604679912,0.5448277865282654,nan,none:gyro_integral,0,nan,nan,117.432861328125,0.0,-205,-63,2035,-0.9816226806640624,-0.3016694091796875,9.744400756835937,9.798363824101129,0,0,0,0.0,0.0,0.0,0.0,0.0,0.0,0.0,-327,1065,21378,-1.7962646484375,5.8502197265625,117.432861328125,nan,nan,,1,0,0,0,0,0,301,301,301,301,1219,F4line=0;YAH=1204
DIRECT_SERIAL,111,1789356787704664006,2026-09-14T03:33:07.704664+00:00,-1,25767906854722,1789356787704664006,1789356787,704664006,-1,-1,-1,-1,3,nan,nan,gnss_stale,nan,nan,nan,nan,nan,nan,nan,-1,0,-1,-1,nan,nan,nan,nan,nan,nan,nan,nan,nan,nan,neo3_stale,0,nan,nan,nan,nan,-1,149.00418889800392,yahboom_calibrated_direct,0,3189,2931,2815,0.017449017284772727,0.5446418414241554,0.5449212820528293,nan,none:gyro_integral,0,nan,nan,117.432861328125,0.0,-207,-63,2036,-0.9911994873046874,-0.3016694091796875,9.749189160156249,9.804089459841542,0,0,0,0.0,0.0,0.0,0.0,0.0,0.0,0.0,-327,1065,21378,-1.7962646484375,5.8502197265625,117.432861328125,nan,nan,,1,0,0,0,0,0,304,304,304,304,1231,F4line=0;YAH=1216
DIRECT_SERIAL,112,1789356787764609467,2026-09-14T03:33:07.764610+00:00,-1,25767966800941,1789356787764609467,1789356787,764609467,-1,-1,-1,-1,3,nan,nan,gnss_stale,nan,nan,nan,nan,nan,nan,nan,-1,0,-1,-1,nan,nan,nan,nan,nan,nan,nan,nan,nan,nan,neo3_stale,0,nan,nan,nan,nan,-1,149.24574846042955,yahboom_calibrated_direct,0,3174,2924,2835,0.015158776219661283,0.5435404134708218,0.5437517536270662,nan,none:gyro_integral,0,nan,nan,117.432861328125,0.0,-212,-66,2037,-1.01514150390625,-0.316034619140625,9.753977563476562,9.811751549150262,0,0,0,0.0,0.0,0.0,0.0,0.0,0.0,0.0,-327,1065,21378,-1.7962646484375,5.8502197265625,117.432861328125,nan,nan,,1,0,0,0,0,0,307,307,307,307,1244,F4line=0;YAH=1228
DIRECT_SERIAL,113,1789356787824460239,2026-09-14T03:33:07.824460+00:00,-1,25768026651072,1789356787824460239,1789356787,824460239,-1,-1,-1,-1,3,nan,nan,gnss_stale,nan,nan,nan,nan,nan,nan,nan,-1,0,-1,-1,nan,nan,nan,nan,nan,nan,nan,nan,nan,nan,neo3_stale,0,nan,nan,nan,nan,-1,148.92323588921752,yahboom_calibrated_direct,0,3194,2930,2844,0.018201870490841956,0.5445071241786105,0.5448112667434716,nan,none:gyro_integral,0,nan,nan,117.432861328125,0.0,-212,-63,2038,-1.01514150390625,-0.3016694091796875,9.758765966796874,9.816059795055285,0,0,0,0.0,0.0,0.0,0.0,0.0,0.0,0.0,-327,1065,21378,-1.7962646484375,5.8502197265625,117.432861328125,nan,nan,,1,0,0,0,0,0,310,310,310,310,1256,F4line=0;YAH=1240
DIRECT_SERIAL,114,1789356787884310099,2026-09-14T03:33:07.884310+00:00,-1,25768086501389,1789356787884310099,1789356787,884310099,-1,-1,-1,-1,3,nan,nan,gnss_stale,nan,nan,nan,nan,nan,nan,nan,-1,0,-1,-1,nan,nan,nan,nan,nan,nan,nan,nan,nan,nan,neo3_stale,0,nan,nan,nan,nan,-1,149.0346397915191,yahboom_calibrated_direct,0,3187,2920,2843,0.017111759152874745,0.5429793674758093,0.5432489353930995,nan,none:gyro_integral,0,nan,nan,117.432861328125,0.0,-210,-64,2033,-1.005564697265625,-0.3064578125,9.734823950195311,9.79141839022955,0,0,0,0.0,0.0,0.0,0.0,0.0,0.0,0.0,-327,1065,21378,-1.7962646484375,5.8502197265625,117.432861328125,nan,nan,,1,0,0,0,0,0,313,313,313,313,1268,F4line=0;YAH=1252
DIRECT_SERIAL,115,1789356787944143571,2026-09-14T03:33:07.944144+00:00,-1,25768146334427,1789356787944143571,1789356787,944143571,-1,-1,-1,-1,3,nan,nan,gnss_stale,nan,nan,nan,nan,nan,nan,nan,-1,0,-1,-1,nan,nan,nan,nan,nan,nan,nan,nan,nan,nan,neo3_stale,0,nan,nan,nan,nan,-1,149.10020641270677,yahboom_calibrated_direct,0,3183,2925,2852,0.016522782795718945,0.543719484742032,0.5439704775440073,nan,none:gyro_integral,0,nan,nan,117.432861328125,0.0,-204,-64,2029,-0.97683427734375,-0.3064578125,9.715670336914062,9.769461177149319,0,0,0,0.0,0.0,0.0,0.0,0.0,0.0,0.0,-327,1065,21378,-1.7962646484375,5.8502197265625,117.432861328125,nan,nan,,1,0,0,0,0,0,316,316,316,316,1280,F4line=0;YAH=1264
DIRECT_SERIAL,116,1789356788003995998,2026-09-14T03:33:08.003996+00:00,-1,25768206187438,1789356788003995998,1789356788,3995998,-1,-1,-1,-1,3,nan,nan,gnss_stale,nan,nan,nan,nan,nan,nan,nan,-1,0,-1,-1,nan,nan,nan,nan,nan,nan,nan,nan,nan,nan,neo3_stale,0,nan,nan,nan,nan,-1,149.1483410862503,yahboom_calibrated_direct,0,3180,2922,2850,0.016059665551192055,0.5432583064009704,0.5434956304619816,nan,none:gyro_integral,0,nan,nan,117.432861328125,0.0,-204,-64,2037,-0.97683427734375,-0.3064578125,9.753977563476562,9.807558304952368,0,0,0,0.0,0.0,0.0,0.0,0.0,0.0,0.0,-327,1065,21378,-1.7962646484375,5.8502197265625,117.432861328125,nan,nan,,1,0,0,0,0,0,319,319,319,319,1292,F4line=0;YAH=1276
DIRECT_SERIAL,117,1789356788063980872,2026-09-14T03:33:08.063981+00:00,-1,25768266172213,1789356788063980872,1789356788,63980872,-1,-1,-1,-1,3,nan,nan,gnss_stale,nan,nan,nan,nan,nan,nan,nan,-1,0,-1,-1,nan,nan,nan,nan,nan,nan,nan,nan,nan,nan,neo3_stale,0,nan,nan,nan,nan,-1,149.1653342954609,yahboom_calibrated_direct,0,3179,2928,2894,0.01592747014918239,0.544158486070261,0.5443915339786536,nan,none:gyro_integral,0,nan,nan,117.432861328125,0.0,-209,-63,2038,-1.0007762939453124,-0.3016694091796875,9.758765966796874,9.81458459730572,0,0,0,0.0,0.0,0.0,0.0,0.0,0.0,0.0,-327,1065,21378,-1.7962646484375,5.8502197265625,117.432861328125,nan,nan,,1,0,0,0,0,0,322,322,322,322,1304,F4line=0;YAH=1288
DIRECT_SERIAL,118,1789356788123824394,2026-09-14T03:33:08.123824+00:00,-1,25768326015532,1789356788123824394,1789356788,123824394,-1,-1,-1,-1,3,nan,nan,gnss_stale,nan,nan,nan,nan,nan,nan,nan,-1,0,-1,-1,nan,nan,nan,nan,nan,nan,nan,nan,nan,nan,neo3_stale,0,nan,nan,nan,nan,-1,149.2309329913105,yahboom_calibrated_direct,0,3175,2936,2921,0.015347998226097719,0.5453502772434743,0.5455662067422089,nan,none:gyro_integral,0,nan,nan,117.432861328125,0.0,-214,-65,2038,-1.024718310546875,-0.3112462158203125,9.758765966796874,9.817353768584763,0,0,0,0.0,0.0,0.0,0.0,0.0,0.0,0.0,-327,1065,21378,-1.7962646484375,5.8502197265625,117.432861328125,nan,nan,,1,0,0,0,0,0,325,325,325,325,1316,F4line=0;YAH=1300
DIRECT_SERIAL,119,1789356788183650362,2026-09-14T03:33:08.183650+00:00,-1,25768385841410,1789356788183650362,1789356788,183650362,-1,-1,-1,-1,3,nan,nan,gnss_stale,nan,nan,nan,nan,nan,nan,nan,-1,0,-1,-1,nan,nan,nan,nan,nan,nan,nan,nan,nan,nan,neo3_stale,0,nan,nan,nan,nan,-1,149.11915148536093,yahboom_calibrated_direct,0,3182,2944,2853,0.016431773274684175,0.5465769180082818,0.5468238568976144,nan,none:gyro_integral,0,nan,nan,117.432861328125,0.0,-213,-65,2037,-1.0199299072265624,-0.3112462158203125,9.753977563476562,9.812095063304362,0,0,0,0.0,0.0,0.0,0.0,0.0,0.0,0.0,-327,1065,21378,-1.7962646484375,5.8502197265625,117.432861328125,nan,nan,,1,0,0,0,0,0,328,328,328,328,1328,F4line=0;YAH=1312
DIRECT_SERIAL,120,1789356788243511483,2026-09-14T03:33:08.243511+00:00,-1,25768445702421,1789356788243511483,1789356788,243511483,-1,-1,-1,-1,3,nan,nan,gnss_stale,nan,nan,nan,nan,nan,nan,nan,-1,0,-1,-1,nan,nan,nan,nan,nan,nan,nan,nan,nan,nan,neo3_stale,0,nan,nan,nan,nan,-1,148.98930461223958,yahboom_calibrated_direct,0,3190,2938,2846,0.017622398567757283,0.5456989153518236,0.5459833835818061,nan,none:gyro_integral,0,nan,nan,117.432861328125,0.0,-205,-64,2034,-0.9816226806640624,-0.3064578125,9.739612353515625,9.793750470314759,0,0,0,0.0,0.0,0.0,0.0,0.0,0.0,0.0,-327,1065,21378,-1.7962646484375,5.8502197265625,117.432861328125,nan,nan,,1,0,0,0,0,0,331,331,331,331,1340,F4line=0;YAH=1324
DIRECT_SERIAL,121,1789356788303395810,2026-09-14T03:33:08.303396+00:00,-1,25768505586703,1789356788303395810,1789356788,303395810,-1,-1,-1,-1,3,nan,nan,gnss_stale,nan,nan,nan,nan,nan,nan,nan,-1,0,-1,-1,nan,nan,nan,nan,nan,nan,nan,nan,nan,nan,neo3_stale,0,nan,nan,nan,nan,-1,148.7795432611867,yahboom_calibrated_direct,0,3203,2937,2842,0.019584885935041874,0.5455895432638017,0.5459409468760265,nan,none:gyro_integral,0,nan,nan,117.432861328125,0.0,-205,-65,2033,-0.9816226806640624,-0.3112462158203125,9.734823950195311,9.789139626920887,0,0,0,0.0,0.0,0.0,0.0,0.0,0.0,0.0,-327,1065,21378,-1.7962646484375,5.8502197265625,117.432861328125,nan,nan,,1,0,0,0,0,0,334,334,334,334,1353,F4line=0;YAH=1336
DIRECT_SERIAL,122,1789356788363274549,2026-09-14T03:33:08.363275+00:00,-1,25768565465505,1789356788363274549,1789356788,363274549,-1,-1,-1,-1,3,nan,nan,gnss_stale,nan,nan,nan,nan,nan,nan,nan,-1,0,-1,-1,nan,nan,nan,nan,nan,nan,nan,nan,nan,nan,neo3_stale,0,nan,nan,nan,nan,-1,149.0514996621894,yahboom_calibrated_direct,0,3186,2924,2847,0.01697322746148433,0.5435784312071064,0.5438433610186284,nan,none:gyro_integral,0,nan,nan,117.432861328125,0.0,-205,-64,2034,-0.9816226806640624,-0.3064578125,9.739612353515625,9.793750470314759,0,0,0,0.0,0.0,0.0,0.0,0.0,0.0,0.0,-327,1065,21378,-1.7962646484375,5.8502197265625,117.432861328125,nan,nan,,1,0,0,0,0,0,337,337,337,337,1365,F4line=0;YAH=1348
DIRECT_SERIAL,123,1789356788423132846,2026-09-14T03:33:08.423133+00:00,-1,25768625323810,1789356788423132846,1789356788,423132846,-1,-1,-1,-1,3,nan,nan,gnss_stale,nan,nan,nan,nan,nan,nan,nan,-1,0,-1,-1,nan,nan,nan,nan,nan,nan,nan,nan,nan,nan,neo3_stale,0,nan,nan,nan,nan,-1,149.1320029351575,yahboom_calibrated_direct,0,3181,2921,2872,0.0162077016766536,0.5431109165766639,0.543352700645155,nan,none:gyro_integral,0,nan,nan,117.432861328125,0.0,-214,-63,2035,-1.024718310546875,-0.3016694091796875,9.744400756835937,9.802775023340565,0,0,0,0.0,0.0,0.0,0.0,0.0,0.0,0.0,-327,1065,21378,-1.7962646484375,5.8502197265625,117.432861328125,nan,nan,,1,0,0,0,0,0,340,340,340,340,1377,F4line=0;YAH=1360
DIRECT_SERIAL,124,1789356788483249715,2026-09-14T03:33:08.483250+00:00,-1,25768685440953,1789356788483249715,1789356788,483249715,-1,-1,-1,-1,3,nan,nan,gnss_stale,nan,nan,nan,nan,nan,nan,nan,-1,0,-1,-1,nan,nan,nan,nan,nan,nan,nan,nan,nan,nan,neo3_stale,0,nan,nan,nan,nan,-1,nan,yahboom_stale,0,nan,nan,nan,nan,nan,nan,nan,imu_stale,0,nan,nan,nan,0.0,nan,nan,nan,nan,nan,nan,nan,nan,nan,nan,nan,nan,nan,nan,nan,nan,nan,nan,nan,nan,nan,nan,nan,nan,nan,,,0,0,0,0,0,341,342,342,342,1385,F4line=0;YAH=1367
DIRECT_SERIAL,125,1789356788543612086,2026-09-14T03:33:08.543612+00:00,-1,25768745803200,1789356788543612086,1789356788,543612086,-1,-1,-1,-1,3,nan,nan,gnss_stale,nan,nan,nan,nan,nan,nan,nan,-1,0,-1,-1,nan,nan,nan,nan,nan,nan,nan,nan,nan,nan,neo3_stale,0,nan,nan,nan,nan,-1,nan,yahboom_stale,0,nan,nan,nan,nan,nan,nan,nan,imu_stale,0,nan,nan,nan,0.0,nan,nan,nan,nan,nan,nan,nan,nan,nan,nan,nan,nan,nan,nan,nan,nan,nan,nan,nan,nan,nan,nan,nan,nan,nan,,,0,0,0,0,0,341,342,342,342,1385,F4line=0;YAH=1367
DIRECT_SERIAL,126,1789356788603970428,2026-09-14T03:33:08.603970+00:00,-1,25768806161560,1789356788603970428,1789356788,603970428,-1,-1,-1,-1,3,nan,nan,gnss_stale,nan,nan,nan,nan,nan,nan,nan,-1,0,-1,-1,nan,nan,nan,nan,nan,nan,nan,nan,nan,nan,neo3_stale,0,nan,nan,nan,nan,-1,nan,yahboom_stale,0,nan,nan,nan,nan,nan,nan,nan,imu_stale,0,nan,nan,nan,0.0,nan,nan,nan,nan,nan,nan,nan,nan,nan,nan,nan,nan,nan,nan,nan,nan,nan,nan,nan,nan,nan,nan,nan,nan,nan,,,0,0,0,0,0,341,342,342,342,1385,F4line=0;YAH=1367
DIRECT_SERIAL,127,1789356788664327781,2026-09-14T03:33:08.664328+00:00,-1,25768866519302,1789356788664327781,1789356788,664327781,-1,-1,-1,-1,3,nan,nan,gnss_stale,nan,nan,nan,nan,nan,nan,nan,-1,0,-1,-1,nan,nan,nan,nan,nan,nan,nan,nan,nan,nan,neo3_stale,0,nan,nan,nan,nan,-1,nan,yahboom_stale,0,nan,nan,nan,nan,nan,nan,nan,imu_stale,0,nan,nan,nan,0.0,nan,nan,nan,nan,nan,nan,nan,nan,nan,nan,nan,nan,nan,nan,nan,nan,nan,nan,nan,nan,nan,nan,nan,nan,nan,,,0,0,0,0,0,341,342,342,342,1385,F4line=0;YAH=1367
DIRECT_SERIAL,128,1789356788724736506,2026-09-14T03:33:08.724736+00:00,-1,25768926927665,1789356788724736506,1789356788,724736506,-1,-1,-1,-1,3,nan,nan,gnss_stale,nan,nan,nan,nan,nan,nan,nan,-1,0,-1,-1,nan,nan,nan,nan,nan,nan,nan,nan,nan,nan,neo3_stale,0,nan,nan,nan,nan,-1,nan,yahboom_stale,0,nan,nan,nan,nan,nan,nan,nan,imu_stale,0,nan,nan,nan,0.0,nan,nan,nan,nan,nan,nan,nan,nan,nan,nan,nan,nan,nan,nan,nan,nan,nan,nan,nan,nan,nan,nan,nan,nan,nan,,,0,0,0,0,0,341,342,342,342,1385,F4line=0;YAH=1367
DIRECT_SERIAL,129,1789356788785399732,2026-09-14T03:33:08.785400+00:00,-1,25768987590834,1789356788785399732,1789356788,785399732,-1,-1,-1,-1,3,nan,nan,gnss_stale,nan,nan,nan,nan,nan,nan,nan,-1,0,-1,-1,nan,nan,nan,nan,nan,nan,nan,nan,nan,nan,neo3_stale,0,nan,nan,nan,nan,-1,nan,yahboom_stale,0,nan,nan,nan,nan,nan,nan,nan,imu_stale,0,nan,nan,nan,0.0,nan,nan,nan,nan,nan,nan,nan,nan,nan,nan,nan,nan,nan,nan,nan,nan,nan,nan,nan,nan,nan,nan,nan,nan,nan,,,0,0,0,0,0,341,342,342,342,1386,F4line=0;YAH=1367
DIRECT_SERIAL,130,1789356788845817903,2026-09-14T03:33:08.845818+00:00,-1,25769048008938,1789356788845817903,1789356788,845817903,-1,-1,-1,-1,3,nan,nan,gnss_stale,nan,nan,nan,nan,nan,nan,nan,-1,0,-1,-1,nan,nan,nan,nan,nan,nan,nan,nan,nan,nan,neo3_stale,0,nan,nan,nan,nan,-1,nan,yahboom_stale,0,nan,nan,nan,nan,nan,nan,nan,imu_stale,0,nan,nan,nan,0.0,nan,nan,nan,nan,nan,nan,nan,nan,nan,nan,nan,nan,nan,nan,nan,nan,nan,nan,nan,nan,nan,nan,nan,nan,nan,,,0,0,0,0,0,341,342,342,342,1386,F4line=0;YAH=1367
DIRECT_SERIAL,131,1789356788906134921,2026-09-14T03:33:08.906135+00:00,-1,25769108326095,1789356788906134921,1789356788,906134921,-1,-1,-1,-1,3,nan,nan,gnss_stale,nan,nan,nan,nan,nan,nan,nan,-1,0,-1,-1,nan,nan,nan,nan,nan,nan,nan,nan,nan,nan,neo3_stale,0,nan,nan,nan,nan,-1,nan,yahboom_stale,0,nan,nan,nan,nan,nan,nan,nan,imu_stale,0,nan,nan,nan,0.0,nan,nan,nan,nan,nan,nan,nan,nan,nan,nan,nan,nan,nan,nan,nan,nan,nan,nan,nan,nan,nan,nan,nan,nan,nan,,,0,0,0,0,0,341,342,342,342,1386,F4line=0;YAH=1367
DIRECT_SERIAL,132,1789356788966494116,2026-09-14T03:33:08.966494+00:00,-1,25769168685787,1789356788966494116,1789356788,966494116,-1,-1,-1,-1,3,nan,nan,gnss_stale,nan,nan,nan,nan,nan,nan,nan,-1,0,-1,-1,nan,nan,nan,nan,nan,nan,nan,nan,nan,nan,neo3_stale,0,nan,nan,nan,nan,-1,nan,yahboom_stale,0,nan,nan,nan,nan,nan,nan,nan,imu_stale,0,nan,nan,nan,0.0,nan,nan,nan,nan,nan,nan,nan,nan,nan,nan,nan,nan,nan,nan,nan,nan,nan,nan,nan,nan,nan,nan,nan,nan,nan,,,0,0,0,0,0,341,342,342,342,1386,F4line=0;YAH=1367
DIRECT_SERIAL,133,1789356789021821196,2026-09-14T03:33:09.021821+00:00,-1,25769224012014,1789356789021821196,1789356789,21821196,-1,-1,-1,-1,3,nan,nan,gnss_stale,nan,nan,nan,nan,nan,nan,nan,-1,0,-1,-1,nan,nan,nan,nan,nan,nan,nan,nan,nan,nan,neo3_stale,0,nan,nan,nan,nan,-1,149.03666170051332,yahboom_calibrated_direct,0,3187,2932,2761,0.017149776889159262,0.5447860631037714,0.5450559323587391,nan,none:gyro_integral,0,nan,nan,117.432861328125,0.0,-211,-64,2032,-1.0103531005859374,-0.3064578125,9.730035546875,9.787150837815721,0,0,0,0.0,0.0,0.0,0.0,0.0,0.0,0.0,-327,1064,21378,-1.7962646484375,5.8447265625,117.432861328125,nan,nan,,1,0,0,0,0,0,343,344,344,344,1395,F4line=0;YAH=1375
DIRECT_SERIAL,134,1789356789081722738,2026-09-14T03:33:09.081723+00:00,-1,25769283913926,1789356789081722738,1789356789,81722738,-1,-1,-1,-1,3,nan,nan,gnss_stale,nan,nan,nan,nan,nan,nan,nan,-1,0,-1,-1,nan,nan,nan,nan,nan,nan,nan,nan,nan,nan,neo3_stale,0,nan,nan,nan,nan,-1,149.05297378697378,yahboom_calibrated_direct,0,3186,2933,2777,0.017001740763697717,0.5449334529280779,0.5451986127175249,nan,none:gyro_integral,0,nan,nan,117.432861328125,0.0,-214,-66,2033,-1.024718310546875,-0.316034619140625,9.734823950195311,9.793708329216347,0,0,0,0.0,0.0,0.0,0.0,0.0,0.0,0.0,-327,1064,21378,-1.7962646484375,5.8447265625,117.432861328125,nan,nan,,1,0,0,0,0,0,346,347,347,347,1407,F4line=0;YAH=1387
DIRECT_SERIAL,135,1789356789141535331,2026-09-14T03:33:09.141535+00:00,-1,25769343726207,1789356789141535331,1789356789,141535331,-1,-1,-1,-1,3,nan,nan,gnss_stale,nan,nan,nan,nan,nan,nan,nan,-1,0,-1,-1,nan,nan,nan,nan,nan,nan,nan,nan,nan,nan,neo3_stale,0,nan,nan,nan,nan,-1,149.18252682547538,yahboom_calibrated_direct,0,3178,2936,2837,0.015801611036553483,0.5453597816775454,0.5455886567577541,nan,none:gyro_integral,0,nan,nan,117.432861328125,0.0,-210,-65,2041,-1.005564697265625,-0.3112462158203125,9.773131176757811,9.829655516108634,0,0,0,0.0,0.0,0.0,0.0,0.0,0.0,0.0,-327,1064,21378,-1.7962646484375,5.8447265625,117.432861328125,nan,nan,,1,0,0,0,0,0,349,350,350,350,1419,F4line=0;YAH=1399
DIRECT_SERIAL,136,1789356789201473816,2026-09-14T03:33:09.201474+00:00,-1,25769403664897,1789356789201473816,1789356789,201473816,-1,-1,-1,-1,3,nan,nan,gnss_stale,nan,nan,nan,nan,nan,nan,nan,-1,0,-1,-1,nan,nan,nan,nan,nan,nan,nan,nan,nan,nan,neo3_stale,0,nan,nan,nan,nan,-1,149.11726395477817,yahboom_calibrated_direct,0,3182,2931,2830,0.016390587393709282,0.5446196644113228,0.5448662498435857,nan,none:gyro_integral,0,nan,nan,117.432861328125,0.0,-204,-63,2039,-0.97683427734375,-0.3016694091796875,9.763554370117188,9.816934530496928,0,0,0,0.0,0.0,0.0,0.0,0.0,0.0,0.0,-327,1064,21378,-1.7962646484375,5.8447265625,117.432861328125,nan,nan,,1,0,0,0,0,0,352,353,353,353,1431,F4line=0;YAH=1411
DIRECT_SERIAL,137,1789356789261362781,2026-09-14T03:33:09.261363+00:00,-1,25769463554328,1789356789261362781,1789356789,261362781,-1,-1,-1,-1,3,nan,nan,gnss_stale,nan,nan,nan,nan,nan,nan,nan,-1,0,-1,-1,nan,nan,nan,nan,nan,nan,nan,nan,nan,nan,neo3_stale,0,nan,nan,nan,nan,-1,149.21621574353674,yahboom_calibrated_direct,0,3176,2948,2814,0.015537220232534156,0.5471601410161268,0.5473806948818546,nan,none:gyro_integral,0,nan,nan,117.432861328125,0.0,-205,-65,2032,-0.9816226806640624,-0.3112462158203125,9.730035546875,9.784377805333747,0,0,0,0.0,0.0,0.0,0.0,0.0,0.0,0.0,-328,1064,21378,-1.8017578125,5.8447265625,117.432861328125,nan,nan,,1,0,0,0,0,0,355,356,356,356,1443,F4line=0;YAH=1423
DIRECT_SERIAL,138,1789356789321160359,2026-09-14T03:33:09.321161+00:00,-1,25769523351261,1789356789321160359,1789356789,321160359,-1,-1,-1,-1,3,nan,nan,gnss_stale,nan,nan,nan,nan,nan,nan,nan,-1,0,-1,-1,nan,nan,nan,nan,nan,nan,nan,nan,nan,nan,neo3_stale,0,nan,nan,nan,nan,-1,149.2311611745604,yahboom_calibrated_direct,0,3175,2938,2834,0.015354334515478473,0.5456513931814679,0.5458673817597917,nan,none:gyro_integral,0,nan,nan,117.432861328125,0.0,-209,-66,2034,-1.0007762939453124,-0.316034619140625,9.739612353515625,9.795993051639657,0,0,0,0.0,0.0,0.0,0.0,0.0,0.0,0.0,-327,1064,21378,-1.7962646484375,5.8447265625,117.432861328125,nan,nan,,1,0,0,0,0,0,358,359,359,359,1456,F4line=0;YAH=1435
DIRECT_SERIAL,139,1789356789381009669,2026-09-14T03:33:09.381010+00:00,-1,25769583200599,1789356789381009669,1789356789,381009669,-1,-1,-1,-1,3,nan,nan,gnss_stale,nan,nan,nan,nan,nan,nan,nan,-1,0,-1,-1,nan,nan,nan,nan,nan,nan,nan,nan,nan,nan,neo3_stale,0,nan,nan,nan,nan,-1,149.246299859443,yahboom_calibrated_direct,0,3174,2929,2876,0.015174616943113164,0.544293203315806,0.5445046925189456,nan,none:gyro_integral,0,nan,nan,117.432861328125,0.0,-213,-64,2033,-1.0199299072265624,-0.3064578125,9.734823950195311,9.792904101837907,0,0,0,0.0,0.0,0.0,0.0,0.0,0.0,0.0,-327,1064,21378,-1.7962646484375,5.8447265625,117.432861328125,nan,nan,,1,0,0,0,0,0,361,362,362,362,1468,F4line=0;YAH=1447
DIRECT_SERIAL,140,1789356789440889876,2026-09-14T03:33:09.440890+00:00,-1,25769643080744,1789356789440889876,1789356789,440889876,-1,-1,-1,-1,3,nan,nan,gnss_stale,nan,nan,nan,nan,nan,nan,nan,-1,0,-1,-1,nan,nan,nan,nan,nan,nan,nan,nan,nan,nan,neo3_stale,0,nan,nan,nan,nan,-1,149.27751971173225,yahboom_calibrated_direct,0,3172,2918,2860,0.014837358811215184,0.5426307293674599,0.5428335432435566,nan,none:gyro_integral,0,nan,nan,117.432861328125,0.0,-212,-64,2030,-1.01514150390625,-0.3064578125,9.720458740234374,9.778125934165205,0,0,0,0.0,0.0,0.0,0.0,0.0,0.0,0.0,-327,1064,21378,-1.7962646484375,5.8447265625,117.432861328125,nan,nan,,1,0,0,0,0,0,364,365,365,365,1480,F4line=0;YAH=1459
DIRECT_SERIAL,141,1789356789500795625,2026-09-14T03:33:09.500796+00:00,-1,25769702986833,1789356789500795625,1789356789,500795625,-1,-1,-1,-1,3,nan,nan,gnss_stale,nan,nan,nan,nan,nan,nan,nan,-1,0,-1,-1,nan,nan,nan,nan,nan,nan,nan,nan,nan,nan,neo3_stale,0,nan,nan,nan,nan,-1,149.0514996621894,yahboom_calibrated_direct,0,3186,2924,2806,0.01697322746148433,0.5435784312071064,0.5438433610186284,nan,none:gyro_integral,0,nan,nan,117.432861328125,0.0,-206,-65,2034,-0.9864110839843749,-0.3112462158203125,9.739612353515625,9.794382565033075,0,0,0,0.0,0.0,0.0,0.0,0.0,0.0,0.0,-327,1064,21378,-1.7962646484375,5.8447265625,117.432861328125,nan,nan,,1,0,0,0,0,0,367,368,368,368,1492,F4line=0;YAH=1471
DIRECT_SERIAL,142,1789356789560651807,2026-09-14T03:33:09.560652+00:00,-1,25769762842803,1789356789560651807,1789356789,560651807,-1,-1,-1,-1,3,nan,nan,gnss_stale,nan,nan,nan,nan,nan,nan,nan,-1,0,-1,-1,nan,nan,nan,nan,nan,nan,nan,nan,nan,nan,neo3_stale,0,nan,nan,nan,nan,-1,149.1021582058251,yahboom_calibrated_direct,0,3183,2938,2876,0.016563968676693838,0.545676738338991,0.5459280793498372,nan,none:gyro_integral,0,nan,nan,117.432861328125,0.0,-203,-63,2039,-0.9720458740234375,-0.3016694091796875,9.763554370117188,9.816459216635867,0,0,0,0.0,0.0,0.0,0.0,0.0,0.0,0.0,-327,1065,21378,-1.7962646484375,5.8502197265625,117.432861328125,nan,nan,,1,0,0,0,0,0,370,371,371,371,1504,F4line=0;YAH=1483
DIRECT_SERIAL,143,1789356789620502501,2026-09-14T03:33:09.620502+00:00,-1,25769822693429,1789356789620502501,1789356789,620502501,-1,-1,-1,-1,3,nan,nan,gnss_stale,nan,nan,nan,nan,nan,nan,nan,-1,0,-1,-1,nan,nan,nan,nan,nan,nan,nan,nan,nan,nan,neo3_stale,0,nan,nan,nan,nan,-1,149.05297378697378,yahboom_calibrated_direct,0,3186,2933,2866,0.017001740763697717,0.5449334529280779,0.5451986127175249,nan,none:gyro_integral,0,nan,nan,117.432861328125,0.0,-209,-64,2039,-1.0007762939453124,-0.3064578125,9.763554370117188,9.81949405619249,0,0,0,0.0,0.0,0.0,0.0,0.0,0.0,0.0,-327,1065,21378,-1.7962646484375,5.8502197265625,117.432861328125,nan,nan,,1,0,0,0,0,0,373,374,374,374,1516,F4line=0;YAH=1495
DIRECT_SERIAL,144,1789356789680345008,2026-09-14T03:33:09.680345+00:00,-1,25769882536304,1789356789680345008,1789356789,680345008,-1,-1,-1,-1,3,nan,nan,gnss_stale,nan,nan,nan,nan,nan,nan,nan,-1,0,-1,-1,nan,nan,nan,nan,nan,nan,nan,nan,nan,nan,neo3_stale,0,nan,nan,nan,nan,-1,149.15080332589602,yahboom_calibrated_direct,0,3180,2940,2802,0.01611669215561883,0.5459683498429136,0.5462061760875953,nan,none:gyro_integral,0,nan,nan,117.432861328125,0.0,-213,-65,2033,-1.0199299072265624,-0.3112462158203125,9.734823950195311,9.793055119002133,0,0,0,0.0,0.0,0.0,0.0,0.0,0.0,0.0,-327,1065,21378,-1.7962646484375,5.8502197265625,117.432861328125,nan,nan,,1,0,0,0,0,0,376,377,377,377,1528,F4line=0;YAH=1507
DIRECT_SERIAL,145,1789356789740330650,2026-09-14T03:33:09.740331+00:00,-1,25769942521643,1789356789740330650,1789356789,740330650,-1,-1,-1,-1,3,nan,nan,gnss_stale,nan,nan,nan,nan,nan,nan,nan,-1,0,-1,-1,nan,nan,nan,nan,nan,nan,nan,nan,nan,nan,neo3_stale,0,nan,nan,nan,nan,-1,149.1655992419096,yahboom_calibrated_direct,0,3179,2930,2829,0.015933806438563146,0.5444596020082547,0.5446927064011494,nan,none:gyro_integral,0,nan,nan,117.432861328125,0.0,-212,-65,2033,-1.01514150390625,-0.3112462158203125,9.734823950195311,9.792557573030232,0,0,0,0.0,0.0,0.0,0.0,0.0,0.0,0.0,-327,1065,21378,-1.7962646484375,5.8502197265625,117.432861328125,nan,nan,,1,0,0,0,0,0,379,380,380,380,1540,F4line=0;YAH=1519
DIRECT_SERIAL,146,1789356789800106542,2026-09-14T03:33:09.800107+00:00,-1,25770002297445,1789356789800106542,1789356789,800106542,-1,-1,-1,-1,3,nan,nan,gnss_stale,nan,nan,nan,nan,nan,nan,nan,-1,0,-1,-1,nan,nan,nan,nan,nan,nan,nan,nan,nan,nan,neo3_stale,0,nan,nan,nan,nan,-1,149.2302469274546,yahboom_calibrated_direct,0,3175,2930,2832,0.015328989357955462,0.5444469294294932,0.5446626817397534,nan,none:gyro_integral,0,nan,nan,117.432861328125,0.0,-207,-65,2033,-0.9911994873046874,-0.3112462158203125,9.734823950195311,9.79010459452767,0,0,0,0.0,0.0,0.0,0.0,0.0,0.0,0.0,-327,1065,21378,-1.7962646484375,5.8502197265625,117.432861328125,nan,nan,,1,0,0,0,0,0,382,383,383,383,1553,F4line=0;YAH=1531
DIRECT_SERIAL,147,1789356789859981336,2026-09-14T03:33:09.859981+00:00,-1,25770062172285,1789356789859981336,1789356789,859981336,-1,-1,-1,-1,3,nan,nan,gnss_stale,nan,nan,nan,nan,nan,nan,nan,-1,0,-1,-1,nan,nan,nan,nan,nan,nan,nan,nan,nan,nan,neo3_stale,0,nan,nan,nan,nan,-1,149.0847997871708,yahboom_calibrated_direct,0,3184,2930,2827,0.01668982778932275,0.5444754427317067,0.5447311796560991,nan,none:gyro_integral,0,nan,nan,117.432861328125,0.0,-204,-62,2034,-0.97683427734375,-0.296881005859375,9.739612353515625,9.79297668402146,0,0,0,0.0,0.0,0.0,0.0,0.0,0.0,0.0,-328,1065,21378,-1.8017578125,5.8502197265625,117.432861328125,nan,nan,,1,0,0,0,0,0,385,386,386,386,1565,F4line=0;YAH=1543
DIRECT_SERIAL,148,1789356789919870582,2026-09-14T03:33:09.919870+00:00,-1,25770122061800,1789356789919870582,1789356789,919870582,-1,-1,-1,-1,3,nan,nan,gnss_stale,nan,nan,nan,nan,nan,nan,nan,-1,0,-1,-1,nan,nan,nan,nan,nan,nan,nan,nan,nan,nan,neo3_stale,0,nan,nan,nan,nan,-1,149.06895948125216,yahboom_calibrated_direct,0,3185,2932,2804,0.016847368348855418,0.5447797268143907,0.5450401678484295,nan,none:gyro_integral,0,nan,nan,117.432861328125,0.0,-207,-64,2037,-0.9911994873046874,-0.3064578125,9.753977563476562,9.808999496548031,0,0,0,0.0,0.0,0.0,0.0,0.0,0.0,0.0,-328,1065,21378,-1.8017578125,5.8502197265625,117.432861328125,nan,nan,,1,0,0,0,0,0,388,389,389,389,1577,F4line=0;YAH=1555
DIRECT_SERIAL,149,1789356789979760433,2026-09-14T03:33:09.979760+00:00,-1,25770181951308,1789356789979760433,1789356789,979760433,-1,-1,-1,-1,3,nan,nan,gnss_stale,nan,nan,nan,nan,nan,nan,nan,-1,0,-1,-1,nan,nan,nan,nan,nan,nan,nan,nan,nan,nan,neo3_stale,0,nan,nan,nan,nan,-1,149.18379841996656,yahboom_calibrated_direct,0,3178,2946,2824,0.015833292483457245,0.5468653613675138,0.5470945225593912,nan,none:gyro_integral,0,nan,nan,117.432861328125,0.0,-212,-64,2037,-1.01514150390625,-0.3064578125,9.753977563476562,9.811447751101745,0,0,0,0.0,0.0,0.0,0.0,0.0,0.0,0.0,-328,1065,21378,-1.8017578125,5.8502197265625,117.432861328125,nan,nan,,1,0,0,0,0,0,391,392,392,392,1589,F4line=0;YAH=1567
DIRECT_SERIAL,150,1789356790039625437,2026-09-14T03:33:10.039625+00:00,-1,25770241816413,1789356790039625437,1789356790,39625437,-1,-1,-1,-1,3,nan,nan,gnss_stale,nan,nan,nan,nan,nan,nan,nan,-1,0,-1,-1,nan,nan,nan,nan,nan,nan,nan,nan,nan,nan,neo3_stale,0,nan,nan,nan,nan,-1,149.10020641270677,yahboom_calibrated_direct,0,3183,2925,2878,0.016522782795718945,0.543719484742032,0.5439704775440073,nan,none:gyro_integral,0,nan,nan,117.432861328125,0.0,-213,-65,2034,-1.0199299072265624,-0.3112462158203125,9.739612353515625,9.797815063536962,0,0,0,0.0,0.0,0.0,0.0,0.0,0.0,0.0,-328,1065,21378,-1.8017578125,5.8502197265625,117.432861328125,nan,nan,,1,0,0,0,0,0,394,395,395,395,1601,F4line=0;YAH=1579
DIRECT_SERIAL,151,1789356790099546805,2026-09-14T03:33:10.099547+00:00,-1,25770301737801,1789356790099546805,1789356790,99546805,-1,-1,-1,-1,3,nan,nan,gnss_stale,nan,nan,nan,nan,nan,nan,nan,-1,0,-1,-1,nan,nan,nan,nan,nan,nan,nan,nan,nan,nan,neo3_stale,0,nan,nan,nan,nan,-1,149.08433522149835,yahboom_calibrated_direct,0,3184,2927,2893,0.016680323355251617,0.5440237688247161,0.5442794266123642,nan,none:gyro_integral,0,nan,nan,117.432861328125,0.0,-208,-64,2037,-0.9959878906249999,-0.3064578125,9.753977563476562,9.80948452151886,0,0,0,0.0,0.0,0.0,0.0,0.0,0.0,0.0,-328,1065,21378,-1.8017578125,5.8502197265625,117.432861328125,nan,nan,,1,0,0,0,0,0,397,398,398,398,1613,F4line=0;YAH=1591
DIRECT_SERIAL,152,1789356790159346775,2026-09-14T03:33:10.159347+00:00,-1,25770361537981,1789356790159346775,1789356790,159346775,-1,-1,-1,-1,3,nan,nan,gnss_stale,nan,nan,nan,nan,nan,nan,nan,-1,0,-1,-1,nan,nan,nan,nan,nan,nan,nan,nan,nan,nan,neo3_stale,0,nan,nan,nan,nan,-1,149.2621505598423,yahboom_calibrated_direct,0,3173,2926,2912,0.015013908238890115,0.5438383612641251,0.5440455685170635,nan,none:gyro_integral,0,nan,nan,117.432861328125,0.0,-204,-63,2035,-0.97683427734375,-0.3016694091796875,9.744400756835937,9.79788526916157,0,0,0,0.0,0.0,0.0,0.0,0.0,0.0,0.0,-328,1065,21378,-1.8017578125,5.8502197265625,117.432861328125,nan,nan,,1,0,0,0,0,0,400,401,401,401,1625,F4line=0;YAH=1603
DIRECT_SERIAL,153,1789356790219255186,2026-09-14T03:33:10.219255+00:00,-1,25770421446223,1789356790219255186,1789356790,219255186,-1,-1,-1,-1,3,nan,nan,gnss_stale,nan,nan,nan,nan,nan,nan,nan,-1,0,-1,-1,nan,nan,nan,nan,nan,nan,nan,nan,nan,nan,neo3_stale,0,nan,nan,nan,nan,-1,149.17931691603144,yahboom_calibrated_direct,0,3178,2911,2954,0.015722407419294072,0.5415958324526242,0.5418239934010944,nan,none:gyro_integral,0,nan,nan,117.432861328125,0.0,-209,-62,2028,-1.0007762939453124,-0.296881005859375,9.710881933593749,9.76682750182271,0,0,0,0.0,0.0,0.0,0.0,0.0,0.0,0.0,-328,1065,21378,-1.8017578125,5.8502197265625,117.432861328125,nan,nan,,1,0,0,0,0,0,403,404,404,404,1637,F4line=0;YAH=1615
DIRECT_SERIAL,154,1789356790279144918,2026-09-14T03:33:10.279145+00:00,-1,25770481335697,1789356790279144918,1789356790,279144918,-1,-1,-1,-1,3,nan,nan,gnss_stale,nan,nan,nan,nan,nan,nan,nan,-1,0,-1,-1,nan,nan,nan,nan,nan,nan,nan,nan,nan,nan,neo3_stale,0,nan,nan,nan,nan,-1,149.13228685268018,yahboom_calibrated_direct,0,3181,2923,2896,0.01621403796603435,0.5434120325146576,0.5436538716029486,nan,none:gyro_integral,0,nan,nan,117.432861328125,0.0,-211,-64,2036,-1.0103531005859374,-0.3064578125,9.749189160156249,9.806192893228953,0,0,0,0.0,0.0,0.0,0.0,0.0,0.0,0.0,-328,1065,21378,-1.8017578125,5.8502197265625,117.432861328125,nan,nan,,1,0,0,0,0,0,406,407,407,407,1649,F4line=0;YAH=1627
DIRECT_SERIAL,155,1789356790338947123,2026-09-14T03:33:10.338947+00:00,-1,25770541138484,1789356790338947123,1789356790,338947123,-1,-1,-1,-1,3,nan,nan,gnss_stale,nan,nan,nan,nan,nan,nan,nan,-1,0,-1,-1,nan,nan,nan,nan,nan,nan,nan,nan,nan,nan,neo3_stale,0,nan,nan,nan,nan,-1,149.13370173482562,yahboom_calibrated_direct,0,3181,2933,2824,0.016245719412938113,0.5449176122046261,0.5451597265848195,nan,none:gyro_integral,0,nan,nan,117.432861328125,0.0,-213,-65,2042,-1.0199299072265624,-0.3112462158203125,9.777919580078125,9.835895614380666,0,0,0,0.0,0.0,0.0,0.0,0.0,0.0,0.0,-328,1065,21378,-1.8017578125,5.8502197265625,117.432861328125,nan,nan,,1,0,0,0,0,0,409,410,410,410,1662,F4line=0;YAH=1639
DIRECT_SERIAL,156,1789356790398865069,2026-09-14T03:33:10.398865+00:00,-1,25770601056381,1789356790398865069,1789356790,398865069,-1,-1,-1,-1,3,nan,nan,gnss_stale,nan,nan,nan,nan,nan,nan,nan,-1,0,-1,-1,nan,nan,nan,nan,nan,nan,nan,nan,nan,nan,neo3_stale,0,nan,nan,nan,nan,-1,149.3438129553579,yahboom_calibrated_direct,0,3168,2935,2782,0.0142864001903439,0.5451775422616448,0.5453646979928626,nan,none:gyro_integral,0,nan,nan,117.432861328125,0.0,-211,-65,2035,-1.0103531005859374,-0.3112462158203125,9.744400756835937,9.801583224385276,0,0,0,0.0,0.0,0.0,0.0,0.0,0.0,0.0,-328,1065,21378,-1.8017578125,5.8502197265625,117.432861328125,nan,nan,,1,0,0,0,0,0,412,413,413,413,1674,F4line=0;YAH=1651
DIRECT_SERIAL,157,1789356790458713675,2026-09-14T03:33:10.458714+00:00,-1,25770660904597,1789356790458713675,1789356790,458713675,-1,-1,-1,-1,3,nan,nan,gnss_stale,nan,nan,nan,nan,nan,nan,nan,-1,0,-1,-1,nan,nan,nan,nan,nan,nan,nan,nan,nan,nan,neo3_stale,0,nan,nan,nan,nan,-1,149.29634561994436,yahboom_calibrated_direct,0,3171,2945,2801,0.014771694447703425,0.5466926263856844,0.5468921563721076,nan,none:gyro_integral,0,nan,nan,117.432861328125,0.0,-206,-64,2029,-0.9864110839843749,-0.3064578125,9.715670336914062,9.770423394768587,0,0,0,0.0,0.0,0.0,0.0,0.0,0.0,0.0,-328,1065,21378,-1.8017578125,5.8502197265625,117.432861328125,nan,nan,,1,0,0,0,0,0,415,416,416,416,1686,F4line=0;YAH=1663
DIRECT_SERIAL,158,1789356790518605906,2026-09-14T03:33:10.518606+00:00,-1,25770720796786,1789356790518605906,1789356790,518605906,-1,-1,-1,-1,3,nan,nan,gnss_stale,nan,nan,nan,nan,nan,nan,nan,-1,0,-1,-1,nan,nan,nan,nan,nan,nan,nan,nan,nan,nan,neo3_stale,0,nan,nan,nan,nan,-1,149.27984639540742,yahboom_calibrated_direct,0,3172,2941,2827,0.01491022613909384,0.5460935626543875,0.5462970748741753,nan,none:gyro_integral,0,nan,nan,117.432861328125,0.0,-206,-62,2034,-0.9864110839843749,-0.296881005859375,9.739612353515625,9.793936591330448,0,0,0,0.0,0.0,0.0,0.0,0.0,0.0,0.0,-328,1065,21378,-1.8017578125,5.8502197265625,117.432861328125,nan,nan,,1,0,0,0,0,0,418,419,419,419,1698,F4line=0;YAH=1675
DIRECT_SERIAL,159,1789356790578484305,2026-09-14T03:33:10.578484+00:00,-1,25770780675598,1789356790578484305,1789356790,578484305,-1,-1,-1,-1,3,nan,nan,gnss_stale,nan,nan,nan,nan,nan,nan,nan,-1,0,-1,-1,nan,nan,nan,nan,nan,nan,nan,nan,nan,nan,neo3_stale,0,nan,nan,nan,nan,-1,149.1341246765231,yahboom_calibrated_direct,0,3181,2936,2808,0.016255223847009243,0.5453692861116166,0.5456114831418146,nan,none:gyro_integral,0,nan,nan,117.432861328125,0.0,-208,-64,2034,-0.9959878906249999,-0.3064578125,9.739612353515625,9.795200715956161,0,0,0,0.0,0.0,0.0,0.0,0.0,0.0,0.0,-328,1065,21378,-1.8017578125,5.8502197265625,117.432861328125,nan,nan,,1,0,0,0,0,0,421,422,422,422,1710,F4line=0;YAH=1687
DIRECT_SERIAL,160,1789356790638328259,2026-09-14T03:33:10.638328+00:00,-1,25770840519224,1789356790638328259,1789356790,638328259,-1,-1,-1,-1,3,nan,nan,gnss_stale,nan,nan,nan,nan,nan,nan,nan,-1,0,-1,-1,nan,nan,nan,nan,nan,nan,nan,nan,nan,nan,neo3_stale,0,nan,nan,nan,nan,-1,149.16731427778697,yahboom_calibrated_direct,0,3179,2943,2752,0.015974992319538035,0.5464168556052137,0.5466503274206449,nan,none:gyro_integral,0,nan,nan,117.432861328125,0.0,-212,-65,2032,-1.01514150390625,-0.3112462158203125,9.730035546875,9.787797414294321,0,0,0,0.0,0.0,0.0,0.0,0.0,0.0,0.0,-328,1065,21378,-1.8017578125,5.8502197265625,117.432861328125,nan,nan,,1,0,0,0,0,0,424,425,425,425,1722,F4line=0;YAH=1699
DIRECT_SERIAL,161,1789356790698199795,2026-09-14T03:33:10.698200+00:00,-1,25770900390910,1789356790698199795,1789356790,698199795,-1,-1,-1,-1,3,nan,nan,gnss_stale,nan,nan,nan,nan,nan,nan,nan,-1,0,-1,-1,nan,nan,nan,nan,nan,nan,nan,nan,nan,nan,neo3_stale,0,nan,nan,nan,nan,-1,149.23036142945512,yahboom_calibrated_direct,0,3175,2931,2763,0.015332157502645837,0.5445974873984901,0.5448132692349137,nan,none:gyro_integral,0,nan,nan,117.432861328125,0.0,-211,-65,2038,-1.0103531005859374,-0.3112462158203125,9.758765966796874,9.815864749956521,0,0,0,0.0,0.0,0.0,0.0,0.0,0.0,0.0,-328,1065,21378,-1.8017578125,5.8502197265625,117.432861328125,nan,nan,,1,0,0,0,0,0,427,428,428,428,1734,F4line=0;YAH=1711
DIRECT_SERIAL,162,1789356790758076823,2026-09-14T03:33:10.758077+00:00,-1,25770960268047,1789356790758076823,1789356790,758076823,-1,-1,-1,-1,3,nan,nan,gnss_stale,nan,nan,nan,nan,nan,nan,nan,-1,0,-1,-1,nan,nan,nan,nan,nan,nan,nan,nan,nan,nan,neo3_stale,0,nan,nan,nan,nan,-1,149.1820162200766,yahboom_calibrated_direct,0,3178,2932,2724,0.015788938457791977,0.544757549801558,0.5449863105101089,nan,none:gyro_integral,0,nan,nan,117.432861328125,0.0,-205,-63,2040,-0.9816226806640624,-0.3016694091796875,9.7683427734375,9.822174304042743,0,0,0,0.0,0.0,0.0,0.0,0.0,0.0,0.0,-328,1065,21378,-1.8017578125,5.8502197265625,117.432861328125,nan,nan,,1,0,0,0,0,0,430,431,431,431,1746,F4line=0;YAH=1723
DIRECT_SERIAL,163,1789356790817958923,2026-09-14T03:33:10.817959+00:00,-1,25771020149877,1789356790817958923,1789356790,817958923,-1,-1,-1,-1,3,nan,nan,gnss_stale,nan,nan,nan,nan,nan,nan,nan,-1,0,-1,-1,nan,nan,nan,nan,nan,nan,nan,nan,nan,nan,neo3_stale,0,nan,nan,nan,nan,-1,149.2483813408942,yahboom_calibrated_direct,0,3174,2948,2745,0.015234811692230314,0.547153804726746,0.5473658607496925,nan,none:gyro_integral,0,nan,nan,117.432861328125,0.0,-205,-62,2032,-0.9816226806640624,-0.296881005859375,9.730035546875,9.783931375591575,0,0,0,0.0,0.0,0.0,0.0,0.0,0.0,0.0,-328,1065,21378,-1.8017578125,5.8502197265625,117.432861328125,nan,nan,,1,0,0,0,0,0,433,434,434,434,1759,F4line=0;YAH=1735
DIRECT_SERIAL,164,1789356790877896336,2026-09-14T03:33:10.877897+00:00,-1,25771080087620,1789356790877896336,1789356790,877896336,-1,-1,-1,-1,3,nan,nan,gnss_stale,nan,nan,nan,nan,nan,nan,nan,-1,0,-1,-1,nan,nan,nan,nan,nan,nan,nan,nan,nan,nan,neo3_stale,0,nan,nan,nan,nan,-1,149.16783951261655,yahboom_calibrated_direct,0,3179,2947,2750,0.01598766489829954,0.5470190874812011,0.5472526724445174,nan,none:gyro_integral,0,nan,nan,117.432861328125,0.0,-208,-63,2032,-0.9959878906249999,-0.3016694091796875,9.730035546875,9.78552952344213,0,0,0,0.0,0.0,0.0,0.0,0.0,0.0,0.0,-328,1065,21378,-1.8017578125,5.8502197265625,117.432861328125,nan,nan,,1,0,0,0,0,0,436,437,437,437,1771,F4line=0;YAH=1747
DIRECT_SERIAL,165,1789356790937631315,2026-09-14T03:33:10.937631+00:00,-1,25771139822356,1789356790937631315,1789356790,937631315,-1,-1,-1,-1,3,nan,nan,gnss_stale,nan,nan,nan,nan,nan,nan,nan,-1,0,-1,-1,nan,nan,nan,nan,nan,nan,nan,nan,nan,nan,neo3_stale,0,nan,nan,nan,nan,-1,149.295673259795,yahboom_calibrated_direct,0,3171,2938,2761,0.014749517434870789,0.5456387206027065,0.5458380361293265,nan,none:gyro_integral,0,nan,nan,117.432861328125,0.0,-212,-65,2034,-1.01514150390625,-0.3112462158203125,9.739612353515625,9.797317759293596,0,0,0,0.0,0.0,0.0,0.0,0.0,0.0,0.0,-328,1065,21378,-1.8017578125,5.8502197265625,117.432861328125,nan,nan,,1,0,0,0,0,0,439,440,440,440,1783,F4line=0;YAH=1759
DIRECT_SERIAL,166,1789356790997549626,2026-09-14T03:33:10.997550+00:00,-1,25771199741029,1789356790997549626,1789356790,997549626,-1,-1,-1,-1,3,nan,nan,gnss_stale,nan,nan,nan,nan,nan,nan,nan,-1,0,-1,-1,nan,nan,nan,nan,nan,nan,nan,nan,nan,nan,neo3_stale,0,nan,nan,nan,nan,-1,149.1679706407141,yahboom_calibrated_direct,0,3179,2948,2728,0.015990833042989917,0.5471696454501979,0.5474032587074213,nan,none:gyro_integral,0,nan,nan,117.432861328125,0.0,-209,-65,2035,-1.0007762939453124,-0.3112462158203125,9.744400756835937,9.80060067073494,0,0,0,0.0,0.0,0.0,0.0,0.0,0.0,0.0,-328,1065,21378,-1.8017578125,5.8502197265625,117.432861328125,nan,nan,,1,0,0,0,0,0,442,443,443,443,1795,F4line=0;YAH=1771
DIRECT_SERIAL,167,1789356791057406669,2026-09-14T03:33:11.057407+00:00,-1,25771259598008,1789356791057406669,1789356791,57406669,-1,-1,-1,-1,3,nan,nan,gnss_stale,nan,nan,nan,nan,nan,nan,nan,-1,0,-1,-1,nan,nan,nan,nan,nan,nan,nan,nan,nan,nan,neo3_stale,0,nan,nan,nan,nan,-1,149.1846843790765,yahboom_calibrated_direct,0,3178,2953,2761,0.01585546949628988,0.5479192671504918,0.5481486287747874,nan,none:gyro_integral,0,nan,nan,117.432861328125,0.0,-207,-64,2035,-0.9911994873046874,-0.3064578125,9.744400756835937,9.799476461745298,0,0,0,0.0,0.0,0.0,0.0,0.0,0.0,0.0,-328,1065,21378,-1.8017578125,5.8502197265625,117.432861328125,nan,nan,,1,0,0,0,0,0,445,446,446,446,1807,F4line=0;YAH=1783
DIRECT_SERIAL,168,1789356791117272906,2026-09-14T03:33:11.117273+00:00,-1,25771319464162,1789356791117272906,1789356791,117272906,-1,-1,-1,-1,3,nan,nan,gnss_stale,nan,nan,nan,nan,nan,nan,nan,-1,0,-1,-1,nan,nan,nan,nan,nan,nan,nan,nan,nan,nan,neo3_stale,0,nan,nan,nan,nan,-1,149.18341767723425,yahboom_calibrated_direct,0,3178,2943,2747,0.015823788049386115,0.5464136874605233,0.5466427627916045,nan,none:gyro_integral,0,nan,nan,117.432861328125,0.0,-207,-64,2037,-0.9911994873046874,-0.3064578125,9.753977563476562,9.808999496548031,0,0,0,0.0,0.0,0.0,0.0,0.0,0.0,0.0,-328,1065,21378,-1.8017578125,5.8502197265625,117.432861328125,nan,nan,,1,0,0,0,0,0,448,449,449,449,1819,F4line=0;YAH=1795
DIRECT_SERIAL,169,1789356791177116584,2026-09-14T03:33:11.177117+00:00,-1,25771379307423,1789356791177116584,1789356791,177116584,-1,-1,-1,-1,3,nan,nan,gnss_stale,nan,nan,nan,nan,nan,nan,nan,-1,0,-1,-1,nan,nan,nan,nan,nan,nan,nan,nan,nan,nan,neo3_stale,0,nan,nan,nan,nan,-1,149.23059024366955,yahboom_calibrated_direct,0,3175,2933,2742,0.015338493792026592,0.5448986033364838,0.5451144442315381,nan,none:gyro_integral,0,nan,nan,117.432861328125,0.0,-210,-64,2036,-1.005564697265625,-0.3064578125,9.749189160156249,9.80570069050332,0,0,0,0.0,0.0,0.0,0.0,0.0,0.0,0.0,-328,1065,21378,-1.8017578125,5.8502197265625,117.432861328125,nan,nan,,1,0,0,0,0,0,450,451,452,452,1829,F4line=0;YAH=1805
DIRECT_SERIAL,170,1789356791236988934,2026-09-14T03:33:11.236989+00:00,-1,25771439179990,1789356791236988934,1789356791,236988934,-1,-1,-1,-1,3,nan,nan,gnss_stale,nan,nan,nan,nan,nan,nan,nan,-1,0,-1,-1,nan,nan,nan,nan,nan,nan,nan,nan,nan,nan,neo3_stale,0,nan,nan,nan,nan,-1,149.05034803141558,yahboom_calibrated_direct,0,3186,2917,2774,0.016951050448651698,0.5425245254241284,0.5427892766055613,nan,none:gyro_integral,0,nan,nan,117.432861328125,0.0,-213,-65,2032,-1.0199299072265624,-0.3112462158203125,9.730035546875,9.788295202228461,0,0,0,0.0,0.0,0.0,0.0,0.0,0.0,0.0,-328,1065,21378,-1.8017578125,5.8502197265625,117.432861328125,nan,nan,,1,0,0,0,0,0,453,454,455,455,1841,F4line=0;YAH=1817
DIRECT_SERIAL,171,1789356791296895092,2026-09-14T03:33:11.296895+00:00,-1,25771499086107,1789356791296895092,1789356791,296895092,-1,-1,-1,-1,3,nan,nan,gnss_stale,nan,nan,nan,nan,nan,nan,nan,-1,0,-1,-1,nan,nan,nan,nan,nan,nan,nan,nan,nan,nan,neo3_stale,0,nan,nan,nan,nan,-1,149.00241450669884,yahboom_calibrated_direct,0,3189,2921,2737,0.017417335837868964,0.5431362617341868,0.5434154602127881,nan,none:gyro_integral,0,nan,nan,117.432861328125,0.0,-210,-64,2032,-1.005564697265625,-0.3064578125,9.730035546875,9.786657677403468,0,0,0,0.0,0.0,0.0,0.0,0.0,0.0,0.0,-328,1065,21378,-1.8017578125,5.8502197265625,117.432861328125,nan,nan,,1,0,0,0,0,0,456,457,458,458,1853,F4line=0;YAH=1829
DIRECT_SERIAL,172,1789356791356720070,2026-09-14T03:33:11.356720+00:00,-1,25771558911018,1789356791356720070,1789356791,356720070,-1,-1,-1,-1,3,nan,nan,gnss_stale,nan,nan,nan,nan,nan,nan,nan,-1,0,-1,-1,nan,nan,nan,nan,nan,nan,nan,nan,nan,nan,neo3_stale,0,nan,nan,nan,nan,-1,149.16678788418534,yahboom_calibrated_direct,0,3179,2939,2727,0.01596231974077653,0.5458146237292263,0.546047982441272,nan,none:gyro_integral,0,nan,nan,117.432861328125,0.0,-208,-64,2036,-0.9959878906249999,-0.3064578125,9.749189160156249,9.80472322656902,0,0,0,0.0,0.0,0.0,0.0,0.0,0.0,0.0,-328,1065,21378,-1.8017578125,5.8502197265625,117.432861328125,nan,nan,,1,0,0,0,0,0,459,460,461,461,1866,F4line=0;YAH=1841
DIRECT_SERIAL,173,1789356791416609881,2026-09-14T03:33:11.416610+00:00,-1,25771618801477,1789356791416609881,1789356791,416609881,-1,-1,-1,-1,3,nan,nan,gnss_stale,nan,nan,nan,nan,nan,nan,nan,-1,0,-1,-1,nan,nan,nan,nan,nan,nan,nan,nan,nan,nan,neo3_stale,0,nan,nan,nan,nan,-1,149.00560136585747,yahboom_calibrated_direct,0,3189,2939,2708,0.017474362442295735,0.5458463051761301,0.5461259398867606,nan,none:gyro_integral,0,nan,nan,117.432861328125,0.0,-203,-63,2036,-0.9720458740234375,-0.3016694091796875,9.749189160156249,9.80217153972266,0,0,0,0.0,0.0,0.0,0.0,0.0,0.0,0.0,-328,1065,21378,-1.8017578125,5.8502197265625,117.432861328125,nan,nan,,1,0,0,0,0,0,462,463,464,464,1878,F4line=0;YAH=1853
DIRECT_SERIAL,174,1789356791476509196,2026-09-14T03:33:11.476509+00:00,-1,25771678700239,1789356791476509196,1789356791,476509196,-1,-1,-1,-1,3,nan,nan,gnss_stale,nan,nan,nan,nan,nan,nan,nan,-1,0,-1,-1,nan,nan,nan,nan,nan,nan,nan,nan,nan,nan,neo3_stale,0,nan,nan,nan,nan,-1,149.08418019485322,yahboom_calibrated_direct,0,3184,2926,2743,0.01667715521056124,0.5438732108557193,0.5441288422721469,nan,none:gyro_integral,0,nan,nan,117.432861328125,0.0,-208,-64,2037,-0.9959878906249999,-0.3064578125,9.753977563476562,9.80948452151886,0,0,0,0.0,0.0,0.0,0.0,0.0,0.0,0.0,-328,1065,21378,-1.8017578125,5.8502197265625,117.432861328125,nan,nan,,1,0,0,0,0,0,465,466,467,467,1890,F4line=0;YAH=1865
DIRECT_SERIAL,175,1789356791536317744,2026-09-14T03:33:11.536318+00:00,-1,25771738508740,1789356791536317744,1789356791,536317744,-1,-1,-1,-1,3,nan,nan,gnss_stale,nan,nan,nan,nan,nan,nan,nan,-1,0,-1,-1,nan,nan,nan,nan,nan,nan,nan,nan,nan,nan,neo3_stale,0,nan,nan,nan,nan,-1,149.0849544712108,yahboom_calibrated_direct,0,3184,2931,2736,0.016692995934013126,0.5446260007007035,0.5448817640116943,nan,none:gyro_integral,0,nan,nan,117.432861328125,0.0,-211,-64,2033,-1.0103531005859374,-0.3064578125,9.734823950195311,9.791911310872978,0,0,0,0.0,0.0,0.0,0.0,0.0,0.0,0.0,-328,1065,21378,-1.8017578125,5.8502197265625,117.432861328125,nan,nan,,1,0,0,0,0,0,468,469,470,470,1902,F4line=0;YAH=1877
DIRECT_SERIAL,176,1789356791596286671,2026-09-14T03:33:11.596287+00:00,-1,25771798477392,1789356791596286671,1789356791,596286671,-1,-1,-1,-1,3,nan,nan,gnss_stale,nan,nan,nan,nan,nan,nan,nan,-1,0,-1,-1,nan,nan,nan,nan,nan,nan,nan,nan,nan,nan,neo3_stale,0,nan,nan,nan,nan,-1,149.1165343649983,yahboom_calibrated_direct,0,3182,2926,2815,0.0163747466702574,0.5438668745663385,0.5441133242065227,nan,none:gyro_integral,0,nan,nan,117.432861328125,0.0,-211,-65,2032,-1.0103531005859374,-0.3112462158203125,9.730035546875,9.78730194375228,0,0,0,0.0,0.0,0.0,0.0,0.0,0.0,0.0,-328,1065,21378,-1.8017578125,5.8502197265625,117.432861328125,nan,nan,,1,0,0,0,0,0,471,472,473,473,1914,F4line=0;YAH=1889
DIRECT_SERIAL,177,1789356791656110690,2026-09-14T03:33:11.656111+00:00,-1,25771858301562,1789356791656110690,1789356791,656110690,-1,-1,-1,-1,3,nan,nan,gnss_stale,nan,nan,nan,nan,nan,nan,nan,-1,0,-1,-1,nan,nan,nan,nan,nan,nan,nan,nan,nan,nan,neo3_stale,0,nan,nan,nan,nan,-1,149.03548388599108,yahboom_calibrated_direct,0,3187,2925,2803,0.017127599876326626,0.5437321573207935,0.5440018507158295,nan,none:gyro_integral,0,nan,nan,117.432861328125,0.0,-207,-64,2033,-0.9911994873046874,-0.3064578125,9.734823950195311,9.789953531849454,0,0,0,0.0,0.0,0.0,0.0,0.0,0.0,0.0,-328,1065,21378,-1.8017578125,5.8502197265625,117.432861328125,nan,nan,,1,0,0,0,0,0,474,475,476,476,1926,F4line=0;YAH=1901
DIRECT_SERIAL,178,1789356791715970695,2026-09-14T03:33:11.715971+00:00,-1,25771918161613,1789356791715970695,1789356791,715970695,-1,-1,-1,-1,3,nan,nan,gnss_stale,nan,nan,nan,nan,nan,nan,nan,-1,0,-1,-1,nan,nan,nan,nan,nan,nan,nan,nan,nan,nan,neo3_stale,0,nan,nan,nan,nan,-1,149.09990488929276,yahboom_calibrated_direct,0,3183,2923,2802,0.01651644650633819,0.5434183688040384,0.543669308089797,nan,none:gyro_integral,0,nan,nan,117.432861328125,0.0,-204,-63,2034,-0.97683427734375,-0.3016694091796875,9.739612353515625,9.79312301743334,0,0,0,0.0,0.0,0.0,0.0,0.0,0.0,0.0,-328,1065,21378,-1.8017578125,5.8502197265625,117.432861328125,nan,nan,,1,0,0,0,0,0,477,478,479,479,1938,F4line=0;YAH=1913
DIRECT_SERIAL,179,1789356791775824674,2026-09-14T03:33:11.775825+00:00,-1,25771978015516,1789356791775824674,1789356791,775824674,-1,-1,-1,-1,3,nan,nan,gnss_stale,nan,nan,nan,nan,nan,nan,nan,-1,0,-1,-1,nan,nan,nan,nan,nan,nan,nan,nan,nan,nan,neo3_stale,0,nan,nan,nan,nan,-1,149.1642715716507,yahboom_calibrated_direct,0,3179,2920,2758,0.01590212499165938,0.5429540223182863,0.5431868444014973,nan,none:gyro_integral,0,nan,nan,117.432861328125,0.0,-207,-65,2034,-0.9911994873046874,-0.3112462158203125,9.739612353515625,9.794865972908957,0,0,0,0.0,0.0,0.0,0.0,0.0,0.0,0.0,-328,1065,21378,-1.8017578125,5.8502197265625,117.432861328125,nan,nan,,1,0,0,0,0,0,480,481,482,482,1950,F4line=0;YAH=1925
DIRECT_SERIAL,180,1789356791835752736,2026-09-14T03:33:11.835753+00:00,-1,25772037943741,1789356791835752736,1789356791,835752736,-1,-1,-1,-1,3,nan,nan,gnss_stale,nan,nan,nan,nan,nan,nan,nan,-1,0,-1,-1,nan,nan,nan,nan,nan,nan,nan,nan,nan,nan,neo3_stale,0,nan,nan,nan,nan,-1,149.05199185277394,yahboom_calibrated_direct,0,3186,2927,2773,0.01698273189555546,0.5440301051140969,0.5442951115462012,nan,none:gyro_integral,0,nan,nan,117.432861328125,0.0,-209,-63,2038,-1.0007762939453124,-0.3016694091796875,9.758765966796874,9.81458459730572,0,0,0,0.0,0.0,0.0,0.0,0.0,0.0,0.0,-328,1065,21378,-1.8017578125,5.8502197265625,117.432861328125,nan,nan,,1,0,0,0,0,0,483,484,485,485,1963,F4line=0;YAH=1937
DIRECT_SERIAL,181,1789356791895605660,2026-09-14T03:33:11.895606+00:00,-1,25772097797138,1789356791895605660,1789356791,895605660,-1,-1,-1,-1,3,nan,nan,gnss_stale,nan,nan,nan,nan,nan,nan,nan,-1,0,-1,-1,nan,nan,nan,nan,nan,nan,nan,nan,nan,nan,neo3_stale,0,nan,nan,nan,nan,-1,149.18163252470796,yahboom_calibrated_direct,0,3178,2929,2730,0.015779434023720847,0.5443058758945675,0.5445345508518824,nan,none:gyro_integral,0,nan,nan,117.432861328125,0.0,-213,-66,2036,-1.0199299072265624,-0.316034619140625,9.749189160156249,9.807488168570924,0,0,0,0.0,0.0,0.0,0.0,0.0,0.0,0.0,-328,1065,21378,-1.8017578125,5.8502197265625,117.432861328125,nan,nan,,1,0,0,0,0,0,486,487,488,488,1975,F4line=0;YAH=1949
DIRECT_SERIAL,182,1789356791955447909,2026-09-14T03:33:11.955448+00:00,-1,25772157639179,1789356791955447909,1789356791,955447909,-1,-1,-1,-1,3,nan,nan,gnss_stale,nan,nan,nan,nan,nan,nan,nan,-1,0,-1,-1,nan,nan,nan,nan,nan,nan,nan,nan,nan,nan,neo3_stale,0,nan,nan,nan,nan,-1,149.0537895828137,yahboom_calibrated_direct,0,3186,2938,2735,0.0170175814871496,0.5456862427730621,0.5459515304781671,nan,none:gyro_integral,0,nan,nan,117.432861328125,0.0,-208,-64,2033,-0.9959878906249999,-0.3064578125,9.734823950195311,9.790439500370255,0,0,0,0.0,0.0,0.0,0.0,0.0,0.0,0.0,-328,1065,21378,-1.8017578125,5.8502197265625,117.432861328125,nan,nan,,1,0,0,0,0,0,489,490,491,491,1987,F4line=0;YAH=1961
DIRECT_SERIAL,183,1789356792015337144,2026-09-14T03:33:12.015337+00:00,-1,25772217528398,1789356792015337144,1789356792,15337144,-1,-1,-1,-1,3,nan,nan,gnss_stale,nan,nan,nan,nan,nan,nan,nan,-1,0,-1,-1,nan,nan,nan,nan,nan,nan,nan,nan,nan,nan,neo3_stale,0,nan,nan,nan,nan,-1,149.2940295225405,yahboom_calibrated_direct,0,3171,2921,2770,0.014695658975134394,0.5430792351297601,0.543278030129913,nan,none:gyro_integral,0,nan,nan,117.432861328125,0.0,-206,-63,2033,-0.9864110839843749,-0.3016694091796875,9.734823950195311,9.789321151149261,0,0,0,0.0,0.0,0.0,0.0,0.0,0.0,0.0,-328,1065,21378,-1.8017578125,5.8502197265625,117.432861328125,nan,nan,,1,0,0,0,0,0,492,493,494,494,1999,F4line=0;YAH=1973
DIRECT_SERIAL,184,1789356792075160758,2026-09-14T03:33:12.075161+00:00,-1,25772277352047,1789356792075160758,1789356792,75160758,-1,-1,-1,-1,3,nan,nan,gnss_stale,nan,nan,nan,nan,nan,nan,nan,-1,0,-1,-1,nan,nan,nan,nan,nan,nan,nan,nan,nan,nan,neo3_stale,0,nan,nan,nan,nan,-1,149.13214493325057,yahboom_calibrated_direct,0,3181,2922,2771,0.016210869821343975,0.5432614745456608,0.5435032861224394,nan,none:gyro_integral,0,nan,nan,117.432861328125,0.0,-205,-62,2035,-0.9816226806640624,-0.296881005859375,9.744400756835937,9.798217568959108,0,0,0,0.0,0.0,0.0,0.0,0.0,0.0,0.0,-328,1065,21378,-1.8017578125,5.8502197265625,117.432861328125,nan,nan,,1,0,0,0,0,0,495,496,497,497,2011,F4line=0;YAH=1985
DIRECT_SERIAL,185,1789356792135022923,2026-09-14T03:33:12.135023+00:00,-1,25772337213836,1789356792135022923,1789356792,135022923,-1,-1,-1,-1,3,nan,nan,gnss_stale,nan,nan,nan,nan,nan,nan,nan,-1,0,-1,-1,nan,nan,nan,nan,nan,nan,nan,nan,nan,nan,neo3_stale,0,nan,nan,nan,nan,-1,149.1516186508111,yahboom_calibrated_direct,0,3180,2946,2799,0.016135701023761086,0.5468716976568947,0.5471096915113661,nan,none:gyro_integral,0,nan,nan,117.432861328125,0.0,-210,-65,2035,-1.005564697265625,-0.3112462158203125,9.744400756835937,9.801090790165865,0,0,0,0.0,0.0,0.0,0.0,0.0,0.0,0.0,-328,1065,21378,-1.8017578125,5.8502197265625,117.432861328125,nan,nan,,1,0,0,0,0,0,498,499,500,500,2023,F4line=0;YAH=1997
DIRECT_SERIAL,186,1789356792194889434,2026-09-14T03:33:12.194890+00:00,-1,25772397080231,1789356792194889434,1789356792,194889434,-1,-1,-1,-1,3,nan,nan,gnss_stale,nan,nan,nan,nan,nan,nan,nan,-1,0,-1,-1,nan,nan,nan,nan,nan,nan,nan,nan,nan,nan,neo3_stale,0,nan,nan,nan,nan,-1,149.2471789329817,yahboom_calibrated_direct,0,3174,2937,2785,0.015199962100636176,0.5454976670677808,0.5457093948469754,nan,none:gyro_integral,0,nan,nan,117.432861328125,0.0,-213,-65,2037,-1.0199299072265624,-0.3112462158203125,9.753977563476562,9.812095063304362,0,0,0,0.0,0.0,0.0,0.0,0.0,0.0,0.0,-328,1065,21378,-1.8017578125,5.8502197265625,117.432861328125,nan,nan,,1,0,0,0,0,0,501,502,503,503,2035,F4line=0;YAH=2009
DIRECT_SERIAL,187,1789356792254783590,2026-09-14T03:33:12.254783+00:00,-1,25772456974842,1789356792254783590,1789356792,254783590,-1,-1,-1,-1,3,nan,nan,gnss_stale,nan,nan,nan,nan,nan,nan,nan,-1,0,-1,-1,nan,nan,nan,nan,nan,nan,nan,nan,nan,nan,neo3_stale,0,nan,nan,nan,nan,-1,148.93977970584172,yahboom_calibrated_direct,0,3193,2932,2767,0.018057002510070787,0.5448050719719136,0.5451042302037021,nan,none:gyro_integral,0,nan,nan,117.432861328125,0.0,-208,-64,2040,-0.9959878906249999,-0.3064578125,9.7683427734375,9.82376856448087,0,0,0,0.0,0.0,0.0,0.0,0.0,0.0,0.0,-328,1065,21378,-1.8017578125,5.8502197265625,117.432861328125,nan,nan,,1,0,0,0,0,0,504,505,506,506,2047,F4line=0;YAH=2021
DIRECT_SERIAL,188,1789356792314631415,2026-09-14T03:33:12.314631+00:00,-1,25772516822551,1789356792314631415,1789356792,314631415,-1,-1,-1,-1,3,nan,nan,gnss_stale,nan,nan,nan,nan,nan,nan,nan,-1,0,-1,-1,nan,nan,nan,nan,nan,nan,nan,nan,nan,nan,neo3_stale,0,nan,nan,nan,nan,-1,148.96964811662366,yahboom_calibrated_direct,0,3191,2919,2758,0.017713408088792054,0.5428414820855739,0.5431304074520065,nan,none:gyro_integral,0,nan,nan,117.432861328125,0.0,-206,-65,2030,-0.9864110839843749,-0.3112462158203125,9.720458740234374,9.775336268081448,0,0,0,0.0,0.0,0.0,0.0,0.0,0.0,0.0,-328,1065,21378,-1.8017578125,5.8502197265625,117.432861328125,nan,nan,,1,0,0,0,0,0,507,508,509,509,2059,F4line=0;YAH=2033
DIRECT_SERIAL,189,1789356792374477955,2026-09-14T03:33:12.374478+00:00,-1,25772576668759,1789356792374477955,1789356792,374477955,-1,-1,-1,-1,3,nan,nan,gnss_stale,nan,nan,nan,nan,nan,nan,nan,-1,0,-1,-1,nan,nan,nan,nan,nan,nan,nan,nan,nan,nan,neo3_stale,0,nan,nan,nan,nan,-1,149.32696822423833,yahboom_calibrated_direct,0,3169,2927,2744,0.014412259302972808,0.5439762466543605,0.544167134382794,nan,none:gyro_integral,0,nan,nan,117.432861328125,0.0,-204,-64,2033,-0.97683427734375,-0.3064578125,9.734823950195311,9.788509536059728,0,0,0,0.0,0.0,0.0,0.0,0.0,0.0,0.0,-328,1065,21378,-1.8017578125,5.8502197265625,117.432861328125,nan,nan,,1,0,0,0,0,0,510,511,512,512,2072,F4line=0;YAH=2045
DIRECT_SERIAL,190,1789356792434304196,2026-09-14T03:33:12.434304+00:00,-1,25772636495068,1789356792434304196,1789356792,434304196,-1,-1,-1,-1,3,nan,nan,gnss_stale,nan,nan,nan,nan,nan,nan,nan,-1,0,-1,-1,nan,nan,nan,nan,nan,nan,nan,nan,nan,nan,neo3_stale,0,nan,nan,nan,nan,-1,149.2616206620572,yahboom_calibrated_direct,0,3173,2921,2721,0.014998067515438234,0.5430855714191408,0.5432926282518955,nan,none:gyro_integral,0,nan,nan,117.432861328125,0.0,-211,-62,2035,-1.0103531005859374,-0.296881005859375,9.744400756835937,9.801137578328776,0,0,0,0.0,0.0,0.0,0.0,0.0,0.0,0.0,-328,1065,21378,-1.8017578125,5.8502197265625,117.432861328125,nan,nan,,1,0,0,0,0,0,513,514,515,515,2084,F4line=0;YAH=2057
DIRECT_SERIAL,191,1789356792494293436,2026-09-14T03:33:12.494293+00:00,-1,25772696484492,1789356792494293436,1789356792,494293436,-1,-1,-1,-1,3,nan,nan,gnss_stale,nan,nan,nan,nan,nan,nan,nan,-1,0,-1,-1,nan,nan,nan,nan,nan,nan,nan,nan,nan,nan,neo3_stale,0,nan,nan,nan,nan,-1,149.2609828427313,yahboom_calibrated_direct,0,3173,2915,2739,0.014979058647295975,0.5421822236051598,0.5423890999931641,nan,none:gyro_integral,0,nan,nan,117.432861328125,0.0,-213,-63,2033,-1.0199299072265624,-0.3016694091796875,9.734823950195311,9.79275542375006,0,0,0,0.0,0.0,0.0,0.0,0.0,0.0,0.0,-328,1065,21378,-1.8017578125,5.8502197265625,117.432861328125,nan,nan,,1,0,0,0,0,0,516,517,518,518,2096,F4line=0;YAH=2069
DIRECT_SERIAL,192,1789356792554112465,2026-09-14T03:33:12.554112+00:00,-1,25772756304264,1789356792554112465,1789356792,554112465,-1,-1,-1,-1,3,nan,nan,gnss_stale,nan,nan,nan,nan,nan,nan,nan,-1,0,-1,-1,nan,nan,nan,nan,nan,nan,nan,nan,nan,nan,neo3_stale,0,nan,nan,nan,nan,-1,149.2789394762282,yahboom_calibrated_direct,0,3172,2932,2740,0.014881712836880452,0.5447385409334158,0.544941779784984,nan,none:gyro_integral,0,nan,nan,117.432861328125,0.0,-213,-65,2039,-1.0199299072265624,-0.3112462158203125,9.763554370117188,9.821615201215739,0,0,0,0.0,0.0,0.0,0.0,0.0,0.0,0.0,-328,1065,21378,-1.8017578125,5.8502197265625,117.432861328125,nan,nan,,1,0,0,0,0,0,519,520,521,521,2108,F4line=0;YAH=2081
DIRECT_SERIAL,193,1789356792613976749,2026-09-14T03:33:12.613977+00:00,-1,25772816167697,1789356792613976749,1789356792,613976749,-1,-1,-1,-1,3,nan,nan,gnss_stale,nan,nan,nan,nan,nan,nan,nan,-1,0,-1,-1,nan,nan,nan,nan,nan,nan,nan,nan,nan,nan,neo3_stale,0,nan,nan,nan,nan,-1,149.16413839963954,yahboom_calibrated_direct,0,3179,2919,2797,0.015898956846969004,0.5428034643492894,0.5430362582170845,nan,none:gyro_integral,0,nan,nan,117.432861328125,0.0,-205,-64,2039,-0.9816226806640624,-0.3064578125,9.763554370117188,9.817560461554125,0,0,0,0.0,0.0,0.0,0.0,0.0,0.0,0.0,-328,1065,21378,-1.8017578125,5.8502197265625,117.432861328125,nan,nan,,1,0,0,0,0,0,522,523,524,524,2120,F4line=0;YAH=2093
DIRECT_SERIAL,194,1789356792673822640,2026-09-14T03:33:12.673823+00:00,-1,25772876014121,1789356792673822640,1789356792,673822640,-1,-1,-1,-1,3,nan,nan,gnss_stale,nan,nan,nan,nan,nan,nan,nan,-1,0,-1,-1,nan,nan,nan,nan,nan,nan,nan,nan,nan,nan,neo3_stale,0,nan,nan,nan,nan,-1,149.13242869351166,yahboom_calibrated_direct,0,3181,2924,2814,0.016217206110724726,0.5435625904836545,0.54380445708668,nan,none:gyro_integral,0,nan,nan,117.432861328125,0.0,-206,-64,2033,-0.9864110839843749,-0.3064578125,9.734823950195311,9.789469881395302,0,0,0,0.0,0.0,0.0,0.0,0.0,0.0,0.0,-328,1065,21378,-1.8017578125,5.8502197265625,117.432861328125,nan,nan,,1,0,0,0,0,0,525,526,527,527,2132,F4line=0;YAH=2105
DIRECT_SERIAL,195,1789356792733745219,2026-09-14T03:33:12.733745+00:00,-1,25772935936128,1789356792733745219,1789356792,733745219,-1,-1,-1,-1,3,nan,nan,gnss_stale,nan,nan,nan,nan,nan,nan,nan,-1,0,-1,-1,nan,nan,nan,nan,nan,nan,nan,nan,nan,nan,neo3_stale,0,nan,nan,nan,nan,-1,149.0832482300732,yahboom_calibrated_direct,0,3184,2920,2825,0.016658146342418984,0.5429698630417382,0.5432253363118563,nan,none:gyro_integral,0,nan,nan,117.432861328125,0.0,-209,-63,2032,-1.0007762939453124,-0.3016694091796875,9.730035546875,9.78601805467417,0,0,0,0.0,0.0,0.0,0.0,0.0,0.0,0.0,-327,1065,21378,-1.7962646484375,5.8502197265625,117.432861328125,nan,nan,,1,0,0,0,0,0,528,529,530,530,2144,F4line=0;YAH=2117
DIRECT_SERIAL,196,1789356792793524114,2026-09-14T03:33:12.793524+00:00,-1,25772995714993,1789356792793524114,1789356792,793524114,-1,-1,-1,-1,3,nan,nan,gnss_stale,nan,nan,nan,nan,nan,nan,nan,-1,0,-1,-1,nan,nan,nan,nan,nan,nan,nan,nan,nan,nan,neo3_stale,0,nan,nan,nan,nan,-1,149.26236210850186,yahboom_calibrated_direct,0,3173,2928,2821,0.015020244528270868,0.5441394772021187,0.5443467446357002,nan,none:gyro_integral,0,nan,nan,117.432861328125,0.0,-212,-64,2032,-1.01514150390625,-0.3064578125,9.730035546875,9.78764631600705,0,0,0,0.0,0.0,0.0,0.0,0.0,0.0,0.0,-327,1065,21378,-1.7962646484375,5.8502197265625,117.432861328125,nan,nan,,1,0,0,0,0,0,531,532,533,533,2156,F4line=0;YAH=2129
DIRECT_SERIAL,197,1789356792853425388,2026-09-14T03:33:12.853426+00:00,-1,25773055616351,1789356792853425388,1789356792,853425388,-1,-1,-1,-1,3,nan,nan,gnss_stale,nan,nan,nan,nan,nan,nan,nan,-1,0,-1,-1,nan,nan,nan,nan,nan,nan,nan,nan,nan,nan,neo3_stale,0,nan,nan,nan,nan,-1,149.11638820467567,yahboom_calibrated_direct,0,3182,2925,2781,0.016371578525567025,0.5437163165973417,0.5439627390893603,nan,none:gyro_integral,0,nan,nan,117.432861328125,0.0,-213,-64,2033,-1.0199299072265624,-0.3064578125,9.734823950195311,9.792904101837907,0,0,0,0.0,0.0,0.0,0.0,0.0,0.0,0.0,-327,1065,21378,-1.7962646484375,5.8502197265625,117.432861328125,nan,nan,,1,0,0,0,0,0,534,535,536,536,2169,F4line=0;YAH=2141
DIRECT_SERIAL,198,1789356792913354310,2026-09-14T03:33:12.913354+00:00,-1,25773115545654,1789356792913354310,1789356792,913354310,-1,-1,-1,-1,3,nan,nan,gnss_stale,nan,nan,nan,nan,nan,nan,nan,-1,0,-1,-1,nan,nan,nan,nan,nan,nan,nan,nan,nan,nan,neo3_stale,0,nan,nan,nan,nan,-1,149.13454691842364,yahboom_calibrated_direct,0,3181,2939,2787,0.016264728281080373,0.5458209600186071,0.5460632397274984,nan,none:gyro_integral,0,nan,nan,117.432861328125,0.0,-206,-65,2037,-0.9864110839843749,-0.3112462158203125,9.753977563476562,9.808667562022574,0,0,0,0.0,0.0,0.0,0.0,0.0,0.0,0.0,-327,1065,21378,-1.7962646484375,5.8502197265625,117.432861328125,nan,nan,,1,0,0,0,0,0,537,538,539,539,2181,F4line=0;YAH=2153
DIRECT_SERIAL,199,1789356792973383969,2026-09-14T03:33:12.973384+00:00,-1,25773175575038,1789356792973383969,1789356792,973383969,-1,-1,-1,-1,3,nan,nan,gnss_stale,nan,nan,nan,nan,nan,nan,nan,-1,0,-1,-1,nan,nan,nan,nan,nan,nan,nan,nan,nan,nan,neo3_stale,0,nan,nan,nan,nan,-1,nan,yahboom_stale,0,nan,nan,nan,nan,nan,nan,nan,imu_stale,0,nan,nan,nan,0.0,nan,nan,nan,nan,nan,nan,nan,nan,nan,nan,nan,nan,nan,nan,nan,nan,nan,nan,nan,nan,nan,nan,nan,nan,nan,,,0,0,0,0,0,539,540,541,541,2190,F4line=0;YAH=2161
DIRECT_SERIAL,200,1789356793033748742,2026-09-14T03:33:13.033749+00:00,-1,25773235942390,1789356793033748742,1789356793,33748742,-1,-1,-1,-1,3,nan,nan,gnss_stale,nan,nan,nan,nan,nan,nan,nan,-1,0,-1,-1,nan,nan,nan,nan,nan,nan,nan,nan,nan,nan,neo3_stale,0,nan,nan,nan,nan,-1,nan,yahboom_stale,0,nan,nan,nan,nan,nan,nan,nan,imu_stale,0,nan,nan,nan,0.0,nan,nan,nan,nan,nan,nan,nan,nan,nan,nan,nan,nan,nan,nan,nan,nan,nan,nan,nan,nan,nan,nan,nan,nan,nan,,,0,0,0,0,0,539,540,541,541,2190,F4line=0;YAH=2161
DIRECT_SERIAL,201,1789356793094081837,2026-09-14T03:33:13.094082+00:00,-1,25773296272990,1789356793094081837,1789356793,94081837,-1,-1,-1,-1,3,nan,nan,gnss_stale,nan,nan,nan,nan,nan,nan,nan,-1,0,-1,-1,nan,nan,nan,nan,nan,nan,nan,nan,nan,nan,neo3_stale,0,nan,nan,nan,nan,-1,nan,yahboom_stale,0,nan,nan,nan,nan,nan,nan,nan,imu_stale,0,nan,nan,nan,0.0,nan,nan,nan,nan,nan,nan,nan,nan,nan,nan,nan,nan,nan,nan,nan,nan,nan,nan,nan,nan,nan,nan,nan,nan,nan,,,0,0,0,0,0,539,540,541,541,2190,F4line=0;YAH=2161
